id,player_name,games,time,goals,xG,assists,xA,shots,key_passes,yellow_cards,red_cards,position,team_title,npg,npxG,xGChain,xGBuildup,season
1513,Mauro Icardi,36,2897,22,20.040542796254158,6,4.607649822719395,121,34,4,0,F S,Inter,18,16.23405071347952,23.242992505431175,4.910615417174995,2014
1955,Luca Toni,38,3228,22,21.204779289662838,2,2.914252175949514,125,27,3,0,F S,Verona,18,16.636978156864643,18.81055624037981,3.106043342500925,2014
3848,Carlos Tévez,32,2594,20,13.372143227607012,7,5.016579000279307,114,61,6,0,F M S,Juventus,18,10.327029217034578,20.00764187425375,8.907538089901209,2014
1293,Gonzalo Higuaín,37,2786,18,21.097405649721622,7,4.082174202427268,113,49,5,0,F S,Napoli,15,15.768323302268982,22.71159227192402,4.917352854274213,2014
2014,Jérémy Menez,33,2713,16,10.936866567470133,4,4.379691304638982,78,46,3,1,F M S,AC Milan,8,4.846598451025784,13.755920260213315,6.88968809787184,2014
1383,Manolo Gabbiadini,33,1837,15,6.8005421962589025,3,4.417000730521977,87,32,5,0,F M S,"Napoli,Sampdoria",15,6.8005421962589025,10.32979589048773,3.1925900196656585,2014
1612,Domenico Berardi,32,2700,15,12.3686048919335,10,5.605741148814559,95,48,13,1,F,Sassuolo,9,7.039556062780321,14.382551290094852,5.761788988485932,2014
1888,Antonio Di Natale,33,2388,14,7.981885898858309,7,5.763603864237666,76,58,4,0,F S,Udinese,13,7.220591861754656,10.204473227262497,0.9013023171573877,2014
1185,Iago Falque,32,2369,13,9.25128051918,3,4.478685561567545,62,48,6,0,F M S,Genoa,11,7.728682520799339,15.056411395780742,5.329732967540622,2014
1230,Fabio Quagliarella,34,2810,13,12.637390909716487,4,5.061527641490102,124,37,3,0,F M S,Torino,10,10.35349884442985,14.621725354343653,1.977236513979733,2014
1294,Paulo Dybala,34,2972,13,16.08828773908317,10,5.279360801912844,117,58,3,0,F,Palermo,10,13.804468719288707,21.396773502230644,7.618318185210228,2014
1878,Miroslav Klose,34,1828,13,11.33358334377408,6,4.19574118591845,38,22,5,0,F S,Lazio,13,11.33358334377408,16.79562074318528,3.6978938542306423,2014
1382,José Callejón,38,2974,11,10.127574145793915,3,6.018204759806395,84,58,1,0,M S,Napoli,11,10.127574145793915,23.40730392932892,10.030321275815368,2014
1642,Simone Zaza,31,2597,11,10.174191014841199,2,1.856889957562089,77,14,11,0,F S,Sassuolo,10,8.651592062786222,11.206031959503889,1.6126217059791088,2014
1147,Cyril Théréau,37,2476,10,6.998361434787512,0,1.658774091862142,50,24,3,0,F M S,Udinese,10,6.998361434787512,11.675085235387087,4.88595524802804,2014
1207,Marco Parolo,34,3009,10,5.637844417244196,2,1.7709353845566511,65,30,9,1,M,Lazio,10,5.637844417244196,12.886942479759455,7.551660786382854,2014
1208,Felipe Anderson,32,2095,10,6.354086707346141,7,8.058049659244716,65,35,5,0,F M S,Lazio,10,6.354086707346141,20.190941440872848,8.095050036907196,2014
1315,Massimo Maccarone,34,2507,10,8.975993259809911,7,7.552497444674373,87,50,4,0,F S,Empoli,9,8.21469424571842,14.702127551659942,3.1062757279723883,2014
1517,Antonio Candreva,34,2656,10,10.514121558517218,9,8.076550832018256,117,58,6,0,F M S,Lazio,8,8.230271022766829,18.707102028653026,7.2503051571547985,2014
1836,Franco Vázquez,37,3231,10,9.11793259344995,10,9.239039355888963,99,68,7,0,F M,Palermo,9,7.5953348856419325,24.59312302991748,13.665070115588605,2014
716,Alberto Paloschi,37,2642,9,9.923600787296891,3,2.1521521750837564,79,26,2,0,F S,Chievo,9,9.1623027715832,9.964204790070653,1.4591962033882737,2014
1101,Luca Rigoni,31,2704,9,5.997138403356075,1,1.8997532706707716,30,23,11,0,M,Palermo,9,5.997138403356075,10.24775566905737,4.148250003345311,2014
1188,Maxi López,31,1573,9,9.392869564704597,2,1.8227794505655766,52,20,3,0,F S,"Chievo,Torino",9,9.392869564704597,10.834514673799276,1.9675158020108938,2014
1468,Gregoire Defrel,34,2708,9,4.011270671151578,5,3.6241967417299747,56,41,7,0,D F M S,Cesena,9,4.011270671151578,9.588392364792526,2.8573166746646166,2014
1494,Mauricio Pinilla,26,1648,9,8.122712756507099,2,1.7165912864729762,65,13,8,1,F S,"Atalanta,Genoa",8,6.600109840743244,7.15805022418499,1.951383002102375,2014
1514,Éder,30,2373,9,7.370074087753892,4,4.413827503100038,83,34,5,0,F M S,Sampdoria,8,6.608775058761239,10.31398493796587,2.996403867378831,2014
1879,Stefano Mauri,29,1898,9,7.055959656834602,2,1.9690096266567707,43,23,5,0,F M S,Lazio,9,7.055959656834602,11.463562012650073,4.800601105205715,2014
1187,Adem Ljajic,32,2024,8,6.610192026942968,2,3.239166802726686,50,44,2,0,F M S,Roma,7,5.087599065154791,10.488565158098936,4.28185220900923,2014
1213,Filip Djordjevic,24,1485,8,5.864983664825559,2,1.5614877892658114,34,16,2,0,F S,Lazio,8,5.864983664825559,7.369787648320198,0.4915444767102599,2014
1255,Francesco Totti,27,1765,8,6.941791886463761,6,3.9552309177815914,52,47,5,0,F S,Roma,4,3.896595863625407,9.901218935847282,5.06736655626446,2014
1426,Josip Ilicic,25,1528,8,4.87260228022933,3,4.165326259098947,72,44,6,0,F M S,Fiorentina,7,4.111299272626638,8.425396792590618,3.952689064666629,2014
1518,Rodrigo Palacio,35,2645,8,11.220726815983653,5,5.549901963211596,58,62,3,0,F M S,Inter,8,10.459428815171123,17.956290071830153,6.527193196117878,2014
1580,Mattia Destro,31,1663,8,8.238389149308205,0,0.32275799382478,41,7,5,0,F S,"AC Milan,Roma",8,8.238389149308205,9.835570883005857,2.7634821459650993,2014
1611,Franco Brienza,30,2513,8,6.419285425916314,4,5.0287671545520425,53,52,2,0,F M S,Cesena,5,4.135392377153039,10.53807738237083,4.629649639129639,2014
1740,Paul Pogba,26,2110,8,4.4959582556039095,3,3.842504220083356,56,37,4,0,M S,Juventus,8,4.4959582556039095,13.784526530653238,7.027707213535905,2014
1804,Álvaro Morata,29,1309,8,5.009028779342771,5,1.811707716435194,51,19,6,1,F S,Juventus,8,5.009028779342771,8.70246903039515,2.454907864332199,2014
1984,Germán Denis,32,2325,8,8.56756885163486,0,1.8327219001948833,54,37,4,0,F S,Atalanta,5,5.522376848384738,8.19935711286962,1.9152586227282882,2014
222,Arturo Vidal,28,2094,7,6.332520196214318,4,3.8445535972714424,53,37,7,0,M S,Juventus,5,4.048618191853166,12.663051422685385,7.8545381017029285,2014
1104,Leonardo Pavoletti,19,633,7,5.5976190734654665,3,0.5380691979080439,26,9,4,0,F S,"Genoa,Sassuolo",7,5.5976190734654665,5.821293259039521,1.1754423007369041,2014
1121,Giacomo Bonaventura,34,2664,7,5.904546446166933,4,4.090719171799719,61,44,3,1,F M S,"AC Milan,Atalanta",7,5.904546446166933,11.338077242486179,2.8566307183355093,2014
1313,Riccardo Saponara,18,1329,7,5.48122130241245,3,2.481465794146061,52,23,2,1,M,"AC Milan,Empoli",6,4.719923331402242,9.235042745247483,3.5929705444723368,2014
1347,Sergio Pellissier,27,1110,7,4.924368932843208,1,1.308314137160778,29,13,0,0,F S,Chievo,6,4.163069903850555,5.108892326243222,0.44832779094576836,2014
1381,Marek Hamsik,35,2319,7,7.8297347240149975,10,8.202063843607903,82,69,1,0,M S,Napoli,7,7.8297347240149975,23.073135271668434,9.98936927691102,2014
1406,Marco Sau,28,1812,7,4.055318271741271,5,3.267392188310623,37,33,3,0,F M S,Cagliari,7,4.055318271741271,9.078778609633446,2.413597023114562,2014
1418,Gonzalo Rodríguez,30,2685,7,5.2285911701619625,0,0.6455856151878834,20,5,9,1,D,Fiorentina,6,2.944692101329565,7.647630291990936,7.009214247576892,2014
1434,Khouma Babacar,20,1151,7,6.16301965713501,2,1.9176650485023856,40,11,2,0,F S,Fiorentina,7,5.4017206728458405,7.652665577828884,0.9927626065909863,2014
1472,Alessandro Matri,21,1359,7,6.604936428368092,5,4.031935773789883,36,26,2,0,F S,"Genoa,Juventus",7,5.8436374142766,8.717934560030699,1.695213507860899,2014
1728,Fernando Llorente,31,1969,7,7.351268015801907,1,1.1787968082353473,49,23,0,0,F S,Juventus,7,7.351268015801907,11.054901625961065,5.162522615864873,2014
1800,Kamil Glik,32,2794,7,3.033988580107689,0,0.2245237659662962,18,5,7,1,D S,Torino,7,3.033988580107689,5.990689135156572,5.962523168884218,2014
1124,Keisuke Honda,29,2175,6,4.681835252791643,4,3.0067800860852003,43,32,3,0,F M S,AC Milan,6,4.681835252791643,9.858671939000487,4.404649114236236,2014
1148,Duván Zapata,21,607,6,2.9253213312476873,1,0.5083681959658861,29,7,2,0,F S,Napoli,6,2.9253213312476873,3.445470718666911,0.31051590479910374,2014
1186,Andrea Belotti,38,1318,6,7.977405413985252,1,3.2978075072169304,44,21,3,0,F S,Palermo,5,6.45480801910162,9.537263128906488,1.8273725407198071,2014
1250,Mohamed Salah,16,909,6,3.8148649409413338,3,1.9356195852160454,29,30,0,0,F M S,Fiorentina,6,3.8148649409413338,7.40461228787899,2.6280220448970795,2014
1384,Dries Mertens,31,1688,6,5.402928996831179,7,5.846262691542506,60,56,4,1,M S,Napoli,5,4.641629694029689,13.967056520283222,7.341346728615463,2014
1605,Diego Farias,29,1778,6,8.734516946598887,3,2.008143180049956,57,30,7,0,F S,Cagliari,6,8.734516946598887,11.178607637062669,3.9942268757149577,2014
1641,Andrea Bertolacci,34,2679,6,5.237551218830049,8,3.681856954470277,62,46,10,0,M S,Genoa,6,5.237551218830049,15.186044972389936,10.73116638045758,2014
1851,Juanito Gómez,26,1793,6,3.884834822267294,3,2.6546929851174355,41,22,7,0,F M S,Verona,6,3.884834822267294,8.933722039684653,4.162611920386553,2014
1949,Fredy Guarín,28,2213,6,3.2519387332722545,6,4.755228541791439,79,45,5,0,M S,Inter,6,3.2519387332722545,10.337828166782856,5.4580417880788445,2014
411,Albin Ekdal,33,2702,5,3.6291957069188356,1,2.5691276164725423,41,31,7,0,F M S,Cagliari,5,3.6291957069188356,11.061061183921993,6.933290231972933,2014
1126,M&#039;Baye Niang,19,1065,5,4.128023408353329,2,2.764614200219512,39,14,3,0,F M S,"AC Milan,Genoa",5,4.128023408353329,7.985737314447761,1.969543805345893,2014
1251,Radja Nainggolan,35,2777,5,2.909551932476461,2,2.927887358702719,81,36,10,0,M S,Roma,5,2.909551932476461,17.975773500278592,13.438067769631743,2014
1254,Alessandro Florenzi,35,2288,5,5.233358376659453,4,6.243405626155436,54,38,9,0,D F M S,Roma,4,4.472059392370284,13.89915750361979,5.844774730503559,2014
1290,Miralem Pjanic,34,2533,5,4.483261242508888,10,3.8772129844874144,44,69,9,0,M S,Roma,5,4.483261242508888,16.91129788197577,12.606495702639222,2014
1291,Hernanes,26,1624,5,3.8653637170791626,4,4.253651468083262,65,50,6,0,M S,Inter,5,3.8653637170791626,11.107771176844835,5.70561608672142,2014
1318,Manuel Pucciarelli,34,2275,5,8.530198397114873,2,2.220868341624737,50,29,2,0,F S,Empoli,5,8.530198397114873,11.188456357456744,2.524868951179087,2014
1394,Lorenzo Tonelli,28,2296,5,2.546981494873762,0,0.11896010115742683,14,2,4,2,D S,Empoli,5,2.546981494873762,5.629274012520909,5.6131970304995775,2014
1592,João Pedro,29,1502,5,4.360117948614061,2,1.8218049993738532,40,20,5,0,F M S,Cagliari,5,3.5988239413127303,4.239428447559476,1.5758214201778173,2014
1812,Alejandro Rodriguez,25,801,5,5.126615408807993,0,0.49837639555335045,27,5,3,0,F S,Cesena,4,4.365316424518824,5.382503416389227,1.2836434040218592,2014
1826,Nicola Sansone,35,2528,5,3.6330376248806715,4,4.2906233090907335,46,44,3,1,D F S,Sassuolo,5,3.6330376248806715,9.38899295963347,3.60027046687901,2014
1939,Antonio Cassano,19,1637,5,2.7963769137859344,2,2.9125957246869802,23,39,1,0,F S,Parma,4,2.035077929496765,7.724015163257718,4.029964970424771,2014
2029,Maximiliano Moralez,30,2255,5,5.082915425300598,4,5.162678683176637,53,59,3,0,F M S,Atalanta,5,5.082915425300598,10.940617080777884,2.3700291737914085,2014
2254,Mateo Kovacic,35,2462,5,3.3099303506314754,3,4.301944169215858,41,62,3,1,F M S,Inter,5,3.3099303506314754,14.824430655688047,9.52429131232202,2014
2579,Nicolás López,24,971,5,2.63314104732126,2,3.267446516081691,34,17,3,0,F M S,Verona,5,2.63314104732126,6.424638508819044,1.6316440179944038,2014
4005,Pablo Daniel Osvaldo,12,573,5,3.1147398501634598,2,0.8521084319800138,20,10,1,0,F S,Inter,5,3.1147398501634598,3.4074977710843086,0.43942659720778465,2014
1089,Juan Cuadrado,17,1455,4,6.048461738973856,4,2.1888802787289023,53,36,5,0,D F M,Fiorentina,4,6.048461738973856,10.780365705490112,4.311772972345352,2014
1193,Lorenzo De Silvestri,33,2937,4,2.338578501716256,3,1.689562702551484,16,19,8,0,D,Sampdoria,4,2.338578501716256,8.227752117440104,7.310719886794686,2014
1229,Luis Muriel,27,1378,4,4.464192410930991,5,4.090577879920602,49,35,3,0,F M S,"Sampdoria,Udinese",4,4.464192410930991,10.591040350496769,3.8675998570397496,2014
1319,Levan Mchedlidze,25,737,4,3.5449015256017447,0,0.9282646449282765,28,12,3,0,F S,Empoli,4,3.5449015256017447,5.19771570712328,1.6942173950374126,2014
1337,Riccardo Meggiorini,30,1902,4,4.161398404277861,4,2.1650291550904512,66,22,8,0,F S,Chievo,4,4.161398404277861,7.528512641787529,1.844233114272356,2014
1361,Raffaele Palladino,22,1461,4,3.943671979010105,1,0.8003137763589621,28,12,1,0,F S,Parma,4,3.943671979010105,5.522097542881966,1.8109637890011072,2014
1539,Diego Perotti,27,2312,4,4.791043372824788,5,6.987835299223661,41,54,5,0,F M,Genoa,2,3.2684453446418047,13.531611498445272,8.074306268244982,2014
1552,Alberto Gilardino,14,790,4,3.320848233997822,2,0.5125115923583508,16,11,0,0,F S,Fiorentina,4,3.320848233997822,4.68992462195456,1.7040396854281425,2014
1590,Luca Antonelli,31,2698,4,3.1337791830301285,1,2.3534322809427977,18,26,6,0,D M S,"AC Milan,Genoa",4,3.1337791830301285,5.891201799735427,4.226662015542388,2014
1603,Simone Missiroli,33,2660,4,1.8992838682606816,4,3.0158281102776527,18,38,5,1,M S,Sassuolo,4,1.8992838682606816,8.258434979245067,4.810633776709437,2014
1723,Roberto Pereyra,35,2282,4,3.520745510235429,3,3.6437277672812343,31,43,2,0,D M S,Juventus,4,3.520745510235429,12.15328486636281,6.745550435036421,2014
1763,Stefano Okaka,32,2384,4,8.046724789775908,2,2.6388105861842632,50,28,6,0,F S,Sampdoria,4,8.046724789775908,11.333884761668742,2.9742345474660397,2014
1810,Roberto Soriano,33,2532,4,4.486288320273161,2,3.177461912855506,56,49,11,0,M S,Sampdoria,4,4.486288320273161,10.673487551510334,5.471826482564211,2014
1847,Giampaolo Pazzini,26,786,4,5.832086963579059,0,0.22239600121974945,25,4,2,0,F S,AC Milan,1,3.5481906216591597,4.173717448487878,0.8189510256052017,2014
1933,Danilo Avelar,31,2640,4,4.7304759211838245,3,5.1523613054305315,36,44,10,1,D M S,Cagliari,1,1.6852797865867615,8.948937361128628,5.861737973056734,2014
2340,Duje Cop,16,806,4,5.226106196641922,0,0.9494251161813736,26,12,1,0,F S,Cagliari,4,5.226106196641922,7.180727932602167,1.5223668804392219,2014
3847,Andrea Pirlo,20,1619,4,1.237643899396062,5,5.392398431897163,25,44,0,0,M S,Juventus,4,1.237643899396062,7.740312233567238,6.09190034866333,2014
3887,Mario Gomez,20,1403,4,7.442638073116541,2,1.4119585286825895,40,12,3,0,F S,Fiorentina,4,6.681337986141443,6.963613405823708,0.48096379823982716,2014
542,Pedro Obiang,34,2772,3,3.932111413218081,1,2.6871618079021573,30,30,12,0,M S,Sampdoria,3,3.932111413218081,9.535520805045962,4.873804118484259,2014
1178,Davide Zappacosta,29,2270,3,1.612362197600305,1,1.9366779122501612,25,17,4,0,D M S,Atalanta,3,1.612362197600305,5.560820523649454,2.9115426186472178,2014
1180,Luca Rossettini,32,2837,3,2.939155526459217,3,3.856691539287567,20,11,12,0,D,Cagliari,3,2.939155526459217,6.249139020219445,5.162736969068646,2014
1183,Marco Benassi,25,1360,3,1.9658765904605389,2,1.4900409923866391,32,23,8,0,M S,Torino,3,1.9658765904605389,6.819186108186841,4.331791121512651,2014
1198,Josef Martínez,26,1566,3,5.535407543182373,1,0.7948944959789515,49,18,0,0,F S,Torino,3,5.535407543182373,7.8450218588113785,1.9121166951954365,2014
1205,Senad Lulic,25,1851,3,3.103746447712183,7,3.6641013622283936,25,33,8,0,D F M S,Lazio,3,3.103746447712183,11.459052743390203,5.564491093158722,2014
1228,Bruno Fernandes,31,1605,3,2.634341513738036,2,2.331952504813671,41,22,5,0,M S,Udinese,3,2.634341513738036,5.787391685880721,2.2256615795195103,2014
1252,Stephan El Shaarawy,18,1204,3,1.8678977768868208,3,1.404291127808392,25,15,3,0,F M S,AC Milan,3,1.8678977768868208,4.92837474308908,2.0363430604338646,2014
1271,Ivaylo Chochev,18,1099,3,3.4339786609634757,0,1.2018324844539165,17,13,4,0,M S,Palermo,3,3.4339786609634757,6.538000596687198,2.7972706612199545,2014
1287,Leonardo Bonucci,34,3013,3,1.5742027861997485,0,1.0706103071570396,25,10,8,0,D S,Juventus,3,1.5742027861997485,10.467810191214085,10.110412552952766,2014
1300,Claudio Marchisio,35,2868,3,4.285205413587391,6,3.226150288246572,51,49,9,0,M S,Juventus,2,3.5239063994958997,14.930752009153366,10.60127342119813,2014
1301,Daniele Rugani,38,3420,3,3.5659137666225433,0,0.13667500019073486,25,2,0,0,D,Empoli,3,3.5659137666225433,6.026263598352671,6.00563670322299,2014
1303,Stephan Lichtsteiner,32,2448,3,2.075416522100568,5,3.6611595638096333,21,24,8,1,D S,Juventus,3,2.075416522100568,10.487209169194102,7.652456276118755,2014
1350,Jonathan de Guzmán,23,1179,3,3.7724777795374393,1,2.9352048728615046,25,23,1,0,M S,Napoli,3,3.7724777795374393,7.428115122020245,1.7837884901091456,2014
1385,Omar El Kaddouri,32,2304,3,3.6354033034294844,4,5.47043411899358,40,71,9,1,F M S,Torino,3,2.8741002958267927,11.094199530780315,5.56919511873275,2014
1401,Panagiotis Tachtsidis,34,2978,3,1.7322651268914342,2,2.8129238998517394,45,40,9,0,M,Verona,3,1.7322651268914342,8.561683766543865,6.9631353141739964,2014
1442,Saphir Taïder,27,1682,3,2.8775836769491434,3,2.8370931278914213,37,19,6,0,M S,Sassuolo,3,2.8775836769491434,7.865362072363496,3.3238191436976194,2014
1491,Alejandro Gomez,24,1515,3,3.1020294819027185,2,3.4124401044100523,41,34,0,1,F M S,Atalanta,3,3.1020294819027185,6.550936486572027,2.9518420193344355,2014
1567,Bruno Peres,34,2593,3,2.0958155002444983,3,2.225421095266938,40,27,8,0,D M S,Torino,3,2.0958155002444983,10.175180155783892,6.985323706641793,2014
1589,Lucas Biglia,27,2331,3,2.786123243160546,2,2.8101677102968097,31,41,6,0,M,Lazio,2,1.263522901572287,9.951676418073475,9.219951783306897,2014
1912,Paul-José M&#039;Poku,16,1246,3,2.3842406030744314,1,4.049023345112801,38,28,4,0,F M S,Cagliari,3,2.3842406030744314,6.129393810406327,1.672361085191369,2014
1938,Carlos Carbonero,22,1398,3,1.8845077157020569,2,1.5009547751396894,27,20,7,0,M S,Cesena,3,1.8845077157020569,4.304596705362201,1.8529945416375995,2014
1948,Nigel de Jong,29,2598,3,1.6529970094561577,0,0.3058895021677017,17,9,11,0,M,AC Milan,3,1.6529970094561577,5.726962915621698,4.7036688243970275,2014
2048,Antonio Nocerino,25,1917,3,4.661521695554256,1,1.4149443851783872,29,22,2,0,M S,"Parma,Torino",2,3.9002226814627647,4.72121081314981,1.6115539008751512,2014
3396,Paolo De Ceglie,13,872,3,1.7365916687995195,0,0.5852353908121586,8,5,3,0,D F M S,"Juventus,Parma",3,1.7365916687995195,2.7761905435472727,0.653067696839571,2014
3829,Silvestre Varela,19,1619,3,1.036973413079977,1,0.9585862178355455,26,25,3,0,D F M,Parma,3,1.036973413079977,3.7366861263290048,2.2630616752430797,2014
3928,Richmond Boakye,19,774,3,2.0661533754318953,0,0.15293670073151588,16,5,3,1,F M S,Atalanta,3,2.0661533754318953,3.039256051182747,0.8581386534497142,2014
557,Matteo Darmian,33,2574,2,2.2068075202405453,1,3.347362362779677,29,39,2,0,D M S,Torino,2,2.2068075202405453,9.603792762383819,5.568090513348579,2014
776,Seydou Doumbia,13,539,2,0.8845057096332312,0,0.11477010324597359,8,4,0,0,F S,Roma,2,0.8845057096332312,1.1744991969317198,0.26332100108265877,2014
827,Juan Iturbe,27,1392,2,3.570763748139143,1,1.3323321118950844,34,16,4,0,F M S,Roma,2,3.570763748139143,5.478528279811144,1.1333740158006549,2014
947,Víctor Ibarbo,23,1630,2,4.962237644940615,3,4.883912179619074,28,33,5,1,F S,"Cagliari,Roma",2,4.962237644940615,11.657979015260935,5.269102755934,2014
948,Alessandro Diamanti,11,681,2,3.176374465227127,0,0.5507888980209827,42,10,4,0,F M S,Fiorentina,2,2.4150713980197906,3.4827526416629553,1.2560699926689267,2014
1119,Alessio Romagnoli,30,2533,2,1.3117051753215492,2,0.9844664195552468,8,4,9,0,D S,Sampdoria,2,1.3117051753215492,3.7026179134845734,3.6833959482610226,2014
1123,Juraj Kucka,34,1850,2,3.681762607768178,0,1.1276075132191181,43,10,5,0,F M S,Genoa,2,3.681762607768178,7.57462490350008,5.800609242171049,2014
1139,Silvan Widmer,36,3004,2,1.4486491829156876,4,4.154398553073406,24,34,5,0,D M S,Udinese,2,1.4486491829156876,8.80611189454794,4.95722328312695,2014
1140,Danilo,37,3330,2,1.357211104594171,0,0.23270137514919043,16,7,7,0,D,Udinese,2,1.357211104594171,5.12727141007781,4.844531711190939,2014
1159,Molla Wagué,10,894,2,1.0469272201880813,0,0.04576969891786575,5,1,4,0,D M,Udinese,2,1.0469272201880813,0.9523604921996593,0.9065909869968891,2014
1182,Daniele Baselli,22,1286,2,2.2907416922971606,2,1.325752966105938,25,12,6,0,M S,Atalanta,2,2.2907416922971606,4.2433948731049895,0.8662525862455368,2014
1196,Emiliano Moretti,35,3150,2,2.3586590327322483,2,1.240320268087089,17,10,11,0,D,Torino,2,2.3586590327322483,8.163584467023611,7.757864901795983,2014
1221,Jacopo Sala,16,1199,2,0.6323184967041016,2,2.308066722471267,7,25,2,2,D F M,Verona,2,0.6323184967041016,6.186449189204723,3.8876046733930707,2014
1225,Edgar Barreto,24,2041,2,1.6044330140575767,5,5.666618732735515,34,44,2,2,M,Palermo,2,1.6044330140575767,8.873979665338993,4.35163957066834,2014
1249,Daniele De Rossi,26,2155,2,1.7859196346253157,0,0.43623989913612604,18,13,11,1,M S,Roma,2,1.7859196346253157,8.457874801009893,7.4717080388218164,2014
1275,Robin Quaison,19,772,2,2.7064397614449263,1,2.356517388485372,16,15,2,0,D M S,Palermo,2,2.7064397614449263,5.9580163806676865,1.2697249092161655,2014
1309,Manuel Pasqual,20,1398,2,1.4996031885966659,3,2.526457595638931,15,32,2,0,D S,Fiorentina,2,1.4996031885966659,5.67015079036355,3.0597348026931286,2014
1310,José Mauri,33,2555,2,1.9064707374200225,1,0.7450776668265462,40,19,6,0,M S,Parma,2,1.9064707374200225,5.5924600549042225,3.298134953714907,2014
1320,Federico Barba,18,1268,2,1.1549013461917639,1,0.08421850018203259,5,3,2,0,D S,Empoli,2,1.1549013461917639,1.6761941816657782,1.6092714816331863,2014
1338,Antonio Floro Flores,29,1084,2,3.3814814183861017,1,1.8411613143980503,48,15,4,0,F S,Sassuolo,2,3.3814814183861017,5.90245152823627,2.036731565836817,2014
1339,Mariano Izco,28,2500,2,0.7700192322954535,2,2.813512023538351,27,30,3,0,M,Chievo,2,0.7700192322954535,7.075167225673795,4.945354273542762,2014
1393,Lorenzo Insigne,20,1058,2,4.300672033801675,3,3.9132415084168315,43,34,0,0,M S,Napoli,2,3.539373019710183,9.302802097052336,3.4607079215347767,2014
1422,Borja Valero,28,2170,2,3.7623608699068427,2,4.264373088255525,37,49,7,0,M S,Fiorentina,2,3.7623608699068427,11.931714352220297,6.985063936561346,2014
1423,Matías Vecino,36,3004,2,1.9670157236978412,3,3.2862377194687724,55,35,6,0,M,Empoli,2,1.9670157236978412,11.845621844753623,8.352713828906417,2014
1438,Vasilis Torosidis,20,1495,2,1.8748872196301818,0,0.5546157993376255,20,8,8,1,D S,Roma,2,1.8748872196301818,9.202604140155017,7.28965637087822,2014
1446,Sergio Floccari,27,970,2,1.7022996190935373,0,0.38358860462903976,19,12,1,0,F S,Sassuolo,2,1.7022996190935373,3.421966250985861,1.600811218842864,2014
1452,Godfred Donsah,21,1143,2,0.6750391032546759,1,0.6852809134870768,16,9,1,0,M S,Cagliari,2,0.6750391032546759,2.5696144942194223,1.3886671029031277,2014
1463,Francesco Acerbi,32,2879,2,2.907818659208715,0,0.247932402882725,19,6,7,1,D,Sassuolo,2,2.907818659208715,4.68346534203738,4.019724929705262,2014
1497,Ervin Zukanovic,29,2445,2,1.971306531690061,2,1.9226038306951523,27,26,7,0,D S,Chievo,2,1.971306531690061,5.284001669846475,3.8422001199796796,2014
1522,Andrea Ranocchia,33,2852,2,1.4190932968631387,0,0.11808429658412933,22,4,9,0,D S,Inter,2,1.4190932968631387,9.704914428293705,9.391862402670085,2014
1556,Guglielmo Stendardo,24,2091,2,3.165868337266147,0,0.7111792964860797,12,2,5,0,D S,Atalanta,2,3.165868337266147,2.731782994233072,1.9024194879457355,2014
1562,Francesco Lodi,23,1647,2,1.2637038920074701,1,1.6331644989550114,26,26,3,0,M S,Parma,2,1.2637038920074701,3.6070564724504948,2.8091091848909855,2014
1579,Daniele Gastaldello,14,1189,2,0.8514831848442554,0,0.02871990017592907,5,1,3,0,D S,Sampdoria,2,0.8514831848442554,1.9907587291672826,1.962038834579289,2014
1604,Artur Ionita,18,1154,2,1.5189557075500488,1,0.789037907961756,13,11,4,0,F M S,Verona,2,1.5189557075500488,3.252496939152479,1.6276545356959105,2014
1622,Matías Fernández,29,2053,2,2.0822688145563006,6,5.43994720838964,43,47,1,0,M S,Fiorentina,2,2.0822688145563006,9.932772763073444,5.115630190819502,2014
1816,Philippe Mexes,20,1666,2,1.0370030710473657,0,0.042178800329566,17,2,9,1,D S,AC Milan,2,1.0370030710473657,4.66778614744544,4.541901454329491,2014
1838,Achraf Lazaar,29,2203,2,1.4213404087349772,3,2.7912500873208046,30,21,2,0,D M S,Palermo,2,1.4213404087349772,8.795108808204532,6.408136453479528,2014
1853,Vangelis Moras,35,3039,2,0.8106475956737995,1,0.4871547808870673,13,7,5,0,D,Verona,2,0.8106475956737995,3.6601590868085623,3.2798401974141598,2014
1885,Tino Costa,6,224,2,0.8889922061935067,1,0.18586599826812744,13,2,4,0,M S,Genoa,2,0.8889922061935067,1.127430398017168,0.26076229847967625,2014
1943,Gervinho,24,1894,2,5.671633169054985,4,5.135851817205548,38,33,1,0,F S,Roma,2,5.671633169054985,12.862814888358116,5.268155320547521,2014
2011,Seydou Keita,26,1726,2,0.5573991062119603,1,0.8253589058294892,13,13,2,1,M S,Roma,2,0.5573991062119603,7.891339316032827,7.132473620586097,2014
2148,Joaquín,23,1420,2,1.156236607581377,3,4.231031082570553,16,34,1,0,D F M S,Fiorentina,2,1.156236607581377,6.792507018893957,3.62734248675406,2014
2263,Stefan Savic,29,2517,2,1.0025038896128535,1,0.9257835000753403,10,7,5,1,D S,Fiorentina,2,1.0025038896128535,7.781384566798806,7.572596473619342,2014
3810,Francesco Tavano,26,1332,2,5.619865516200662,1,1.8511661849915981,45,20,1,0,F S,Empoli,1,4.858566531911492,6.120821556076407,1.331235303543508,2014
3814,Samuel Eto&#039;o,18,1220,2,1.8684169184416533,3,3.0042659156024456,39,36,1,0,F M S,Sampdoria,2,1.8684169184416533,5.856265338137746,2.933490085415542,2014
3832,Massimo Coda,18,857,2,3.3759445026516914,3,1.2003414910286665,46,12,2,0,F S,Parma,2,3.3759445026516914,4.784646729938686,0.8006878951564431,2014
3833,Andi Lila,13,717,2,0.32448918372392654,0,0.18357960134744644,10,3,5,0,M S,Parma,2,0.32448918372392654,1.2104551792144775,0.8267615120857954,2014
3856,Milan Djuric,28,1590,2,2.850804902613163,2,0.9375529158860445,30,13,2,0,F S,Cesena,2,2.850804902613163,5.45253474265337,2.1391640407964587,2014
3865,Davide Succi,9,326,2,1.5037336945533752,0,0.34268171340227127,6,2,1,0,F S,Cesena,2,1.5037336945533752,1.9035924263298512,0.05717669893056154,2014
3876,Ioannis Fetfatzidis,9,288,2,1.6112782061100006,0,0.2539272988215089,6,7,0,0,F S,"Chievo,Genoa",1,0.8499831855297089,1.5329777682200074,0.7469809036701918,2014
3885,José Basanta,24,2078,2,2.0828783977776766,0,0.07954989932477474,17,4,3,0,D S,Fiorentina,2,2.0828783977776766,5.053481459617615,4.755455186590552,2014
3909,Giuseppe Biava,18,1549,2,1.0735043082386255,0,0,7,0,4,1,D,Atalanta,2,1.0735043082386255,1.5988105237483978,1.4909430369734764,2014
3936,Andrea Cossu,22,1601,2,3.7486486472189426,2,3.23213729634881,33,39,4,1,F M S,Cagliari,1,2.226051192730665,6.656366933137178,2.9779051765799522,2014
3943,Sulley Muntari,16,994,2,1.0156335262581706,0,0.5710426978766918,15,13,5,0,M S,AC Milan,2,1.0156335262581706,4.411680484190583,3.0725269615650177,2014
567,Miguel Britos,19,1495,1,1.054619106464088,0,0.2491476945579052,9,5,7,1,D S,Napoli,1,1.054619106464088,3.6483752261847258,3.3804643750190735,2014
568,José Holebas,24,2054,1,0.5411747954785824,1,1.2736094202846289,20,19,5,0,D S,Roma,1,0.5411747954785824,5.189373712986708,4.612719444558024,2014
761,Gökhan Inler,19,1365,1,0.5183280929923058,0,0.6931933145970106,32,18,4,0,M S,Napoli,1,0.5183280929923058,7.06231783516705,6.539634631946683,2014
888,Xherdan Shaqiri,15,739,1,1.5559213198721409,2,2.192299023270607,20,29,3,0,F M S,Inter,0,0.7946224994957447,4.023205526173115,2.244918443262577,2014
946,Marco van Ginkel,17,1310,1,1.599748682230711,1,1.9190561147406697,10,15,3,0,M S,AC Milan,1,1.599748682230711,5.089321333914995,2.6002212818711996,2014
974,Yohan Benalouane,27,2189,1,0.6814719755202532,0,0.07725889980792999,16,2,12,1,D S,Atalanta,1,0.6814719755202532,2.2637846311554313,2.1076735323294997,2014
1095,Ezequiel Muñoz,17,1389,1,1.0209628120064735,0,0,7,0,3,0,D S,"Palermo,Sampdoria",1,1.0209628120064735,3.1119346376508474,3.1119346376508474,2014
1096,Armando Izzo,20,1068,1,0.8364307209849358,0,0.781257500872016,2,4,2,1,D S,Genoa,1,0.8364307209849358,2.2920535914599895,2.195185888558626,2014
1107,Santiago Gentiletti,5,416,1,0.5264620184898376,0,0.06315859965980053,1,2,1,0,D,Lazio,1,0.5264620184898376,1.9673873763531446,1.931434391066432,2014
1117,Andrea Poli,33,2075,1,2.6927480455487967,2,1.4879581928253174,23,23,5,0,M S,AC Milan,1,2.6927480455487967,7.743320093490183,4.538294130936265,2014
1141,Felipe,15,1121,1,0.7370677022263408,0,0.046084098517894745,3,1,1,2,D S,"Inter,Parma",1,0.7370677022263408,1.0668325233273208,1.0582775282673538,2014
1149,Thomas Heurtaux,26,2164,1,0.6789494026452303,1,0.1703673992305994,12,5,4,1,D S,Udinese,1,0.6789494026452303,3.1690275194123387,2.9838784923776984,2014
1150,Emmanuel Badu,27,1871,1,2.045453617349267,1,0.9342924049124122,25,13,5,1,M S,Udinese,1,2.045453617349267,5.968104047700763,3.5429129041731358,2014
1151,Emil Hallfredsson,28,2133,1,1.2907552849501371,9,5.523217954672873,24,46,7,1,F M S,Verona,1,1.2907552849501371,8.57796870265156,5.706426728516817,2014
1154,Stipe Perica,9,360,1,1.4907125793397427,0,0.08372469991445541,11,3,2,0,F S,Udinese,1,1.4907125793397427,1.65733577683568,0.1077335998415947,2014
1171,Simone Pepe,12,214,1,0.9671988040208817,1,0.31326290778815746,3,7,0,1,F S,Juventus,0,0.20589978992938995,0.8464796133339405,0.4401288013905287,2014
1190,Joel Obi,11,494,1,0.33551570400595665,0,0.3701851889491081,11,6,1,0,D M S,Inter,1,0.33551570400595665,1.1381000932306051,0.6590449064970016,2014
1192,Afriyie Acquah,24,1845,1,1.5567284179851413,0,1.5904139331541955,20,22,9,2,M S,"Parma,Sampdoria",1,1.5567284179851413,7.627684075385332,5.032255685888231,2014
1194,Giuseppe Vives,28,2121,1,1.099543889053166,4,2.811576803214848,25,30,8,0,M S,Torino,1,1.099543889053166,7.920748300850391,5.142630331218243,2014
1210,Keita,23,754,1,4.561031226068735,0,0.9981717970222235,36,12,3,0,F S,Lazio,1,4.561031226068735,7.580978950485587,2.9772663600742817,2014
1232,Angelo Palombo,36,2937,1,1.0911301784217358,3,1.603238306939602,13,39,7,0,D M S,Sampdoria,0,0.3298312537372112,6.3444920759648085,5.7630797158926725,2014
1248,Leandro Paredes,10,316,1,0.1864990033209324,0,0,7,0,2,0,M S,Roma,1,0.1864990033209324,0.9238189030438662,0.7906980961561203,2014
1267,Michel Morganella,20,1725,1,0.33577510342001915,1,1.9470133380964398,10,14,7,0,D M,Palermo,1,0.33577510342001915,5.8042692467570305,4.286472571082413,2014
1273,Mato Jajalo,16,1131,1,0.375101899728179,1,0.4462732020765543,13,10,5,0,M S,Palermo,1,0.375101899728179,4.296483455225825,3.9005225216969848,2014
1279,Roberto Vitiello,19,1505,1,0.8709024824202061,0,0,3,0,3,0,D S,Palermo,1,0.8709024824202061,2.7446488151326776,2.6906478414312005,2014
1296,Stefano Sturaro,25,1771,1,2.407985521480441,0,0.5726130921393633,26,15,7,1,M S,"Genoa,Juventus",1,2.407985521480441,6.278598230332136,3.721661761403084,2014
1298,Patrice Evra,21,1803,1,1.82173228636384,2,2.1448981054127216,10,27,4,0,D M,Juventus,1,1.82173228636384,8.329674769192934,5.823189593851566,2014
1307,Andrea Costa,22,1792,1,1.645288072526455,0,0.040265098214149475,8,1,4,0,D S,Parma,1,1.645288072526455,1.3822049964219332,1.2764126043766737,2014
1312,Daniele Croce,37,2980,1,1.3981635719537735,1,2.43687966093421,16,40,5,0,M S,Empoli,1,1.3981635719537735,10.413648983463645,7.710180701687932,2014
1314,Guido Marilungo,8,720,1,2.9603724647313356,0,0.4658225020393729,11,6,0,0,F,Cesena,1,2.9603724647313356,4.3337881322950125,1.6833139173686504,2014
1341,Ivan Radovanovic,31,2488,1,0.6896230215206742,1,1.3799978932365775,42,16,7,1,M S,Chievo,1,0.6896230215206742,5.150595782324672,4.098080350086093,2014
1376,Kalidou Koulibaly,27,2425,1,0.44262260012328625,1,0.9187670918181539,10,5,8,1,D,Napoli,1,0.44262260012328625,7.29834707826376,6.811019949615002,2014
1379,Allan,35,3007,1,0.9384404961019754,5,3.1178151927888393,18,40,8,0,M S,Udinese,1,0.9384404961019754,10.18694470077753,7.591568680480123,2014
1412,Daniele Dessena,28,1915,1,2.2225254233926535,2,1.7430099081248045,23,13,4,0,D M S,Cagliari,1,2.2225254233926535,7.24563049338758,5.318162575364113,2014
1419,Davide Astori,24,2039,1,0.534987598657608,0,0.4428633013740182,8,5,10,0,D S,Roma,1,0.534987598657608,4.752089684829116,4.660676677711308,2014
1424,Federico Bernardeschi,7,210,1,1.4647122379392385,2,0.49920298904180527,9,2,2,0,F S,Fiorentina,1,1.4647122379392385,2.21440283767879,0.32512111216783524,2014
1430,Milan Badelj,21,1556,1,0.5889559034258127,2,0.5847154976800084,16,17,3,0,M S,Fiorentina,1,0.5889559034258127,5.8848350420594215,5.132518041878939,2014
1431,Sebastien De Maio,33,2791,1,1.7246204083785415,1,0.6309990175068378,13,4,9,0,D S,Genoa,1,1.7246204083785415,5.441057995893061,3.8160804212093353,2014
1435,Nenad Tomovic,24,2008,1,0.46403899788856506,2,1.5375659968703985,5,15,4,0,D S,Fiorentina,1,0.46403899788856506,6.563700418919325,5.894119694828987,2014
1445,Simone Verdi,26,1437,1,3.513565962202847,1,4.136542901396751,45,26,4,0,M S,Empoli,1,3.513565962202847,8.728653773665428,1.6856190208345652,2014
1457,Luca Rizzo,15,615,1,0.2754818033427,0,0.7198819136247039,5,8,2,0,M S,Sampdoria,1,0.2754818033427,2.341498725116253,1.4747854471206665,2014
1466,Francesco Magnanelli,29,2500,1,0.24843250308185816,3,1.5783575857058167,14,35,11,0,M S,Sassuolo,1,0.24843250308185816,7.8369554579257965,6.4192989859730005,2014
1474,Alfred Duncan,26,1329,1,2.34439210081473,2,3.339817624539137,26,35,3,0,M S,Sampdoria,1,2.34439210081473,9.04126712679863,4.986780425533652,2014
1492,Jasmin Kurtic,21,1335,1,0.5801158109679818,2,1.1471888031810522,20,15,3,1,M S,Fiorentina,1,0.5801158109679818,4.544240532442927,3.0125494189560413,2014
1503,Giulio Migliaccio,20,1149,1,0.5958954971283674,0,0.12916669994592667,10,2,8,0,M S,Atalanta,1,0.5958954971283674,1.1544779054820538,0.7558634020388126,2014
1511,Marcelo Brozovic,15,1062,1,1.7103662006556988,1,1.5448254849761724,30,16,7,0,M S,Inter,1,1.7103662006556988,6.493785303086042,4.411114435642958,2014
1534,Giancarlo Gonzalez,28,2493,1,1.2988179102540016,1,0.7668709140270948,13,5,6,0,D,Palermo,1,1.2988179102540016,4.727955389767885,4.609928611665964,2014
1561,Panagiotis Kone,28,1671,1,2.5581729244440794,3,1.7069490067660809,40,21,8,1,M S,Udinese,1,2.5581729244440794,5.670741956681013,2.761991873383522,2014
1607,Franco Signorelli,13,499,1,0.5143420081585646,0,0.34530189633369446,3,4,0,0,M S,Empoli,1,0.5143420081585646,1.5258163884282112,0.9781835600733757,2014
1621,Marcos Alonso,22,1686,1,1.8805121202021837,3,2.8786716675385833,29,19,4,0,D M S,Fiorentina,1,1.8805121202021837,6.34621986746788,3.330215185880661,2014
1630,Giovanni Marchese,11,854,1,0.2305900938808918,2,0.23941320180892944,4,6,2,0,D M S,Genoa,1,0.2305900938808918,2.408869517967105,2.169456430710852,2014
1802,Alexander Farnerud,22,1286,1,0.874450015835464,5,3.7637995053082705,27,31,2,0,M S,Torino,1,0.874450015835464,4.241144862025976,2.3511721584945917,2014
1815,Alex,21,1394,1,0.4590279906988144,0,0.051104698330163956,9,1,3,0,D S,AC Milan,1,0.4590279906988144,1.6660590283572674,1.6031490229070187,2014
1824,Maicon,14,985,1,1.3265972062945366,1,1.3719312008470297,13,9,3,0,D S,Roma,1,1.3265972062945366,5.4992016684263945,3.985733201727271,2014
1857,David López,32,2600,1,1.7319470988586545,1,1.0415088403970003,32,26,4,0,M S,Napoli,1,1.7319470988586545,11.82140950858593,10.714614750817418,2014
1877,Ogenyi Onazi,16,654,1,0.82142398878932,1,0.5025377022102475,9,10,4,0,M S,Lazio,1,0.82142398878932,3.767248691059649,2.6980929831042886,2014
1895,Cristian Zaccardo,3,211,1,0.35845598578453064,1,0.08837600238621235,1,2,0,1,D,AC Milan,1,0.35845598578453064,0.9444741904735565,0.856098098680377,2014
1911,Giampiero Pinzi,19,1291,1,0.35820490680634975,0,0.3873641062527895,10,7,11,0,M S,Udinese,1,0.35820490680634975,3.5062416922301054,2.8473978769034147,2014
1940,Lazaros Christodoulopoulos,22,1238,1,1.380481893196702,5,3.7780135944485664,32,28,3,0,F M S,Verona,1,1.380481893196702,5.0540133677423,1.9291613018140197,2014
1942,Martín Cáceres,10,793,1,1.3284129798412323,0,0.5417369902133942,8,4,1,0,D,Juventus,1,1.3284129798412323,2.4192988201975822,1.7692688032984734,2014
1959,Bosko Jankovic,18,1267,1,1.7018671110272408,2,2.637688748538494,28,12,4,0,F M S,Verona,1,1.7018671110272408,4.971885245293379,1.120748620480299,2014
1978,Rodrigo Aguirre,8,220,1,0.20265100058168173,0,0.7491529956459999,4,6,2,0,M S,"Empoli,Udinese",1,0.20265100058168173,0.7868644562549889,0.135153962764889,2014
1985,Marcelo Estigarribia,9,633,1,0.9714959897100925,0,0.6320561915636063,14,3,1,0,M S,Atalanta,1,0.9714959897100925,2.002705380320549,0.5958044994622469,2014
2006,Alessio Cerci,16,668,1,1.27490508928895,4,2.2745311725884676,21,20,0,0,F M S,AC Milan,1,1.27490508928895,3.53917209059,1.5866089891642332,2014
2018,Amauri,21,863,1,3.604539070278406,0,0.709418497979641,31,14,4,0,F S,"Parma,Torino",1,3.604539070278406,4.601930109784007,1.273529501631856,2014
2271,Fernando Torres,10,589,1,1.4126840066164732,0,0.6348797157406807,19,4,1,0,F S,AC Milan,1,1.4126840066164732,2.5587682630866766,0.8673030100762844,2014
2412,Adil Rami,21,1662,1,0.48045400250703096,1,1.1345666386187077,11,7,5,0,D S,AC Milan,1,0.48045400250703096,1.912217928096652,1.3107714001089334,2014
2448,Juan Vargas,19,808,1,0.5105586415156722,1,1.6087947525084019,19,14,2,0,D M S,Fiorentina,1,0.5105586415156722,3.631220355629921,1.7526443302631378,2014
3272,Mapou Yanga-Mbiwa,28,2092,1,0.30377089884132147,1,1.4995413199067116,6,7,6,0,D S,Roma,1,0.30377089884132147,5.587505662813783,5.049834558740258,2014
3360,Mounir Obbadi,22,1218,1,1.3818522999063134,1,0.6177540998905897,15,15,6,0,M S,Verona,1,1.3818522999063134,6.358533947728574,4.6761116068810225,2014
3815,Gonzalo Bergessio,23,738,1,2.4927508467808366,1,0.2728368006646633,19,7,0,0,F S,Sampdoria,1,2.4927508467808366,4.533619487658143,1.8644591942429543,2014
3820,Maxime Lestienne,23,979,1,3.0598463341593742,2,2.9649395681917667,32,19,2,0,F M S,Genoa,1,3.0598463341593742,7.112340107560158,2.2428281120955944,2014
3826,Migjen Basha,6,149,1,0.5905059855431318,0,0.4438620060682297,2,2,1,1,M S,Torino,1,0.5905059855431318,1.1614546179771423,0.12708640098571777,2014
3830,Cristóbal Jorquera,17,1198,1,0.6237259041517973,3,2.183448476716876,20,33,5,0,M S,Parma,1,0.6237259041517973,4.270598981529474,2.746396007016301,2014
3834,Ishak Belfodil,23,1350,1,1.8952478989958763,2,0.7633045027032495,26,19,4,0,F S,Parma,1,1.8952478989958763,2.8068292308598757,0.8865924021229148,2014
3838,Alessandro Lucarelli,28,2465,1,0.30067339818924665,1,1.2968260943889618,7,4,13,1,D,Parma,1,0.30067339818924665,3.0749902185052633,2.896471702493727,2014
3854,Emmanuel Cascione,29,2189,1,3.143391089513898,1,1.4782964941114187,27,16,8,0,M S,Cesena,0,1.6207930613309145,6.140307269059122,4.917677163146436,2014
3860,Zé Eduardo,13,633,1,0.5096466150134802,1,0.16415450535714626,6,3,2,1,M S,Cesena,1,0.5096466150134802,0.8936534048989415,0.7759969122707844,2014
3864,Stefano Lucchini,28,2208,1,1.4496940188109875,0,0.014158600009977818,4,1,10,0,D S,Cesena,1,1.4496940188109875,0.7159225037321448,0.7017639046534896,2014
3869,Dejan Lazarevic,18,612,1,0.5108757056295872,1,0.564156798645854,14,10,2,0,F M S,"Chievo,Sassuolo",1,0.5108757056295872,1.4984835982322693,0.8814003169536591,2014
3870,Nemanja Vidic,23,2050,1,1.7301999144256115,0,0.1845869943499565,17,4,6,1,D,Inter,1,1.7301999144256115,5.722888756543398,5.591682765632868,2014
3871,Lukas Podolski,17,823,1,1.9732804894447327,1,2.04253095574677,27,15,2,0,F M S,Inter,1,1.9732804894447327,6.045707117766142,3.3783727437257767,2014
3878,Alexandre Geijo,13,385,1,1.0851005725562572,0,0.19947859644889832,9,4,0,0,F S,Udinese,1,1.0851005725562572,1.904538556933403,0.8766997903585434,2014
3896,Javier Saviola,15,452,1,3.056746833026409,2,0.575779290869832,13,7,1,0,F S,Verona,1,3.056746833026409,4.170624402351677,0.7988501004874706,2014
3899,Mattia Valoti,10,172,1,0.977482371032238,1,0.19976609759032726,3,5,4,0,M S,Verona,1,0.977482371032238,1.3391674309968948,1.2565260380506516,2014
3923,Ederson,4,66,1,0.6505806967616081,0,0,2,0,1,0,S,Lazio,1,0.6505806967616081,0.6180199980735779,0,2014
3937,Daniele Conti,18,1491,1,1.2323002107441425,0,0.9289799965918064,25,13,10,1,M S,Cagliari,1,1.2323002107441425,5.1934411861002445,4.6458883956074715,2014
3958,Nico Pulzetti,9,363,1,0.24294080305844545,0,0.24765140563249588,10,4,1,0,M S,Cesena,1,0.24294080305844545,1.5833424627780914,1.2175325062125921,2014
3990,Luca Antonini,7,350,1,0.9620246142148972,0,0.04883529990911484,2,1,1,0,D M S,Genoa,1,0.9620246142148972,1.8863126188516617,0.875452995300293,2014
3995,Mounir El Hamdaoui,3,34,1,0.6932742204517126,0,0,2,0,1,0,S,Fiorentina,1,0.6932742204517126,0.6932742204517126,0,2014
138,Frederik Sörensen,10,640,0,0.11325540021061897,1,0.1089164987206459,3,2,3,0,D S,Verona,0,0.11325540021061897,0.8539030030369759,0.785765802487731,2014
226,Kingsley Coman,14,486,0,0.6516052056103945,2,1.0211020112037659,13,5,0,0,F S,Juventus,0,0.6516052056103945,2.688295856118202,1.64838258177042,2014
528,Angelo Ogbonna,25,1748,0,0.9294032994657755,0,0.11780570074915886,11,4,4,0,D S,Juventus,0,0.9294032994657755,5.751165345311165,5.655009835958481,2014
560,Sergio Romero,10,879,0,0,0,0,0,0,1,0,GK S,Sampdoria,0,0,0.6514985095709562,0.6514985095709562,2014
665,Micah Richards,10,564,0,0.11707449983805418,0,0.10646070167422295,2,3,1,0,D S,Fiorentina,0,0.11707449983805418,1.5394825674593449,1.3725671898573637,2014
732,Yann M&#039;Vila,8,243,0,0.07262959703803062,0,0.02436009980738163,3,1,1,0,M S,Inter,0,0.07262959703803062,0.37925449199974537,0.3066248930990696,2014
1093,Mattia Perin,32,2781,0,0,0,0,0,0,0,1,GK,Genoa,0,0,1.9744855146855116,1.9744855146855116,2014
1094,Nicolas Burdisso,30,2678,0,0.26304430328309536,0,0.1166062019765377,7,3,8,1,D,Genoa,0,0.26304430328309536,4.268442623317242,4.151836717501283,2014
1097,Edenilson,30,2476,0,1.4296812117099762,5,4.0880469754338264,10,43,3,0,D M S,Genoa,0,1.4296812117099762,9.057981216348708,4.8607517862692475,2014
1099,Tomás Rincón,29,2423,0,0.8860583584755659,2,1.6975108310580254,21,22,8,0,M S,Genoa,0,0.8860583584755659,10.14252320677042,8.497888119891286,2014
1100,Diego Laxalt,12,294,0,0.1954973042011261,1,0.8065420091152191,3,4,3,0,F S,"Empoli,Genoa",0,0.1954973042011261,0.6786847040057182,0.3525513932108879,2014
1112,Isaac Cofie,18,905,0,0.26965660601854324,1,1.0677314344793558,6,9,1,1,M S,Chievo,0,0.26965660601854324,1.362933836877346,1.0309870056807995,2014
1113,Eugenio Lamanna,8,637,0,0,0,0.024001700803637505,0,1,0,0,GK S,Genoa,0,0,0.7796187978237867,0.7556170970201492,2014
1118,Gabriel Paletta,21,1710,0,0.1139496797695756,0,0.07135830074548721,4,2,7,0,D S,"AC Milan,Parma",0,0.1139496797695756,3.0758491046726704,3.0084622092545033,2014
1120,Mattia De Sciglio,16,1310,0,0.20465319976210594,0,0.6605768026784062,7,16,2,1,D S,AC Milan,0,0.20465319976210594,3.6488068252801895,3.2764760106801987,2014
1129,Suso,5,220,0,0.10532199963927269,1,0.06726310029625893,5,2,0,1,F S,AC Milan,0,0.10532199963927269,0.29230619966983795,0.19684570655226707,2014
1133,Cristian Zapata,12,864,0,0.03547639958560467,1,0.3891382869333029,2,2,1,1,D S,AC Milan,0,0.03547639958560467,0.9514575973153114,0.935040295124054,2014
1135,Ignazio Abate,23,1885,0,0.3554928945377469,6,2.2460817778483033,8,24,5,0,D S,AC Milan,0,0.3554928945377469,5.049152382649481,2.747982010245323,2014
1138,Orestis Karnezis,37,3268,0,0,0,0,0,0,2,0,GK,Udinese,0,0,2.5994813041761518,2.5994813041761518,2014
1152,Lucas Evangelista,4,133,0,0.05843359977006912,0,0.20799929928034544,1,4,0,0,M S,Udinese,0,0.05843359977006912,0.3163040913641453,0.10840799659490585,2014
1158,Simone Scuffet,2,152,0,0,0,0,0,0,0,0,GK S,Udinese,0,0,0.012381000444293022,0.012381000444293022,2014
1160,Albano Bizzarri,28,2520,0,0,0,0,0,0,1,0,GK,Chievo,0,0,0.9500788003206253,0.9500788003206253,2014
1162,Hugo Campagnaro,10,729,0,0.059689298272132874,0,0.6136227855458856,1,7,3,0,D S,Inter,0,0.059689298272132874,2.486136343330145,1.903824608772993,2014
1164,Cristiano Biraghi,18,1308,0,0.29494649916887283,0,0.334597478620708,12,7,3,0,D M S,Chievo,0,0.29494649916887283,1.749800680205226,1.5025105010718107,2014
1167,Alberto Aquilani,25,1608,0,1.928031756542623,0,1.0705896993167698,37,24,5,0,M S,Fiorentina,0,1.928031756542623,6.637572417035699,4.501793712377548,2014
1179,Leandro Castán,1,46,0,0,0,0,0,0,0,0,D,Roma,0,0,0,0,2014
1184,Mirko Valdifiori,36,3209,0,0.44252773001790047,7,5.513376787304878,22,89,6,1,M,Empoli,0,0.44252773001790047,9.922935485839844,8.855209410190582,2014
1195,Daniele Padelli,25,2250,0,0,0,0,0,0,3,0,GK,Torino,0,0,1.6982349064201117,1.6982349064201117,2014
1197,Cesare Bovo,15,1267,0,0.656981598585844,0,0.9612447936087847,15,18,4,0,D M S,Torino,0,0.656981598585844,3.5886763483285904,3.3720219656825066,2014
1200,Federico Marchetti,30,2609,0,0,0,0.02537580020725727,0,1,6,2,GK,Lazio,0,0,4.446417625062168,4.42104182485491,2014
1201,Dusan Basta,27,2384,0,0.6332380017265677,2,2.1568448077887297,20,27,5,0,D M,Lazio,0,0.6332380017265677,9.87853185646236,7.902640134096146,2014
1206,Danilo Cataldi,16,987,0,0.2907836986705661,3,1.216495811007917,13,18,3,1,M S,Lazio,0,0.2907836986705661,4.4206224996596575,3.385851923376322,2014
1222,Matías Silvestre,29,2510,0,1.0962464231997728,2,0.2349700042977929,10,5,7,0,D S,Sampdoria,0,1.0962464231997728,2.966650711838156,2.800642302725464,2014
1224,Vasco Regini,28,2175,0,0.2843537023290992,0,0.5209620017558336,9,10,5,1,D S,Sampdoria,0,0.2843537023290992,2.671789215877652,2.2147394055500627,2014
1238,Luca Cigarini,33,2687,0,1.4943676926195621,3,2.9650075379759073,43,59,10,1,M S,Atalanta,0,1.4943676926195621,11.36056646425277,9.36672505363822,2014
1242,Luka Krajnc,22,1825,0,0.23370819725096226,1,1.0674655847251415,4,5,3,0,D S,Cesena,0,0.23370819725096226,0.7430088091641665,0.7106406036764383,2014
1243,Davide Brivio,13,1110,0,0.1623496962711215,0,0.28827660344541073,4,6,1,0,D S,Verona,0,0.1623496962711215,1.3536315253004432,0.9377957731485367,2014
1245,Emerson,9,171,0,0,0,0.12699979916214943,0,3,0,0,S,Palermo,0,0,1.1356030814349651,1.0243991129100323,2014
1246,Kostas Manolas,30,2612,0,0.3907395023852587,0,0.22802410647273064,7,3,5,2,D,Roma,0,0.3907395023852587,6.351526033133268,6.2389840595424175,2014
1247,Juan Jesus,32,2850,0,0.31721933325752616,0,0.5488529112190008,10,14,14,0,D,Inter,0,0.31721933325752616,8.545695036649704,8.168878734111786,2014
1256,Kevin Strootman,6,316,0,0.08978340029716492,2,1.4324600398540497,3,8,1,0,M S,Roma,0,0.08978340029716492,1.5559590756893158,0.7337170839309692,2014
1266,Sinisa Andjelkovic,32,2819,0,0.26141720451414585,0,0.17960500344634056,7,4,5,1,D,Palermo,0,0.26141720451414585,4.1509248577058315,4.044818138703704,2014
1269,Alessandro Gazzi,30,2403,0,0.9074827060103416,0,0.3809714000672102,15,11,13,0,M S,Torino,0,0.9074827060103416,6.8454744927585125,6.448001367971301,2014
1274,Andrea Rispoli,29,1686,0,1.2210950409062207,2,3.131597399711609,24,22,5,0,D M S,"Palermo,Parma",0,1.2210950409062207,6.069258371368051,4.149589326232672,2014
1285,Gianluigi Buffon,33,2970,0,0,0,0,0,0,0,0,GK,Juventus,0,0,4.516771461814642,4.516771461814642,2014
1286,Andrea Barzagli,10,770,0,0,0,0.0488686989992857,0,2,2,0,D S,Juventus,0,0,2.046376805752516,2.046376805752516,2014
1297,Neto,29,2610,0,0,0,0.14559030160307884,0,2,4,0,GK,Fiorentina,0,0,2.9729165993630886,2.870546706020832,2014
1305,Lukasz Skorupski,3,270,0,0,0,0,0,0,0,0,GK,Roma,0,0,0.3654013089835644,0.3654013089835644,2014
1306,Vincent Laurini,15,1078,0,0.04996050056070089,0,0.06042169965803623,2,2,1,0,D S,Empoli,0,0.04996050056070089,1.1691308971494436,1.0587480952963233,2014
1324,Federico Dimarco,1,1,0,0,0,0,0,0,0,0,S,Inter,0,0,0,0,2014
1328,Stefano Sorrentino,35,3150,0,0,0,0,0,0,1,0,GK,Palermo,0,0,1.3214323176071048,1.3214323176071048,2014
1329,Fabrizio Cacciatore,11,724,0,0.2477128952741623,0,0.26407239958643913,4,5,0,1,D S,Sampdoria,0,0.2477128952741623,1.2067516315728426,1.1286862399429083,2014
1330,Alessandro Gamberini,20,1401,0,0.4064570963382721,0,0.11868029832839966,6,2,2,0,D S,Chievo,0,0.4064570963382721,1.1553173959255219,1.1016540974378586,2014
1331,Dario Dainelli,30,2451,0,0.42603350430727005,0,0.26485840510576963,8,8,8,0,D S,Chievo,0,0.42603350430727005,2.885901840403676,2.7243579579517245,2014
1332,Massimo Gobbi,33,2743,0,0.965288806706667,2,2.7328163823112845,12,27,10,0,D M S,Parma,0,0.965288806706667,5.859528013505042,3.205653715878725,2014
1334,Perparim Hetemaj,32,2635,0,0.7110802996903658,1,1.2281985953450203,25,25,10,0,M S,Chievo,0,0.7110802996903658,7.030026197433472,5.5908906646072865,2014
1336,Valter Birsa,35,2313,0,1.3495356058701873,1,5.188709584996104,35,66,4,0,F M S,Chievo,0,1.3495356058701873,6.66928425244987,3.812635211274028,2014
1342,Nicolás Spolli,1,90,0,0,0,0,0,0,0,0,D,Roma,0,0,0.3280870020389557,0.3280870020389557,2014
1344,Nicolas Frey,31,2647,0,0.053030600771307945,1,0.883693809621036,2,17,6,0,D,Chievo,0,0.053030600771307945,4.490554187446833,3.6762349624186754,2014
1346,Gennaro Sardo,9,516,0,0.04361020028591156,0,0.036860900931060314,1,2,1,0,D S,Chievo,0,0.04361020028591156,0.6275079334154725,0.5470370333641768,2014
1352,Aleandro Rosi,11,540,0,0.32709410414099693,0,0.12481299974024296,6,3,1,0,D M S,"Fiorentina,Genoa",0,0.32709410414099693,0.943236393854022,0.536151684820652,2014
1356,Lorenzo Crisetig,28,2234,0,0.324299399740994,1,1.0368883050978184,11,20,8,0,M S,Cagliari,0,0.324299399740994,6.7817931566387415,6.362068412825465,2014
1365,Djamel Mesbah,16,1155,0,1.1838364079594612,0,0.1963952984660864,14,5,2,0,D S,Sampdoria,0,1.1838364079594612,2.6957791773602366,1.5307705886662006,2014
1375,Elseid Hysaj,36,3017,0,0.13431029953062534,2,0.9324086611159146,8,12,4,0,D S,Empoli,0,0.13431029953062534,10.31802243553102,9.725245457142591,2014
1377,Nikola Maksimovic,27,2404,0,0.14190039597451687,3,2.7939437609165907,3,27,4,0,D,Torino,0,0.14190039597451687,8.451949995011091,7.217246327549219,2014
1378,Ivan Strinic,9,807,0,0.06983350124210119,2,0.19796759821474552,2,3,1,0,D,Napoli,0,0.06983350124210119,2.8438050225377083,2.633045978844166,2014
1386,Piotr Zielinski,28,1020,0,1.9885985031723976,2,1.9447288122028112,32,19,3,0,M S,Empoli,0,1.9885985031723976,6.097140043973923,2.854545757174492,2014
1387,Faouzi Ghoulam,21,1759,0,0.6378507977351546,2,2.6551416041329503,18,24,6,1,D M S,Napoli,0,0.6378507977351546,11.333743881434202,9.048908327706158,2014
1388,Rafael Cabral,23,2070,0,0,0,0,0,0,0,0,GK,Napoli,0,0,2.4240493876859546,2.4240493876859546,2014
1389,Jorginho,23,1278,0,0.253548595122993,0,1.1994341043755412,8,21,5,0,M S,Napoli,0,0.253548595122993,5.915074061602354,4.86869852989912,2014
1391,Christian Maggio,29,2581,0,0.6178969070315361,2,2.0072638923302293,12,20,7,1,D,Napoli,0,0.6178969070315361,8.589281214401126,6.747551308944821,2014
1392,Luigi Sepe,31,2790,0,0,0,0,0,0,0,0,GK,Empoli,0,0,0.905237440019846,0.905237440019846,2014
1396,Marco Storari,5,450,0,0,0,0,0,0,0,0,GK,Juventus,0,0,0.21791400387883186,0.21791400387883186,2014
1400,Nicola Murru,8,562,0,0.11779179982841015,0,0.3968733996152878,4,5,2,1,D S,Cagliari,0,0.11779179982841015,0.9885614085942507,0.6582584008574486,2014
1403,Simone Padoin,25,1336,0,0.266532301902771,4,1.7744458746165037,8,19,2,1,D M S,Juventus,0,0.266532301902771,5.25707190297544,4.523043332621455,2014
1405,Marco Borriello,8,255,0,0.32245559617877007,2,1.227758802473545,5,6,1,0,F S,Genoa,0,0.32245559617877007,1.8577540032565594,0.42458169162273407,2014
1408,Marco Capuano,15,1123,0,0.08661559969186783,0,0.061542941723018885,1,3,2,0,D S,Cagliari,0,0.08661559969186783,2.7655809898860753,2.742898143827915,2014
1409,Nicolò Barella,3,129,0,0.10622460022568703,0,0.12077099829912186,2,1,1,0,M S,Cagliari,0,0.10622460022568703,1.1256689727306366,0.89867302775383,2014
1410,Rafael,20,1727,0,0,0,0.023251499980688095,0,1,1,1,GK,Verona,0,0,0.9452325198799372,0.9219815228134394,2014
1416,Ciprian Tatarusanu,9,810,0,0,0,0,0,0,0,0,GK,Fiorentina,0,0,0.9056787937879562,0.9056787937879562,2014
1458,Ibrahima Mbaye,4,88,0,0.14220580086112022,0,0,4,0,0,0,S,Inter,0,0.14220580086112022,0.20609220303595066,0.12150940112769604,2014
1460,Andrea Consigli,35,3126,0,0,0,0,0,0,2,1,GK,Sassuolo,0,0,2.3043736899271607,2.3043736899271607,2014
1462,Paolo Cannavaro,25,2101,0,0.6879257149994373,0,0.5360177103430033,11,7,8,1,D,Sassuolo,0,0.6879257149994373,2.8738867100328207,1.9458743017166853,2014
1464,Federico Peluso,28,2338,0,0.3051988035440445,1,1.3882780694402754,7,12,5,2,D S,Sassuolo,0,0.3051988035440445,4.983640445396304,3.9502797182649374,2014
1467,Davide Biondini,28,1726,0,0.09660149924457073,0,1.3451772360131145,4,18,3,0,M S,Sassuolo,0,0.09660149924457073,4.079399397596717,2.767288484610617,2014
1471,Lorenzo Pellegrini,1,23,0,0.015912599861621857,0,0,1,0,0,0,S,Roma,0,0.015912599861621857,0.08809729665517807,0.08809729665517807,2014
1478,Marcello Gazzola,18,1456,0,0.02014780044555664,0,0.8799388008192182,1,12,4,0,D S,Sassuolo,0,0.02014780044555664,2.7146745854988694,2.151768397539854,2014
1479,Alberto Pomini,4,292,0,0,0,0,0,0,0,0,GK S,Sassuolo,0,0,0.27139099687337875,0.27139099687337875,2014
1481,Antonino Ragusa,1,16,0,0,0,0,0,0,1,0,S,Genoa,0,0,0,0,2014
1482,Luca Antei,8,513,0,0.22230900079011917,0,0.06670469790697098,2,1,2,0,D S,Sassuolo,0,0.22230900079011917,0.616553008556366,0.5498479902744293,2014
1483,Etrit Berisha,10,807,0,0,0,0,0,0,0,0,GK S,Lazio,0,0,1.2443769872188568,1.2443769872188568,2014
1485,Andrea Masiello,14,1103,0,0.11554200202226639,0,0.20380800683051348,1,5,3,0,D M S,Atalanta,0,0.11554200202226639,2.4984085615724325,2.2865804471075535,2014
1490,Boukary Dramé,29,2425,0,0.5753254648298025,3,1.9058851413428783,20,16,7,0,D M S,Atalanta,0,0.5753254648298025,4.20926315523684,3.2757155541330576,2014
1495,Abdoulay Konko,2,133,0,0.16103500127792358,0,0.0459476001560688,3,2,0,0,D S,Lazio,0,0.16103500127792358,0.3810969889163971,0.3009139895439148,2014
1499,Cristian Raimondi,6,312,0,0.06758759915828705,2,0.7423072792589664,2,3,1,0,M S,Atalanta,0,0.06758759915828705,1.3679547756910324,0.6527431011199951,2014
1500,Leonardo Spinazzola,2,40,0,0,0,0,0,0,0,0,S,Atalanta,0,0,0,0,2014
1501,Marco Sportiello,37,3330,0,0,0,0.042632799595594406,0,2,4,0,GK,Atalanta,0,0,1.7193234087899327,1.6766906091943383,2014
1502,Marco D&#039;Alessandro,25,969,0,0.9926359113305807,1,1.046710403636098,11,7,6,0,F M S,Atalanta,0,0.9926359113305807,3.110846381634474,1.2781124003231525,2014
1504,Alberto Grassi,3,201,0,0.04532190039753914,0,0.04040729999542236,2,1,0,0,M S,Atalanta,0,0.04532190039753914,0.6951629817485809,0.6498409807682037,2014
1505,Samir Handanovic,37,3330,0,0,0,0,0,0,2,0,GK,Inter,0,0,4.669234906323254,4.669234906323254,2014
1506,Yuto Nagatomo,14,889,0,0.3376623000949621,0,0.5137404911220074,9,10,1,1,D F S,Inter,0,0.3376623000949621,2.8524353578686714,2.1997640319168568,2014
1509,Davide Santon,9,716,0,0.14768069982528687,0,1.0361663224175572,8,11,0,0,D S,Inter,0,0.14768069982528687,3.53897712752223,3.2192060835659504,2014
1510,Gary Medel,35,3001,0,0.6027814960107207,2,1.1525857029482722,26,27,10,1,M S,Inter,0,0.6027814960107207,13.47450056951493,12.18782975897193,2014
1519,Juan Pablo Carrizo,1,90,0,0,0,0,0,0,0,0,GK,Inter,0,0,0.6594589948654175,0.6594589948654175,2014
1523,Danilo D&#039;Ambrosio,23,1691,0,0.8074304070323706,2,1.8835107907652855,14,20,8,0,D S,Inter,0,0.8074304070323706,5.964670531451702,4.82982237637043,2014
1525,Assane Demoya Gnoukouri,5,166,0,0,0,0,0,0,1,0,M S,Inter,0,0,0.17967000231146812,0.17967000231146812,2014
1527,Emanuele Terranova,9,755,0,0.10351809859275818,0,0,2,0,0,0,D,Sassuolo,0,0.10351809859275818,1.190100286155939,1.190100286155939,2014
1530,Andrea Coda,2,59,0,0,0,0.030674399808049202,0,1,1,0,S,Sampdoria,0,0,0.030674399808049202,0,2014
1532,Emiliano Viviano,29,2541,0,0,0,0.101639399304986,0,3,3,0,GK,Sampdoria,0,0,3.711062858812511,3.6094228019937873,2014
1533,Dodô,20,1377,0,0.8643328910693526,2,0.9358814060688019,10,19,3,0,D M S,Inter,0,0.8643328910693526,4.413199309259653,3.1467056339606643,2014
1535,Accursio Bentivegna,3,5,0,0.06440020352602005,0,0,1,0,0,0,S,Palermo,0,0.06440020352602005,0.10859620198607445,0.10859620198607445,2014
1541,Stefan de Vrij,30,2537,0,1.0027800938114524,0,0.31160639226436615,11,8,3,1,D S,Lazio,0,1.0027800938114524,7.060539210215211,6.361963590607047,2014
1542,Stefan Radu,24,2116,0,0.4424477154389024,2,1.5222360994666815,8,13,7,0,D,Lazio,0,0.4424477154389024,7.355464272201061,5.800637356936932,2014
1546,Federico Mattiello,5,155,0,0.1618424952030182,0,0.036197301000356674,4,1,0,0,D S,"Chievo,Juventus",0,0.1618424952030182,0.40396709740161896,0.25759199261665344,2014
1547,Pablo Armero,8,587,0,0.08527740091085434,1,0.9378652758896351,1,8,1,1,D S,AC Milan,0,0.08527740091085434,1.5519310105592012,0.7131660934537649,2014
1550,Luca Ceppitelli,25,1971,0,2.337266598828137,0,0.016753099858760834,15,1,7,0,D S,Cagliari,0,2.337266598828137,2.3070793710649014,2.2903262712061405,2014
1557,Carlos Carmona,33,2813,0,0.7952745072543621,0,0.8465123088099062,20,20,12,1,F M S,Atalanta,0,0.7952745072543621,5.928865296766162,5.044603726826608,2014
1558,Davide Bassi,7,630,0,0,0,0,0,0,0,0,GK,Empoli,0,0,0.5617898982018232,0.5617898982018232,2014
1572,Bostjan Cesar,28,2442,0,1.5958517957478762,0,0.03485359996557236,12,2,8,0,D S,Chievo,0,1.5958517957478762,1.883841217495501,1.7134142210707068,2014
1573,Riccardo Montolivo,10,718,0,0.29218170046806335,0,0.990928890183568,9,13,1,0,M S,AC Milan,0,0.29218170046806335,2.534651082009077,1.7012084256857634,2014
1574,Davide Calabria,1,5,0,0,0,0.2566330134868622,0,1,0,0,S,AC Milan,0,0,0.2566330134868622,0.2566330134868622,2014
1576,Giorgio Chiellini,28,2447,0,1.3960511153563857,1,0.842882102355361,20,12,7,0,D S,Juventus,0,1.3960511153563857,8.653540642932057,8.38251643627882,2014
1587,Kwadwo Asamoah,7,622,0,0.15926389675587416,0,0.5141874961555004,6,11,2,0,D,Juventus,0,0.15926389675587416,1.9182945154607296,1.508212111890316,2014
1588,Raúl Albiol,35,3097,0,0.7459115833044052,1,1.1096954820677638,10,10,10,0,D S,Napoli,0,0.7459115833044052,8.30935097951442,8.162802060134709,2014
1597,Cristian Molinaro,24,1367,0,0.4041137956082821,1,1.6633598217740655,10,15,1,1,D S,Torino,0,0.4041137956082821,4.001817257143557,2.4604509556666017,2014
1600,Jonathan Biabiany,1,74,0,0.02885730005800724,0,0,1,0,0,0,F,Parma,0,0.02885730005800724,0.02885730005800724,0,2014
1608,Salvador Ichazo,1,90,0,0,0,0,0,0,0,0,GK,Torino,0,0,0.08809299767017365,0.08809299767017365,2014
1609,Antonio Mirante,33,2924,0,0,0,0.02026600018143654,0,1,4,1,GK,Parma,0,0,2.2029287423938513,2.1826627422124147,2014
1610,Nicolò Cherubin,13,1011,0,0.5177967865020037,0,0.0268872007727623,3,1,0,0,D S,Atalanta,0,0.5177967865020037,0.7094005011022091,0.6825133003294468,2014
1618,Diego López,28,2513,0,0,0,0,0,0,2,1,GK,AC Milan,0,0,3.1665791664272547,3.1665791664272547,2014
1625,Walter Bressan,1,90,0,0,0,0,0,0,0,0,GK,Cesena,0,0,0.015481900423765182,0.015481900423765182,2014
1632,Francesco Renzetti,23,1908,0,0.013117100112140179,1,2.0305507564917207,1,21,3,0,D M S,Cesena,0,0.013117100112140179,3.940769606269896,3.81500659044832,2014
1639,Sebastiano Luperto,1,5,0,0,0,0,0,0,0,0,S,Napoli,0,0,0.11915899813175201,0.11915899813175201,2014
1722,Juan Zuñiga,7,521,0,0.39937819819897413,2,1.024673081934452,5,6,0,0,D M S,Napoli,0,0.39937819819897413,2.350059889256954,1.2778998799622059,2014
1792,Mário Rui,34,2591,0,0.6352747119963169,4,2.8387171989306808,26,26,9,0,D S,Empoli,0,0.6352747119963169,7.4616190660744905,6.828261727467179,2014
1797,Lorenzo Ariaudo,2,180,0,0,0,0.09152430295944214,0,1,1,0,D,Sassuolo,0,0,0.3203210011124611,0.22879599779844284,2014
1801,Pontus Jansson,9,626,0,0.5954049825668335,0,0,1,0,1,1,D S,Torino,0,0.5954049825668335,1.2978086918592453,1.2978086918592453,2014
1807,Modibo Diakité,9,717,0,0.09640650078654289,0,0,3,0,1,1,D S,Cagliari,0,0.09640650078654289,1.172494888305664,1.128988690674305,2014
1808,Nenad Krsticic,12,266,0,0.3379867058247328,0,0.11196883022785187,5,5,0,0,M S,Sampdoria,0,0.3379867058247328,1.1751429289579391,0.7876504212617874,2014
1809,Joaquín Correa,6,183,0,0.1925822999328375,0,0.20636960119009018,6,5,0,0,M S,Sampdoria,0,0.1925822999328375,0.5665396936237812,0.3607678934931755,2014
1813,Mattia Cassani,18,1139,0,0.19424989819526672,0,1.216670511290431,6,8,1,0,D S,Parma,0,0.19424989819526672,2.2713983822613955,1.4019111823290586,2014
1821,Christian Abbiati,11,905,0,0,0,0,0,0,0,0,GK S,AC Milan,0,0,0.7898724097758532,0.7898724097758532,2014
1825,Morgan De Sanctis,35,3150,0,0,1,0.01593009941279888,0,1,1,0,GK,Roma,0,0,2.0716197891160846,2.0556896878406405,2014
1827,Alessandro Longhi,19,1453,0,0.4432294126600027,1,0.8619982115924358,6,7,2,0,D M S,Sassuolo,0,0.4432294126600027,2.93325830437243,1.9616258684545755,2014
1835,Enzo Maresca,19,1187,0,1.4504152052104473,0,0.19233042281121016,11,11,2,0,M S,Palermo,0,1.4504152052104473,5.746535746380687,5.039138418622315,2014
1841,Pierluigi Gollini,3,270,0,0,0,0,0,0,0,0,GK,Verona,0,0,0.12026549875736237,0.12026549875736237,2014
1842,Eros Pisano,19,1678,0,0.31547719426453114,0,1.5993677079677582,6,14,3,0,D,"Palermo,Verona",0,0.31547719426453114,3.821367984637618,3.01378121227026,2014
1843,Matteo Bianchetti,1,3,0,0,0,0,0,0,0,0,S,Empoli,0,0,0,0,2014
1844,Urby Emanuelson,11,451,0,0.4347909986972809,2,0.8419219944626093,8,13,1,0,F M S,"Atalanta,Roma",0,0.4347909986972809,1.8882138077169657,1.0754978749901056,2014
1845,Pawel Wszolek,6,225,0,0.10000099986791611,1,0.9347710311412811,1,3,1,0,D S,Sampdoria,0,0.10000099986791611,1.5838098917156458,1.2021618876606226,2014
1849,Rômulo,4,274,0,0.06560499966144562,0,0.08159079775214195,3,2,0,0,D M S,Juventus,0,0.06560499966144562,0.6466789841651917,0.5408595129847527,2014
1872,Raman Chibsah,8,256,0,0.05840227194130421,0,0.040544599294662476,3,1,0,0,M S,Sassuolo,0,0.05840227194130421,0.24328690394759178,0.14433960244059563,2014
1873,Nicola Leali,28,2459,0,0,0,0,0,0,0,1,GK,Cesena,0,0,0.4879114096984267,0.4879114096984267,2014
1874,Samuele Longo,27,1048,0,4.082662580534816,0,0.3356357803568244,29,5,4,0,F S,Cagliari,0,4.082662580534816,3.9456397285684943,0.8324557263404131,2014
1880,Mauricio,15,1171,0,0.1430612038820982,1,0.608109125867486,3,2,7,1,D S,Lazio,0,0.1430612038820982,1.7489660680294037,1.7242200672626495,2014
1882,Edson Braafheid,16,1039,0,0.21610650047659874,1,1.29644357226789,9,12,1,0,D S,Lazio,0,0.21610650047659874,3.645770256407559,2.4221785850822926,2014
1884,Facundo Roncaglia,32,2761,0,0.4709099903702736,1,0.9376414101570845,20,6,11,2,D,Genoa,0,0.4709099903702736,5.7110637705773115,5.2440612986683846,2014
1887,Iván Piris,31,2734,0,0.16212466871365905,0,0.9209107961505651,11,15,7,0,D,Udinese,0,0.16212466871365905,5.017589773051441,4.4304549703374505,2014
1889,Giovanni Pasquale,21,1377,0,0.2542782109230757,1,1.0446293875575066,9,11,6,0,D M S,Udinese,0,0.2542782109230757,3.5558968568220735,2.5113352918997407,2014
1890,Maurizio Domizzi,11,798,0,0.1787618026137352,0,0.09724989905953407,2,3,1,2,D S,Udinese,0,0.1787618026137352,1.5803101249039173,1.4830606961622834,2014
1891,Guilherme,34,2743,0,1.8823158452287316,3,1.7501460034400225,43,24,4,1,M S,Udinese,0,1.8823158452287316,9.520886751823127,7.429367695003748,2014
1894,Simone Colombi,3,270,0,0,0,0.032774001359939575,0,1,1,0,GK,Cagliari,0,0,0.03817180171608925,0.03817180171608925,2014
1909,Fabio Daprelà,22,1047,0,0.05829700082540512,0,0.9418019093573093,2,12,3,0,D M S,Palermo,0,0.05829700082540512,2.891596144065261,2.5384078677743673,2014
1913,Matteo Brighi,23,1234,0,0.4537511304952204,0,0.41655534133315086,10,9,4,0,M S,Sassuolo,0,0.4537511304952204,2.6687411554157734,1.8506915550678968,2014
1920,Gabriel Silva,11,621,0,0.5976836048066616,0,0.052721599116921425,5,2,0,0,D M S,Udinese,0,0.5976836048066616,0.8456373102962971,0.25927180610597134,2014
1934,Gastón Silva,5,328,0,0.02911739982664585,0,0.02961299940943718,2,1,2,0,D S,Torino,0,0.02911739982664585,0.5373540036380291,0.48718300461769104,2014
1941,Mattia Vitale,2,24,0,0.01342379953712225,0,0,1,0,0,0,S,Juventus,0,0.01342379953712225,0,0,2014
1951,Sime Vrsaljko,21,1569,0,0.2864956995472312,3,1.5639784764498472,14,11,5,1,D M S,Sassuolo,0,0.2864956995472312,2.225045462138951,0.9612830113619566,2014
1952,Leonardo Fontanesi,3,250,0,0.013004999607801437,0,0.03141800034791231,1,2,0,0,D,Sassuolo,0,0.013004999607801437,0.7956800162792206,0.7789510190486908,2014
1956,Mohamed Fares,1,1,0,0.11433099955320358,0,0,1,0,0,0,S,Verona,0,0.11433099955320358,0.11433099955320358,0,2014
1968,Ricardo Bagadur,1,3,0,0,0,0,0,0,0,0,S,Fiorentina,0,0,0,0,2014
1974,Zeljko Brkic,21,1890,0,0,1,0.0837291032075882,0,1,0,0,GK,Cagliari,0,0,1.0815019104629755,0.9977729115635157,2014
1982,Anders Christiansen,4,236,0,0.10207009688019753,0,0,4,0,0,0,M S,Chievo,0,0.10207009688019753,0.5649575078859925,0.49413400888442993,2014
1983,Gianpaolo Bellini,15,1284,0,0.13755479734390974,0,0.2814701944589615,5,6,2,1,D,Atalanta,0,0.13755479734390974,1.714281816035509,1.5588117055594921,2014
1987,Zdravko Kuzmanovic,14,861,0,0.8682880960404873,1,0.7993412939831614,14,20,0,0,M S,Inter,0,0.8682880960404873,3.3259976636618376,2.246223706752062,2014
1989,Francesco Bardi,10,900,0,0,0,0,0,0,0,0,GK,Chievo,0,0,0.12933099456131458,0.12933099456131458,2014
1990,Jeremy Broh,1,8,0,0,0,0,0,0,0,0,S,Parma,0,0,0.013800900429487228,0.013800900429487228,2014
1996,Leandro Greco,25,1609,0,0.6714995950460434,1,1.2945981966331601,16,27,8,0,M S,"Genoa,Verona",0,0.6714995950460434,6.435518801212311,5.512178412638605,2014
2002,Francesco Bolzoni,23,1083,0,0.3553599948063493,0,1.0177719797939062,7,9,3,0,M S,Palermo,0,0.3553599948063493,4.8750663716346025,3.5766537822782993,2014
2003,Antonio La Gumina,1,1,0,0,0,0,0,0,0,0,S,Palermo,0,0,0,0,2014
2019,Federico Bonazzoli,4,41,0,0,0,0,0,0,1,0,S,Inter,0,0,0.4364323988556862,0.4364323988556862,2014
2021,Salih Ucan,4,164,0,0.06403370201587677,1,0.5519952178001404,2,2,1,0,M S,Roma,0,0.06403370201587677,0.878152996301651,0.8542279899120331,2014
2022,Samir Ujkani,3,270,0,0,0,0,0,0,0,0,GK,Palermo,0,0,0.6577630043029785,0.6577630043029785,2014
2027,Andrea Lazzari,3,83,0,0.07465460151433945,0,0.21637900173664093,2,5,0,0,M S,Fiorentina,0,0.07465460151433945,0.3829370141029358,0.15487000346183777,2014
2030,Henrique,11,816,0,0.208020294085145,1,0.46086050756275654,4,3,2,1,D S,Napoli,0,0.208020294085145,2.5055451914668083,2.1111231967806816,2014
2034,Rafael Márquez,26,2217,0,0.5856183040887117,1,0.5737229054793715,11,13,5,3,D,Verona,0,0.5856183040887117,4.646447511389852,4.195454825647175,2014
2038,Giuseppe Panico,1,8,0,0,0,0,0,0,0,0,S,Genoa,0,0,0,0,2014
2044,Daniele Verde,7,200,0,0.7474094945937395,2,0.7225970029830933,10,4,0,0,F S,Roma,0,0.7474094945937395,1.103162918239832,0.1978324018418789,2014
2052,Simone Pontisso,1,43,0,0,0,0,0,0,0,0,S,Udinese,0,0,0,0,2014
2054,Igor Bubnjic,6,385,0,0.08774760365486145,0,0.4591580033302307,2,1,1,0,D S,Udinese,0,0.08774760365486145,1.0588589729741216,0.528430906124413,2014
2056,Francesco Benussi,16,1422,0,0,1,0.054847098886966705,0,1,1,0,GK S,Verona,0,0,1.891432594973594,1.8365815398283303,2014
2080,Rubén Pérez,6,84,0,0.09765984117984772,0,0.01493419986218214,6,1,2,0,S,Torino,0,0.09765984117984772,0.5075993873178959,0.41691475361585617,2014
2083,Rene Krhin,3,28,0,0,0,0,0,0,0,0,S,Inter,0,0,0.1501609981060028,0.1501609981060028,2014
2129,Josip Radosevic,1,5,0,0,0,0,0,0,0,0,S,Napoli,0,0,0,0,2014
2217,Antonio Sanabria,2,33,0,0,0,0.08071409910917282,0,1,0,0,S,Roma,0,0,0.17204789817333221,0.0913337990641594,2014
2297,Daniele Bonera,16,1114,0,0.21789980307221413,0,0.059365300461649895,4,3,2,2,D S,AC Milan,0,0.21789980307221413,1.2439613873139024,1.2439613873139024,2014
2388,Zouhair Feddal,20,1707,0,0.9363216571509838,0,0.16088740527629852,11,3,4,0,D S,"Palermo,Parma",0,0.9363216571509838,2.916624551638961,2.2019230034202337,2014
2434,Michael Ciani,12,865,0,0.06925839930772781,0,0,1,0,1,0,D S,Lazio,0,0.06925839930772781,0.5411403905600309,0.5411403905600309,2014
2603,Marco Andreolli,6,446,0,0.011812400072813034,0,0.06219559907913208,1,2,0,0,D S,Inter,0,0.011812400072813034,2.0599594973027706,1.9977634958922863,2014
2680,Hugo Almeida,10,679,0,0.44064749777317047,1,0.4976079147309065,15,3,0,0,F S,Cesena,0,0.44064749777317047,0.5683737099170685,0.08511039987206459,2014
2810,Salvatore Bocchetti,9,629,0,0.10838446859270334,0,0.09427379816770554,2,1,1,0,D S,AC Milan,0,0.10838446859270334,1.4096142910420895,1.3058719858527184,2014
3221,Pedro Mendes,21,1520,0,0.15148483775556087,0,0.5255221035331488,9,5,6,0,D S,Parma,0,0.15148483775556087,2.4225253351032734,2.3081763237714767,2014
3400,Lorik Cana,17,1340,0,0.08056970126926899,0,0.06626059859991074,3,2,6,1,D S,Lazio,0,0.08056970126926899,1.0338697070255876,1.0150163071230054,2014
3444,Brayan Perea,5,39,0,0.09608259797096252,0,0,1,0,1,0,S,Lazio,0,0.09608259797096252,0.09608259797096252,0,2014
3490,Thomas Mangani,1,47,0,0,0,0,0,0,1,0,M,Chievo,0,0,0.009113180451095104,0.009113180451095104,2014
3811,Joshua Brillante,3,39,0,0.97878497838974,0,0,2,0,0,0,M S,"Empoli,Fiorentina",0,0.97878497838974,0.9875222286209464,0.008737250231206417,2014
3812,Michele Somma,2,51,0,0,0,0,0,0,1,0,S,"Empoli,Roma",0,0,0.08488419651985168,0.08488419651985168,2014
3813,Luka Djordjevic,3,94,0,0.5439140200614929,0,0.4053886942565441,3,2,0,0,F S,Sampdoria,0,0.5439140200614929,0.8683237247169018,0.3533239960670471,2014
3816,Federico Balzaretti,1,90,0,0,0,0.036984700709581375,0,1,0,0,D,Roma,0,0,0.05022820085287094,0.05022820085287094,2014
3817,Ashley Cole,11,990,0,0.37357379868626595,0,0.20185430068522692,5,4,2,0,D,Roma,0,0.37357379868626595,4.6814937479794025,4.139216750860214,2014
3818,Alassane Tambe,6,136,0,0.17918099462985992,0,0.03341799974441528,1,1,0,0,D M S,Genoa,0,0.17918099462985992,0.4909950941801071,0.2783960998058319,2014
3819,Zakarya Bergdich,11,751,0,0.1379301007837057,0,0.9733601994812489,3,6,0,0,F M S,Genoa,0,0.1379301007837057,2.3203884549438953,1.2469070702791214,2014
3821,Rolando Mandragora,5,127,0,0,0,0.08897379785776138,0,1,0,0,M S,Genoa,0,0,0.08897379785776138,0,2014
3822,Luis Pedro Cavanda,16,995,0,0.42799760960042477,2,0.7448089569807053,3,9,4,1,D S,Lazio,0,0.42799760960042477,4.588350765407085,3.9392274040728807,2014
3823,Cristian Ledesma,13,638,0,0.08831154182553291,3,1.3098682276904583,3,15,3,0,M S,Lazio,0,0.08831154182553291,2.8623576955869794,2.7162604024633765,2014
3824,Bruno Pereirinha,3,162,0,0,0,0,0,0,0,0,D S,Lazio,0,0,0.10563889890909195,0.10563889890909195,2014
3825,Álvaro González,8,344,0,0.17869499325752258,0,0.45072200894355774,3,10,2,0,M S,"Lazio,Torino",0,0.17869499325752258,1.7922902470454574,1.5130561804398894,2014
3831,Abdelkader Ghezzal,19,1074,0,1.204931877553463,0,0.16252710297703743,20,3,0,0,F M S,Parma,0,1.204931877553463,2.4524238780140877,1.2089230883866549,2014
3835,Mirko Esposito,1,1,0,0.012456700205802917,0,0.1154090017080307,1,1,0,0,S,Parma,0,0.012456700205802917,0.1278659999370575,0,2014
3836,Alessandro Iacobucci,7,495,0,0,0,0,0,0,0,0,GK S,Parma,0,0,0.2568325996398926,0.2568325996398926,2014
3837,Fabiano Santacroce,15,1009,0,0.04634099826216698,1,0.07461480051279068,1,2,6,0,D S,Parma,0,0.04634099826216698,1.265586101450026,1.2192450044676661,2014
3839,McDonald Mariga,9,390,0,0.3170987041667104,0,0.09597969986498356,7,3,2,0,M S,Parma,0,0.3170987041667104,0.39614839665591717,0.1323581002652645,2014
3841,Simon Makienok,4,49,0,0.01566990092396736,0,0,1,0,0,0,S,Palermo,0,0.01566990092396736,0,0,2014
3842,Claudio Terzi,15,1287,0,0.056269798427820206,0,0.12744309939444065,1,6,4,0,D S,Palermo,0,0.056269798427820206,2.2883096747100353,2.2224216759204865,2014
3843,Francesco Della Rocca,5,153,0,0.18904000520706177,0,1.1491318307816982,3,6,1,0,M S,Palermo,0,0.18904000520706177,1.8286058120429516,0.6298560202121735,2014
3845,João Silva,1,27,0,0,0,0,0,0,1,0,S,Palermo,0,0,0.015239300206303596,0.015239300206303596,2014
3849,Mariano Andújar,15,1350,0,0,0,0.06017810106277466,0,1,1,0,GK,Napoli,0,0,1.1470638886094093,1.0868859067559242,2014
3850,Walter Gargano,24,1498,0,0.08174700103700161,1,2.082400613464415,5,22,6,0,M S,Napoli,0,0.08174700103700161,5.504463953897357,4.7013065768405795,2014
3851,Federico Agliardi,10,869,0,0,0,0,0,0,0,0,GK S,Cesena,0,0,0.24570930004119873,0.24570930004119873,2014
3852,Gabriele Perico,21,1546,0,1.0873470772057772,0,0.6041549984365702,9,10,7,0,D S,Cesena,0,1.0873470772057772,3.6969010420143604,3.1301189307123423,2014
3853,Daniele Capelli,30,2505,0,0.6605671159923077,0,0.572615610435605,4,2,11,0,D S,Cesena,0,0.6605671159923077,1.9800600111484528,1.9800600111484528,2014
3855,Giuseppe De Feudis,25,1924,0,0.526540806517005,0,0.14252879843115807,14,4,6,0,M S,Cesena,0,0.526540806517005,3.867446269840002,3.2971114441752434,2014
3857,Andrea Tabanelli,7,299,0,0.6489907968789339,1,0.10448330081999302,10,2,0,0,M S,Cesena,0,0.6489907968789339,1.0118165034800768,0.3880764953792095,2014
3858,Riccardo Cazzola,5,30,0,0,0,0,0,0,0,0,S,Cesena,0,0,0.015419400297105312,0.015419400297105312,2014
3859,Gaby Mudingayi,9,716,0,0.13385080266743898,0,0.01354989968240261,7,1,5,0,M S,Cesena,0,0.13385080266743898,1.4695943780243397,1.3362008929252625,2014
3861,Nicola Dalmonte,4,111,0,0.043914198875427246,0,0,2,0,0,0,M S,Cesena,0,0.043914198875427246,0.5700529962778091,0.526138998568058,2014
3862,Luigi Giorgi,27,2086,0,0.3003699006512761,2,1.8681545569561422,11,31,9,0,D M S,Cesena,0,0.3003699006512761,3.5785745130851865,1.9532933039590716,2014
3863,Massimo Volta,24,1824,0,0.25783330015838146,2,0.7061979975551367,4,6,7,1,D S,Cesena,0,0.25783330015838146,1.963044237345457,1.744429238140583,2014
3866,Cesare Natali,3,27,0,0,0,0,0,0,0,0,S,Sassuolo,0,0,0,0,2014
3868,Paolo Bianco,3,133,0,0,0,0,0,0,2,0,D S,Sassuolo,0,0,0.5290096886456013,0.5290096886456013,2014
3872,George Puscas,4,67,0,0.09369499981403351,0,0.10474099963903427,2,1,0,0,F S,Inter,0,0.09369499981403351,0.19843530654907227,0,2014
3873,Ezequiel Schelotto,29,2136,0,2.5374532602727413,0,1.898731105029583,29,28,4,0,D M S,Chievo,0,2.5374532602727413,4.745217016898096,2.474135805852711,2014
3875,Rubén Botta,21,835,0,1.3607875164598227,1,1.189294109120965,18,30,5,1,F M S,Chievo,0,1.3607875164598227,2.981011861935258,1.2838994963094592,2014
3877,Nicola Pozzi,3,32,0,0.1869373954832554,0,0.13755759969353676,2,2,0,0,S,Parma,0,0.1869373954832554,0.3388771079480648,0.014382800087332726,2014
3879,Alexis Zapata,1,5,0,0,0,0,0,0,0,0,S,Udinese,0,0,0,0,2014
3880,Melker Hallberg,4,201,0,0.028050899505615234,0,0.146961304359138,1,3,1,0,M S,Udinese,0,0.028050899505615234,0.654459185898304,0.568347591906786,2014
3882,Isaac Donkor,2,112,0,0.11551699787378311,0,0,1,0,0,1,D S,Inter,0,0.11551699787378311,0.12136809900403023,0.12136809900403023,2014
3884,Marco Marchionni,1,78,0,0,0,0,0,1,0,0,M,Sampdoria,0,0,0.03224720060825348,0.03224720060825348,2014
3886,David Pizarro,26,1782,0,0.6387179968878627,3,1.5262477174401283,20,26,4,0,M S,Fiorentina,0,0.6387179968878627,7.484136916697025,6.13466127961874,2014
3889,Constantin Nica,8,368,0,0.042161600664258,0,0.09937159717082977,3,2,2,0,D S,Cesena,0,0.042161600664258,0.32017279602587223,0.29814579524099827,2014
3890,Daniele Galloppa,17,701,0,0.20067459717392921,1,0.41085540130734444,8,11,5,1,M S,Parma,0,0.20067459717392921,2.1460871007293463,1.8355055805295706,2014
3891,Giuseppe Prestia,1,3,0,0,0,0,0,0,0,0,S,Parma,0,0,0,0,2014
3893,Lukas Haraslin,2,35,0,0,0,0.020716199651360512,0,1,0,0,S,Parma,0,0,0.042497798800468445,0.021781599149107933,2014
3894,Alessandro Agostini,22,1912,0,0.1309374002739787,1,0.8478410998359323,3,10,4,0,D S,Verona,0,0.1309374002739787,2.9400935880839825,2.296971104107797,2014
3895,Fernandinho,6,145,0,0.04558870010077953,0,0.1479790061712265,2,2,1,0,F S,Verona,0,0.04558870010077953,0.49242168478667736,0.2988539934158325,2014
3897,Rafael Marques,18,1258,0,0,0,0.09323000255972147,0,4,2,0,D S,Verona,0,0,1.9016228979453444,1.848761674016714,2014
3898,Gustavo Campanharo,15,608,0,0.25439940206706524,0,0.5646081082522869,8,3,4,0,M S,Verona,0,0.25439940206706524,3.0121045112609863,2.3132247803732753,2014
3901,Guillermo Rodríguez,13,1043,0,0,0,0.021749800071120262,0,1,4,0,D S,Verona,0,0,0.587182798422873,0.587182798422873,2014
3904,Gian Filippo Felicioli,1,5,0,0,0,0,0,0,0,0,S,AC Milan,0,0,0,0,2014
3905,Alessandro Mastalli,1,13,0,0.029506700113415718,0,0,1,0,0,0,S,AC Milan,0,0.029506700113415718,0,0,2014
3906,Rolando Bianchi,21,566,0,2.0413927449844778,0,0.6739248028025031,26,10,1,0,F S,Atalanta,0,2.0413927449844778,2.719711598008871,0.3006329797208309,2014
3907,Giorgio Frezzolini,1,32,0,0,0,0,0,0,0,0,S,Atalanta,0,0,0.05051720142364502,0.05051720142364502,2014
3908,Lorenzo Rosseti,1,43,0,0,0,0,0,0,0,0,S,Atalanta,0,0,0,0,2014
3910,Cristiano Del Grosso,13,718,0,0.12179999984800816,1,0.6592270974069834,3,7,0,0,D S,Atalanta,0,0.12179999984800816,2.184954108670354,2.029597695916891,2014
3912,Giandomenico Mesto,7,273,0,0.028623899444937706,0,0,1,0,1,0,D S,Napoli,0,0.028623899444937706,1.333074402064085,1.3044505044817924,2014
3913,Antonio Balzano,25,1999,0,0.35234610363841057,2,1.997611714527011,10,21,6,0,D M S,Cagliari,0,0.35234610363841057,5.8703472800552845,4.951046546921134,2014
3914,Alejandro González,12,800,0,0.04059410002082586,0,0.06885170005261898,3,3,3,0,D S,"Cagliari,Verona",0,0.04059410002082586,1.8277553021907806,1.7818489037454128,2014
3915,Caio,6,92,0,0.5831822920590639,0,0.10126689821481705,5,2,0,0,S,Cagliari,0,0.5831822920590639,1.15040223300457,0.4962970167398453,2014
3922,Diego Novaretti,5,263,0,0.1377239003777504,0,0.019013000652194023,4,1,1,1,D S,Lazio,0,0.1377239003777504,0.2687230035662651,0.2290884032845497,2014
3924,Hördur Bjorgvin Magnusson,12,996,0,0.12007290124893188,0,0.19391780346632004,6,3,1,0,D M,Cesena,0,0.12007290124893188,1.5690776854753494,1.413592278957367,2014
3925,Gabriele Moncini,2,15,0,0.017961399629712105,0,0,1,0,0,0,S,Cesena,0,0.017961399629712105,0.10068860091269016,0.08272720128297806,2014
3927,Alessio Cragno,14,1260,0,0,0,0,0,0,0,0,GK,Cagliari,0,0,1.3464099802076817,1.3464099802076817,2014
3929,Lionel Scaloni,3,127,0,0.023502500727772713,0,0.09719479829072952,2,2,0,0,D S,Atalanta,0,0.023502500727772713,0.13517999928444624,0.01448300015181303,2014
3931,Vlada Avramov,1,57,0,0,0,0,0,0,0,1,GK,Atalanta,0,0,0.050729900598526,0.050729900598526,2014
3932,Ivan Martic,16,1031,0,0.07103990018367767,1,0.3939009113237262,1,6,3,0,D S,Verona,0,0.07103990018367767,2.067137710750103,1.7588223218917847,2014
3933,Davide Di Molfetta,1,1,0,0,0,0,0,0,0,0,S,AC Milan,0,0,0.2566330134868622,0.2566330134868622,2014
3938,Francesco Pisano,13,868,0,0.08342190086841583,0,0.9340162947773933,1,6,1,0,D S,Cagliari,0,0.08342190086841583,1.6940184980630875,1.124917795881629,2014
3948,Simone Rosso,2,32,0,0,0,0,0,0,0,0,S,Torino,0,0,0,0,2014
3960,Salvatore Masiello,1,41,0,0.06959079951047897,0,0,1,1,0,0,S,Torino,0,0.06959079951047897,0.06959079951047897,0,2014
3961,Josef Husbauer,2,19,0,0.016598399728536606,0,0,1,0,0,0,S,Cagliari,0,0.016598399728536606,0.09608729928731918,0.07948890328407288,2014
3964,Gaston Camara,2,4,0,0,0,0.03598960116505623,0,1,0,0,S,Inter,0,0,0.03598960116505623,0,2014
3967,Michael Essien,13,677,0,0.08230580110102892,0,0.07481149770319462,5,3,1,1,M S,AC Milan,0,0.08230580110102892,2.623580191284418,2.5015056990087032,2014
3970,Cristian Rodríguez,5,447,0,0.49788951128721237,0,0.602171715348959,13,8,0,1,F M,Parma,0,0.49788951128721237,1.2166406065225601,0.35256100445985794,2014
3981,Simone Benedetti,5,328,0,0,1,0.4571709930896759,0,1,2,0,D S,Cagliari,0,0,0.10117700323462486,0.10117700323462486,2014
3983,Jean-François Gillet,12,1080,0,0,0,0.07415439933538437,0,2,0,0,GK,Torino,0,0,0.9425541181117296,0.9205918181687593,2014
3985,Sebastian Giovinco,7,186,0,0.9323788154870272,0,0.43137339502573013,20,5,0,0,F S,Juventus,0,0.9323788154870272,1.2448482308536768,0.434627290815115,2014
3986,Nicola Bellomo,5,71,0,0.09713630191981792,1,0.6247040033340454,2,4,0,0,S,Chievo,0,0.09713630191981792,0.5581147186458111,0.045498598366975784,2014
3987,Lucas Souza,3,190,0,0.20137270167469978,0,0,5,0,0,0,M S,Parma,0,0.20137270167469978,0.26244139671325684,0.07979189977049828,2014
3988,Nenê,8,325,0,2.838002309203148,0,0.06846140325069427,17,3,1,0,F S,Verona,0,2.838002309203148,2.296117976307869,0.15787100419402122,2014
3989,Salvatore Molina,4,176,0,0.08158129826188087,0,0.08368930220603943,2,3,1,0,M S,Atalanta,0,0.08158129826188087,0.15076500177383423,0.015249200165271759,2014
3992,Soufiane Bidaoui,4,129,0,0.09165579825639725,0,0.10625640116631985,1,2,1,0,F S,Parma,0,0.09165579825639725,0.9601403847336769,0.7622280269861221,2014
3997,Antonio Mazzotta,10,713,0,0.09480759967118502,0,0.4724031025543809,4,4,0,0,D M S,Cesena,0,0.09480759967118502,0.5287648001685739,0.2548533007502556,2014
3998,Luca Valzania,2,155,0,0.06433989852666855,0,0.06856640055775642,3,2,1,0,M,Cesena,0,0.06433989852666855,0.3106382004916668,0.19322200119495392,2014
4000,Nicola Belmonte,2,6,0,0,0,0,0,0,0,0,S,Udinese,0,0,0,0,2014
4001,Stefan Ristovski,6,296,0,0.1599850058555603,0,0.1226319968700409,3,1,1,0,D S,Parma,0,0.1599850058555603,1.044943630695343,0.7623265981674194,2014
4002,Francesco Fedato,1,39,0,0.04214959964156151,0,0,1,0,0,0,S,Sampdoria,0,0.04214959964156151,0.04214959964156151,0,2014
4003,Gianluca Sansone,4,84,0,0.06045699864625931,0,0.05523720011115074,2,1,0,0,F S,Sampdoria,0,0.06045699864625931,0.23062999919056892,0.17017300426959991,2014
4008,Franco Mussis,1,7,0,0,0,0,0,0,0,0,S,Genoa,0,0,0,0,2014
4009,Facundo Lescano,1,4,0,0,0,0,0,0,0,0,S,Torino,0,0,0,0,2014
4010,Luca Garritano,6,104,0,0.020680999383330345,0,0.20069529861211777,1,2,1,0,M S,Cesena,0,0.020680999383330345,0.3050746973603964,0.1439047008752823,2014
4011,Manuel Coppola,11,867,0,0.06796450167894363,0,0.1461527980864048,4,4,3,1,M S,Cesena,0,0.06796450167894363,0.8361015934497118,0.7381954928860068,2014
4012,Davide Moro,4,111,0,0.012416799552738667,0,0,1,0,1,0,S,Empoli,0,0.012416799552738667,0.03064789902418852,0.03064789902418852,2014
4016,Edimar,1,9,0,0,0,0.0444910004734993,0,1,0,0,S,Chievo,0,0,0,0,2014
4017,Juan Sánchez Miño,11,480,0,1.4937673565000296,1,1.238613598048687,15,18,1,0,M S,Torino,0,0.7324688732624054,2.177890805527568,1.048656102269888,2014
4019,Marcelo Larrondo,5,274,0,1.0523647787049413,0,0.11329899728298187,6,1,0,0,F S,Torino,0,0.29106650594621897,0.5425136983394623,0.36915670335292816,2014
4022,Granddi N&#039;Goyi,5,69,0,0,0,0,0,0,0,0,S,Palermo,0,0,0.06459590047597885,0.06459590047597885,2014
4024,Michu,3,147,0,0.3041957039386034,0,1.0111950933933258,2,4,1,0,M S,Napoli,0,0.3041957039386034,1.1068120151758194,0.43970000743865967,2014
4026,Paulo Barreto,1,2,0,0,0,0,0,0,0,0,S,Torino,0,0,0,0,2014
4027,Sol Bamba,1,90,0,0,0,0,0,0,1,0,D,Palermo,0,0,0,0,2014
4029,Tiberio Guarente,1,6,0,0,0,0,0,0,0,0,S,Empoli,0,0,0,0,2014
4031,Jonathan,2,174,0,0.11565300077199936,0,0.5894928872585297,1,6,0,0,D M,Inter,0,0.11565300077199936,0.6838700026273727,0.5151592046022415,2014
1293,Gonzalo Higuaín,35,2989,36,27.29548005759716,2,2.7042973916977644,182,51,1,1,F,Napoli,33,25.011578992009163,30.054069217294455,5.310751342214644,2015
1294,Paulo Dybala,34,2480,19,15.127294305711985,9,8.3187539242208,107,73,1,0,F S,Juventus,13,10.559543509036303,19.785405879840255,7.206233561038971,2015
1125,Carlos Bacca,38,3179,18,14.87026203237474,2,3.6577095044776797,77,41,2,0,F S,AC Milan,16,13.347664723172784,18.540677405893803,3.2777329375967383,2015
1513,Mauro Icardi,33,2608,16,13.370860171504319,4,5.164420016109943,57,32,1,0,F S,Inter,15,11.84834321308881,16.034403467550874,2.2934680059552193,2015
1104,Leonardo Pavoletti,25,1916,14,10.402393702417612,3,2.0154604222625494,67,23,3,1,F S,Genoa,14,10.402393702417612,14.476567655801773,3.77920163795352,2015
1250,Mohamed Salah,34,2753,14,9.377115068025887,6,7.068873908370733,72,63,1,1,F M S,Roma,14,9.377115068025887,23.043308533728123,10.797391986474395,2015
1315,Massimo Maccarone,37,2779,13,9.982053903862834,5,3.9287323094904423,81,38,4,0,F S,Empoli,12,9.220755873247981,13.472646474838257,3.214087818749249,2015
1426,Josip Ilicic,30,1933,13,9.362498736009002,5,5.208348751068115,74,47,2,0,M S,Fiorentina,6,4.033402083441615,9.846166910603642,4.3491826159879565,2015
1514,Éder,33,2398,13,9.86356109008193,2,1.9397444818168879,74,20,3,0,F M S,"Inter,Sampdoria",10,7.57966398820281,10.318682573735714,2.056775888428092,2015
1186,Andrea Belotti,35,2606,12,13.856189144775271,4,4.179405767470598,70,29,4,0,F S,Torino,8,10.810991326346993,14.747687855735421,2.876480116508901,2015
1393,Lorenzo Insigne,37,2639,12,9.908441016450524,10,9.11415219027549,134,65,2,0,F M S,Napoli,10,8.385843636468053,23.26547679118812,8.54503489844501,2015
1425,Nikola Kalinic,36,2559,12,17.177179595455527,3,1.423872895538807,72,18,5,0,F M S,Fiorentina,12,16.41587962768972,18.099952660501003,1.9986781105399132,2015
1147,Cyril Théréau,36,2912,11,12.460311063565314,3,4.878207646310329,77,49,2,1,F M S,Udinese,11,12.460311063565314,15.727512494660914,5.0580006605014205,2015
1290,Miralem Pjanic,33,2656,10,7.16717941313982,12,9.318703716620803,68,80,10,1,M S,Roma,9,6.405884392559528,18.252282734960318,9.655853239819407,2015
1295,Mario Mandzukic,27,2063,10,8.593958703801036,4,3.54774272441864,37,28,5,0,F S,Juventus,10,8.593958703801036,11.734704583883286,3.5581404101103544,2015
1517,Antonio Candreva,30,2219,10,11.79562112223357,3,3.8530357643030584,90,38,4,0,F M S,Lazio,4,5.705229698680341,9.829542934894562,2.9806024227291346,2015
1552,Alberto Gilardino,33,2362,10,8.964193480089307,2,1.8191697970032692,49,20,4,0,F S,Palermo,10,8.964193480089307,11.42705050855875,2.553969707340002,2015
1867,Federico Dionisi,32,2455,9,6.684953992720693,4,3.2036831099539995,83,29,12,0,F S,Frosinone,8,5.923654978629202,9.287635625340044,2.292624640278518,2015
1868,Daniel Ciofani,37,2919,9,8.207670653238893,1,2.151538717094809,76,40,1,0,F S,Frosinone,7,6.685073608532548,9.041167430579662,1.9722033981233835,2015
716,Alberto Paloschi,21,1676,8,9.575293665751815,2,0.7499114470556378,41,13,1,0,F S,Chievo,7,7.29143744520843,8.144822810776532,0.7545695155858994,2015
1148,Duván Zapata,25,1514,8,8.233944330364466,2,1.2720312299206853,53,12,5,0,F S,Udinese,8,8.233944330364466,7.930714380927384,0.8395998878404498,2015
1230,Fabio Quagliarella,32,2577,8,10.227809585630894,0,2.0431439969688654,98,19,1,0,F S,"Sampdoria,Torino",7,9.466510888189077,10.876942321658134,1.8082851925864816,2015
1252,Stephan El Shaarawy,16,1214,8,6.186175797134638,2,1.1288102716207504,46,12,0,0,F M S,Roma,8,6.186175797134638,9.401626147329807,3.035427087917924,2015
1253,Edin Dzeko,31,1947,8,13.503989789634943,6,2.0184741029515862,83,22,4,1,F S,Roma,6,11.981389734894037,15.398145219311118,2.7227453188970685,2015
1405,Marco Borriello,27,1595,8,6.974052604287863,4,3.0078120417892933,55,21,4,1,F S,"Atalanta,Carpi",7,6.21275357529521,8.016174651682377,0.9651266988366842,2015
1580,Mattia Destro,27,2141,8,9.737309174612164,3,1.1542786955833435,64,12,9,0,F S,Bologna,6,7.453409669920802,7.261812295764685,1.5351313948631287,2015
1740,Paul Pogba,35,3017,8,8.843433357775211,12,7.100576441735029,124,54,10,0,M S,Juventus,7,7.32083940692246,19.753222934901714,11.582142680883408,2015
1810,Roberto Soriano,37,2841,8,4.118627618998289,4,4.878601400181651,53,28,7,0,F M S,Sampdoria,8,4.118627618998289,12.652617714833468,5.049078817944974,2015
1836,Franco Vázquez,36,3192,8,8.272770952433348,7,5.259980030357838,105,54,11,0,F M,Palermo,7,7.51147236302495,17.534475116059184,8.285841397941113,2015
448,Ivan Perisic,34,2410,7,7.491370175033808,6,3.7930552838370204,68,32,5,0,D F M S,Inter,7,7.491370175033808,13.617308724671602,5.184201787225902,2015
1033,Emanuele Giaccherini,28,2190,7,3.8908779257908463,0,4.325322697870433,45,41,7,0,F M S,Bologna,7,3.8908779257908463,7.616135556250811,2.4170559775084257,2015
1208,Felipe Anderson,35,2052,7,5.60760526265949,4,3.6040534041821957,50,27,2,0,F M S,Lazio,7,5.60760526265949,11.214230850338936,4.145381566602737,2015
1254,Alessandro Florenzi,33,2735,7,4.410433987155557,3,5.329168070107698,47,41,4,0,D F M S,Roma,7,4.410433987155557,15.84120524674654,9.475518774241209,2015
1382,José Callejón,38,2848,7,8.49140041694045,7,4.197125006467104,60,47,4,0,F S,Napoli,7,8.49140041694045,18.51714325323701,7.193707671016455,2015
1468,Gregoire Defrel,33,2049,7,5.9448348470032215,3,1.5409076772630215,51,26,2,1,F S,Sassuolo,7,5.9448348470032215,9.437488541007042,2.5832453947514296,2015
1491,Alejandro Gomez,34,2838,7,7.295847903937101,7,7.210333148948848,85,61,4,1,F M S,Atalanta,7,7.295847903937101,17.657191500999033,5.920214233919978,2015
1612,Domenico Berardi,29,2189,7,9.275609312579036,6,4.336647849529982,88,37,10,1,F S,Sassuolo,4,5.469119330868125,12.506839521229267,5.733860333450139,2015
1804,Álvaro Morata,34,1451,7,8.102467220276594,7,4.13438069447875,48,28,6,0,F S,Juventus,6,7.3411682061851025,11.939321097917855,4.12120367679745,2015
1826,Nicola Sansone,37,2545,7,6.789874063804746,4,4.25565953925252,64,42,8,0,F S,Sassuolo,7,6.028575049713254,13.046474263072014,6.99381067790091,2015
1878,Miroslav Klose,24,1359,7,7.064247934147716,7,4.077459855936468,30,18,3,0,F S,Lazio,6,6.303029732778668,10.421106211841106,2.039054421707988,2015
1121,Giacomo Bonaventura,33,2845,6,7.727589901536703,8,7.649018233641982,104,69,8,0,F M S,AC Milan,6,7.727589901536703,15.411558881402016,6.03613196592778,2015
1129,Suso,20,1235,6,2.424825994297862,1,2.992256786674261,38,32,4,0,F M S,"AC Milan,Genoa",6,2.424825994297862,5.942815722897649,3.319296544417739,2015
1229,Luis Muriel,32,1686,6,7.024269010871649,5,2.3169516809284687,57,28,3,0,F S,Sampdoria,6,7.024269010871649,9.660695597529411,1.3072353852912784,2015
1251,Radja Nainggolan,35,2941,6,3.8782984064891934,1,2.435231378301978,66,42,10,1,M S,Roma,6,3.8782984064891934,15.139296596869826,10.936544843018055,2015
1318,Manuel Pucciarelli,38,3033,6,6.813968250527978,3,3.7011775141581893,56,44,2,0,F S,Empoli,6,6.813968250527978,12.147986667230725,3.9745411006733775,2015
1336,Valter Birsa,35,2423,6,5.5281643606722355,7,6.776206776499748,53,63,4,0,F M S,Chievo,4,3.244307365268469,9.737995775416493,5.385313625447452,2015
1381,Marek Hamsik,38,3265,6,6.947223379276693,11,9.895767474547029,83,94,0,0,M,Napoli,5,5.4246215065941215,32.30844443291426,22.341919304803014,2015
1446,Sergio Floccari,25,1554,6,4.330840157344937,1,1.842524353414774,46,16,1,0,F S,"Bologna,Sassuolo",6,4.330840157344937,5.806319944560528,1.1051248982548714,2015
1524,Stevan Jovetic,26,1533,6,8.354862606152892,2,2.3500612964853644,70,32,4,0,F M S,Inter,5,7.593562638387084,15.507415203377604,7.032301769591868,2015
1847,Giampaolo Pazzini,30,1902,6,10.4472202565521,1,1.0939823854714632,77,11,5,0,F S,Verona,3,8.163329189643264,8.783548764884472,1.4350249134004116,2015
1943,Gervinho,14,1088,6,3.591863788664341,1,2.1159132830798626,27,15,0,0,F M S,Roma,6,3.591863788664341,6.429622709751129,2.0555336363613605,2015
1955,Luca Toni,23,1772,6,9.857363767921925,0,0.6777956932783127,60,13,3,0,F S,Verona,3,6.812202490866184,7.579703498631716,1.3946363758295774,2015
1126,M&#039;Baye Niang,16,1172,5,5.480824137106538,4,3.0249339751899242,37,14,1,0,F M S,AC Milan,3,3.9582222122699022,8.454583105631173,2.4787554936483502,2015
1209,Ciro Immobile,14,992,5,5.797540042549372,2,2.7751176841557026,38,20,2,0,F S,Torino,3,3.5136451311409473,7.908145070075989,2.1443567108362913,2015
1255,Francesco Totti,13,375,5,3.341345679014921,3,1.5507905185222626,22,14,3,0,F M S,Roma,4,2.5800477378070354,4.34445172175765,2.4841393940150738,2015
1292,Sami Khedira,20,1550,5,4.547400074079633,4,3.032948851585388,22,13,3,1,M,Juventus,5,4.547400074079633,9.663991339504719,3.4471122547984123,2015
1313,Riccardo Saponara,33,2649,5,7.370629022829235,11,6.132140745408833,70,73,6,1,M S,Empoli,5,6.609330634586513,14.387174941599369,4.046036701649427,2015
1337,Riccardo Meggiorini,26,1663,5,3.680240210145712,7,4.017277497798204,38,27,8,1,F S,Chievo,5,3.680240210145712,7.532298428937793,1.4919990245252848,2015
1347,Sergio Pellissier,19,943,5,4.348714494146407,0,0.7252156073227525,22,14,2,0,F S,Chievo,3,2.8261144990101457,4.008970332331955,0.9033114220947027,2015
1383,Manolo Gabbiadini,23,529,5,4.509194491431117,3,1.2300112089142203,30,11,1,0,F S,Napoli,4,3.747896520420909,5.759975489228964,1.1738181170076132,2015
1384,Dries Mertens,33,1073,5,3.782029714435339,5,3.3704597763717175,54,33,7,0,F S,Napoli,5,3.782029714435339,7.8062653206288815,2.780254442244768,2015
1386,Piotr Zielinski,35,3040,5,4.424126064404845,4,2.9705365113914013,64,52,5,1,M,Empoli,5,4.424126064404845,12.53476382791996,7.082799554802477,2015
1434,Khouma Babacar,18,801,5,4.323416918516159,1,0.8216867707669735,30,6,2,0,F S,Fiorentina,4,3.5621139109134674,4.468280915170908,0.5135937845334411,2015
1473,Matteo Politano,26,983,5,2.612395415082574,2,1.2344815861433744,40,15,3,0,F S,Sassuolo,5,2.612395415082574,4.065422188490629,1.6507080011069775,2015
1494,Mauricio Pinilla,20,1342,5,5.439928716048598,2,3.5732232090085745,42,21,8,1,F S,Atalanta,5,3.917376732453704,8.092732191085815,1.6627528499811888,2015
1642,Simone Zaza,19,643,5,2.446644015610218,0,0.33043880201876163,30,6,6,1,F S,Juventus,5,2.446644015610218,3.3393439054489136,0.789255890995264,2015
1842,Eros Pisano,34,2907,5,3.0574130918830633,0,1.060974103398621,22,23,7,0,D S,Verona,5,3.0574130918830633,5.678660582751036,4.784154128283262,2015
1903,Kevin Lasagna,36,1441,5,4.217365125194192,2,2.0328319892287254,44,23,1,0,F M S,Carpi,5,4.217365125194192,6.484209157526493,0.6971576903015375,2015
1089,Juan Cuadrado,28,1699,4,2.3842202154919505,5,3.724586099386215,36,44,2,0,D F M S,Juventus,4,2.3842202154919505,11.215400407090783,6.958879549056292,2015
1101,Luca Rigoni,28,1885,4,5.486747693270445,0,2.51798530574888,34,21,4,1,M S,"Genoa,Palermo",4,5.486747693270445,8.780944380909204,3.007088538259268,2015
1127,Luiz Adriano,26,1173,4,4.331280866637826,3,1.6513615865260363,26,17,4,0,F S,AC Milan,3,3.5699818525463343,5.2126209288835526,1.1368943061679602,2015
1150,Emmanuel Badu,33,2662,4,4.464629239402711,1,1.8227715771645308,37,24,6,0,M S,Udinese,4,4.464629239402711,8.953560939989984,3.2922808304429054,2015
1182,Daniele Baselli,35,2270,4,3.23935504630208,3,3.8086308436468244,33,53,6,0,M S,Torino,4,3.23935504630208,8.551855335012078,3.718672457151115,2015
1188,Maxi López,26,1054,4,4.795055642724037,2,0.7446104409173131,26,11,2,0,F S,Torino,2,2.511158600449562,3.3571740416809916,0.727453013882041,2015
1210,Keita,31,1755,4,5.446194536052644,2,4.150232385843992,62,40,5,0,F M S,Lazio,4,5.446194536052644,11.65022518672049,3.566211573779583,2015
1284,Oscar Hiljemark,38,2937,4,2.4852438680827618,5,3.884605781175196,26,45,4,0,M S,Palermo,4,2.4852438680827618,9.018074413761497,6.2128742234781384,2015
1338,Antonio Floro Flores,28,1291,4,4.74193502496928,2,1.2810587203130126,60,18,2,0,F S,"Chievo,Sassuolo",4,4.74193502496928,7.154211982153356,2.7586159519851208,2015
1418,Gonzalo Rodríguez,35,3144,4,1.141474380157888,0,0.50015439838171,11,7,7,0,D,Fiorentina,4,1.141474380157888,8.926404214464128,8.566302224062383,2015
1422,Borja Valero,37,3100,4,3.350242161192,6,5.3694762997329235,36,77,5,0,M S,Fiorentina,4,3.350242161192,15.591135781258345,10.170365740545094,2015
1451,Anthony Mounier,30,1946,4,2.5060899034142494,2,3.766570160165429,21,32,6,0,F M S,Bologna,4,2.5060899034142494,6.674009182490408,2.5395132172852755,2015
1463,Francesco Acerbi,36,3240,4,2.83508762717247,0,0.17254909500479698,13,6,3,0,D,Sassuolo,4,2.83508762717247,5.988465271890163,5.805784650146961,2015
1472,Alessandro Matri,19,800,4,2.8803316224366426,1,1.539508918300271,11,7,1,1,F S,Lazio,4,2.8803316224366426,4.91288700979203,0.7015833063051105,2015
1511,Marcelo Brozovic,32,2385,4,3.4265641076490283,5,4.911360219120979,56,50,7,0,M S,Inter,4,3.4265641076490283,12.496634205803275,8.107865800149739,2015
1539,Diego Perotti,31,2300,4,3.6938599976710975,9,5.973748683929443,40,67,3,2,F M S,"Genoa,Roma",3,2.932560983579606,16.773767795413733,10.548283521085978,2015
1589,Lucas Biglia,27,2299,4,2.309250541962683,3,2.7835630970075727,18,53,9,1,M S,Lazio,2,0.7867340007796884,10.382894923910499,9.511133966967463,2015
1604,Artur Ionita,31,2384,4,3.20678801368922,2,1.8358489908277988,38,25,2,0,M S,Verona,4,3.20678801368922,6.191160898655653,3.243709124624729,2015
1866,Paolo Sammarco,28,2321,4,2.1321675730869174,1,1.4467895859852433,23,25,7,0,M S,Frosinone,4,2.1321675730869174,5.030454466119409,2.053174953907728,2015
1937,Fernando,35,2989,4,2.859639405272901,2,3.6992863845080137,48,58,14,0,M S,Sampdoria,4,2.859639405272901,9.942997877951711,7.373750502243638,2015
1984,Germán Denis,15,982,4,3.949680184945464,1,1.5201440807431936,20,17,0,0,F S,Atalanta,3,2.4270801302045584,3.944110929965973,0.9267475884407759,2015
2006,Alessio Cerci,24,1317,4,5.058404855430126,2,1.24258691072464,38,22,1,0,F M S,"AC Milan,Genoa",1,2.7745107784867287,5.231267403811216,1.8941911067813635,2015
939,Mauro Zárate,15,692,3,2.773874392732978,1,0.6684851087629795,40,12,2,1,F M S,Fiorentina,3,2.773874392732978,4.9642803352326155,2.0435798270627856,2015
1099,Tomás Rincón,33,2934,3,1.3937777057290077,6,3.91157004237175,26,37,9,0,M,Genoa,3,1.3937777057290077,13.781306916847825,10.471472224220634,2015
1100,Diego Laxalt,35,3076,3,3.1017365641891956,4,3.8512816103175282,33,31,3,0,D F M,Genoa,3,3.1017365641891956,12.205513975583017,5.821233181282878,2015
1171,Simone Pepe,22,775,3,0.8507470060139894,3,2.6293741641566157,20,20,2,1,F M S,Chievo,3,0.8507470060139894,3.8283517379313707,1.570457611232996,2015
1180,Luca Rossettini,29,2542,3,3.0221028923988342,1,0.861387993209064,14,10,5,0,D S,Bologna,3,3.0221028923988342,2.381608411669731,2.2610816145315766,2015
1183,Marco Benassi,32,1929,3,3.1038407403975725,2,3.042777300812304,47,23,7,0,M S,Torino,3,3.1038407403975725,7.932401364669204,2.869892530143261,2015
1187,Adem Ljajic,26,1453,3,3.676745342090726,3,4.823288794606924,38,56,2,0,F M S,"Inter,Roma",3,3.676745342090726,9.94613946415484,4.550338794477284,2015
1198,Josef Martínez,21,915,3,4.41541888192296,1,0.9726693164557219,35,15,0,0,F S,Torino,3,4.41541888192296,5.466234620660543,0.8196291904896498,2015
1205,Senad Lulic,30,2362,3,1.073792988434434,3,4.330080013722181,19,36,9,1,D M S,Lazio,3,1.073792988434434,10.072715628892183,8.001575672999024,2015
1207,Marco Parolo,31,2567,3,6.522814477793872,0,2.273752168752253,55,36,9,0,M S,Lazio,3,6.522814477793872,10.241618303582072,5.327305735088885,2015
1213,Filip Djordjevic,27,1290,3,4.330606051720679,2,0.7283722013235092,21,12,1,1,F S,Lazio,3,4.330606051720679,5.05536029022187,0.4176212949678302,2015
1228,Bruno Fernandes,31,2116,3,3.79332700651139,4,3.7490005446597934,52,44,7,1,F M S,Udinese,2,2.2707290379330516,8.635709737427533,4.768451112322509,2015
1287,Leonardo Bonucci,36,3156,3,3.1978354565799236,1,0.8443258106708527,27,15,6,0,D S,Juventus,3,3.1978354565799236,9.4709068890661,8.703575495630503,2015
1333,Lucas Castro,34,2791,3,3.613443585112691,1,3.2689918875694275,45,30,9,0,M S,Chievo,3,3.613443585112691,8.617761231958866,4.985440010204911,2015
1335,Nicola Rigoni,28,1987,3,1.1987526072189212,1,0.7056847168132663,29,8,7,0,M S,Chievo,3,1.1987526072189212,4.540321471169591,3.296329484321177,2015
1340,Roberto Inglese,26,1374,3,3.2694889176636934,1,0.7861343026161194,35,11,3,0,F S,Chievo,3,3.2694889176636934,3.8970828922465444,0.6707773888483644,2015
1379,Allan,35,2832,3,2.3510995861142874,5,4.571653296705335,29,39,5,0,M S,Napoli,3,2.3510995861142874,16.9812348857522,12.064898254349828,2015
1444,Blerim Dzemaili,27,1800,3,1.849273206666112,2,1.5772262308746576,37,29,6,1,M S,Genoa,3,1.849273206666112,6.2990442998707294,4.1619448605924845,2015
1445,Simone Verdi,8,270,3,2.5523370280861855,0,0.20126054249703884,15,5,1,0,F M S,Carpi,1,1.029738999903202,1.0873926598578691,0.18513640016317368,2015
1456,Federico Viviani,19,1595,3,1.0766622982919216,6,4.362401517108083,30,43,4,1,M S,Verona,3,1.0766622982919216,6.200475051999092,5.25758720934391,2015
1471,Lorenzo Pellegrini,19,1152,3,2.0504035465419292,0,0.5797337954863906,23,16,4,1,M S,Sassuolo,3,2.0504035465419292,4.71226504817605,2.58654560521245,2015
1497,Ervin Zukanovic,25,1859,3,0.9227610025554895,1,0.20331869833171368,11,5,7,1,D S,"Roma,Sampdoria",3,0.9227610025554895,3.7612140234559774,3.2312029357999563,2015
1502,Marco D&#039;Alessandro,23,1158,3,1.8949130177497864,2,2.4996495209634304,13,15,3,0,F M S,Atalanta,3,1.8949130177497864,4.873213194310665,0.6028221035376191,2015
1567,Bruno Peres,31,2604,3,1.7633572835475206,4,4.375916980206966,40,33,9,0,D S,Torino,3,1.7633572835475206,9.811228862032294,5.64779809769243,2015
1581,Serge Gakpe,18,832,3,2.7920635556802154,1,1.5380979292094707,23,10,1,0,F S,"Atalanta,Genoa",3,2.7920635556802154,4.448399209417403,0.711784390732646,2015
1590,Luca Antonelli,28,2333,3,2.0964654311537743,1,1.589681824669242,19,17,2,0,D S,AC Milan,3,2.0964654311537743,5.134561633691192,4.2955930065363646,2015
1611,Franco Brienza,29,1667,3,2.7275790441781282,3,4.123822282999754,41,40,1,0,F M S,Bologna,3,2.7275790441781282,5.985505330376327,2.3921406948938966,2015
1621,Marcos Alonso,31,2343,3,3.4751736391335726,4,4.196653957478702,55,43,8,0,D M S,Fiorentina,3,3.4751736391335726,10.36999369226396,6.222390398383141,2015
1809,Joaquín Correa,25,1312,3,3.808176450431347,1,1.2719425968825817,34,20,5,1,F M S,Sampdoria,3,3.808176450431347,7.579632710665464,3.414418311789632,2015
1815,Alex,25,2093,3,2.113193990662694,1,0.27218660432845354,23,5,5,0,D S,AC Milan,3,2.113193990662694,1.8613510867580771,1.632386195473373,2015
1823,Lucas Digne,33,2857,3,1.1803679801523685,3,2.908223402686417,15,27,4,0,D M S,Roma,3,1.1803679801523685,10.825072027742863,8.282156337983906,2015
1837,Aleksandar Trajkovski,32,1634,3,2.764644113369286,1,1.5481978729367256,38,27,2,0,F M S,Palermo,3,2.764644113369286,4.617850914597511,1.380511786788702,2015
1860,Leonardo Blanchard,28,2458,3,2.40681547857821,1,0.7386813163757324,22,4,11,1,D S,Frosinone,3,2.40681547857821,2.074065675958991,1.846566280350089,2015
1905,Antonio Di Gaudio,29,1511,3,3.750231269747019,3,2.4830039776861668,35,15,2,0,F M S,Carpi,3,3.750231269747019,5.607607956044376,1.0575241968035698,2015
1973,Lorenzo Lollo,27,2103,3,3.418472549878061,1,1.0339489039033651,36,15,10,2,M S,Carpi,3,3.418472549878061,8.108247357420623,4.099014803767204,2015
1153,Ryder Matos,26,1615,2,5.271294892765582,2,2.56835225969553,34,24,2,0,F M S,"Carpi,Udinese",2,4.509999931789935,6.382080361247063,1.1655701054260135,2015
1154,Stipe Perica,11,460,2,1.2438499182462692,0,0.07266989909112453,15,3,1,0,F S,Udinese,2,1.2438499182462692,1.3335625268518925,0.15642345137894154,2015
1185,Iago Falque,22,1177,2,1.3467318192124367,2,1.1501651965081692,16,19,1,0,F M S,Roma,2,1.3467318192124367,6.455134744755924,4.592769766226411,2015
1192,Afriyie Acquah,29,1892,2,0.7449506726115942,3,2.0617429111152887,25,25,9,0,M S,Torino,2,0.7449506726115942,6.246312279254198,4.107817571610212,2015
1197,Cesare Bovo,21,1790,2,0.47202910110354424,0,1.0660463375970721,10,13,10,0,D S,Torino,2,0.47202910110354424,5.409235123544931,5.025578800588846,2015
1238,Luca Cigarini,25,1824,2,3.881755931302905,2,1.8150321068242192,42,36,10,0,M S,Atalanta,1,3.1204579304903746,8.330475110560656,4.943245989270508,2015
1246,Kostas Manolas,37,3121,2,1.288321914151311,2,0.8210308849811554,15,7,7,0,D S,Roma,2,1.288321914151311,9.139100648462772,8.995546787977219,2015
1248,Leandro Paredes,33,2497,2,1.3084127535112202,1,3.771377118304372,53,41,11,0,M S,Empoli,2,1.3084127535112202,8.452418008819222,7.058605804108083,2015
1264,Edoardo Goldaniga,17,1211,2,0.9469588762149215,0,0.5766251794993877,7,3,5,0,D S,Palermo,2,0.9469588762149215,1.3878495646640658,1.361117895692587,2015
1289,Alex Sandro,22,1488,2,1.289513411000371,3,3.400279264897108,18,42,5,1,D S,Juventus,2,1.289513411000371,9.364879366010427,6.229114281013608,2015
1298,Patrice Evra,26,2045,2,1.907374992966652,3,1.9296211525797844,16,26,5,1,D S,Juventus,2,1.907374992966652,7.3079482819885015,5.352313375100493,2015
1299,Mario Lemina,10,730,2,0.19582350365817547,0,0.09637581557035446,5,5,4,0,M S,Juventus,2,0.19582350365817547,3.5672075152397156,3.3131151534616947,2015
1325,Marcel Büchel,28,1578,2,1.1992408130317926,1,1.4861011751927435,35,22,10,0,M S,Empoli,2,1.1992408130317926,5.491545141674578,3.392857490107417,2015
1360,Diego Falcinelli,26,1105,2,2.7644920609891415,1,1.4888008013367653,25,16,1,0,F S,Sassuolo,1,2.003192875534296,4.564885854721069,1.3376267859712243,2015
1394,Lorenzo Tonelli,26,2287,2,0.7199020069092512,0,0.10947544174268842,7,5,8,1,D,Empoli,2,0.7199020069092512,4.194156163372099,4.091648764908314,2015
1401,Panagiotis Tachtsidis,24,805,2,0.8627382908016443,2,1.9535859571769834,19,10,3,0,M S,Genoa,2,0.8627382908016443,2.9501662515103817,2.292687200009823,2015
1421,Cristian Tello,15,1086,2,1.8617645157501101,4,1.807581078261137,22,22,1,0,D F M S,Fiorentina,2,1.8617645157501101,4.5601959293708205,1.4364133039489388,2015
1423,Matías Vecino,30,2399,2,1.842896188609302,1,1.2324515264481306,50,25,8,0,M S,Fiorentina,2,1.842896188609302,10.748537078499794,9.188716676086187,2015
1424,Federico Bernardeschi,33,2276,2,2.627635298296809,4,4.682447789236903,53,41,6,0,F M S,Fiorentina,2,2.627635298296809,9.230543130077422,4.108390376903117,2015
1440,Filip Helander,24,1863,2,1.1071373019367456,0,0.019664999097585678,5,1,4,0,D S,Verona,2,1.1071373019367456,1.568923195824027,1.568923195824027,2015
1441,Adam Masina,33,2625,2,1.7452712934464216,3,1.6049742139875889,14,21,8,1,D S,Bologna,2,1.7452712934464216,5.8276496436446905,3.9809924326837063,2015
1450,Umar Sadiq,6,188,2,1.549746796488762,0,0.11880400031805038,4,1,0,0,F S,Roma,2,1.549746796488762,1.5483729839324951,0.16379189863801003,2015
1452,Godfred Donsah,20,1373,2,1.3020759038627148,2,0.8982169814407825,16,8,2,0,M S,Bologna,2,1.3020759038627148,3.146051151677966,1.0964109748601913,2015
1487,Andrea Conti,14,816,2,1.2437128871679306,1,0.47789544612169266,5,4,1,1,D M S,Atalanta,2,1.2437128871679306,2.1726102139800787,1.5041152285411954,2015
1492,Jasmin Kurtic,32,2431,2,3.3805691953748465,0,1.456532190553844,40,14,6,1,M S,Atalanta,2,3.3805691953748465,8.62531072460115,4.2117094695568085,2015
1508,Jeison Murillo,34,2843,2,2.257969289086759,1,1.2607214078307152,19,7,4,3,D S,Inter,2,2.257969289086759,6.824970823712647,6.014508937485516,2015
1518,Rodrigo Palacio,27,1395,2,3.557720092125237,4,2.7968683876097202,15,30,5,0,F M S,Inter,2,3.557720092125237,7.250283053144813,3.561065571382642,2015
1523,Danilo D&#039;Ambrosio,20,1620,2,1.6568067856132984,0,0.6495416853576899,8,9,3,1,D S,Inter,2,1.6568067856132984,4.072577133774757,3.462390928529203,2015
1534,Giancarlo Gonzalez,35,3138,2,0.3816610034555197,0,0.26278507616370916,5,5,11,0,D,Palermo,2,0.3816610034555197,2.5529501736164093,2.5220942040905356,2015
1564,Ricardo Kishna,11,564,2,1.0032620914280415,0,1.5826562233269215,9,13,0,0,F M S,Lazio,2,1.0032620914280415,2.0186197124421597,0.42919716984033585,2015
1603,Simone Missiroli,24,1829,2,2.243213651701808,0,0.4526402782648802,10,15,6,1,M S,Sassuolo,2,2.243213651701808,5.4386021457612514,4.138498790562153,2015
1822,Antonio Rüdiger,30,2633,2,1.9258529376238585,0,0.8804484065622091,19,7,4,0,D M S,Roma,2,1.9258529376238585,8.10542169585824,7.344366703182459,2015
1846,Luca Siligardi,28,1410,2,2.034198164008558,0,3.589022845029831,45,25,1,0,F M S,Verona,2,2.034198164008558,6.436904479749501,3.171718508005142,2015
1865,Alessandro Frara,20,1163,2,1.1051394939422607,0,0.1107706194743514,12,6,3,0,M S,Frosinone,2,1.1051394939422607,1.6602859888225794,0.7866327241063118,2015
1888,Antonio Di Natale,23,1139,2,4.472250642254949,4,4.096518548205495,33,24,0,0,F S,Udinese,1,2.949650587514043,5.673715941607952,1.0799894984811544,2015
1899,Lorenzo Pasciuti,21,1556,2,0.3927720934152603,3,3.667264844290912,6,26,4,1,D M S,Carpi,2,0.3927720934152603,4.94626204483211,3.3123858142644167,2015
1907,Jerry Mbakogu,24,1706,2,6.062509052455425,2,3.954690707847476,34,25,2,0,F S,Carpi,1,3.7786086723208427,8.266382917761803,1.8209550008177757,2015
1939,Antonio Cassano,24,1219,2,2.865614715963602,5,4.016483873128891,18,38,1,0,F M S,Sampdoria,2,2.865614715963602,7.654948214069009,2.2711384017020464,2015
1960,Uros Djurdjevic,14,471,2,2.0201203525066376,1,0.09343349933624268,9,2,2,0,F S,Palermo,2,2.0201203525066376,2.2141905836760998,0.23109719343483448,2015
1963,Luca Paganini,27,1850,2,2.7698268154636025,2,1.674337505362928,25,22,6,0,F M S,Frosinone,2,2.7698268154636025,5.482808041386306,1.8933875225484371,2015
1966,Jakub Blaszczykowski,15,762,2,0.8821001052856445,1,0.6185566056519747,8,12,1,0,F M S,Fiorentina,2,0.8821001052856445,4.069267254322767,2.6713553369045258,2015
1981,Matteo Mancosu,21,901,2,2.5245896875858307,0,0.5027323924005032,12,10,2,0,F S,"Bologna,Carpi",1,1.763290673494339,1.8185678850859404,0.3500756938010454,2015
2014,Jérémy Menez,10,279,2,1.7862391024827957,0,0.3386694975197315,6,6,1,0,F S,AC Milan,1,1.024940088391304,1.759472668170929,0.49671680200845003,2015
576,Mario Suárez,9,451,1,0.4100093003362417,0,0.012999000027775764,7,1,3,0,M S,Fiorentina,1,0.4100093003362417,1.7259343191981316,1.4124503787606955,2015
827,Juan Iturbe,12,393,1,0.7947423961013556,0,0.383612509816885,9,6,1,0,F S,Roma,1,0.7947423961013556,1.8565409928560257,0.8906858116388321,2015
948,Alessandro Diamanti,16,863,1,1.6845471020787954,1,2.5567759769037366,24,23,4,0,F M S,Atalanta,1,1.6845471020787954,5.722162374295294,3.0556221436709166,2015
1118,Gabriel Paletta,24,2012,1,0.2822362780570984,0,0.10048840194940567,8,3,5,2,D,Atalanta,1,0.2822362780570984,2.3597313864156604,2.2844351986423135,2015
1123,Juraj Kucka,30,2178,1,3.6514818388968706,3,2.135241908952594,46,29,11,0,M S,"AC Milan,Genoa",1,3.6514818388968706,6.6645846124738455,2.868067480623722,2015
1124,Keisuke Honda,30,1935,1,3.3361477237194777,3,3.3121818266808987,46,40,2,0,M S,AC Milan,1,3.3361477237194777,9.736252001486719,5.166614416055381,2015
1133,Cristian Zapata,16,1335,1,0.09757519885897636,0,0.04188479855656624,3,2,3,0,D S,AC Milan,1,0.09757519885897636,1.582616113126278,1.582616113126278,2015
1135,Ignazio Abate,27,2254,1,0.192637100815773,1,2.0031781289726496,4,18,7,0,D,AC Milan,1,0.192637100815773,6.996014022268355,6.281239707954228,2015
1141,Felipe,26,2151,1,1.9771624468266964,1,0.7558095222339034,11,6,11,1,D,Udinese,1,1.9771624468266964,2.5847606640309095,2.3021806608885527,2015
1142,Samir,3,270,1,0.10757400095462799,0,0,2,0,1,0,D,Verona,1,0.10757400095462799,0,0,2015
1156,Ali Adnan,28,1904,1,0.575640307739377,1,2.154909696429968,21,23,6,0,D S,Udinese,1,0.575640307739377,5.126925913617015,3.238230826333165,2015
1178,Davide Zappacosta,25,1262,1,0.8211568361148238,1,0.7992654088884592,14,15,3,0,D S,Torino,1,0.8211568361148238,4.011906276457012,2.993828631937504,2015
1190,Joel Obi,10,499,1,0.28454081527888775,0,0.14112789742648602,3,5,1,1,M S,Torino,1,0.28454081527888775,1.7639385871589184,1.373032584786415,2015
1191,Arlind Ajeti,16,1216,1,0.38817470148205757,0,0.3860398083925247,9,4,5,1,D S,Frosinone,1,0.38817470148205757,0.8543715123087168,0.8277155105024576,2015
1193,Lorenzo De Silvestri,17,1397,1,2.1270763278007507,2,0.6905140019953251,12,12,4,0,D M,Sampdoria,1,2.1270763278007507,1.9256223104894161,0.8929496016353369,2015
1194,Giuseppe Vives,33,2546,1,0.8866958925500512,1,1.9779205154627562,16,20,9,1,M S,Torino,1,0.8866958925500512,7.906605593860149,5.927415679208934,2015
1196,Emiliano Moretti,35,3150,1,1.011465411633253,1,0.9143850961700082,12,15,4,0,D,Torino,1,1.011465411633253,8.732986517250538,8.402032427489758,2015
1206,Danilo Cataldi,20,1352,1,0.8498667543753982,3,1.174180758651346,28,22,8,1,M S,Lazio,1,0.8498667543753982,3.873520903289318,2.8221056796610355,2015
1231,Ricardo Álvarez,13,810,1,0.7967044897377491,1,0.6241201981902122,14,16,2,0,M S,Sampdoria,1,0.7967044897377491,2.1806615106761456,1.243726622313261,2015
1245,Emerson,8,182,1,0.7154557034373283,0,0.030047500506043434,4,1,1,0,D S,Roma,1,0.7154557034373283,2.054228186607361,1.323003202676773,2015
1249,Daniele De Rossi,24,1911,1,0.6859127143397927,2,1.6905597113072872,10,16,9,0,D M S,Roma,1,0.6859127143397927,9.712920969352126,8.354679202660918,2015
1275,Robin Quaison,30,1507,1,1.4433187898248434,2,2.1149648800492287,19,26,5,0,F M S,Palermo,1,1.4433187898248434,5.097448918968439,3.052991807460785,2015
1286,Andrea Barzagli,31,2739,1,0.9021956995129585,0,0.21216020919382572,4,9,2,0,D,Juventus,1,0.9021956995129585,9.037393486127257,8.77004667930305,2015
1291,Hernanes,16,907,1,0.8503791056573391,1,1.6727801710367203,31,15,6,0,M S,"Inter,Juventus",1,0.8503791056573391,5.662304799072444,4.014671925455332,2015
1296,Stefano Sturaro,19,1018,1,0.5782681852579117,0,0.5456222947686911,9,12,6,0,M S,Juventus,1,0.5782681852579117,1.8511695032939315,1.354834091849625,2015
1306,Vincent Laurini,25,1955,1,0.558166803792119,0,0.33170030917972326,3,6,5,0,D S,Empoli,1,0.558166803792119,4.112767985090613,3.9618378933519125,2015
1307,Andrea Costa,24,2079,1,0.9584966003894806,0,0.011474300175905228,6,1,4,0,D S,Empoli,1,0.9584966003894806,3.051084203645587,3.039610205218196,2015
1311,Rade Krunic,15,488,1,0.8750269040465355,0,0.79489038977772,7,8,3,0,M S,Empoli,1,0.8750269040465355,1.9402330415323377,0.2945038015022874,2015
1329,Fabrizio Cacciatore,29,2302,1,1.4965329971164465,3,2.567335988394916,11,27,6,0,D S,Chievo,1,1.4965329971164465,7.252228485420346,4.399358319118619,2015
1331,Dario Dainelli,18,1379,1,0.5362236127257347,0,0.14398139342665672,2,3,5,0,D S,Chievo,1,0.5362236127257347,0.9760919930413365,0.9309827936813235,2015
1334,Perparim Hetemaj,28,2263,1,0.8405556501820683,0,1.2243344951421022,25,20,7,0,M S,Chievo,1,0.8405556501820683,5.1356513779610395,3.488977192901075,2015
1346,Gennaro Sardo,6,329,1,0.11828850023448467,0,0.15457899868488312,2,4,3,0,D S,Chievo,1,0.11828850023448467,0.6518548969179392,0.5085039082914591,2015
1350,Jonathan de Guzmán,5,105,1,0.7860872186720371,0,0.05225680023431778,2,1,0,0,M S,Carpi,0,0.024828199297189713,0.16721279919147491,0.0901281014084816,2015
1369,Marcello Trotta,8,189,1,1.3790162820369005,0,0.05628039874136448,12,2,0,0,F S,Sassuolo,1,1.3790162820369005,1.5677425004541874,0.1324461977928877,2015
1385,Omar El Kaddouri,20,214,1,1.9794982839375734,2,1.3575520757585764,11,9,2,0,S,Napoli,1,1.9794982839375734,3.7325987685471773,1.7912821769714355,2015
1395,Vlad Chiriches,8,699,1,0.5930110029876232,0,0,4,0,2,0,D,Napoli,1,0.5930110029876232,3.13573756814003,3.13573756814003,2015
1403,Simone Padoin,12,577,1,0.2695814035832882,0,0.13576739840209484,4,5,2,0,D M S,Juventus,1,0.2695814035832882,1.9903944674879313,1.6553058810532093,2015
1430,Milan Badelj,27,2147,1,0.6669427929446101,1,1.9888196047395468,26,35,7,1,M S,Fiorentina,1,0.6669427929446101,9.677942398935556,8.224538559094071,2015
1431,Sebastien De Maio,28,2238,1,2.0155871212482452,1,0.13991770427674055,14,3,5,1,D S,Genoa,1,2.0155871212482452,4.007818017154932,3.653795713558793,2015
1464,Federico Peluso,34,3038,1,1.8992883088067174,1,1.4631626196205616,19,21,11,0,D,Sassuolo,1,1.8992883088067174,7.125463666394353,5.96283295750618,2015
1466,Francesco Magnanelli,34,3060,1,0.3329395977780223,1,1.404490601271391,18,31,8,0,M,Sassuolo,1,0.3329395977780223,9.60507177375257,8.924392819404602,2015
1474,Alfred Duncan,33,2489,1,1.4954341994598508,5,5.760765308514237,39,49,5,0,M S,Sassuolo,1,1.4954341994598508,11.3599849101156,6.627814531326294,2015
1484,Rafael Toloi,24,1892,1,0.7050872193649411,0,0.06826949864625931,9,2,6,1,D S,Atalanta,1,0.7050872193649411,2.279901127330959,2.2252653231844306,2015
1488,Remo Freuler,6,451,1,0.5657197944819927,0,0.08358319848775864,5,3,0,0,M S,Atalanta,1,0.5657197944819927,0.9786606766283512,0.4878748068585992,2015
1507,Miranda,32,2742,1,1.1654707007110119,3,1.2668818701058626,9,7,6,2,D S,Inter,1,1.1654707007110119,5.164755929261446,4.985129456967115,2015
1510,Gary Medel,30,2420,1,0.3889182014390826,1,1.0817934777587652,12,13,10,0,D M S,Inter,1,0.3889182014390826,8.363304365426302,7.693326412700117,2015
1516,Geoffrey Kondogbia,26,2005,1,1.7053837338462472,0,1.2726301280781627,38,16,6,1,M S,Inter,1,1.7053837338462472,9.357771863229573,7.3351624039933085,2015
1543,Sergej Milinkovic-Savic,25,1645,1,1.8751159813255072,0,1.4319383464753628,36,20,5,1,M S,Lazio,1,1.8751159813255072,6.054325978271663,3.7107279766350985,2015
1547,Pablo Armero,5,420,1,1.1763740181922913,0,0.05459170043468475,2,2,0,0,D M,Udinese,1,1.1763740181922913,2.2068019658327103,0.9923568964004517,2015
1556,Guglielmo Stendardo,15,1108,1,0.7704915087670088,0,0.058058001101017,5,2,3,1,D S,Atalanta,1,0.7704915087670088,1.7089996337890625,1.677017629146576,2015
1562,Francesco Lodi,24,1868,1,1.290014499798417,1,2.5309520214796066,25,32,3,0,M S,Udinese,1,1.290014499798417,5.730327225290239,4.365140863694251,2015
1568,Felipe Melo,26,1774,1,1.3988665901124477,1,1.2971065985038877,23,11,6,2,M S,Inter,1,1.3988665901124477,5.676586953923106,4.502817417494953,2015
1572,Bostjan Cesar,31,2718,1,1.7883555926382542,0,0.15436139702796936,14,4,9,1,D S,Chievo,1,1.7883555926382542,1.6748639438301325,1.6156951021403074,2015
1576,Giorgio Chiellini,24,1786,1,1.3935948256403208,0,1.241808295249939,15,11,4,1,D S,Juventus,1,1.3935948256403208,7.822253298014402,6.902486380189657,2015
1579,Daniele Gastaldello,26,2209,1,1.1590130273252726,2,0.6129545029252768,8,5,7,1,D,Bologna,1,1.1590130273252726,4.317603979259729,4.236677430570126,2015
1588,Raúl Albiol,36,3240,1,1.2352195009589195,1,0.22773269936442375,10,5,10,0,D,Napoli,1,1.2352195009589195,13.968829415738583,13.769503377377987,2015
1597,Cristian Molinaro,27,1963,1,0.751567792147398,1,2.2643643310293555,12,24,3,1,D S,Torino,1,0.751567792147398,6.026373295113444,4.795230041258037,2015
1600,Jonathan Biabiany,20,849,1,1.2684757020324469,2,2.9200632739812136,20,19,3,0,M S,Inter,1,1.2684757020324469,3.959349187090993,1.6203294228762388,2015
1610,Nicolò Cherubin,14,1027,1,0.14968880079686642,0,0.14886529743671417,3,2,1,1,D S,Atalanta,1,0.14968880079686642,0.8934090258553624,0.8934090258553624,2015
1622,Matías Fernández,22,1065,1,0.943882361985743,3,2.0433992259204388,25,23,3,1,F M S,Fiorentina,1,0.943882361985743,5.722017448395491,4.206700170878321,2015
1641,Andrea Bertolacci,27,1806,1,1.9816976021975279,1,1.9004062013700604,18,22,6,0,M S,AC Milan,1,1.9816976021975279,9.136931386776268,6.750667664222419,2015
1643,Luca Marrone,21,1603,1,0.5374865997582674,3,1.8340460862964392,12,22,7,0,M S,"Carpi,Verona",1,0.5374865997582674,1.8958690986037254,1.5261207967996597,2015
1646,David Ivan,21,1095,1,0.14970589987933636,0,0.3456122037023306,5,11,4,1,F M S,Sampdoria,1,0.14970589987933636,2.087781572714448,1.7662108913064003,2015
1710,Marten de Roon,36,3103,1,0.6503713997080922,2,1.2020580805838108,20,18,9,1,M S,Atalanta,1,0.6503713997080922,8.842652671039104,7.267625721171498,2015
1801,Pontus Jansson,7,615,1,0.3334505036473274,0,0.04509110003709793,6,2,1,0,D S,Torino,1,0.3334505036473274,1.312072902917862,1.2281025983393192,2015
1807,Modibo Diakité,26,2274,1,2.1336308447644114,0,0.11359244119375944,8,4,8,0,D S,"Frosinone,Sampdoria",1,2.1336308447644114,2.5114614758640528,2.472564280964434,2015
1816,Philippe Mexes,5,398,1,0.5556832924485207,0,0.011652999557554722,5,1,4,0,D S,AC Milan,1,0.5556832924485207,0.5793159920722246,0.5558453928679228,2015
1817,Mario Balotelli,20,818,1,3.3212261218577623,1,2.8062580451369286,43,24,6,0,F S,AC Milan,1,2.5599320847541094,2.654735079035163,0.8882757890969515,2015
1819,Kevin-Prince Boateng,11,188,1,0.7197467191144824,0,0.5319616086781025,5,6,1,0,M S,AC Milan,1,0.7197467191144824,1.3229009192436934,0.13749510422348976,2015
1824,Maicon,15,1013,1,0.937551817856729,2,2.501942250877619,11,11,2,1,D M S,Roma,1,0.937551817856729,8.388101063668728,5.876761052757502,2015
1835,Enzo Maresca,15,979,1,0.5728136077523232,0,0.3531901091337204,11,8,3,0,M S,Palermo,1,0.5728136077523232,2.2189928088337183,1.719685385003686,2015
1838,Achraf Lazaar,30,2293,1,0.47921398282051086,2,2.3987901182845235,28,21,2,1,D M S,Palermo,1,0.47921398282051086,7.156557222828269,5.58102573081851,2015
1840,Aljaz Struna,22,1848,1,0.7998104942962527,0,0.7628200873732567,7,7,10,1,D,Palermo,1,0.7998104942962527,2.8011025870218873,2.018500787205994,2015
1843,Matteo Bianchetti,23,1576,1,1.1486943941563368,0,0.13369899988174438,7,4,4,0,D S,Verona,1,1.1486943941563368,1.8508447110652924,1.7261264100670815,2015
1851,Juanito Gómez,33,1835,1,3.272957251407206,0,1.453897787258029,36,24,3,0,F M S,Verona,1,3.272957251407206,4.637257823720574,1.840114215388894,2015
1852,Ante Rebic,14,755,1,0.6946656070649624,0,0.2513149054720998,16,5,3,1,F M S,"Fiorentina,Verona",1,0.6946656070649624,2.7573922649025917,2.052937876433134,2015
1853,Vangelis Moras,31,2751,1,0.3531982060521841,1,0.7993476176634431,6,6,4,1,D S,Verona,1,0.3531982060521841,2.887999303638935,2.6574671007692814,2015
1857,David López,25,708,1,1.120244089514017,1,0.7990144938230515,10,6,2,0,M S,Napoli,1,1.120244089514017,4.69450016412884,2.9853102872148156,2015
1861,Adriano Russo,10,886,1,0.0978073999285698,0,0.16420119628310204,1,3,2,0,D S,Frosinone,1,0.0978073999285698,0.6465359032154083,0.6169087029993534,2015
1863,Oliver Kragl,15,940,1,1.2641654992476106,0,0.645513616502285,32,10,4,0,F M S,Frosinone,1,1.2641654992476106,1.8981282254680991,0.48392230179160833,2015
1871,Danilo Soddimo,28,1792,1,1.8490606937557459,2,2.518753263168037,44,44,9,1,F M S,Frosinone,1,1.8490606937557459,6.043059201911092,3.17514256760478,2015
1876,Milan Bisevac,11,907,1,0.6032205075025558,0,0.03729169815778732,2,2,0,0,D,Lazio,1,0.6032205075025558,2.1233603917062283,2.1233603917062283,2015
1877,Ogenyi Onazi,15,1192,1,0.7361482614651322,1,0.954559588804841,12,11,2,0,M S,Lazio,1,0.7361482614651322,3.715546879917383,2.963595824316144,2015
1879,Stefano Mauri,12,500,1,0.6142816878855228,1,1.4326409129425883,6,5,0,0,F M S,Lazio,1,0.6142816878855228,2.1414733678102493,0.2672939971089363,2015
1884,Facundo Roncaglia,30,2439,1,0.15997160132974386,0,0.39085419848561287,11,9,9,0,D S,Fiorentina,1,0.15997160132974386,6.714051401242614,6.323249239474535,2015
1895,Cristian Zaccardo,27,2405,1,1.7240969147533178,0,0.3442838964983821,17,7,4,0,D S,Carpi,1,1.7240969147533178,3.182131553068757,1.962209889665246,2015
1896,Riccardo Gagliolo,31,2633,1,0.9764901315793395,0,0.4615537980571389,12,13,11,1,D S,Carpi,1,0.9764901315793395,3.32962154597044,2.904393447563052,2015
1898,Stefano Sabelli,7,556,1,0.5728257857263088,0,0.3628602996468544,4,5,1,0,D M S,Carpi,1,0.5728257857263088,1.1417050138115883,0.3356917053461075,2015
1900,Raffaele Bianco,26,1870,1,1.104566096328199,3,0.8598595000803471,17,19,5,1,M S,Carpi,1,1.104566096328199,4.36568099539727,2.893233503215015,2015
1935,Marko Livaja,18,591,1,0.6364441551268101,0,0.6447679009288549,16,6,7,0,F S,Empoli,1,0.6364441551268101,1.8181521613150835,0.5976532995700836,2015
1940,Lazaros Christodoulopoulos,10,346,1,0.3282286040484905,0,0,6,0,3,0,M S,Sampdoria,1,0.3282286040484905,1.4642288945615292,1.2500797845423222,2015
1949,Fredy Guarín,16,972,1,1.952493967488408,1,0.9628500808030367,29,13,7,0,M S,Inter,1,1.952493967488408,4.550654358230531,3.197617407888174,2015
1959,Bosko Jankovic,15,907,1,0.6024811146780849,0,0.24516939371824265,14,3,3,1,F M S,Verona,1,0.6024811146780849,0.7766320966184139,0.18032619543373585,2015
1969,Joan Verdú,5,180,1,0.5050105936825275,0,0.2078093010932207,4,3,0,0,M S,Fiorentina,1,0.5050105936825275,1.2089081779122353,0.8579859882593155,2015
1972,Gaetano Letizia,35,2893,1,1.1993432780727744,0,3.047821719199419,24,33,5,0,D M S,Carpi,1,1.1993432780727744,8.472485462203622,6.650567824952304,2015
1983,Gianpaolo Bellini,15,959,1,0.831096613779664,0,0.010270699858665466,6,1,4,0,D S,Atalanta,0,0.06979759968817234,0.9109310004860163,0.8817578982561827,2015
1996,Leandro Greco,26,1900,1,0.3747729416936636,0,1.026985703036189,11,22,7,0,M S,Verona,1,0.3747729416936636,2.055756013840437,1.5055475011467934,2015
2011,Seydou Keita,20,1370,1,0.7720977002754807,0,0.2322163973003626,13,7,4,0,M S,Roma,1,0.7720977002754807,4.374644557014108,4.121257480233908,2015
2024,Diogo Figueiras,9,554,1,0.11186410114169121,0,0.02747420035302639,5,1,2,0,M S,Genoa,1,0.11186410114169121,1.5153126139193773,1.422402413096279,2015
2027,Andrea Lazzari,8,336,1,1.4639357635751367,0,1.3124194741249084,10,16,1,0,M S,Carpi,1,0.7026328155770898,1.0601862967014313,0.2995773945003748,2015
2029,Maximiliano Moralez,17,1369,1,4.737576089799404,4,3.792833120562136,26,39,2,0,F S,Atalanta,1,3.9762770757079124,7.896692208014429,1.6512816902250051,2015
2047,Abdelhamid El Kaoutari,7,630,1,0.5130450129508972,0,0.5992310047149658,1,2,2,0,D,Palermo,1,0.5130450129508972,1.1158339940011501,1.1158339940011501,2015
226,Kingsley Coman,1,65,0,0.17994099855422974,0,0.2328680008649826,3,3,0,0,F,Juventus,0,0.17994099855422974,0.88127201795578,0.5756570100784302,2015
275,Tim Matavz,7,468,0,1.3515620082616806,0,0.1288163997232914,10,4,0,0,F S,Genoa,0,1.3515620082616806,2.285440366715193,0.9720119275152683,2015
947,Víctor Ibarbo,2,8,0,0,0,0,0,0,0,0,S,Roma,0,0,0.379287987947464,0.379287987947464,2015
1093,Mattia Perin,25,2250,0,0,0,0.016940299421548843,0,1,2,0,GK,Genoa,0,0,2.0027103014290333,1.9857703037559986,2015
1094,Nicolas Burdisso,28,2446,0,0.3910469925031066,0,0.07300379872322083,10,3,7,0,D,Genoa,0,0.3910469925031066,3.161572450771928,3.03400762565434,2015
1095,Ezequiel Muñoz,18,1410,0,0.9150004107505083,0,0.5075100064277649,8,1,7,0,D S,Genoa,0,0.9150004107505083,1.9372857082635164,1.8867747876793146,2015
1096,Armando Izzo,33,2659,0,1.2210070984438062,1,0.6992333084344864,15,10,6,2,D M S,Genoa,0,1.2210070984438062,5.952007629908621,5.518354735337198,2015
1097,Edenilson,29,2220,0,0.7434728853404522,0,2.421384960412979,12,21,3,0,D F M S,Udinese,0,0.7434728853404522,5.011822941713035,3.0622322959825397,2015
1103,Nicola Ninkovic,1,4,0,0,0,0,0,0,0,0,S,Chievo,0,0,0.00951823964715004,0.00951823964715004,2015
1105,Riccardo Fiamozzi,8,473,0,0,0,0.3989953137934208,0,3,1,0,D M S,Genoa,0,0,1.3061232743784785,0.979200261645019,2015
1106,Darko Lazovic,15,645,0,1.5716313105076551,2,2.2206919584423304,17,13,0,0,F S,Genoa,0,1.5716313105076551,3.123680330812931,0.3241562955081463,2015
1107,Santiago Gentiletti,19,1710,0,0.8355197785422206,0,0.16608669981360435,9,3,10,0,D,Lazio,0,0.8355197785422206,4.258945726789534,4.239843689836562,2015
1111,Olivier Ntcham,17,998,0,0.7542246021330357,1,1.4775989912450314,23,19,2,0,F M S,Genoa,0,0.7542246021330357,3.179710188880563,1.8053243048489094,2015
1112,Isaac Cofie,29,2163,0,1.1960462983697653,1,0.84447160968557,23,13,7,0,M S,Carpi,0,1.1960462983697653,4.947361752856523,3.547509145922959,2015
1113,Eugenio Lamanna,13,1170,0,0,0,0.0169747993350029,0,1,0,0,GK,Genoa,0,0,0.2048165751621127,0.1878417758271098,2015
1115,Goran Pandev,15,820,0,2.445370130240917,0,0.5491254013031721,17,14,0,1,F S,Genoa,0,2.445370130240917,3.669190786778927,0.866592101752758,2015
1116,Gianluigi Donnarumma,30,2628,0,0,0,0,0,0,3,0,GK,AC Milan,0,0,1.4388288278132677,1.4388288278132677,2015
1117,Andrea Poli,18,560,0,0.17146480176597834,1,0.5581502858549356,5,8,1,0,M S,AC Milan,0,0.17146480176597834,1.2926710974425077,0.6748605035245419,2015
1119,Alessio Romagnoli,34,2942,0,0.339299701154232,0,0.18977060355246067,6,5,8,1,D S,AC Milan,0,0.339299701154232,4.09008592646569,3.907432815991342,2015
1120,Mattia De Sciglio,22,1846,0,0.23795684380456805,1,0.9384735031053424,13,17,3,0,D M S,AC Milan,0,0.23795684380456805,3.2065613847225904,2.5193541068583727,2015
1122,Manuel Locatelli,2,91,0,0,0,0,0,0,1,0,M S,AC Milan,0,0,0.25775500386953354,0.25775500386953354,2015
1131,Rodrigo Ely,3,169,0,0.28124561347067356,0,0,2,0,1,1,D S,AC Milan,0,0.28124561347067356,0.020662400871515274,0.020662400871515274,2015
1132,Gabriel,1,90,0,0,0,0,0,0,0,0,GK,Napoli,0,0,0,0,2015
1138,Orestis Karnezis,38,3420,0,0,0,0,0,0,0,0,GK,Udinese,0,0,2.400981590151787,2.400981590151787,2015
1139,Silvan Widmer,27,1899,0,2.268102178350091,2,2.2156026922166348,23,17,4,0,D M S,Udinese,0,2.268102178350091,5.709241585806012,2.8191450014710426,2015
1140,Danilo,34,2945,0,1.1143196895718575,0,0.5170557349920273,14,4,9,2,D,Udinese,0,1.1143196895718575,2.5098605062812567,2.4763203095644712,2015
1149,Thomas Heurtaux,15,1076,0,0.036850299686193466,0,0.04672529920935631,2,1,4,0,D S,Udinese,0,0.036850299686193466,1.7340353336185217,1.6504592206329107,2015
1151,Emil Hallfredsson,27,1884,0,0.4543980024755001,1,2.0538944015279412,19,25,11,0,M S,"Udinese,Verona",0,0.4543980024755001,5.23871223628521,3.8017950113862753,2015
1159,Molla Wagué,21,1690,0,0.8481212230399251,0,0.7787601761519909,11,4,5,1,D S,Udinese,0,0.8481212230399251,0.9355384930968285,0.8862321972846985,2015
1160,Albano Bizzarri,35,3150,0,0,0,0,0,0,2,0,GK,Chievo,0,0,0.9580840105190873,0.9580840105190873,2015
1165,Gastón Brugman,14,969,0,0.55730040371418,1,1.341470867395401,16,18,2,0,M S,Palermo,0,0.55730040371418,3.6174439135938883,2.079966928809881,2015
1168,Bryan Cristante,4,92,0,0.16478699445724487,0,0,2,0,0,0,M S,Palermo,0,0.16478699445724487,0,0,2015
1179,Leandro Castán,5,381,0,0,0,0,0,0,1,0,D S,Roma,0,0,0.370441310107708,0.370441310107708,2015
1184,Mirko Valdifiori,6,461,0,0.028227100148797035,0,0.5766449011862278,1,10,3,0,M,Napoli,0,0.028227100148797035,2.617426037788391,2.498901940882206,2015
1195,Daniele Padelli,35,3150,0,0,0,0.03451000154018402,0,1,3,0,GK,Torino,0,0,3.605577552691102,3.605577552691102,2015
1200,Federico Marchetti,29,2549,0,0,0,0.048809800297021866,0,1,0,0,GK,Lazio,0,0,3.369864970445633,3.321055170148611,2015
1201,Dusan Basta,23,1823,0,0.6250430019572377,0,1.0557346837595105,11,10,1,0,D S,Lazio,0,0.6250430019572377,5.6680609267205,4.101261957548559,2015
1203,Wesley Hoedt,25,2048,0,0.6090992037206888,0,0,12,0,4,1,D S,Lazio,0,0.6090992037206888,2.930155599489808,2.879063682630658,2015
1204,Patric,9,578,0,0.08710720296949148,0,0.08905299939215183,3,3,2,1,D S,Lazio,0,0.08710720296949148,1.7014469541609287,1.5654727537184954,2015
1221,Jacopo Sala,23,1684,0,0.38479639776051044,1,1.0787752568721771,11,19,8,0,D F M S,"Sampdoria,Verona",0,0.38479639776051044,3.3903923938050866,2.357534068636596,2015
1222,Matías Silvestre,25,1967,0,0.27278199791908264,0,0.03309589996933937,4,1,7,0,D S,Sampdoria,0,0.27278199791908264,3.0613794261589646,3.0282835261896253,2015
1223,Milan Skriniar,3,104,0,0,0,0,0,0,1,1,D S,Sampdoria,0,0,0.08939679712057114,0.08939679712057114,2015
1224,Vasco Regini,15,1219,0,0.43717330135405064,0,0.02471430040895939,8,1,2,0,D M S,"Napoli,Sampdoria",0,0.43717330135405064,1.8367950823158026,1.7117996886372566,2015
1225,Edgar Barreto,30,2174,0,0.8835309008136392,1,0.9428461212664843,18,13,3,0,M S,Sampdoria,0,0.8835309008136392,4.922878047451377,3.325183479115367,2015
1232,Angelo Palombo,7,378,0,0.010784699581563473,0,0,1,0,0,0,M S,Sampdoria,0,0.010784699581563473,0.044584198854863644,0.03379949927330017,2015
1241,Pedro Pereira,9,647,0,0.040412529837340117,1,0.6704247891902924,3,2,0,0,D S,Sampdoria,0,0.040412529837340117,2.6191138005815446,1.9082760121673346,2015
1243,Davide Brivio,14,1005,0,0.22610469814389944,0,0.1992655023932457,9,5,2,0,D S,Atalanta,0,0.22610469814389944,1.478652561083436,1.3212176095694304,2015
1244,Wojciech Szczesny,34,3060,0,0,0,0.03354660049080849,0,1,1,0,GK,Roma,0,0,5.307904716581106,5.274358216673136,2015
1247,Juan Jesus,19,1415,0,0.46581568755209446,0,1.2203094903379679,4,9,3,0,D S,Inter,0,0.46581568755209446,4.43399147503078,3.1084288004785776,2015
1256,Kevin Strootman,5,189,0,0.13229499757289886,1,0.5652880072593689,2,3,1,0,M S,Roma,0,0.13229499757289886,2.8816550076007843,2.2659260034561157,2015
1263,Josip Posavec,1,90,0,0,0,0,0,0,0,0,GK,Palermo,0,0,0.08762460201978683,0.08762460201978683,2015
1265,Thiago Cionek,5,450,0,0.04642169922590256,1,0.2108139991760254,1,1,2,0,D,Palermo,0,0.04642169922590256,0.9073208868503571,0.696507079526782,2015
1266,Sinisa Andjelkovic,23,1908,0,0.5985748209059238,1,0.4905713051557541,2,2,3,1,D S,Palermo,0,0.5985748209059238,1.5703505892306566,1.5703505892306566,2015
1267,Michel Morganella,14,1025,0,0.13033220171928406,1,0.47825470194220543,5,4,4,1,D M S,Palermo,0,0.13033220171928406,2.7000114861875772,2.495206566527486,2015
1269,Alessandro Gazzi,15,963,0,0.03397189825773239,0,0.22508399933576584,1,10,4,0,M S,Torino,0,0.03397189825773239,3.995440660044551,3.8601540233939886,2015
1271,Ivaylo Chochev,27,1744,0,1.987008597701788,2,0.9582018852233887,28,11,6,0,M S,Palermo,0,1.987008597701788,4.132161922752857,1.7818534718826413,2015
1273,Mato Jajalo,28,2040,0,1.3178803315386176,1,1.6047134334221482,20,19,8,0,M S,Palermo,0,1.3178803315386176,5.630558034405112,4.208921299315989,2015
1274,Andrea Rispoli,22,1422,0,0.46901059802621603,4,2.1139312023296952,12,19,3,0,D M S,Palermo,0,0.46901059802621603,4.116759927943349,2.0828017834573984,2015
1279,Roberto Vitiello,10,701,0,0.11895260214805603,0,0.07629360258579254,2,1,3,1,D S,Palermo,0,0.11895260214805603,0.9962043836712837,0.9962043836712837,2015
1281,Giuseppe Pezzella,9,595,0,0.020130129531025887,0,0.5618799924850464,2,4,0,0,D S,Palermo,0,0.020130129531025887,1.0232293074950576,0.8266965970396996,2015
1285,Gianluigi Buffon,35,3150,0,0,0,0,0,0,1,0,GK,Juventus,0,0,3.9702723305672407,3.9702723305672407,2015
1297,Neto,3,270,0,0,0,0,0,0,0,0,GK,Juventus,0,0,0.12040259316563606,0.12040259316563606,2015
1300,Claudio Marchisio,23,1930,0,0.6715672053396702,2,1.308516502380371,26,22,8,0,M,Juventus,0,0.6715672053396702,8.444016555324197,7.294600326567888,2015
1301,Daniele Rugani,17,1158,0,0.16974810604006052,0,0.0872621014714241,3,1,2,0,D S,Juventus,0,0.16974810604006052,4.046101508662105,3.9510120935738087,2015
1303,Stephan Lichtsteiner,26,1841,0,1.2069379929453135,1,2.7899034693837166,16,18,5,0,D S,Juventus,0,1.2069379929453135,9.449096823111176,5.823846723884344,2015
1305,Lukasz Skorupski,31,2790,0,0.11197599768638611,0,0,1,0,2,0,GK,Empoli,0,0.11197599768638611,2.1772684026509523,2.1772684026509523,2015
1309,Manuel Pasqual,17,1032,0,0.19788679480552673,2,2.2515373304486275,4,22,5,0,D M S,Fiorentina,0,0.19788679480552673,4.072401523590088,2.6999689005315304,2015
1310,José Mauri,5,245,0,0.2988658957183361,0,0.1520685963332653,7,5,2,0,M S,AC Milan,0,0.2988658957183361,0.5505954101681709,0.17663700133562088,2015
1312,Daniele Croce,28,1788,0,0.7761713089421391,1,1.9683713652193546,12,17,3,0,M S,Empoli,0,0.7761713089421391,4.585762489587069,2.7901086108759046,2015
1319,Levan Mchedlidze,13,300,0,0.6399458050727844,0,0.17402580380439758,12,3,2,1,F S,Empoli,0,0.6399458050727844,1.7446662541478872,1.074511682614684,2015
1320,Federico Barba,10,891,0,0.18592740129679441,1,0.04087189957499504,3,1,3,0,D,Empoli,0,0.18592740129679441,0.8444876940920949,0.8314018938690424,2015
1321,Alberto Pelagotti,6,540,0,0,0,0,0,0,0,0,GK,Empoli,0,0,0.6216709110885859,0.6216709110885859,2015
1322,Raffaele Maiello,12,466,0,0.08123910240828991,0,0.3594444040209055,4,8,1,0,M S,Empoli,0,0.08123910240828991,1.400111299008131,1.092732299119234,2015
1323,Marco Zambelli,19,1246,0,0,0,0.21918299980461597,0,3,3,0,D S,Empoli,0,0,2.7005109060555696,2.50219620205462,2015
1326,Assane Diousse,15,825,0,0.07988989911973476,0,0.045773500576615334,5,3,2,1,M S,Empoli,0,0.07988989911973476,2.0812575770542026,2.0260120881721377,2015
1328,Stefano Sorrentino,35,3097,0,0,0,0.034233201295137405,0,1,1,0,GK,Palermo,0,0,0.8525502849370241,0.8183170836418867,2015
1330,Alessandro Gamberini,22,1816,0,0.23397660069167614,1,0.24204760044813156,3,3,1,0,D,Chievo,0,0.23397660069167614,1.3013683632016182,1.3013683632016182,2015
1332,Massimo Gobbi,34,2782,0,0.46111399587243795,1,0.8861912004649639,13,17,7,0,D S,Chievo,0,0.46111399587243795,6.982057752087712,6.265747902914882,2015
1341,Ivan Radovanovic,26,2076,0,0.37213959638029337,0,0.44005959015339613,18,9,9,0,M S,Chievo,0,0.37213959638029337,3.6318197259679437,3.3217867268249393,2015
1342,Nicolás Spolli,14,1094,0,0.24732640013098717,0,0.012982499785721302,3,1,5,1,D S,"Carpi,Chievo",0,0.24732640013098717,0.2537611033767462,0.24077860359102488,2015
1344,Nicolas Frey,19,1486,0,0.03891260176897049,0,0.09566680155694485,1,3,3,0,D S,Chievo,0,0.03891260176897049,0.9965999107807875,0.9009330095723271,2015
1345,Andrea Seculin,3,270,0,0,0,0,0,0,0,0,GK,Chievo,0,0,0.020819900557398796,0.020819900557398796,2015
1352,Aleandro Rosi,27,2161,0,0.6136047001928091,0,1.0022299378179014,15,14,6,0,D S,Frosinone,0,0.6136047001928091,4.0820240043103695,3.142627503722906,2015
1356,Lorenzo Crisetig,5,355,0,0.010997800156474113,0,0.027701299637556076,1,2,1,0,M S,Bologna,0,0.010997800156474113,0.10437580291181803,0.09337800089269876,2015
1359,Aleksandar Tonev,22,1073,0,1.1244863397441804,1,1.109284209087491,31,10,2,0,F M S,Frosinone,0,1.1244863397441804,1.3950126213021576,0.42422569543123245,2015
1365,Djamel Mesbah,7,583,0,0.03905780054628849,0,0.47413170896470547,2,3,2,0,D S,Sampdoria,0,0.03905780054628849,1.6896639484912157,1.176468988880515,2015
1374,José Reina,37,3330,0,0,0,0.26043701171875,0,1,1,0,GK,Napoli,0,0,6.209069915115833,5.948632903397083,2015
1375,Elseid Hysaj,37,3286,0,0.3578750966116786,2,3.1406991239637136,11,26,5,0,D,Napoli,0,0.3578750966116786,16.075025744736195,15.009397190064192,2015
1376,Kalidou Koulibaly,33,2889,0,0.3517345003783703,0,0.37158630322664976,5,9,11,0,D S,Napoli,0,0.3517345003783703,12.453371416777372,12.204853381961584,2015
1377,Nikola Maksimovic,16,1440,0,0.1603856012225151,1,1.205811600200832,2,17,3,0,D,Torino,0,0.1603856012225151,5.237322561442852,4.452261134982109,2015
1378,Ivan Strinic,5,249,0,0.076617700047791,0,0.016227800399065018,3,1,0,0,D S,Napoli,0,0.076617700047791,1.8081478141248226,1.767411794513464,2015
1380,Amadou Diawara,34,2728,0,0.39332329388707876,1,0.8784399107098579,20,22,9,2,M S,Bologna,0,0.39332329388707876,7.016985603608191,5.929287356324494,2015
1387,Faouzi Ghoulam,34,2920,0,0.61505619995296,3,2.6379287419840693,22,32,3,0,D S,Napoli,0,0.61505619995296,16.64284983277321,14.43050441145897,2015
1389,Jorginho,35,2911,0,0.11802710127085447,4,5.602942186873406,6,65,10,1,M S,Napoli,0,0.11802710127085447,22.868393044918776,21.751938288100064,2015
1391,Christian Maggio,8,390,0,0.023000700399279594,0,0.13627400435507298,1,2,0,0,D S,Napoli,0,0.023000700399279594,0.8043159022927284,0.7769054025411606,2015
1402,Mauricio Isla,1,9,0,0,0,0.07004079967737198,0,1,0,0,S,Juventus,0,0,0.07004079967737198,0.07004079967737198,2015
1410,Rafael,12,1008,0,0,0,0,0,0,0,1,GK,Verona,0,0,0.3985562967136502,0.3985562967136502,2015
1415,Luca Bittante,16,509,0,0.033604199066758156,0,0.45004410296678543,2,3,0,0,D S,Empoli,0,0.033604199066758156,1.9747438691556454,1.6068771705031395,2015
1416,Ciprian Tatarusanu,37,3312,0,0,0,0,0,0,2,0,GK,Fiorentina,0,0,3.314770626835525,3.314770626835525,2015
1419,Davide Astori,33,2901,0,0.5959967942908406,0,0.7525466876104474,12,8,5,0,D S,Fiorentina,0,0.5959967942908406,9.039851164445281,8.882964177057147,2015
1432,Luca Lezzerini,2,108,0,0,0,0,0,0,0,0,GK S,Fiorentina,0,0,0.10148779675364494,0.10148779675364494,2015
1435,Nenad Tomovic,24,1669,0,0.5000854954123497,0,0.39222550485283136,6,8,5,0,D S,Fiorentina,0,0.5000854954123497,5.230158003047109,5.054839273914695,2015
1437,Ângelo Da Costa,5,450,0,0,0,0.09955400228500366,0,1,1,0,GK,Bologna,0,0,0.1393315028399229,0.03977759927511215,2015
1438,Vasilis Torosidis,11,570,0,0.1309954971075058,0,0.24758040346205235,2,4,2,0,D S,Roma,0,0.1309954971075058,2.863872416317463,2.7997584119439125,2015
1439,Domenico Maietta,19,1565,0,0.044417399913072586,0,0.030605999752879143,1,1,4,0,D S,Bologna,0,0.044417399913072586,1.9828669000416994,1.9828669000416994,2015
1442,Saphir Taïder,29,2113,0,1.5710948542691767,1,1.4126004874706268,33,20,4,0,M S,Bologna,0,1.5710948542691767,6.8370960699394345,5.071814286522567,2015
1448,Erick Pulgar,11,618,0,0.14642540086060762,0,0.04647250100970268,6,2,2,0,M S,Bologna,0,0.14642540086060762,0.6186401015147567,0.4687964031472802,2015
1453,Marios Oikonomou,20,1616,0,0.8256530165672302,1,0.08395880274474621,4,2,5,1,D S,Bologna,0,0.8256530165672302,1.9907195921987295,1.9907195921987295,2015
1454,Alex Ferrari,21,1250,0,0.6072196019813418,0,0.474895590916276,7,3,6,0,D S,Bologna,0,0.6072196019813418,2.9710255283862352,2.4164979802444577,2015
1457,Luca Rizzo,23,1431,0,1.1660567969083786,2,1.474922708235681,16,15,2,1,F M S,Bologna,0,1.1660567969083786,3.346249614842236,1.4310718048363924,2015
1458,Ibrahima Mbaye,15,985,0,0.2158658979460597,0,0.08258719928562641,5,2,3,1,D F S,Bologna,0,0.2158658979460597,1.6108629135414958,1.5599853051826358,2015
1460,Andrea Consigli,37,3268,0,0,0,0,0,0,3,1,GK,Sassuolo,0,0,2.797000030055642,2.797000030055642,2015
1462,Paolo Cannavaro,31,2644,0,0.08002332923933864,1,0.10813619941473007,4,5,8,0,D S,Sassuolo,0,0.08002332923933864,3.5650023091584444,3.467262117192149,2015
1467,Davide Biondini,22,1112,0,0.4138102997094393,0,0.9744377881288528,7,9,3,0,M S,Sassuolo,0,0.4138102997094393,2.6568315271288157,1.6963154133409262,2015
1475,Claud Adjapong,2,17,0,0,0,0,0,0,0,0,S,Sassuolo,0,0,0,0,2015
1478,Marcello Gazzola,9,472,0,0.15975099802017212,1,0.5125300288200378,2,1,1,0,D S,Sassuolo,0,0.15975099802017212,1.1415337286889553,0.5579307042062283,2015
1480,Gianluca Pegolo,2,150,0,0,0,0,0,0,1,0,GK S,Sassuolo,0,0,0,0,2015
1482,Luca Antei,5,341,0,0,1,0.5270050168037415,0,1,2,0,D S,Sassuolo,0,0,0.3901825025677681,0.3901825025677681,2015
1483,Etrit Berisha,11,871,0,0,0,0,0,0,1,0,GK S,Lazio,0,0,1.486049734055996,1.486049734055996,2015
1485,Andrea Masiello,29,2402,0,0.16413219925016165,1,0.4491378990933299,4,11,7,0,D S,Atalanta,0,0.16413219925016165,2.7621650360524654,2.468534242361784,2015
1490,Boukary Dramé,25,2054,0,1.5043239863589406,0,1.132043469697237,17,16,1,1,D M,Atalanta,0,1.5043239863589406,5.318755155429244,3.519793984480202,2015
1495,Abdoulay Konko,18,1528,0,0.65562579408288,0,0.43023139238357544,13,9,3,0,D S,Lazio,0,0.65562579408288,4.179666909389198,3.38665231782943,2015
1496,Roberto Gagliardini,1,82,0,0.08660189807415009,0,0.018917100504040718,2,1,0,0,M,Atalanta,0,0.08660189807415009,0.1531050056219101,0.08038049936294556,2015
1499,Cristian Raimondi,18,721,0,0.5606372058391571,0,0.05214599892497063,6,3,4,0,D F S,Atalanta,0,0.5606372058391571,1.0998475942760706,0.7309860866516829,2015
1501,Marco Sportiello,36,3240,0,0,0,0.06082829833030701,0,2,2,0,GK,Atalanta,0,0,1.9987549828365445,1.961369783617556,2015
1503,Giulio Migliaccio,17,499,0,0.15978650003671646,0,0.2109912009909749,3,4,2,0,M S,Atalanta,0,0.15978650003671646,2.456754542887211,2.3832095935940742,2015
1504,Alberto Grassi,13,996,0,1.0384637992829084,0,0.5802081869915128,15,8,4,1,M,Atalanta,0,1.0384637992829084,1.8274936135858297,0.7710794853046536,2015
1505,Samir Handanovic,36,3240,0,0,0,0,0,0,5,0,GK,Inter,0,0,3.3571141995489597,3.3571141995489597,2015
1506,Yuto Nagatomo,22,1647,0,0.1939105037599802,0,1.4336216496303678,7,10,4,2,D S,Inter,0,0.1939105037599802,5.186548859812319,3.847283692099154,2015
1509,Davide Santon,12,983,0,0.10759230144321918,1,0.7151427278295159,3,5,1,0,D S,Inter,0,0.10759230144321918,2.358341060578823,2.24532575532794,2015
1515,Cristian Ansaldi,24,2014,0,0.5196882970631123,4,2.375170706771314,13,24,4,0,D M S,Genoa,0,0.5196882970631123,5.257450602948666,3.816483810544014,2015
1519,Juan Pablo Carrizo,2,163,0,0,0,0,0,0,0,0,GK,Inter,0,0,0.15020220167934895,0.15020220167934895,2015
1522,Andrea Ranocchia,24,1346,0,0.8315649032592773,0,0.18864399753510952,8,6,5,1,D S,"Inter,Sampdoria",0,0.8315649032592773,1.9608822911977768,1.895041786134243,2015
1525,Assane Demoya Gnoukouri,2,59,0,0.03213229961693287,0,0.015378200449049473,2,1,0,0,M S,Inter,0,0.03213229961693287,0.0657201036810875,0.04805169999599457,2015
1527,Emanuele Terranova,6,333,0,0,0,0,0,0,1,0,D S,Sassuolo,0,0,0.19317089393734932,0.19317089393734932,2015
1530,Andrea Coda,4,117,0,0,0,0,0,0,1,0,D S,Sampdoria,0,0,0.06240769848227501,0.06240769848227501,2015
1532,Emiliano Viviano,37,3330,0,0,0,0.04549359902739525,0,1,2,0,GK,Sampdoria,0,0,1.8353431969881058,1.7898491993546486,2015
1533,Dodô,17,1425,0,0.4198947395198047,1,2.2023942936211824,11,15,4,0,D M S,Sampdoria,0,0.4198947395198047,2.7241907883435488,1.3291656151413918,2015
1535,Accursio Bentivegna,1,9,0,0,0,0,0,0,1,0,S,Palermo,0,0,0,0,2015
1536,Norbert Balogh,4,46,0,0.135576993227005,0,0.01702909916639328,2,1,0,0,S,Palermo,0,0.135576993227005,0.19034799933433533,0.1415800005197525,2015
1541,Stefan de Vrij,2,180,0,0,0,0,0,0,0,0,D,Lazio,0,0,0.4677870124578476,0.4677870124578476,2015
1542,Stefan Radu,13,1099,0,0.16528570000082254,1,1.3495297245681286,7,15,3,1,D,Lazio,0,0.16528570000082254,3.123292911797762,1.9764378322288394,2015
1545,Emil Krafth,4,141,0,0,0,0.023020900785923004,0,2,0,0,D S,Bologna,0,0,0.1878949999809265,0.16487400233745575,2015
1546,Federico Mattiello,1,90,0,0.13218100368976593,1,0.6288660168647766,3,4,0,0,D,Chievo,0,0.13218100368976593,0.7361980080604553,0.1252249926328659,2015
1553,Maurizio Pugliesi,1,90,0,0,0,0,0,0,0,0,GK,Empoli,0,0,0,0,2015
1554,Uros Cosic,9,810,0,0.020170100033283234,0,0.03425920009613037,1,2,4,0,D,Empoli,0,0.020170100033283234,0.6298571974039078,0.6166701912879944,2015
1557,Carlos Carmona,8,466,0,0.059800099581480026,0,0.19678779691457748,1,3,2,1,M S,Atalanta,0,0.059800099581480026,1.7081992849707603,1.4516133852303028,2015
1558,Davide Bassi,1,90,0,0,0,0,0,0,0,0,GK,Atalanta,0,0,0,0,2015
1559,Filippo Costa,6,120,0,0,0,0.1782532036304474,0,2,0,0,S,Chievo,0,0,0.8562879916280508,0.7839958947151899,2015
1561,Panagiotis Kone,6,240,0,0.3750631995499134,1,0.9192694695666432,11,5,0,1,M S,"Fiorentina,Udinese",0,0.3750631995499134,1.453272968530655,0.35982780158519745,2015
1570,Rey Manaj,4,28,0,0.18074879795312881,0,0.08526860177516937,2,1,1,0,S,Inter,0,0.18074879795312881,0.28768499195575714,0.021667100489139557,2015
1573,Riccardo Montolivo,31,2694,0,0.6952969050034881,1,0.8276237417012453,29,19,5,0,M,AC Milan,0,0.6952969050034881,9.490717504173517,8.393490340560675,2015
1574,Davide Calabria,6,371,0,0.016867099329829216,0,0.6382484994828701,1,6,4,0,D S,AC Milan,0,0.016867099329829216,0.8841638956218958,0.7719967998564243,2015
1587,Kwadwo Asamoah,11,575,0,0.9970532832667232,1,0.5836338009685278,9,10,1,0,M S,Juventus,0,0.9970532832667232,3.647328406572342,2.3203982561826706,2015
1596,Archimede Morleo,5,402,0,0.1018171003088355,0,0.1279643988236785,4,3,0,0,D,Bologna,0,0.1018171003088355,1.1730525251477957,1.0580905135720968,2015
1599,Norbert Gyömbér,6,88,0,0,0,0.06844530254602432,0,2,1,0,S,Roma,0,0,0.06844530254602432,0,2015
1602,Daniel Pavlovic,22,1939,0,0.6163249043747783,5,3.0421848874539137,12,42,6,0,D,Frosinone,0,0.6163249043747783,2.551100531592965,1.618318434804678,2015
1607,Franco Signorelli,1,31,0,0,0,0.04840150102972984,0,1,0,0,S,Empoli,0,0,0.04840150102972984,0,2015
1608,Salvador Ichazo,3,270,0,0,0,0,0,0,0,0,GK,Torino,0,0,0.36931900680065155,0.36931900680065155,2015
1609,Antonio Mirante,33,2970,0,0,0,0.016864599660038948,0,1,2,0,GK,Bologna,0,0,2.4424251234158874,2.4255605237558484,2015
1618,Diego López,8,720,0,0,0,0.01899150013923645,0,1,1,0,GK,AC Milan,0,0,0.2537708003073931,0.2537708003073931,2015
1630,Giovanni Marchese,11,670,0,0.14282039925456047,0,0.05293930135667324,4,2,4,0,D S,Genoa,0,0.14282039925456047,0.9115875959396362,0.8709927946329117,2015
1633,Issa Cissokho,13,628,0,0.02810169942677021,1,0.38307980075478554,1,8,0,1,M S,Genoa,0,0.02810169942677021,1.0857535135000944,0.9726200941950083,2015
1644,Giuseppe Rossi,11,365,0,0.9762492943555117,2,1.6422579884529114,16,8,1,0,F S,Fiorentina,0,0.9762492943555117,2.9037553016096354,0.4459765963256359,2015
1677,Nathaniel Chalobah,5,25,0,0,0,0.10918350145220757,0,2,0,0,S,Napoli,0,0,0.30212150141596794,0.2828359007835388,2015
1722,Juan Zuñiga,9,443,0,0.15790180023759604,1,0.6658714935183525,8,3,0,0,M S,Bologna,0,0.15790180023759604,0.37805949803441763,0.16884719766676426,2015
1723,Roberto Pereyra,13,799,0,0.6136704944074154,1,2.316787696443498,10,25,0,0,F M S,Juventus,0,0.6136704944074154,5.272463254630566,4.051547106355429,2015
1728,Fernando Llorente,1,11,0,0,0,0,0,0,0,0,S,Juventus,0,0,0,0,2015
1792,Mário Rui,36,3240,0,0.7919536926783621,2,1.99620171636343,29,33,6,1,D,Empoli,0,0.7919536926783621,8.150783556513488,6.8070357935503125,2015
1793,Alessandro Piu,10,207,0,0.213092602789402,0,0.015741299837827682,3,1,0,0,F S,Empoli,0,0.213092602789402,0.3301732987165451,0.11708059906959534,2015
1795,Michele Camporese,2,162,0,0.1273529976606369,0,0,1,0,0,0,D,Empoli,0,0.1273529976606369,0.017283400520682335,0.017283400520682335,2015
1797,Lorenzo Ariaudo,9,654,0,0.0791287012398243,0,0,2,0,0,0,D S,"Empoli,Sassuolo",0,0.0791287012398243,0.37211039662361145,0.37211039662361145,2015
1800,Kamil Glik,33,2970,0,1.3782808021642268,0,0.24972190894186497,19,4,11,0,D,Torino,0,1.3782808021642268,6.340769223868847,6.1515519339591265,2015
1802,Alexander Farnerud,5,83,0,0.03381830081343651,0,0.2013848926872015,2,3,0,0,S,Torino,0,0.03381830081343651,0.2510685920715332,0.05560709908604622,2015
1806,Alberto Brignoli,1,90,0,0,0,0,0,0,0,0,GK,Sampdoria,0,0,0.012842499651014805,0.012842499651014805,2015
1808,Nenad Krsticic,10,539,0,0.13062860071659088,1,0.44311050325632095,4,5,5,0,M S,Sampdoria,0,0.13062860071659088,1.0283579714596272,0.608641192317009,2015
1811,Andrés Ponce,1,4,0,0,0,0,0,0,0,0,S,Sampdoria,0,0,0,0,2015
1812,Alejandro Rodriguez,6,33,0,0,0,0,0,0,0,0,S,Sampdoria,0,0,0,0,2015
1813,Mattia Cassani,25,2032,0,0.46122399531304836,1,0.6436436157673597,3,8,6,1,D S,Sampdoria,0,0.46122399531304836,3.0577502194792032,2.7175243105739355,2015
1821,Christian Abbiati,1,72,0,0,0,0,0,0,0,0,S,AC Milan,0,0,0.03645459935069084,0.03645459935069084,2015
1825,Morgan De Sanctis,4,360,0,0,0,0,0,0,0,0,GK,Roma,0,0,0.1398083046078682,0.1398083046078682,2015
1827,Alessandro Longhi,6,315,0,0.011288300156593323,1,0.31611729320138693,1,2,1,0,D S,Sassuolo,0,0.011288300156593323,0.3922264948487282,0.07610920071601868,2015
1828,Alex Telles,21,1580,0,0.3433345751836896,1,2.144372832030058,13,25,5,1,D S,Inter,0,0.3433345751836896,5.172938000410795,4.3594367522746325,2015
1829,Fabio Della Giovanna,1,8,0,0,0,0,0,0,0,0,S,Inter,0,0,0,0,2015
1830,Ionut Radu,1,17,0,0,0,0,0,0,0,0,S,Inter,0,0,0,0,2015
1839,Fabrizio Alastra,2,143,0,0,0,0,0,0,0,0,GK S,Palermo,0,0,0.045963600277900696,0.045963600277900696,2015
1841,Pierluigi Gollini,26,2320,0,0,0,0,0,0,2,0,GK S,Verona,0,0,0.38933590054512024,0.38933590054512024,2015
1844,Urby Emanuelson,11,615,0,0.5066535957157612,1,0.9637552015483379,14,10,0,0,D M S,Verona,0,0.5066535957157612,2.3171874657273293,1.8036946021020412,2015
1845,Pawel Wszolek,28,1825,0,1.0842307172715664,5,3.68717142380774,12,34,4,1,F M S,"Sampdoria,Verona",0,1.0842307172715664,6.230624455958605,1.849278281442821,2015
1848,Luca Checchin,4,95,0,0,0,0,0,0,1,0,M S,Verona,0,0,0.13182200491428375,0.13182200491428375,2015
1849,Rômulo,9,255,0,0.7133155083283782,1,0.2654010020196438,11,5,0,0,S,Verona,0,0.7133155083283782,1.030113721266389,0.10836999863386154,2015
1850,Dominik Furman,1,18,0,0,0,0,0,0,0,0,S,Verona,0,0,0,0,2015
1854,Ferdinando Coppola,1,90,0,0,0,0,0,0,0,0,GK,Verona,0,0,0.8431879878044128,0.8431879878044128,2015
1855,Michelangelo Albertazzi,10,716,0,0,0,0.45620250329375267,0,4,4,0,D S,Verona,0,0,0.7102682935073972,0.3611465012654662,2015
1858,Massimo Zappino,4,331,0,0,0,0.02838060911744833,0,2,0,0,GK S,Frosinone,0,0,0.10474521014839411,0.09723220020532608,2015
1859,Matteo Ciofani,18,1294,0,0.09129699878394604,1,0.369511891156435,4,5,2,0,D S,Frosinone,0,0.09129699878394604,1.0748527087271214,0.654769298620522,2015
1862,Roberto Crivello,17,1440,0,0.06570800021290779,1,0.5482480954378843,2,14,5,0,D S,Frosinone,0,0.06570800021290779,1.1321572018787265,0.7125314949080348,2015
1864,Mirko Gori,28,2187,0,0.43990139849483967,0,0.5689426995813847,23,13,10,1,M S,Frosinone,0,0.43990139849483967,3.882754100486636,3.1762288995087147,2015
1869,Robert Gucher,24,1369,0,0.3286994080990553,0,1.2220198269933462,21,19,3,0,M S,Frosinone,0,0.3286994080990553,1.2905294056981802,0.7592307068407536,2015
1870,Massimiliano Carlini,14,365,0,0.18138370104134083,0,0.3980024065822363,4,11,0,0,M S,Frosinone,0,0.18138370104134083,1.4099906980991364,0.938247062265873,2015
1872,Raman Chibsah,22,1159,0,0.270980903878808,2,0.8461986873298883,11,16,1,1,M S,Frosinone,0,0.270980903878808,2.1553749311715364,1.5013478361070156,2015
1873,Nicola Leali,33,2970,0,0,0,0.013170500285923481,0,1,3,0,GK,Frosinone,0,0,2.092812728136778,2.079642228782177,2015
1874,Samuele Longo,18,316,0,0.8150248005986214,1,0.23692849837243557,10,4,2,0,F S,Frosinone,0,0.8150248005986214,1.3619217071682215,0.5425191894173622,2015
1875,Vasiliy Pryima,5,292,0,0.04530540108680725,0,0,1,0,1,0,D S,Frosinone,0,0.04530540108680725,0.04358629882335663,0.04358629882335663,2015
1880,Mauricio,24,1914,0,0.7586345113813877,0,0.0924542024731636,10,1,13,1,D S,Lazio,0,0.7586345113813877,2.8110479274764657,2.709911913610995,2015
1882,Edson Braafheid,5,334,0,0.029617799445986748,0,0,2,0,0,0,D S,Lazio,0,0.029617799445986748,0.22101259231567383,0.22101259231567383,2015
1883,Ravel Morrison,4,56,0,0,0,0.056311700493097305,0,1,0,0,S,Lazio,0,0,0.19831449538469315,0.14200259745121002,2015
1885,Tino Costa,19,1223,0,0.5673193046823144,0,1.5208307816646993,19,17,7,0,M S,"Fiorentina,Genoa",0,0.5673193046823144,3.9795369636267424,3.166370054706931,2015
1887,Iván Piris,27,1860,0,0.05115329008549452,0,0.18610879965126514,4,4,5,0,D S,Udinese,0,0.05115329008549452,2.750632757321,2.6175327505916357,2015
1889,Giovanni Pasquale,6,227,0,0,0,0.030587000772356987,0,1,2,0,D S,Udinese,0,0,0.1606817990541458,0.1606817990541458,2015
1890,Maurizio Domizzi,5,272,0,0.01807050034403801,0,0.11831700056791306,1,1,1,0,D S,Udinese,0,0.01807050034403801,0.16032099723815918,0.16032099723815918,2015
1891,Guilherme,5,344,0,0.11654869839549065,0,0.24642710760235786,6,6,1,0,M S,Udinese,0,0.11654869839549065,0.7462965101003647,0.7273128107190132,2015
1894,Simone Colombi,2,180,0,0,0,0,0,0,0,0,GK,"Carpi,Palermo",0,0,0.13371999561786652,0.13371999561786652,2015
1897,Emanuele Suagher,9,721,0,0.21071679890155792,0,0.010909300297498703,3,1,8,0,D S,Carpi,0,0.21071679890155792,0.2779778093099594,0.2779778093099594,2015
1901,Raphael Martinho,11,693,0,0.5967795541509986,0,0.12840750068426132,10,5,3,0,M S,Carpi,0,0.5967795541509986,1.5010978765785694,0.8896492999047041,2015
1902,Marco Crimi,20,1001,0,0.30694760009646416,1,0.891895204782486,7,9,9,0,M S,"Bologna,Carpi",0,0.30694760009646416,1.9147479049861431,0.9827045947313309,2015
1904,Filippo Porcari,4,181,0,0.0303311999887228,0,0.5003715921193361,2,4,1,0,M S,Carpi,0,0.0303311999887228,0.8116893246769905,0.3140610009431839,2015
1906,Matteo Fedele,8,570,0,0.5139713920652866,0,0.6659411825239658,11,8,2,0,M,Carpi,0,0.5139713920652866,1.1974385334178805,0.860985504463315,2015
1908,Vid Belec,30,2700,0,0,0,0,0,0,1,0,GK,Carpi,0,0,1.0429367143660784,1.0429367143660784,2015
1909,Fabio Daprelà,7,208,0,0.02236259914934635,0,0,1,0,2,0,M S,"Carpi,Palermo",0,0.02236259914934635,0.36557150445878506,0.3432089053094387,2015
1911,Giampiero Pinzi,18,986,0,0.11851790174841881,0,0.27890730649232864,3,7,7,0,M S,Chievo,0,0.11851790174841881,2.0737492572516203,1.8138012122362852,2015
1912,Paul-José M&#039;Poku,20,744,0,1.1551224924623966,0,1.1604936942458153,17,17,3,0,F M S,Chievo,0,1.1551224924623966,3.0202802270650864,1.2061271201819181,2015
1913,Matteo Brighi,23,1451,0,2.249455191195011,0,1.509355123154819,22,12,3,0,F M S,Bologna,0,2.249455191195011,5.309665816836059,2.1218093279749155,2015
1914,Aaron Mattia Tabacchi,1,7,0,0,0,0.02662220038473606,0,1,0,0,S,Bologna,0,0,0,0,2015
1915,Kevin Constant,7,280,0,0,0,0.1362284980714321,0,4,0,0,D S,Bologna,0,0,0.41176560055464506,0.35120199900120497,2015
1917,Robert Acquafresca,6,203,0,0.14884929731488228,0,0.032381899654865265,3,1,0,0,F S,Bologna,0,0.14884929731488228,0.18123119696974754,0,2015
1920,Gabriel Silva,27,2044,0,0.8714989926666021,2,1.009839005768299,13,14,4,0,D M S,"Carpi,Genoa",0,0.8714989926666021,3.3247645935043693,1.8682684991508722,2015
1924,Diego Capel,21,691,0,0.9454942941665649,0,0.42595950327813625,14,9,2,0,F S,Genoa,0,0.9454942941665649,3.0340583734214306,1.9736118912696838,2015
1926,Boris Radunovic,1,90,0,0,0,0,0,0,0,0,GK,Atalanta,0,0,0,0,2015
1927,Berat Gjimshiti,3,270,0,0.08493810147047043,0,0,1,0,1,0,D,Atalanta,0,0.08493810147047043,0.18868300318717957,0.18868300318717957,2015
1928,Gaetano Monachello,10,349,0,1.119253408163786,0,0,15,0,2,0,F S,Atalanta,0,1.119253408163786,1.6121828109025955,0.6158712133765221,2015
1932,Sanjin Prcic,2,25,0,0,0,0.03982830047607422,0,1,0,0,S,Torino,0,0,0.08391209691762924,0.04408380016684532,2015
1933,Danilo Avelar,6,341,0,0.3372480981051922,2,0.3243967052549124,4,7,1,0,D S,Torino,0,0.3372480981051922,1.0593950152397156,0.6575500071048737,2015
1934,Gastón Silva,12,897,0,0.18866510316729546,1,0.4968920014798641,7,10,3,0,D S,Torino,0,0.18866510316729546,2.1698408890515566,1.9150449242442846,2015
1936,Niklas Moisander,22,1777,0,0.08989999815821648,0,0.25135089829564095,2,6,4,1,D S,Sampdoria,0,0.08989999815821648,3.623611304908991,3.4550104904919863,2015
1938,Carlos Carbonero,14,1028,0,0.5945520084351301,3,1.7868021838366985,6,16,3,0,F M S,Sampdoria,0,0.5945520084351301,4.6626770491711795,2.432314700912684,2015
1942,Martín Cáceres,6,450,0,0.029492700472474098,0,0.0917591005563736,1,2,0,0,D S,Juventus,0,0.029492700472474098,1.2806437239050865,1.2188887223601341,2015
1944,William Vainqueur,16,588,0,0.12719830125570297,2,0.4575206069275737,4,5,3,0,M S,Roma,0,0.12719830125570297,3.2548392452299595,3.1253226920962334,2015
1945,Marco Tumminello,1,1,0,0,0,0,0,0,0,0,S,Roma,0,0,0,0,2015
1948,Nigel de Jong,5,372,0,0.06450080033391714,0,0.10217899829149246,4,2,0,1,M,AC Milan,0,0.06450080033391714,0.6542423870414495,0.6305244900286198,2015
1950,Martín Montoya,3,257,0,0,0,0.04027640074491501,0,3,0,0,D,Inter,0,0,0.871048629283905,0.846367597579956,2015
1951,Sime Vrsaljko,35,3063,0,1.2461311984807253,4,3.7076441273093224,9,38,8,1,D,Sassuolo,0,1.2461311984807253,8.562707560136914,6.594247806817293,2015
1953,Karim Laribi,11,481,0,0.6694156993180513,0,1.087740708142519,10,11,0,0,M S,Sassuolo,0,0.6694156993180513,1.6618374027311802,0.9321266207844019,2015
1954,Samuel Souprayen,20,1580,0,0.46102459728717804,0,1.1882492154836655,8,14,5,1,D S,Verona,0,0.46102459728717804,3.5041630752384663,2.735051389783621,2015
1956,Mohamed Fares,11,541,0,0.1039217971265316,1,0.7798008043318987,4,7,2,0,D M S,Verona,0,0.1039217971265316,1.6550116073340178,0.9327756687998772,2015
1958,Mattia Zaccagni,3,45,0,0.06801470182836056,0,0,2,0,0,0,S,Verona,0,0.06801470182836056,0.06801470182836056,0,2015
1964,Davide Bertoncini,5,363,0,0,0,0.05569999851286411,0,2,1,0,D S,Frosinone,0,0,0.13153001107275486,0.13153001107275486,2015
1967,Gilberto,10,453,0,0.3372955024242401,0,0.215596504509449,7,4,2,0,M S,"Fiorentina,Verona",0,0.3372955024242401,1.4280918911099434,0.9133525881916285,2015
1971,Simone Romagnoli,30,2639,0,0.5639794273301959,0,0.7487021796405315,12,5,5,0,D,Carpi,0,0.5639794273301959,1.9450135799124837,1.8614497790113091,2015
1974,Zeljko Brkic,4,332,0,0,0,0,0,0,0,0,GK S,Carpi,0,0,0.2819470018148422,0.2819470018148422,2015
1975,Marquinho,11,436,0,0.32368339970707893,0,0.241389200091362,8,5,3,0,M S,Udinese,0,0.32368339970707893,1.4011007291264832,1.0989568871445954,2015
1977,Manuel Iturra,17,1040,0,0.5550439935177565,1,0.6534410733729601,4,5,8,0,M S,Udinese,0,0.5550439935177565,2.8827449027448893,1.6991596762090921,2015
1978,Rodrigo Aguirre,10,333,0,0.8659417796880007,1,1.0158862937241793,7,6,1,0,F S,Udinese,0,0.8659417796880007,2.032961532473564,0.9247854463756084,2015
1979,Filippo Falco,9,204,0,0.13223730400204659,0,0.17974840104579926,4,3,1,0,F S,Bologna,0,0.13223730400204659,0.3446777006611228,0.26522600185126066,2015
1980,Franco Zuculini,1,16,0,0,0,0,0,0,0,0,S,Bologna,0,0,0.03319910168647766,0.03319910168647766,2015
1985,Marcelo Estigarribia,4,20,0,0,0,0,0,0,0,0,S,Atalanta,0,0,0.03277929872274399,0.03277929872274399,2015
1987,Zdravko Kuzmanovic,16,1131,0,0.74933628924191,0,0.19036520179361105,7,9,5,0,M S,Udinese,0,0.74933628924191,2.6899223178625107,1.8862702026963234,2015
1989,Francesco Bardi,2,119,0,0,0,0,0,0,1,0,GK,Frosinone,0,0,0.38578900694847107,0.38578900694847107,2015
1994,Fabrizio Poli,10,853,0,0,0,0.12501800060272217,0,2,5,0,D,Carpi,0,0,0.5827633123844862,0.5398567114025354,2015
1997,Andrea Favilli,1,1,0,0,0,0,0,0,0,0,S,Juventus,0,0,0,0,2015
2003,Antonio La Gumina,3,57,0,0.21155999600887299,0,0,3,0,0,0,S,Palermo,0,0.21155999600887299,0.1599009931087494,0,2015
2008,Lorenzo Di Livio,1,19,0,0,0,0,0,0,1,0,S,Roma,0,0,0.0672203004360199,0.0672203004360199,2015
2010,Simone Edera,2,4,0,0,0,0,0,0,0,0,S,Torino,0,0,0,0,2015
2018,Amauri,1,6,0,0,0,0.013280600309371948,0,1,0,0,S,Torino,0,0,0.0720956027507782,0.05881490185856819,2015
2019,Federico Bonazzoli,4,68,0,0.016907699406147003,0,0,1,0,0,0,S,Sampdoria,0,0.016907699406147003,0.036684900522232056,0.01977729983627796,2015
2020,Michele Rocca,1,27,0,0,0,0,0,0,0,0,S,Sampdoria,0,0,0.03523699939250946,0.03523699939250946,2015
2021,Salih Ucan,3,37,0,0.10643400251865387,1,0.1169160008430481,1,1,0,0,S,Roma,0,0.10643400251865387,0.7458200007677078,0.6289039999246597,2015
2025,Matuzalém,7,201,0,0,0,0.010412599891424179,0,1,1,0,M S,Verona,0,0,0.23034050688147545,0.21992790699005127,2015
2026,Nicolás Castillo,6,302,0,0.48869650438427925,0,0.014588999561965466,10,1,1,0,F S,Frosinone,0,0.48869650438427925,0.30749499052762985,0.1198631003499031,2015
2028,Ronaldo,2,88,0,0.09424730017781258,0,0.05330919846892357,6,1,1,0,M S,Empoli,0,0.09424730017781258,0.30980201065540314,0.2508139982819557,2015
2034,Rafael Márquez,9,763,0,0.39232679456472397,0,0.16814319975674152,5,4,3,0,D,Verona,0,0.39232679456472397,0.5146250911056995,0.46718649193644524,2015
2038,Giuseppe Panico,1,7,0,0,0,0,0,0,0,0,S,Genoa,0,0,0,0,2015
2044,Daniele Verde,6,119,0,0.32134849671274424,0,0.03908799961209297,10,1,0,0,M S,Frosinone,0,0.32134849671274424,0.3604374909773469,0,2015
2048,Antonio Nocerino,2,66,0,0,0,0.083201102912426,0,1,0,0,M S,AC Milan,0,0,0.15511319786310196,0.0719118993729353,2015
2049,Kamil Wilczek,3,116,0,0.347448006272316,0,0.03720949962735176,5,1,0,0,F S,Carpi,0,0.347448006272316,0.4370954968035221,0.1281210035085678,2015
2054,Igor Bubnjic,9,723,0,1.271358910948038,0,0.017825400456786156,9,1,1,0,D S,Carpi,0,1.271358910948038,0.5487395916134119,0.5487395916134119,2015
2055,Wallace Oliveira,6,156,0,0.08242731913924217,1,0.11310170404613018,5,4,1,0,D S,Carpi,0,0.08242731913924217,0.29367522336542606,0.2035640859976411,2015
2056,Francesco Benussi,4,298,0,0,0,0,0,0,0,0,GK,Carpi,0,0,0.020621199160814285,0.020621199160814285,2015
3862,Luigi Giorgi,1,13,0,0,0,0.012992000207304955,0,1,0,0,S,Atalanta,0,0,0.18979400396347046,0.18979400396347046,2015
4032,Luca Martinelli,1,90,0,0.15466000139713287,0,0,1,0,0,0,D,Empoli,0,0.15466000139713287,0,0,2015
5821,Alexander Merkel,1,59,0,0.008457180112600327,0,0.04735640063881874,1,1,1,0,M,Udinese,0,0.008457180112600327,0.06536179780960083,0.009548259899020195,2015
1253,Edin Dzeko,37,3051,29,32.39944411814213,9,5.461562506854534,178,44,4,0,F S,Roma,28,30.11554603278637,34.7612275891006,4.385937634855509,2016
1384,Dries Mertens,35,2573,28,25.144421741366386,9,8.104735537432134,148,57,6,0,F S,Napoli,26,22.860522627830505,37.67081196606159,11.75304532237351,2016
1186,Andrea Belotti,35,3070,26,20.714836724102497,7,4.630480174906552,130,57,5,0,F S,Torino,24,16.90834080427885,19.51798184774816,3.9725863188505173,2016
1293,Gonzalo Higuaín,38,2966,24,19.412508625537157,3,6.201655928045511,134,39,1,0,F S,Juventus,24,19.412508625537157,26.90888499841094,6.43667459487915,2016
1513,Mauro Icardi,34,3030,24,20.680375462397933,8,4.897649142891169,109,43,1,0,F,Inter,21,17.635182356461883,21.163840677589178,2.2115487111732364,2016
1209,Ciro Immobile,36,3128,23,21.186955004930496,3,3.792078875005245,136,41,5,0,F S,Lazio,17,16.619200386106968,21.832038272172213,4.34529818687588,2016
1393,Lorenzo Insigne,37,2946,18,14.79943042807281,9,7.8792796060442924,147,66,2,0,F S,Napoli,16,13.276835409924388,33.14798994362354,18.729357041418552,2016
1210,Keita,31,1938,16,8.736324602738023,3,4.307436838746071,70,43,4,1,F M S,Lazio,14,7.213847512379289,13.986205749213696,3.7908344361931086,2016
1405,Marco Borriello,36,2605,16,8.682231917977333,1,2.3257263507694006,81,24,4,0,F S,Cagliari,15,7.159673817455769,11.108960248529911,3.7500448059290648,2016
1491,Alejandro Gomez,37,3155,16,11.63449206482619,10,10.41488941758871,117,89,6,0,F M,Atalanta,14,10.11189294885844,22.892918987199664,8.976827010512352,2016
1250,Mohamed Salah,31,2498,15,13.411624390631914,11,9.633624494075775,80,71,2,0,F M S,Roma,15,13.411624390631914,29.467472314834595,9.299841596744955,2016
1425,Nikola Kalinic,32,2481,15,15.723518047481775,2,3.334718579426408,91,37,5,1,F S,Fiorentina,14,14.200921032577753,15.919188110157847,2.437295887619257,2016
1382,José Callejón,37,3151,14,12.506548926234245,12,9.206189739517868,86,76,3,1,F,Napoli,14,12.506548926234245,29.337498541921377,10.370100121945143,2016
1125,Carlos Bacca,32,2152,13,14.850958213210106,3,2.608146108686924,56,19,3,0,F S,AC Milan,9,10.283168409019709,12.942244132980704,2.0166895799338818,2016
1360,Diego Falcinelli,36,3147,13,11.441979117691517,3,3.4043245827779174,99,36,7,0,F S,"Crotone,Sassuolo",11,9.91938204318285,12.794176656752825,2.1670915875583887,2016
1102,Giovanni Simeone,35,2621,12,13.468345116823912,1,1.8094609249383211,75,18,3,0,F S,Genoa,11,11.94575209543109,14.549327593296766,1.6236618775874376,2016
1147,Cyril Théréau,33,2516,12,9.6189020331949,2,2.194915797561407,70,30,3,0,F M S,Udinese,11,8.096306031569839,13.32328179012984,5.038961633108556,2016
1185,Iago Falque,35,2539,12,8.455672543495893,8,4.829463480040431,65,50,2,0,F M S,Torino,10,6.171776529401541,15.918636593036354,7.989159892313182,2016
1230,Fabio Quagliarella,37,2890,12,13.833164613693953,4,3.4728614818304777,112,28,2,0,F S,Sampdoria,9,10.787970431149006,12.910460513085127,1.1710645034909248,2016
1381,Marek Hamsik,38,3064,12,8.060389335267246,10,7.283399566076696,88,77,1,0,M S,Napoli,12,8.060389335267246,29.70930179953575,19.657833471894264,2016
1468,Gregoire Defrel,29,1963,12,7.758550276979804,2,2.021417884156108,43,30,1,0,F M S,Sassuolo,11,6.997250190004706,10.174329264089465,2.4967909967526793,2016
448,Ivan Perisic,36,2757,11,10.203199268318713,8,9.262201668694615,104,62,2,1,F M S,Inter,11,10.203199268318713,18.98707863688469,6.029577658511698,2016
1229,Luis Muriel,31,2270,11,9.170986492186785,5,4.549061268568039,84,44,4,1,F S,Sampdoria,7,6.125792521983385,11.636709444224834,2.713554972782731,2016
1236,Patrik Schick,32,1489,11,5.699525140225887,3,2.7119049802422523,43,20,2,0,F S,Sampdoria,11,5.699525140225887,7.837001433596015,1.8490900015458465,2016
1251,Radja Nainggolan,37,3052,11,6.018760543316603,5,7.531555372290313,90,69,2,0,F M S,Roma,11,6.018760543316603,21.9788660928607,12.449990694411099,2016
1272,Ilija Nestorovski,37,3106,11,8.045288931578398,3,2.0566700268536806,76,37,5,0,F S,Palermo,10,7.283989902585745,9.829104276373982,2.4159801993519068,2016
1294,Paulo Dybala,31,2162,11,9.196441102772951,7,7.809733675792813,89,58,2,0,F M S,Juventus,8,6.912545073777437,18.34104100614786,9.298405032604933,2016
1424,Federico Bernardeschi,32,2322,11,7.315175247378647,4,7.203834378160536,71,56,5,1,F M S,Fiorentina,8,4.269979921169579,10.128641422837973,3.971925739198923,2016
1580,Mattia Destro,30,2478,11,9.61993569508195,0,1.1309141051024199,59,13,4,0,F S,Bologna,11,8.858636725693941,10.197994640097022,1.112106910906732,2016
1148,Duván Zapata,38,3163,10,12.881083549931645,3,4.217416514642537,78,38,3,0,F S,Udinese,9,12.11978161521256,14.816817058250308,2.5532584311440587,2016
1187,Adem Ljajic,33,2526,10,6.000805366784334,8,7.2999458303675056,94,60,5,0,F M S,Torino,9,4.478208336979151,13.86832626722753,8.695239312946796,2016
1340,Roberto Inglese,34,1969,10,7.424838175997138,4,2.1828254694119096,44,19,0,0,F S,Chievo,10,6.66353808902204,8.052531668916345,0.8414491089060903,2016
1434,Khouma Babacar,22,1318,10,5.074566639959812,1,0.7919197250157595,45,7,0,0,F S,Fiorentina,9,4.313267737627029,5.8136437851935625,1.8777320068329573,2016
1170,Gianluca Caprari,35,3113,9,10.757571265101433,4,5.715450817719102,107,48,8,0,F M S,Pescara,8,8.473682329058647,16.081064123660326,5.737012846395373,2016
1347,Sergio Pellissier,30,1719,9,7.729256488382816,2,2.322064463980496,36,11,1,0,F S,Chievo,6,5.445360466837883,7.501253603957593,0.9443947179242969,2016
1136,Gianluca Lapadula,27,1243,8,7.860918313264847,3,2.5063580963760614,44,18,3,0,F S,AC Milan,6,6.338320713490248,9.435425955802202,3.041237276047468,2016
1252,Stephan El Shaarawy,32,1630,8,6.02210533618927,4,2.217458264902234,65,20,0,0,F M S,Roma,8,6.02210533618927,12.573328979313374,5.4542126506567,2016
1444,Blerim Dzemaili,31,2585,8,5.01081035239622,3,3.008457889780402,63,34,10,1,F M S,Bologna,8,5.01081035239622,10.588157292455435,3.8779069213196635,2016
1472,Alessandro Matri,31,1455,8,5.4403295973315835,0,1.3124333210289478,32,20,1,0,F S,Sassuolo,8,5.4403295973315835,7.508679912425578,1.2393999993801117,2016
1487,Andrea Conti,33,2676,8,6.486762845888734,5,2.3030579071491957,35,29,12,0,D M S,Atalanta,8,6.486762845888734,11.336667912080884,4.664971794001758,2016
1514,Éder,33,1466,8,6.306901330128312,4,4.37309839669615,54,34,3,0,F M S,Inter,8,6.306901330128312,13.63123841304332,5.179729405790567,2016
1539,Diego Perotti,32,1742,8,8.32709519378841,6,5.260549087077379,49,44,2,0,F M S,Roma,1,2.9979994874447584,10.677327249199152,4.628725027665496,2016
1129,Suso,34,2824,7,5.448211406357586,9,6.498278161510825,91,63,5,0,F M S,AC Milan,7,4.686911468394101,12.917325890623033,5.946733033284545,2016
1295,Mario Mandzukic,34,2490,7,9.283317811787128,4,3.7162265703082085,54,36,5,0,F M S,Juventus,7,9.283317811787128,16.731929935514927,6.573443781584501,2016
1336,Valter Birsa,35,2810,7,4.069345788098872,9,8.389463067054749,52,74,5,0,F M S,Chievo,7,3.30804677400738,10.342081220820546,5.798667483963072,2016
1406,Marco Sau,34,2367,7,7.285534763708711,4,1.826636891812086,48,18,5,0,F M S,Cagliari,7,7.285534763708711,9.690316753461957,2.722096980549395,2016
1486,Mattia Caldara,30,2656,7,3.656115163117647,0,0.3348072934895754,17,4,4,0,D,Atalanta,7,3.656115163117647,4.788961940445006,4.273632236756384,2016
1592,João Pedro,22,1464,7,6.734363842755556,3,1.813019098713994,40,20,4,1,M S,Cagliari,6,5.211766827851534,8.425916561856866,2.1664594588801265,2016
1605,Diego Farias,20,1156,7,4.873938146978617,2,2.333397503942251,34,24,4,0,F M S,Cagliari,5,3.3513401933014393,6.850206799805164,2.2942224852740765,2016
1154,Stipe Perica,27,1050,6,4.755550272762775,1,2.5024569807574153,33,18,4,0,F M S,Udinese,6,4.755550272762775,7.497022201307118,1.7115707974880934,2016
1166,Ahmed Benali,33,2517,6,6.042034892365336,2,1.9017079640179873,37,23,4,1,D F M S,Pescara,6,6.042034892365336,11.764752858318388,5.5414499351754785,2016
1182,Daniele Baselli,37,2317,6,4.081134184263647,5,2.1361207142472267,41,27,6,0,M S,Torino,6,4.081134184263647,10.831050047650933,6.401781535707414,2016
1274,Andrea Rispoli,32,2686,6,2.499694283120334,3,3.5551183810457587,25,38,5,0,D M S,Palermo,6,2.499694283120334,6.142173030413687,2.0082851136103272,2016
1319,Levan Mchedlidze,15,949,6,3.926037674769759,0,0.1943448055535555,27,3,3,0,F S,Empoli,6,3.1647391822189093,2.7406931966543198,0.22049180045723915,2016
1445,Simone Verdi,28,2134,6,2.876790702342987,3,3.31509361974895,56,45,4,0,F M S,Bologna,6,2.876790702342987,8.742505648173392,4.395282611250877,2016
1471,Lorenzo Pellegrini,28,1958,6,4.667503139935434,6,3.2715929355472326,46,26,7,1,M S,Sassuolo,5,3.906204119324684,8.371206564828753,5.016418922692537,2016
1489,Franck Kessié,30,2219,6,5.238878697156906,3,2.2484956681728363,46,19,5,2,M S,Atalanta,4,3.7162797302007675,12.120109111070633,8.140140943229198,2016
1492,Jasmin Kurtic,37,2788,6,7.019627378322184,3,3.083858816884458,65,25,7,0,M S,Atalanta,6,7.019627378322184,11.633208732120693,5.361706986092031,2016
1517,Antonio Candreva,38,3035,6,6.166529240086675,10,10.465335519053042,88,83,2,0,F M S,Inter,6,5.405230322852731,21.01456007361412,9.772360909730196,2016
1520,Éver Banega,28,1565,6,2.94786480627954,6,4.2964123990386724,43,59,2,1,M S,Inter,6,2.94786480627954,10.462356643751264,6.944755580276251,2016
1134,Mario Pasalic,24,1766,5,6.714966936968267,1,1.0782421845942736,41,18,5,0,M S,AC Milan,5,6.714966936968267,10.090644210577011,4.428497429937124,2016
1144,Seko Fofana,22,1828,5,1.223397665657103,1,1.5269732028245926,26,18,3,0,M S,Udinese,5,1.223397665657103,6.076960761100054,3.525149481371045,2016
1146,Jakub Jankto,29,1914,5,2.673015169799328,4,4.796072468161583,32,39,6,0,F M S,Udinese,5,2.673015169799328,6.792286902666092,2.267378343269229,2016
1183,Marco Benassi,28,2063,5,3.9214568873867393,2,2.5687322057783604,45,27,5,0,M S,Torino,5,3.9214568873867393,8.015793927945197,3.5607556309551,2016
1207,Marco Parolo,34,2985,5,5.912538563832641,1,2.0114767476916313,57,35,11,0,M,Lazio,5,5.912538563832641,10.63616013340652,5.35513242892921,2016
1228,Bruno Fernandes,33,1736,5,5.761577281169593,2,4.4775946363806725,62,52,2,0,M S,Sampdoria,5,5.761577281169593,11.588001352734864,3.9690468413755298,2016
1290,Miralem Pjanic,30,2179,5,5.833482532761991,9,7.522018824703991,52,60,5,0,M S,Juventus,5,5.833482532761991,16.916392970830202,9.612024568021297,2016
1292,Sami Khedira,31,2554,5,5.316195914521813,4,3.8509855661541224,40,30,2,0,M,Juventus,5,5.316195914521813,16.306753028184175,9.787498453631997,2016
1315,Massimo Maccarone,28,1507,5,5.733398577198386,2,1.325216512195766,49,8,3,1,F S,Empoli,3,4.210881469771266,5.863668639212847,0.8145342078059912,2016
1333,Lucas Castro,33,2779,5,4.41758359503001,6,4.557388129644096,52,39,5,1,M,Chievo,5,4.41758359503001,12.83249963261187,5.459687753580511,2016
1386,Piotr Zielinski,36,1851,5,1.4662819039076567,7,3.345994770526886,31,38,4,0,M S,Napoli,5,1.4662819039076567,11.539714744314551,7.760817831382155,2016
1426,Josip Ilicic,29,1899,5,7.22849440947175,4,3.4274983815848827,92,56,2,0,F M S,Fiorentina,4,4.944601748138666,9.895453795790672,4.4544149320572615,2016
1469,Pietro Iemmello,17,491,5,4.320122301578522,0,0.6388561949133873,20,5,1,0,F S,Sassuolo,4,3.558823497965932,3.129284979775548,0.5206107944250107,2016
1473,Matteo Politano,32,2321,5,7.329990554600954,6,4.435407020151615,80,35,5,0,F M S,Sassuolo,3,5.807390529662371,11.405800364911556,3.495035696774721,2016
1488,Remo Freuler,33,2608,5,4.739317879080772,4,4.101816474460065,35,52,5,0,M S,Atalanta,5,4.739317879080772,17.9122666567564,12.079486748203635,2016
1493,Andrea Petagna,34,2635,5,8.035138320177794,7,8.009541288018227,68,55,2,0,F S,Atalanta,5,8.035138320177794,16.434673599898815,5.05621674656868,2016
1583,Arkadiusz Milik,17,537,5,2.5777855440974236,0,0.2057248018682003,22,6,1,0,F S,Napoli,5,2.5777855440974236,3.6739665903151035,1.6197655918076634,2016
1612,Domenico Berardi,21,1743,5,4.879430118948221,9,4.707275450229645,42,39,6,0,F M S,Sassuolo,3,2.5955716781318188,11.468960922211409,5.428671291097999,2016
591,Gerard Deulofeu,17,1467,4,3.397665130905807,3,6.480149049311876,37,43,4,0,F M S,AC Milan,4,3.397665130905807,11.868972435593605,3.6515417294576764,2016
1145,Rodrigo de Paul,34,2381,4,3.5986771946772933,2,4.973195114172995,43,46,7,1,F M S,Udinese,4,3.5986771946772933,10.686893749982119,4.111022600904107,2016
1208,Felipe Anderson,36,2935,4,4.916769191622734,9,8.49670519400388,70,75,5,0,D F M S,Lazio,3,4.155470296740532,18.27826963737607,9.169833455234766,2016
1249,Daniele De Rossi,31,2349,4,3.7705690879374743,4,2.564875902608037,20,27,9,0,M S,Roma,2,2.247971059754491,12.257941352203488,11.030962400138378,2016
1256,Kevin Strootman,33,2791,4,3.30133980512619,7,6.866021053865552,23,55,6,0,M S,Roma,4,3.30133980512619,21.923471450805664,14.872792921960354,2016
1275,Robin Quaison,17,1073,4,1.6508715748786926,0,0.6081817857921124,23,7,5,0,F M S,Palermo,4,1.6508715748786926,2.482861962169409,0.49433530773967505,2016
1313,Riccardo Saponara,29,1952,4,4.969210058450699,3,2.0959357991814613,46,27,5,0,M S,"Empoli,Fiorentina",4,4.969210058450699,9.765571208670735,3.6653685495257378,2016
1421,Cristian Tello,36,2073,4,3.736749635078013,4,3.496876602061093,54,48,1,0,D M S,Fiorentina,4,3.736749635078013,11.347771386615932,5.214886168017983,2016
1449,Federico Di Francesco,24,1064,4,3.172646503895521,3,2.7312465142458677,23,16,3,1,F M S,Bologna,4,3.172646503895521,6.672316934913397,1.8624060526490211,2016
1463,Francesco Acerbi,38,3420,4,2.6695791259407997,0,0.3942076023668051,17,8,2,0,D,Sassuolo,3,1.908280111849308,6.394326022826135,5.648717875592411,2016
1481,Antonino Ragusa,25,1429,4,4.0048291105777025,2,1.5192143972963095,28,15,5,0,F M S,Sassuolo,4,4.0048291105777025,7.277003580704331,3.0343524236232042,2016
1511,Marcelo Brozovic,23,1743,4,2.717277092859149,2,3.5886184219270945,40,43,7,0,M S,Inter,4,2.717277092859149,13.350027000531554,8.6584666762501,2016
1531,Jean-Christophe Bahebeck,15,825,4,3.326400436460972,1,1.2496165670454502,29,4,0,0,F S,Pescara,4,3.326400436460972,5.838329240679741,2.3211880829185247,2016
1543,Sergej Milinkovic-Savic,34,2733,4,5.644219217821956,7,3.6739885825663805,69,40,8,0,M S,Lazio,4,5.644219217821956,13.225580379366875,6.196377348154783,2016
1589,Lucas Biglia,29,2289,4,5.085233682766557,3,3.619375388137996,26,54,8,0,M S,Lazio,1,1.2787389662116766,10.701556386426091,8.703276667743921,2016
1101,Luca Rigoni,31,2368,3,3.938862836919725,1,0.9708821959793568,28,13,13,0,F M S,Genoa,3,3.938862836919725,7.755109193734825,4.274288021959364,2016
1104,Leonardo Pavoletti,15,770,3,3.8955894988030195,0,0.33854250609874725,36,7,2,0,F S,"Genoa,Napoli",3,3.8955894988030195,4.530644431710243,1.311463856138289,2016
1109,Lucas Ocampos,26,1386,3,3.5597520731389523,1,1.1658943984657526,43,13,5,0,F M S,"AC Milan,Genoa",2,2.798493590205908,5.560385292395949,2.5285804914310575,2016
1111,Olivier Ntcham,20,965,3,0.610207499936223,1,1.2435236275196075,22,9,3,0,F M S,Genoa,3,0.610207499936223,4.368451874703169,2.89274849742651,2016
1115,Goran Pandev,20,843,3,4.059853725135326,0,1.366409383714199,22,14,1,1,F M S,Genoa,3,4.059853725135326,6.365824107080698,1.7521618083119392,2016
1121,Giacomo Bonaventura,19,1585,3,2.9499711133539677,2,2.687912303954363,47,41,3,0,F M,AC Milan,3,2.9499711133539677,7.439115552231669,3.6004916168749332,2016
1123,Juraj Kucka,30,2083,3,1.5072276955470443,1,2.0094367023557425,30,22,8,3,D M S,AC Milan,3,1.5072276955470443,7.184122269973159,4.269763955846429,2016
1126,M&#039;Baye Niang,18,1127,3,5.139631345868111,2,1.6520633921027184,35,15,0,1,F S,AC Milan,2,2.855856701731682,5.679199635982513,1.991196478717029,2016
1168,Bryan Cristante,28,1640,3,2.8306637639179826,2,2.894350345246494,27,27,2,0,M S,"Atalanta,Pescara",3,2.8306637639179826,6.438892786391079,3.800075757317245,2016
1205,Senad Lulic,31,2501,3,3.685838813893497,9,7.386483071371913,30,66,7,1,D F M S,Lazio,3,3.685838813893497,17.34828993678093,8.67841548845172,2016
1248,Leandro Paredes,27,1465,3,0.6854522060602903,1,3.5769949723035097,29,43,4,0,M S,Roma,3,0.6854522060602903,12.105827508494258,11.169770516455173,2016
1271,Ivaylo Chochev,30,2287,3,2.5155366072431207,3,1.8058216413483024,37,20,4,0,M S,Palermo,3,2.5155366072431207,4.196020787581801,2.1256703808903694,2016
1287,Leonardo Bonucci,29,2404,3,2.405666181817651,0,0.6668806988745928,19,10,5,0,D S,Juventus,3,2.405666181817651,12.957792170345783,12.378638070076704,2016
1289,Alex Sandro,27,2310,3,1.407162170857191,4,4.732058769091964,18,50,5,0,D M S,Juventus,3,1.407162170857191,13.660929307341576,9.370907360687852,2016
1318,Manuel Pucciarelli,32,2298,3,5.283022312447429,1,1.6944519821554422,39,15,2,0,F M S,Empoli,2,3.7604211596772075,6.649375639855862,2.5443831719458103,2016
1337,Riccardo Meggiorini,27,1749,3,4.664090050384402,0,1.9269029796123505,51,12,6,0,F S,Chievo,3,4.664090050384402,6.536422344855964,1.979592933319509,2016
1354,Gianmarco Ferrari,37,3330,3,1.4078185819089413,1,0.7563132895156741,10,7,8,0,D,Crotone,3,1.4078185819089413,2.662028937600553,2.516849137842655,2016
1362,Simy,21,550,3,2.2008189000189304,0,0.43575600162148476,15,7,0,0,F S,Crotone,3,2.2008189000189304,2.65409279987216,0.39893810637295246,2016
1363,Adrian Stoian,27,1564,3,0.5879273004829884,2,1.550286278128624,19,27,3,0,F M S,Crotone,3,0.5879273004829884,4.058735596016049,3.1444857781752944,2016
1369,Marcello Trotta,29,1904,3,5.709309270605445,5,2.7641714718192816,58,19,2,0,F S,Crotone,2,4.9480100478976965,8.303350578993559,2.056306391954422,2016
1383,Manolo Gabbiadini,13,514,3,3.5016091875731945,0,0.050277440808713436,24,2,0,1,F S,Napoli,2,2.740310173481703,2.9605345875024796,0.31721370480954647,2016
1385,Omar El Kaddouri,20,1294,3,2.822740001603961,1,2.832264183089137,31,31,5,0,M S,"Empoli,Napoli",3,2.822740001603961,5.816756024956703,1.9359047897160053,2016
1407,Federico Melchiorri,10,451,3,1.7474266439676285,0,0.5553615018725395,14,4,1,0,F S,Cagliari,3,1.7474266439676285,2.499972179532051,0.19718226045370102,2016
1423,Matías Vecino,31,2350,3,2.896273107267916,4,1.9746891092509031,58,38,7,0,M S,Fiorentina,3,2.896273107267916,12.593011297285557,9.00981667265296,2016
1433,Federico Chiesa,27,1492,3,3.085624495521188,2,2.5600059991702437,55,27,3,1,D F M S,Fiorentina,3,3.085624495521188,7.717431301251054,3.6027845107018948,2016
1442,Saphir Taïder,24,1905,3,1.357573289424181,0,0.6007609069347382,37,11,1,0,M S,Bologna,3,1.357573289424181,4.620579382404685,3.3975641718134284,2016
1485,Andrea Masiello,35,2933,3,1.5823718598112464,1,0.494771302677691,12,11,9,0,D S,Atalanta,3,1.5823718598112464,7.870357220061123,7.678629738278687,2016
1512,João Mário,30,1999,3,4.814515192061663,5,4.550249212421477,32,55,5,0,M S,Inter,3,4.814515192061663,16.24547467008233,9.530046442523599,2016
1523,Danilo D&#039;Ambrosio,32,2834,3,2.328121623955667,3,3.1842399686574936,25,23,4,0,D M,Inter,3,2.328121623955667,12.312917124480009,9.297520246356726,2016
1604,Artur Ionita,18,1305,3,1.5892563089728355,1,0.41494340263307095,15,8,5,0,M S,Cagliari,3,1.5892563089728355,3.2683637216687202,2.2328892312943935,2016
939,Mauro Zárate,7,192,2,1.0060308743268251,1,0.4615541063249111,11,7,1,0,F S,Fiorentina,2,1.0060308743268251,1.5076001789420843,0.583268292248249,2016
1000,Federico Fazio,37,3119,2,1.1886864956468344,1,1.7401004061102867,21,9,3,0,D S,Roma,2,1.1886864956468344,11.696687988936901,10.292907614260912,2016
1089,Juan Cuadrado,30,2114,2,3.0361419711261988,6,6.472433764487505,36,47,8,0,D F M S,Juventus,2,3.0361419711261988,18.369203239679337,11.21215563826263,2016
1103,Nicola Ninkovic,17,640,2,1.7689756024628878,1,1.183563519269228,29,12,3,0,F M S,Genoa,2,1.7689756024628878,3.5674435943365097,1.9038956640288234,2016
1106,Darko Lazovic,33,2477,2,2.32587300054729,4,6.446142601780593,27,45,3,1,D F M S,Genoa,2,2.32587300054729,10.4810500908643,4.160942196846008,2016
1118,Gabriel Paletta,30,2599,2,1.6783484062179923,1,1.092522706836462,21,9,3,5,D,AC Milan,2,1.6783484062179923,5.24016875308007,5.1144613502547145,2016
1122,Manuel Locatelli,25,1697,2,0.5230119014158845,0,0.5329356919974089,20,14,7,0,M S,AC Milan,2,0.5230119014158845,6.1456511951982975,5.505171917378902,2016
1140,Danilo,36,3204,2,1.1551256151869893,1,0.25927099771797657,15,5,9,1,D,Udinese,2,1.1551256151869893,3.66347524151206,3.3979752473533154,2016
1162,Hugo Campagnaro,19,1568,2,0.9534756997600198,0,0.11500439792871475,5,3,8,0,D S,Pescara,2,0.9534756997600198,0.830904807895422,0.7951426096260548,2016
1188,Maxi López,16,416,2,1.4599695764482021,0,0.31739879585802555,13,7,2,0,F S,Torino,2,1.4599695764482021,1.6159442942589521,0.15673570334911346,2016
1192,Afriyie Acquah,20,1071,2,1.0656703999266028,0,0.3472906965762377,16,7,2,3,M S,Torino,2,1.0656703999266028,5.843820344656706,4.507047125138342,2016
1203,Wesley Hoedt,23,1880,2,1.2743281042203307,0,0.145899698138237,20,4,5,0,D S,Lazio,2,1.2743281042203307,7.37341589294374,7.242125179618597,2016
1212,Alessandro Murgia,14,474,2,0.6552528915926814,0,0.33577839843928814,6,6,1,0,M S,Lazio,2,0.6552528915926814,1.4864424020051956,1.3168845158070326,2016
1225,Edgar Barreto,32,2708,2,1.7509714951738715,0,1.254356611520052,35,23,4,1,M,Sampdoria,2,1.7509714951738715,7.162112578749657,5.785212355665863,2016
1231,Ricardo Álvarez,21,974,2,1.704068168066442,2,2.191227115690708,34,24,3,1,M S,Sampdoria,2,1.704068168066442,3.429362748749554,1.8569581843912601,2016
1255,Francesco Totti,18,351,2,2.372547719627619,3,3.123478375375271,19,23,1,0,M S,Roma,0,0.8499501049518585,5.2041326481848955,2.482273109257221,2016
1264,Edoardo Goldaniga,28,2329,2,1.6498693265020847,1,0.09611090086400509,10,3,11,1,D S,Palermo,2,1.6498693265020847,2.339623707346618,2.3278031069785357,2016
1284,Oscar Hiljemark,29,1862,2,1.851157020777464,0,1.3596438057720661,21,23,1,0,M S,"Genoa,Palermo",2,1.851157020777464,5.020977940410376,2.586420896463096,2016
1288,Dani Alves,19,1360,2,0.8606137009337544,2,2.3499875785782933,19,33,5,0,D M S,Juventus,2,0.8606137009337544,8.20434220507741,6.782214678823948,2016
1301,Daniele Rugani,15,1076,2,0.6887237057089806,0,0.4377810060977936,3,1,4,0,D S,Juventus,2,0.6887237057089806,4.6127195451408625,4.583048148080707,2016
1307,Andrea Costa,26,2081,2,0.5852858982980251,1,0.6980557069182396,11,2,6,0,D S,Empoli,2,0.5852858982980251,3.8023965284228325,3.743928514420986,2016
1309,Manuel Pasqual,32,2812,2,1.3428889075294137,3,3.7868115613237023,13,48,7,0,D,Empoli,1,0.581589893437922,4.942810559645295,4.413575828075409,2016
1311,Rade Krunic,32,2441,2,4.289394157007337,1,1.8141870740801096,40,20,10,0,M S,Empoli,2,4.289394157007337,7.881972935050726,3.667429933324456,2016
1350,Jonathan de Guzmán,27,1348,2,1.9981317296624184,1,2.0916686644777656,14,24,3,0,M S,Chievo,1,1.2368327341973782,5.099566487595439,3.1551814153790474,2016
1361,Raffaele Palladino,31,2300,2,4.940146472305059,1,3.3445565216243267,41,38,6,0,F M S,"Crotone,Genoa",1,3.4176705656573176,9.0456618135795,3.410709198564291,2016
1376,Kalidou Koulibaly,28,2471,2,1.4635776747018099,0,0.6010839091613889,10,6,6,0,D,Napoli,2,1.4635776747018099,13.531883270479739,13.436203272081912,2016
1394,Lorenzo Tonelli,3,270,2,0.9723080098628998,0,0.08463670313358307,2,1,2,0,D,Napoli,2,0.9723080098628998,2.4137880206108093,1.8844200372695923,2016
1395,Vlad Chiriches,14,1123,2,1.9720150604844093,0,0.7143492288887501,5,3,0,0,D S,Napoli,2,1.9720150604844093,6.532121162861586,5.690648164600134,2016
1404,Davide Di Gennaro,20,1435,2,1.3585811126977205,5,2.7773755164816976,23,36,4,1,M S,Cagliari,2,1.3585811126977205,4.152129955589771,1.486699303612113,2016
1412,Daniele Dessena,18,1197,2,1.7769983410835266,0,0.6066346988081932,15,7,4,1,M S,Cagliari,2,1.7769983410835266,2.894326776266098,0.8929564133286476,2016
1419,Davide Astori,33,2968,2,1.172478766180575,0,1.2766770962625742,17,21,11,1,D,Fiorentina,2,1.172478766180575,9.88046739436686,9.226969147101045,2016
1430,Milan Badelj,33,2521,2,0.477812172845006,2,1.9689043145626783,16,27,9,0,M S,Fiorentina,2,0.477812172845006,8.155198145657778,6.690399214625359,2016
1456,Federico Viviani,17,1130,2,1.2132409922778606,2,1.6594912502914667,31,12,4,1,M S,Bologna,2,1.2132409922778606,2.3868266008794308,1.8575940169394016,2016
1470,Federico Ricci,24,1050,2,4.223423536866903,0,1.1543165892362595,22,17,4,0,F M S,Sassuolo,1,3.4621244482696056,5.694594759494066,1.392987797036767,2016
1496,Roberto Gagliardini,31,2344,2,3.928762431256473,3,2.9632144179195166,42,26,7,0,M S,"Atalanta,Inter",2,3.928762431256473,12.683806909248233,8.837599346414208,2016
1528,Andrea Nalini,17,805,2,0.8520825263112783,2,0.8392097819596529,12,15,2,0,M S,Crotone,2,0.8520825263112783,1.5192318931221962,0.605315687134862,2016
1541,Stefan de Vrij,27,2282,2,0.6868182737380266,3,1.2390080150216818,9,8,3,0,D,Lazio,2,0.6868182737380266,5.165003139525652,4.708927445113659,2016
1542,Stefan Radu,29,2423,2,0.841732682660222,1,1.0562833938747644,13,10,10,0,D,Lazio,2,0.841732682660222,7.277206875383854,6.446730686351657,2016
1567,Bruno Peres,30,2226,2,2.6781122656539083,2,3.037966053932905,35,33,3,0,D M S,Roma,2,2.6781122656539083,15.578718971461058,10.88075446523726,2016
1570,Rey Manaj,12,461,2,3.017466649413109,0,0.17289480566978455,14,4,2,0,F S,Pescara,2,3.017466649413109,3.145612061023712,0.05504429992288351,2016
1576,Giorgio Chiellini,21,1636,2,1.5418969001621008,1,0.16348599642515182,13,4,4,0,D S,Juventus,2,1.5418969001621008,7.870771752670407,7.666725756600499,2016
4906,Alberto Cerri,13,693,2,2.852079249918461,0,0.2503160024061799,15,8,1,0,F S,Pescara,2,2.852079249918461,3.776626911945641,0.8592392839491367,2016
328,Medhi Benatia,15,1185,1,1.0858221221715212,0,0.4036880135536194,9,1,3,0,D S,Juventus,1,1.0858221221715212,4.887345302850008,3.86170332506299,2016
667,Carlos Sánchez,31,2142,1,1.3887729765847325,1,0.27090330235660076,16,9,6,0,D M S,Fiorentina,1,1.3887729765847325,6.195495016872883,5.801220078021288,2016
827,Juan Iturbe,21,566,1,0.9716997221112251,3,1.4939524298533797,15,16,1,0,F M S,"Roma,Torino",1,0.9716997221112251,1.6881904164329171,0.5039552971720695,2016
948,Alessandro Diamanti,31,1701,1,1.9335140036419034,5,3.7298026997596025,43,42,8,1,F M S,Palermo,1,1.9335140036419034,5.63687209226191,3.3682784605771303,2016
1033,Emanuele Giaccherini,16,272,1,1.0563569217920303,0,0.014322100207209587,7,1,0,0,F S,Napoli,1,1.0563569217920303,1.7175991907715797,0.6612426936626434,2016
1088,Gabriele Angella,14,1011,1,1.5494674583896995,0,0.06642530206590891,7,2,3,0,D S,Udinese,1,1.5494674583896995,1.3107711961492896,1.3002953957766294,2016
1100,Diego Laxalt,36,3145,1,1.7116843033581972,4,3.6463485872372985,29,36,5,0,D M,Genoa,1,1.7116843033581972,8.04585093446076,4.770704913884401,2016
1119,Alessio Romagnoli,27,2370,1,0.7991031911224127,1,1.1315833926200867,13,9,4,1,D,AC Milan,1,0.7991031911224127,6.301757426932454,6.07696427591145,2016
1124,Keisuke Honda,8,212,1,0.15300899744033813,0,1.1502704694867134,4,11,0,0,F S,AC Milan,1,0.15300899744033813,1.7796263881027699,1.274917595088482,2016
1133,Cristian Zapata,15,1164,1,0.9889699369668961,0,0.07595559861510992,6,3,0,0,D S,AC Milan,1,0.9889699369668961,4.45864383969456,4.45864383969456,2016
1141,Felipe,32,2812,1,2.4028136767446995,1,1.1468872893601656,17,8,9,0,D S,Udinese,1,2.4028136767446995,3.742370741441846,3.1511165574193,2016
1155,Andrija Balic,4,244,1,0.11768159829080105,0,0.020779499784111977,4,1,1,0,M S,Udinese,1,0.11768159829080105,0.26389739848673344,0.18460720032453537,2016
1164,Cristiano Biraghi,35,2991,1,2.5515291169285774,4,2.894909378141165,27,25,11,0,D M S,Pescara,0,1.0289315972477198,8.502255818806589,6.336886842735112,2016
1165,Gastón Brugman,27,1938,1,0.7731777150183916,1,1.296145454980433,13,17,7,0,F M S,Pescara,1,0.7731777150183916,6.792626726441085,5.442194472998381,2016
1167,Alberto Aquilani,25,1788,1,0.5955561958253384,1,1.995707718655467,16,21,4,1,M S,"Pescara,Sassuolo",1,0.5955561958253384,5.735571788623929,4.887788590043783,2016
1169,Ledian Memushaj,36,2969,1,3.6518667079508305,3,3.4737937645986676,53,40,3,0,M S,Pescara,1,2.129268679767847,12.540801771916449,10.272294993512332,2016
1173,Alexandru Mitrita,15,482,1,0.69225699827075,2,1.2233245130628347,11,7,1,0,F M S,Pescara,1,0.69225699827075,2.77965066768229,1.086011491715908,2016
1178,Davide Zappacosta,29,2331,1,0.8514103023335338,5,5.082176173105836,28,41,1,0,D F S,Torino,1,0.8514103023335338,7.420684544369578,4.078994531184435,2016
1180,Luca Rossettini,30,2653,1,1.9823254849761724,0,0.08188796136528254,12,3,8,0,D S,Torino,1,1.9823254849761724,5.028373529203236,4.946486205793917,2016
1189,Lucas Boyé,30,1441,1,1.9930583946406841,2,1.6930668978020549,35,24,5,0,F M S,Torino,1,1.9930583946406841,6.999083298258483,3.5096966959536076,2016
1191,Arlind Ajeti,4,248,1,0.7093600034713745,0,0,3,0,0,0,D S,Torino,1,0.7093600034713745,0.6884430050849915,0.6884430050849915,2016
1193,Lorenzo De Silvestri,16,1257,1,0.6061921007931232,4,1.1839965712279081,4,8,1,0,D S,Torino,1,0.6061921007931232,3.5563771314918995,2.524473488330841,2016
1196,Emiliano Moretti,23,2065,1,0.959737990051508,3,0.9610090851783752,4,3,5,0,D,Torino,1,0.959737990051508,4.635916631668806,4.635916631668806,2016
1198,Josef Martínez,11,522,1,1.5164735950529575,0,0.7134812027215958,16,11,3,0,F M S,Torino,1,1.5164735950529575,3.0248973229900002,1.2067941250279546,2016
1201,Dusan Basta,27,2128,1,0.3905622805468738,2,1.94622802734375,12,12,2,0,D M S,Lazio,1,0.3905622805468738,5.849493965506554,4.156850513070822,2016
1202,Wallace,25,1721,1,1.1903229169547558,0,0.08695169910788536,7,3,3,0,D S,Lazio,1,1.1903229169547558,5.449907042086124,4.74867332726717,2016
1206,Danilo Cataldi,24,1518,1,1.4028289085254073,1,1.8382135201245546,17,30,8,0,M S,"Genoa,Lazio",1,1.4028289085254073,6.616709851659834,5.302262409590185,2016
1218,Cristiano Lombardi,18,420,1,1.7233962900936604,0,0.2099979966878891,10,3,4,0,F S,Lazio,1,1.7233962900936604,2.4382669776678085,0.5706543838605285,2016
1219,Luis Alberto,9,362,1,0.4239713978022337,2,1.047474917024374,12,18,0,0,F M S,Lazio,1,0.4239713978022337,1.1899247923865914,0.4153988976031542,2016
1226,Karol Linetty,35,2388,1,1.481512633152306,4,1.6053055915981531,20,29,5,0,M S,Sampdoria,1,1.481512633152306,6.437112595885992,4.135389985516667,2016
1234,Dennis Praet,32,1794,1,1.4778321916237473,1,1.366460995748639,31,24,4,0,M S,Sampdoria,1,1.4778321916237473,4.329986507073045,2.563832708634436,2016
1268,Bruno Henrique,33,2219,1,1.3388187950477004,3,2.6557155260816216,23,28,7,0,M S,Palermo,1,1.3388187950477004,5.716663197614253,3.1788744796067476,2016
1270,Haitam Aleesami,31,2627,1,0.3887660941109061,3,1.6396678760647774,12,23,6,0,D M S,Palermo,1,0.3887660941109061,4.3987044943496585,3.1522571770474315,2016
1273,Mato Jajalo,26,1870,1,0.901593005284667,1,0.6860355045646429,24,20,5,0,M S,Palermo,1,0.901593005284667,3.059141969308257,2.235432385466993,2016
1277,Roland Sallai,21,959,1,2.5475246347486973,0,0.3672052025794983,29,11,3,1,F M S,Palermo,1,2.5475246347486973,3.149570300243795,0.9431794984266162,2016
1291,Hernanes,10,726,1,0.46871490217745304,0,0.8608018085360527,17,6,3,0,M S,Juventus,1,0.46871490217745304,3.4626507312059402,2.3819148764014244,2016
1299,Mario Lemina,19,888,1,2.4484242275357246,1,0.8503708206117153,17,8,1,0,M S,Juventus,1,2.4484242275357246,7.077173387631774,4.54450448602438,2016
1300,Claudio Marchisio,18,1266,1,1.0995277911424637,2,0.5678765811026096,9,7,2,0,M S,Juventus,1,1.0995277911424637,7.019773658365011,6.175749268382788,2016
1303,Stephan Lichtsteiner,26,1874,1,1.4278505630791187,2,2.525599882006645,6,17,5,0,D M S,Juventus,1,1.4278505630791187,11.406603619456291,9.102913096547127,2016
1304,Moise Kean,3,17,1,0.3704090118408203,0,0,1,0,0,0,S,Juventus,1,0.3704090118408203,0.0781639963388443,0.0781639963388443,2016
1308,Giuseppe Bellusci,33,2970,1,1.389270182698965,0,0.1845398023724556,14,5,15,0,D,Empoli,1,1.389270182698965,5.065399216488004,4.951809827238321,2016
1312,Daniele Croce,35,2931,1,1.2149092750623822,1,1.3823646111413836,16,24,4,0,M S,Empoli,1,1.2149092750623822,6.863443328998983,5.143537669442594,2016
1329,Fabrizio Cacciatore,29,2510,1,3.1516603333875537,2,2.5321174999698997,18,33,7,1,D,Chievo,1,3.1516603333875537,8.63435706589371,6.119515603408217,2016
1330,Alessandro Gamberini,20,1679,1,1.450776293873787,0,0.026658199727535248,7,1,1,0,D,Chievo,1,1.450776293873787,0.5341380042955279,0.5074790073558688,2016
1332,Massimo Gobbi,30,2606,1,0.7329467833042145,2,1.7362585868686438,11,21,5,0,D,Chievo,1,0.7329467833042145,6.766587253659964,5.705218022689223,2016
1335,Nicola Rigoni,12,496,1,0.20926180481910706,0,0.12836219742894173,7,2,2,0,M S,Chievo,1,0.20926180481910706,0.5511592961847782,0.281647901982069,2016
1343,Samuel Bastien,12,793,1,0.13494270108640194,0,0.21038209833204746,5,6,0,0,M S,Chievo,1,0.13494270108640194,2.1686935275793076,1.9253350980579853,2016
1352,Aleandro Rosi,31,2564,1,2.0007463777437806,1,1.4933297876268625,16,16,12,0,D M S,Crotone,1,2.0007463777437806,4.010024067945778,2.707607287913561,2016
1359,Aleksandar Tonev,13,749,1,0.5419308990240097,0,0.03890140075236559,22,2,2,0,F M S,Crotone,1,0.5419308990240097,0.9764073994010687,0.4409379852004349,2016
1364,Marcus Rohden,34,2476,1,1.6170861972495914,4,2.608051549177617,18,35,4,0,M S,Crotone,1,1.6170861972495914,6.232203864026815,2.5923167862929404,2016
1370,Federico Ceccherini,35,3102,1,0.8444977952167392,0,0.19242108007892966,15,6,9,0,D,Crotone,1,0.8444977952167392,3.0060494132339954,2.6804265175014734,2016
1371,Mario Sampirisi,23,1180,1,0.32428290974348783,1,1.2579030022025108,3,10,1,0,D M S,Crotone,1,0.32428290974348783,2.4456544229760766,0.965653108432889,2016
1377,Nikola Maksimovic,8,678,1,0.5346429944038391,0,0.04404589906334877,1,1,1,0,D S,Napoli,1,0.5346429944038391,2.035085007548332,2.035085007548332,2016
1379,Allan,29,1614,1,0.5945171006023884,6,4.674038430675864,14,28,3,0,M S,Napoli,1,0.5945171006023884,10.847620632499456,9.200941901654005,2016
1397,Fabio Pisacane,29,2563,1,0.770835648290813,1,0.5485053919255733,9,5,7,0,D,Cagliari,1,0.770835648290813,4.50259720440954,4.385652398690581,2016
1399,Bruno Alves,36,3240,1,0.9336253013461828,0,0.2491159001365304,31,6,5,1,D,Cagliari,1,0.9336253013461828,2.932265286333859,2.879736186005175,2016
1402,Mauricio Isla,34,2879,1,0.5011931024491787,7,3.519984481856227,11,34,10,0,D F M S,Cagliari,1,0.5011931024491787,7.480418156832457,5.698503366671503,2016
1403,Simone Padoin,31,2171,1,0.32807829696685076,1,2.3349013095721602,9,19,6,0,D M S,Cagliari,1,0.32807829696685076,4.964052818715572,3.1170433443039656,2016
1408,Marco Capuano,12,766,1,0.5316520156338811,0,0.2451258972287178,4,4,0,1,D S,Cagliari,1,0.5316520156338811,0.9932143054902554,0.7977513037621975,2016
1418,Gonzalo Rodríguez,26,2210,1,0.8750009974464774,0,0.28836558759212494,13,2,6,2,D,Fiorentina,1,0.8750009974464774,5.0708433128893375,4.774619513191283,2016
1422,Borja Valero,31,2683,1,2.0758781945332885,10,3.6728257052600384,34,61,5,0,F M S,Fiorentina,1,2.0758781945332885,13.877990007400513,10.85438433662057,2016
1438,Vasilis Torosidis,28,1937,1,2.02493619825691,0,0.15065190009772778,11,5,5,1,D S,Bologna,1,2.02493619825691,3.5358545230701566,1.898420906625688,2016
1440,Filip Helander,11,833,1,0.7195390984416008,0,0.06801260262727737,3,1,3,0,D S,Bologna,1,0.7195390984416008,1.0866537652909756,1.0866537652909756,2016
1441,Adam Masina,32,2431,1,1.4956633085384965,0,1.2481099581345916,18,12,6,1,D S,Bologna,1,1.4956633085384965,5.607006081845611,3.9351096893660724,2016
1447,Ladislav Krejci,37,2798,1,4.942059505730867,8,6.28942752815783,36,55,2,0,D F M S,Bologna,0,4.180795479565859,11.906819816678762,3.6572020687162876,2016
1448,Erick Pulgar,27,1575,1,0.33771364390850067,1,1.0984626887366176,16,20,5,2,M S,Bologna,1,0.33771364390850067,4.445645708590746,3.7837120965123177,2016
1462,Paolo Cannavaro,18,1426,1,0.5456890873610973,0,0.21111049875617027,5,2,2,0,D S,Sassuolo,1,0.5456890873610973,1.8707023318856955,1.4718505199998617,2016
1464,Federico Peluso,34,2978,1,1.0803163833916187,2,1.5762677155435085,6,16,12,0,D M S,Sassuolo,1,1.0803163833916187,5.510781685821712,4.604123613797128,2016
1465,Stefano Sensi,16,1207,1,1.4201462119817734,0,0.9466487057507038,16,12,3,0,M S,Sassuolo,1,1.4201462119817734,3.5779667645692825,1.5622535236179829,2016
1466,Francesco Magnanelli,15,1192,1,0.07742353063076735,0,0.16976599767804146,4,5,2,0,M S,Sassuolo,1,0.07742353063076735,4.770095638930798,4.670860841870308,2016
1474,Alfred Duncan,21,1323,1,0.8380975974723697,1,2.1313942056149244,19,20,4,0,M S,Sassuolo,1,0.8380975974723697,4.695080918259919,2.581081211566925,2016
1475,Claud Adjapong,9,510,1,0.5114936083555222,0,0.31687089428305626,10,4,3,0,D F M S,Sassuolo,1,0.5114936083555222,0.8277673870325089,0.13739580288529396,2016
1477,Luca Mazzitelli,17,1054,1,0.45591780729591846,2,1.1868189256638288,14,13,8,0,M S,Sassuolo,1,0.45591780729591846,3.403631791472435,2.546712690964341,2016
1482,Luca Antei,15,1105,1,0.7397914780303836,0,0,7,0,4,0,D S,Sassuolo,1,0.7397914780303836,1.2142579276114702,1.2018085280433297,2016
1494,Mauricio Pinilla,16,705,1,4.45046847499907,1,1.5024549094960093,29,10,5,1,F S,"Atalanta,Genoa",0,3.6891694981604815,4.350775117054582,0.08421710133552551,2016
1502,Marco D&#039;Alessandro,24,725,1,1.908793905749917,1,1.277837410569191,11,19,2,0,D F M S,Atalanta,1,1.908793905749917,4.590686824172735,1.7426564656198025,2016
1504,Alberto Grassi,18,676,1,1.1755135916173458,0,0.0865193959325552,13,3,2,0,M S,Atalanta,1,1.1755135916173458,2.948231691494584,1.8428153973072767,2016
1516,Geoffrey Kondogbia,24,1715,1,1.406003788113594,2,1.7798901125788689,33,10,5,1,M S,Inter,1,1.406003788113594,7.079613560810685,6.326530318707228,2016
1521,Gabriel,9,104,1,1.4405401572585106,0,0.20738029852509499,10,4,3,0,S,Inter,1,1.4405401572585106,1.5621721558272839,0.12156300060451031,2016
1534,Giancarlo Gonzalez,21,1659,1,1.1015833336859941,0,0.23637920431792736,5,6,7,2,D M S,Palermo,1,1.1015833336859941,1.0807448169216514,0.9997913045808673,2016
1571,Robert Muric,5,183,1,0.5622637085616589,0,0.3679029941558838,5,5,0,0,F S,Pescara,1,0.5622637085616589,0.9278484024107456,0.1307860016822815,2016
1572,Bostjan Cesar,17,1433,1,2.497299011796713,0,0.336001992225647,9,2,8,1,D S,Chievo,1,2.497299011796713,2.83120677806437,2.4793688748031855,2016
1581,Serge Gakpe,15,551,1,1.9911946393549442,0,0.8010985963046551,19,8,2,0,F S,"Chievo,Genoa",1,1.9911946393549442,3.067761128768325,0.3513827947899699,2016
1622,Matías Fernández,13,651,1,0.8165845926851034,2,1.7937225066125393,8,17,1,0,M S,AC Milan,1,0.8165845926851034,2.799746820703149,1.2865258120000362,2016
1641,Andrea Bertolacci,15,747,1,1.8861283361911774,0,1.0586592815816402,9,15,3,0,M S,AC Milan,1,1.8861283361911774,3.4607935454696417,0.8822420928627253,2016
1837,Aleksandar Trajkovski,11,437,1,0.36265270598232746,0,0.17151986621320248,6,4,1,0,F S,Palermo,1,0.36265270598232746,0.4398900084197521,0.14088029973208904,2016
2603,Marco Andreolli,6,362,1,0.551407590508461,0,0,5,0,0,0,D S,Inter,1,0.551407590508461,0.6588452868163586,0.6588452868163586,2016
3943,Sulley Muntari,9,531,1,0.11714550107717514,0,0.6205196045339108,4,5,5,0,M S,Pescara,1,0.11714550107717514,0.542203295044601,0.28596120048314333,2016
4914,Han Kwang Song,5,47,1,0.7470339983701706,0,0.6612769961357117,4,2,0,0,S,Cagliari,1,0.7470339983701706,1.3296687230467796,0.04876609891653061,2016
4924,Luca Crecco,3,51,1,0.606781005859375,0,0,2,0,0,0,S,Lazio,1,0.606781005859375,0.05331680178642273,0,2016
4932,Pietro Pellegri,3,75,1,0.34408798813819885,0,0,2,0,0,0,F S,Genoa,1,0.34408798813819885,0.34408798813819885,0,2016
4937,Miha Zajc,5,98,1,0.2578648030757904,1,0.5595449805259705,4,1,0,0,M S,Empoli,1,0.2578648030757904,1.1165735572576523,0.35736000537872314,2016
4938,Mame Thiam,15,874,1,2.829066326841712,1,1.2579204142093658,29,12,1,0,F S,Empoli,1,2.829066326841712,3.923103231936693,0.5412122011184692,2016
18,Slobodan Rajkovic,4,298,0,0.1049611009657383,0,0,2,0,0,1,D,Palermo,0,0.1049611009657383,0.5462437942624092,0.5462437942624092,2016
57,Toni Sunjic,7,240,0,0.13750529661774635,0,0.05481389909982681,2,1,1,0,D S,Palermo,0,0.13750529661774635,0.7584410160779953,0.7584410160779953,2016
609,Joe Hart,36,3240,0,0,0,0.0179882999509573,0,1,2,0,GK,Torino,0,0,2.991361099295318,2.973372799344361,2016
716,Alberto Paloschi,13,426,0,2.03871638327837,0,0.4974053129553795,9,6,0,0,F S,Atalanta,0,1.2774180099368095,1.8190300203859806,0.46346549689769745,2016
947,Víctor Ibarbo,3,30,0,0.2967830002307892,0,0,1,0,0,0,S,Cagliari,0,0.2967830002307892,0.31198040023446083,0.015197400003671646,2016
1093,Mattia Perin,16,1358,0,0,0,0,0,0,1,1,GK,Genoa,0,0,1.5363616831600666,1.5363616831600666,2016
1094,Nicolas Burdisso,35,3127,0,1.0806006081402302,0,0.25846910290420055,14,3,10,0,D,Genoa,0,1.0806006081402302,5.531844955869019,5.512254853732884,2016
1095,Ezequiel Muñoz,31,2339,0,0.5949717042967677,0,0.12402630131691694,8,3,3,0,D S,Genoa,0,0.5949717042967677,4.296007603406906,4.296007603406906,2016
1096,Armando Izzo,29,2592,0,0.8003224432468414,2,0.7972305007278919,7,14,5,0,D M,Genoa,0,0.8003224432468414,6.812953082844615,6.193213295191526,2016
1097,Edenilson,16,887,0,0.13036849815398455,3,3.282026583328843,3,19,2,1,D F M S,Genoa,0,0.13036849815398455,4.765158504247665,4.258664045482874,2016
1098,Miguel Veloso,23,1786,0,1.0927962949499488,4,3.0330959735438228,31,33,8,1,M S,Genoa,0,1.0927962949499488,7.374635709449649,5.563167506828904,2016
1099,Tomás Rincón,29,1686,0,0.8448213078081608,3,2.035240814089775,16,21,4,0,M S,"Genoa,Juventus",0,0.8448213078081608,8.507433488965034,6.11533060669899,2016
1105,Riccardo Fiamozzi,4,104,0,0.09960149973630905,0,0.17743399739265442,1,3,0,0,D S,Genoa,0,0.09960149973630905,0.6830410063266754,0.4060060903429985,2016
1107,Santiago Gentiletti,15,1223,0,0.17068680003285408,1,0.2047191932797432,3,4,1,1,D,Genoa,0,0.17068680003285408,1.9045958910137415,1.772571885958314,2016
1108,Lucas Orban,11,773,0,0.06776510179042816,0,0.7596250120550394,1,3,4,1,D S,Genoa,0,0.06776510179042816,1.374487217515707,1.263142216950655,2016
1112,Isaac Cofie,15,1002,0,0.09659069776535034,1,0.860986583866179,4,6,5,0,M S,Genoa,0,0.09659069776535034,2.5997047051787376,2.031332528218627,2016
1113,Eugenio Lamanna,21,1882,0,0,0,0,0,0,0,0,GK S,Genoa,0,0,0.6896766843274236,0.6896766843274236,2016
1114,Davide Biraschi,7,391,0,0.05242559965699911,0,0.10533100366592407,3,1,2,0,D S,Genoa,0,0.05242559965699911,0.8215313050895929,0.7943750247359276,2016
1116,Gianluigi Donnarumma,38,3420,0,0.04218849912285805,0,0,1,0,2,0,GK,AC Milan,0,0.04218849912285805,5.5883974097669125,5.5883974097669125,2016
1117,Andrea Poli,13,367,0,0.1737000048160553,0,0.11433970090001822,3,5,1,0,D M S,AC Milan,0,0.1737000048160553,0.6245715012773871,0.41143909841775894,2016
1120,Mattia De Sciglio,25,2093,0,0.33600840251892805,2,1.2669922122731805,9,14,4,0,D M S,AC Milan,0,0.33600840251892805,6.435905687510967,5.13149824179709,2016
1127,Luiz Adriano,7,112,0,0.16564799845218658,0,0.015766499564051628,3,1,0,0,F S,AC Milan,0,0.16564799845218658,0.21295599825680256,0.05827249959111214,2016
1128,Gustavo Gómez,18,1073,0,0.4742845008149743,0,0.06848439946770668,5,3,4,0,D S,AC Milan,0,0.4742845008149743,3.0209180433303118,3.00764405913651,2016
1130,José Sosa,18,1247,0,0.7328550089150667,3,2.0213903887197375,24,24,5,2,M S,AC Milan,0,0.7328550089150667,4.4170582592487335,3.2984483018517494,2016
1132,Gabriel,3,270,0,0,0,0,0,0,1,0,GK,Cagliari,0,0,0.1221042051911354,0.1221042051911354,2016
1135,Ignazio Abate,23,1924,0,1.2656333595514297,2,1.2506997724995017,4,20,2,0,D S,AC Milan,0,1.2656333595514297,5.220129846595228,3.0943887252360582,2016
1138,Orestis Karnezis,33,2961,0,0,0,0.031085699796676636,0,1,3,0,GK,Udinese,0,0,1.13805999327451,1.1069742916151881,2016
1139,Silvan Widmer,28,2492,0,0.2312167063355446,4,1.6682131849229336,5,19,2,0,D M,Udinese,0,0.2312167063355446,5.003539068624377,3.637516312301159,2016
1142,Samir,21,1788,0,0.11036419868469238,2,1.2812068006023765,4,12,3,0,D,Udinese,0,0.11036419868469238,4.817697907797992,3.5564894769340754,2016
1143,Sven Kums,29,1828,0,0.2529350994154811,1,3.02888279594481,10,28,3,0,M S,Udinese,0,0.2529350994154811,4.583480900153518,4.34512790478766,2016
1149,Thomas Heurtaux,12,519,0,0.804819293320179,1,0.5518649816513062,3,1,3,0,D S,Udinese,0,0.804819293320179,0.8910559024661779,0.3098339047282934,2016
1150,Emmanuel Badu,29,2027,0,1.5920819966122508,3,1.7904903143644333,21,12,2,0,F M S,Udinese,0,1.5920819966122508,5.54758042935282,3.005859265103936,2016
1151,Emil Hallfredsson,28,1990,0,0.8552124975249171,4,1.7799073169007897,19,17,10,0,M S,Udinese,0,0.8552124975249171,5.6398870870471,4.52752530016005,2016
1152,Lucas Evangelista,6,201,0,0.14969290047883987,1,0.5889396816492081,3,5,1,0,M S,Udinese,0,0.14969290047883987,1.014941979199648,0.46853799745440483,2016
1153,Ryder Matos,20,525,0,0.8385123871266842,0,0.5470751896500587,14,6,0,0,F S,Udinese,0,0.8385123871266842,1.519231904298067,0.5004391018301249,2016
1156,Ali Adnan,14,856,0,0.2359464978799224,0,0.4524054992944002,8,9,2,0,D S,Udinese,0,0.2359464978799224,1.2171263033524156,0.844579704105854,2016
1158,Simone Scuffet,6,459,0,0,0,0.025852199643850327,0,1,0,0,GK S,Udinese,0,0,0.4195490926504135,0.3936968930065632,2016
1159,Molla Wagué,6,540,0,0.27435400523245335,0,0.014451299794018269,5,1,2,0,D,Udinese,0,0.27435400523245335,0.17197009827941656,0.15114969853311777,2016
1160,Albano Bizzarri,29,2610,0,0,0,0,0,0,2,0,GK,Pescara,0,0,0.771815381012857,0.771815381012857,2016
1161,Francesco Zampano,34,2927,0,0.38980769738554955,5,3.527383329346776,12,22,2,0,D M S,Pescara,0,0.38980769738554955,8.937985489144921,6.3470428716391325,2016
1163,Michele Fornasier,22,1609,0,0,1,0.15159060433506966,0,4,4,0,D S,Pescara,0,0,2.7759853154420853,2.755632311105728,2016
1171,Simone Pepe,12,378,0,1.5613313876092434,0,0.4246112145483494,16,8,0,0,F M S,Pescara,0,1.5613313876092434,2.8827781742438674,1.4981083329766989,2016
1172,Alessandro Crescenzi,21,1401,0,0.28687542490661144,1,0.43056669645011425,7,10,1,0,D M S,Pescara,0,0.28687542490661144,1.7094568870961666,1.300394095480442,2016
1174,Dario Zuparic,7,333,0,0.41381541453301907,0,0.11787399649620056,2,1,1,0,D S,Pescara,0,0.41381541453301907,0.7076774146407843,0.17598800361156464,2016
1175,Vincenzo Fiorillo,9,810,0,0,0,0,0,0,0,0,GK,Pescara,0,0,1.029175490140915,1.029175490140915,2016
1176,Alessandro Bruno,15,967,0,0,0,0.25985569041222334,0,4,6,0,M S,Pescara,0,0,3.217412090860307,3.1032010978087783,2016
1177,Stefano Pettinari,6,252,0,0.5242000110447407,0,0.05499180033802986,9,2,1,0,F S,Pescara,0,0.5242000110447407,0.6005113013088703,0.11050799861550331,2016
1179,Leandro Castán,14,1175,0,0.028390800580382347,0,0.014613600447773933,1,1,4,0,D S,Torino,0,0.028390800580382347,2.4186658784747124,2.375661076977849,2016
1181,Antonio Barreca,28,2356,0,0.736421613022685,2,1.1388355270028114,15,15,2,0,D S,Torino,0,0.736421613022685,6.910255189985037,5.489236958324909,2016
1184,Mirko Valdifiori,25,1887,0,0.22560080140829086,1,1.1685722218826413,12,24,5,0,M S,"Napoli,Torino",0,0.22560080140829086,7.648114752955735,6.696285787038505,2016
1190,Joel Obi,20,761,0,1.182329579256475,3,0.8753974949941039,11,14,3,0,M S,Torino,0,1.182329579256475,4.088805322535336,2.0447442047297955,2016
1194,Giuseppe Vives,3,229,0,0.03157459944486618,0,0.02399349957704544,2,1,0,1,M,Torino,0,0.03157459944486618,1.2090580463409424,1.1534899473190308,2016
1195,Daniele Padelli,2,180,0,0,0,0,0,0,0,0,GK,Torino,0,0,0.8115804865956306,0.8115804865956306,2016
1197,Cesare Bovo,14,1176,0,0.4570825044065714,0,0.10016079992055893,11,2,6,0,D S,"Pescara,Torino",0,0.4570825044065714,2.5660655349493027,2.4659046325832605,2016
1200,Federico Marchetti,17,1486,0,0,0,0,0,0,0,0,GK,Lazio,0,0,0.4008497856557369,0.4008497856557369,2016
1204,Patric,19,997,0,0.7133640814572573,1,1.1761333718895912,16,9,4,0,D M S,Lazio,0,0.7133640814572573,3.842849772423506,3.018846044316888,2016
1211,Franjo Prce,1,1,0,0,0,0,0,0,0,0,S,Lazio,0,0,0,0,2016
1213,Filip Djordjevic,17,440,0,0.7563116140663624,0,0.305514395236969,7,2,0,0,F S,Lazio,0,0.7563116140663624,1.6804703185334802,0.8721582004800439,2016
1214,Thomas Strakosha,21,1844,0,0,0,0,0,0,1,0,GK S,Lazio,0,0,1.6435166718438268,1.6435166718438268,2016
1216,Ivan Vargic,1,90,0,0,0,0,0,0,0,0,GK,Lazio,0,0,0,0,2016
1217,Moritz Leitner,2,12,0,0,0,0,0,0,0,0,S,Lazio,0,0,0.15957200154662132,0.15957200154662132,2016
1220,Christian Puggioni,21,1890,0,0,0,0.14316700398921967,0,2,3,0,GK,Sampdoria,0,0,2.1640691845677793,2.0209021805785596,2016
1221,Jacopo Sala,20,1568,0,0.046050189062952995,0,1.1960275880992413,4,19,5,0,D S,Sampdoria,0,0.046050189062952995,4.807164084166288,4.109023917466402,2016
1222,Matías Silvestre,36,3211,0,0.5387643994763494,3,1.6118650436401367,13,4,2,1,D,Sampdoria,0,0.5387643994763494,7.049387935549021,6.3921936973929405,2016
1223,Milan Skriniar,35,2996,0,1.636759016662836,0,0.16405419912189245,11,4,4,1,D S,Sampdoria,0,1.636759016662836,4.6817255932837725,4.575899185612798,2016
1224,Vasco Regini,34,2781,0,0.3175037959590554,4,0.9229461178183556,10,19,5,0,D S,Sampdoria,0,0.3175037959590554,4.388896509073675,3.753682198934257,2016
1227,Lucas Torreira,35,3055,0,0.7676760489121079,0,1.9133299058303237,19,35,7,0,M,Sampdoria,0,0.7676760489121079,8.860295712947845,7.41064789891243,2016
1232,Angelo Palombo,4,215,0,0.1793929934501648,0,0,2,0,1,0,D S,Sampdoria,0,0.1793929934501648,0.26709700748324394,0.26709700748324394,2016
1233,Filip Djuricic,19,477,0,0.9727948158979416,1,0.9214820079505444,6,9,4,0,M S,Sampdoria,0,0.9727948158979416,2.819072937592864,1.1511445054784417,2016
1235,Ante Budimir,11,295,0,1.0131727010011673,0,0.15571810118854046,10,3,0,0,F S,Sampdoria,0,1.0131727010011673,1.173556387424469,0.1220630039460957,2016
1237,Mirko Eramo,1,4,0,0.021797500550746918,0,0,1,0,0,0,S,Sampdoria,0,0.021797500550746918,0.021797500550746918,0,2016
1238,Luca Cigarini,4,275,0,0.024864300154149532,0,0.8693580785766244,2,6,3,0,M S,Sampdoria,0,0.024864300154149532,0.5985987037420273,0.5637788958847523,2016
1241,Pedro Pereira,12,791,0,0,0,0.1068724999204278,0,5,5,0,D S,Sampdoria,0,0,0.8793725166469812,0.8045108132064342,2016
1244,Wojciech Szczesny,38,3420,0,0,0,0.0507671982049942,0,1,0,0,GK,Roma,0,0,5.925669016316533,5.874902026727796,2016
1245,Emerson,25,1967,0,0.569874307140708,1,2.377399515360594,18,30,1,0,D M S,Roma,0,0.569874307140708,10.030587427318096,9.105126202106476,2016
1246,Kostas Manolas,33,2780,0,1.792853694409132,2,0.40258550364524126,15,7,7,0,D S,Roma,0,1.792853694409132,10.621877416968346,10.55443325266242,2016
1247,Juan Jesus,20,1186,0,0.29975059628486633,0,0.2874435568228364,3,4,5,0,D M S,Roma,0,0.29975059628486633,4.232306286692619,4.053086653351784,2016
1254,Alessandro Florenzi,9,751,0,1.183049701154232,3,1.581798404455185,13,14,3,0,D M S,Roma,0,1.183049701154232,6.678293988108635,5.099678084254265,2016
1258,Gerson,4,131,0,0,0,0.03419940173625946,0,1,1,0,M S,Roma,0,0,1.083590030670166,1.083590030670166,2016
1263,Josip Posavec,29,2610,0,0,0,0,0,0,1,0,GK,Palermo,0,0,0.5029299054294825,0.5029299054294825,2016
1265,Thiago Cionek,29,2330,0,0.798235802911222,0,0.027706200256943703,7,1,8,0,D S,Palermo,0,0.798235802911222,1.4691636161878705,1.4353414960205555,2016
1266,Sinisa Andjelkovic,22,1840,0,0.3762214928865433,1,0.9044259786605835,6,1,3,0,D S,Palermo,0,0.3762214928865433,1.4179911883547902,1.4179911883547902,2016
1267,Michel Morganella,11,650,0,0.13105743564665318,0,0.210881101898849,5,4,3,0,D M S,Palermo,0,0.13105743564665318,0.7142078932374716,0.4277609046548605,2016
1269,Alessandro Gazzi,25,1943,0,0.06146190129220486,0,0.07065439969301224,2,3,6,2,M S,Palermo,0,0.06146190129220486,1.9021175932139158,1.8525585923343897,2016
1276,Carlos Embalo,12,616,0,0.349278399720788,1,0.2429455928504467,11,4,0,0,F M S,Palermo,0,0.349278399720788,1.0659477896988392,0.6731829941272736,2016
1278,Andrea Fulignati,9,810,0,0,0,0,0,0,0,0,GK,Palermo,0,0,0.1318361684679985,0.1318361684679985,2016
1279,Roberto Vitiello,5,378,0,0,0,0,0,0,1,0,D,Palermo,0,0,0.40646979212760925,0.40646979212760925,2016
1280,Simone Lo Faso,10,241,0,0.4212843906134367,0,0.8913498893380165,7,5,0,0,M S,Palermo,0,0.4212843906134367,1.1131855882704258,0.616774600930512,2016
1281,Giuseppe Pezzella,10,804,0,0.20498790219426155,0,0.2152635045349598,5,4,1,0,D M S,Palermo,0,0.20498790219426155,0.555432103574276,0.408222496509552,2016
1283,Ouasim Bouy,2,35,0,0.012344700284302235,0,0.030834000557661057,1,1,1,0,S,Palermo,0,0.012344700284302235,0.08226729929447174,0.039088599383831024,2016
1285,Gianluigi Buffon,30,2656,0,0,0,0.024700399488210678,0,1,0,0,GK,Juventus,0,0,4.516381727531552,4.491680698469281,2016
1286,Andrea Barzagli,23,1525,0,0.10556850209832191,0,0.15079160407185555,2,2,2,0,D S,Juventus,0,0.10556850209832191,6.269900120794773,6.085141122341156,2016
1296,Stefano Sturaro,21,1033,0,1.8763923067599535,1,1.0240528993308544,21,12,5,0,M S,Juventus,0,1.8763923067599535,4.516332928091288,2.4115115385502577,2016
1297,Neto,8,674,0,0,0,0,0,0,0,0,GK S,Juventus,0,0,1.485153391957283,1.485153391957283,2016
1298,Patrice Evra,6,242,0,0.022529499605298042,0,0,1,0,0,0,D S,Juventus,0,0.022529499605298042,1.1995049938559532,1.176975391805172,2016
1302,Emil Audero,1,90,0,0,0,0,0,0,0,0,GK,Juventus,0,0,0.0675790011882782,0.0675790011882782,2016
1305,Lukasz Skorupski,35,3150,0,0,0,0.02934259921312332,0,1,2,0,GK,Empoli,0,0,1.0213072896003723,0.991964690387249,2016
1306,Vincent Laurini,24,1925,0,0.11354539915919304,0,0.3667984027415514,2,7,2,1,D,Empoli,0,0.11354539915919304,2.5954993292689323,2.357188431546092,2016
1310,José Mauri,14,881,0,0.06659190077334642,0,0.1627779994159937,4,3,4,0,M S,Empoli,0,0.06659190077334642,0.887950299307704,0.8168379943817854,2016
1314,Guido Marilungo,20,946,0,0.7953614862635732,4,2.0578150004148483,10,20,2,0,F S,Empoli,0,0.7953614862635732,4.221602326259017,2.4389776065945625,2016
1316,Frederic Veseli,17,1177,0,0.021388700231909752,2,0.24073999375104904,1,2,3,0,D S,Empoli,0,0.021388700231909752,1.7939911056309938,1.6868620980530977,2016
1317,Andrés Tello,18,814,0,0.22930156998336315,0,0.5585393961519003,8,11,6,0,M S,Empoli,0,0.22930156998336315,1.6573573714122176,1.0428317720070481,2016
1320,Federico Barba,11,809,0,0.2289348989725113,0,0.03005490079522133,4,1,3,0,D S,Empoli,0,0.2289348989725113,0.8044934794306755,0.8044934794306755,2016
1321,Alberto Pelagotti,3,270,0,0,0,0,0,0,0,0,GK,Empoli,0,0,0.28722428902983665,0.28722428902983665,2016
1322,Raffaele Maiello,1,60,0,0,0,0.4235660135746002,0,2,0,0,M,Empoli,0,0,0.3704740107059479,0,2016
1323,Marco Zambelli,10,390,0,0.050044700503349304,0,1.070526797324419,1,5,1,0,D S,Empoli,0,0.050044700503349304,1.823639404028654,0.7538748988881707,2016
1324,Federico Dimarco,12,648,0,0.1990287909284234,1,0.700871292501688,9,11,2,0,D S,Empoli,0,0.1990287909284234,1.3594311717897654,1.2038132855668664,2016
1325,Marcel Büchel,15,821,0,0.16229791007936,0,0.017246300354599953,9,1,5,0,M S,Empoli,0,0.16229791007936,0.5634225085377693,0.4554674979299307,2016
1326,Assane Diousse,33,2397,0,0.2124406062066555,0,0.6995125990360975,10,11,13,0,M S,Empoli,0,0.2124406062066555,7.163543989881873,6.46128480322659,2016
1327,Matheus Pereira,1,5,0,0.4814780056476593,0,0,1,0,0,0,S,Empoli,0,0.4814780056476593,0.5886070132255554,0.10712900012731552,2016
1328,Stefano Sorrentino,34,3060,0,0,0,0,0,0,1,0,GK,Chievo,0,0,3.1474723238497972,3.1474723238497972,2016
1331,Dario Dainelli,26,2189,0,0.01907080039381981,0,0.22306660376489162,1,4,8,0,D S,Chievo,0,0.01907080039381981,3.226433123461902,3.124753120355308,2016
1334,Perparim Hetemaj,23,1878,0,0.5200682440772653,0,0.5813612146303058,15,15,6,0,M S,Chievo,0,0.5200682440772653,5.915438404306769,5.007144544273615,2016
1338,Antonio Floro Flores,12,551,0,0.9359522848390043,1,0.9884024225175381,22,6,0,0,F S,Chievo,0,0.9359522848390043,2.8615779485553503,1.085150208324194,2016
1339,Mariano Izco,25,1156,0,0.8757220935076475,1,1.183289086446166,12,19,1,0,D M S,Chievo,0,0.8757220935076475,3.6428969353437424,2.256165562197566,2016
1341,Ivan Radovanovic,35,2888,0,0.6481191227212548,0,0.7185001149773598,27,9,10,0,M S,Chievo,0,0.6481191227212548,5.885718571022153,5.440328533761203,2016
1342,Nicolás Spolli,21,1588,0,1.708096507936716,0,0.01687760092318058,8,1,8,0,D S,Chievo,0,1.708096507936716,2.0245692674070597,1.4028726760298014,2016
1344,Nicolas Frey,15,1181,0,0.036717500537633896,0,0.6623196052387357,2,12,2,0,D S,Chievo,0,0.036717500537633896,1.8911597998812795,1.6649762066081166,2016
1345,Andrea Seculin,4,360,0,0,0,0,0,0,0,0,GK,Chievo,0,0,0.01968579925596714,0.01968579925596714,2016
1346,Gennaro Sardo,1,6,0,0,0,0,0,0,0,0,S,Chievo,0,0,0,0,2016
1348,Vittorio Parigini,3,20,0,0,0,0,0,0,0,0,S,Chievo,0,0,0.01651960052549839,0.01651960052549839,2016
1351,Alex Cordaz,36,3237,0,0,0,0,0,0,2,1,GK,Crotone,0,0,1.148384403437376,1.148384403437376,2016
1353,Claiton,10,709,0,0.494607288390398,1,0.8354989886283875,3,1,2,0,D S,Crotone,0,0.494607288390398,0.7481216862797737,0.7481216862797737,2016
1355,Bruno Martella,29,2334,0,0.3291426030918956,0,1.1649720035493374,14,13,4,0,D M S,Crotone,0,0.3291426030918956,4.2106478456407785,3.8507361924275756,2016
1356,Lorenzo Crisetig,32,2541,0,0.3501232033595443,1,1.4188923044130206,14,29,11,1,M S,Crotone,0,0.3501232033595443,4.699045681394637,3.7183142993599176,2016
1357,Aniello Salzano,7,499,0,0.08176520094275475,0,0.1473187953233719,3,4,0,0,M S,Crotone,0,0.08176520094275475,1.2305584847927094,1.143822679296136,2016
1358,Leonardo Capezzi,25,1635,0,0.7973172124475241,0,0.9624324925243855,24,15,5,1,M S,Crotone,0,0.7973172124475241,2.3007496716454625,1.778828002512455,2016
1365,Djamel Mesbah,10,679,0,0.07891900883987546,0,0.14493229985237122,2,3,1,0,D S,Crotone,0,0.07891900883987546,0.5192002933472395,0.36874149460345507,2016
1366,Noe Dussenne,8,462,0,0.1460947021842003,0,0,3,0,1,1,D S,Crotone,0,0.1460947021842003,1.0757313184440136,1.0570273213088512,2016
1367,Marco Festa,3,182,0,0,0,0,0,0,1,0,GK S,Crotone,0,0,0.01544519979506731,0.01544519979506731,2016
1368,Nicolò Fazzi,1,4,0,0,0,0,0,0,0,0,S,Crotone,0,0,0,0,2016
1372,Andrea Barberis,26,2065,0,0.5444289976730943,3,1.7919302894733846,17,18,3,0,M S,Crotone,0,0.5444289976730943,1.3191881934180856,1.107983898371458,2016
1374,José Reina,37,3330,0,0,0,0.10230100154876709,0,1,1,0,GK,Napoli,0,0,9.71724459901452,9.614943388849497,2016
1375,Elseid Hysaj,35,3033,0,0.4495638068765402,1,1.5182639984413981,8,19,8,0,D S,Napoli,0,0.4495638068765402,15.01859176158905,13.776811998337507,2016
1378,Ivan Strinic,12,1039,0,0.03371980041265488,2,1.6449161060154438,1,11,3,0,D,Napoli,0,0.03371980041265488,6.235694240778685,5.576705817133188,2016
1380,Amadou Diawara,18,1040,0,0.15668650157749653,0,0.23271369747817516,6,10,1,0,M S,Napoli,0,0.15668650157749653,5.225638370960951,5.0815013609826565,2016
1387,Faouzi Ghoulam,29,2377,0,0.6280845440924168,6,5.159741879440844,18,60,1,0,D S,Napoli,0,0.6280845440924168,13.107413157820702,11.02754333615303,2016
1388,Rafael Cabral,1,90,0,0,0,0,0,0,0,0,GK,Napoli,0,0,0.05709439888596535,0.05709439888596535,2016
1389,Jorginho,27,2158,0,0.7905585942789912,3,3.747302258387208,22,38,3,0,M,Napoli,0,0.7905585942789912,17.69924695044756,15.593541841953993,2016
1390,Marko Rog,15,357,0,0.7624184135347605,0,0.17270410433411598,11,3,4,0,M S,Napoli,0,0.7624184135347605,4.907455317676067,4.251977507025003,2016
1391,Christian Maggio,7,391,0,0.045383501797914505,0,0.17966850474476814,1,2,0,0,D S,Napoli,0,0.045383501797914505,1.6698231343179941,1.4877581093460321,2016
1396,Marco Storari,15,1258,0,0,0,0,0,0,1,1,GK,Cagliari,0,0,0.3242995962500572,0.3242995962500572,2016
1398,Bartosz Salamon,15,825,0,0.6633513104170561,0,0.48772769793868065,8,2,1,0,D S,Cagliari,0,0.6633513104170561,1.4284786023199558,0.8994748815894127,2016
1400,Nicola Murru,26,2180,0,0.2802744014188647,1,1.1654826095327735,8,12,3,0,D,Cagliari,0,0.2802744014188647,3.6214993000030518,3.1730782724916935,2016
1401,Panagiotis Tachtsidis,26,2143,0,0.6812413930892944,5,2.8384685944765806,26,35,5,0,D M S,Cagliari,0,0.6812413930892944,6.186833009123802,4.265853306278586,2016
1409,Nicolò Barella,28,1910,0,0.680357726290822,1,1.429397122003138,18,24,9,1,M S,Cagliari,0,0.680357726290822,5.382464794442058,4.489446001127362,2016
1410,Rafael,21,1801,0,0,0,0.012540600262582302,0,1,0,0,GK S,Cagliari,0,0,1.2581841787323356,1.2581841787323356,2016
1411,Gianni Munari,11,342,0,0,0,0,0,0,5,0,M S,Cagliari,0,0,0.1249919980764389,0.1249919980764389,2016
1413,Roberto Colombo,1,1,0,0,0,0,0,0,0,0,S,Cagliari,0,0,0,0,2016
1414,Niccolò Giannetti,11,231,0,1.9928547069430351,0,0.035479601472616196,12,1,0,0,F S,Cagliari,0,1.9928547069430351,1.872876737266779,0,2016
1415,Luca Bittante,5,307,0,0.006184159778058529,0,0.12797360308468342,1,4,3,0,D S,Cagliari,0,0.006184159778058529,0.16557340323925018,0.047175800427794456,2016
1416,Ciprian Tatarusanu,35,3099,0,0,0,0.024671899154782295,0,1,0,0,GK,Fiorentina,0,0,4.72386079467833,4.699188994243741,2016
1417,Carlos Salcedo,18,1349,0,0.36391742900013924,1,0.8741080183535814,3,11,7,0,D M S,Fiorentina,0,0.36391742900013924,6.303855389356613,5.883996412158012,2016
1420,Maximiliano Olivera,18,1110,0,0,2,0.9033320937305689,0,11,4,0,D M S,Fiorentina,0,0,2.5454743206501007,1.7655932046473026,2016
1427,Kevin Diks,2,2,0,0,0,0.05581029877066612,0,1,0,0,S,Fiorentina,0,0,0.05581029877066612,0,2016
1428,Ianis Hagi,2,47,0,0.06407099962234497,0,0.41682198643684387,2,2,1,0,S,Fiorentina,0,0.06407099962234497,0.4802600145339966,0.46042200922966003,2016
1429,Hrvoje Milic,17,1260,0,0.1915568020194769,4,2.373953504487872,5,13,4,0,D F M S,Fiorentina,0,0.1915568020194769,4.4829945508390665,3.1622325275093317,2016
1431,Sebastien De Maio,6,540,0,0.05908140167593956,0,0,1,0,1,0,D,Fiorentina,0,0.05908140167593956,0.7175236996263266,0.7175236996263266,2016
1432,Luca Lezzerini,1,51,0,0,0,0,0,0,0,0,S,Fiorentina,0,0,0,0,2016
1435,Nenad Tomovic,25,1817,0,0.16040439903736115,1,0.4925069008022547,5,12,11,0,D S,Fiorentina,0,0.16040439903736115,5.9136653039604425,5.434560194611549,2016
1436,Sebastián Cristóforo,19,678,0,0.2501769009977579,2,0.5983446948230267,6,16,1,0,M S,Fiorentina,0,0.2501769009977579,1.6301787616685033,0.9312271038070321,2016
1437,Ângelo Da Costa,18,1538,0,0,0,0.03843089938163757,0,1,1,0,GK S,Bologna,0,0,1.978010980412364,1.9395800810307264,2016
1439,Domenico Maietta,29,2382,0,0.10853129997849464,1,0.6092963963747025,4,6,8,0,D,Bologna,0,0.10853129997849464,4.529115355573595,4.474677657708526,2016
1443,Ádám Nagy,25,1824,0,0.24725569784641266,1,0.4597149807959795,8,17,4,0,M S,Bologna,0,0.24725569784641266,4.233484709635377,3.760341881774366,2016
1446,Sergio Floccari,5,243,0,0.19482800364494324,0,0.11419560108333826,2,3,0,0,F S,Bologna,0,0.19482800364494324,0.5486562801524997,0.2396323960274458,2016
1450,Umar Sadiq,7,225,0,0.22693919576704502,1,0.4939481094479561,5,4,2,0,F S,Bologna,0,0.22693919576704502,1.1300317011773586,0.409144988283515,2016
1451,Anthony Mounier,11,386,0,0.4638756960630417,0,0.2185811996459961,8,4,0,0,F S,"Atalanta,Bologna",0,0.4638756960630417,1.242412481456995,0.7406059801578522,2016
1452,Godfred Donsah,13,887,0,0.9705282868817449,2,0.5304906936362386,9,9,2,0,M S,Bologna,0,0.9705282868817449,2.2168519776314497,0.8891995865851641,2016
1453,Marios Oikonomou,18,1238,0,0.33044195314869285,0,0.08947530016303062,6,2,1,0,D S,Bologna,0,0.33044195314869285,2.678566326852888,2.5817016810178757,2016
1454,Alex Ferrari,1,90,0,0,0,0,0,0,0,0,D,Bologna,0,0,0.014998899772763252,0.014998899772763252,2016
1457,Luca Rizzo,12,450,0,0.22567399963736534,0,0.11465190351009369,5,3,0,0,F S,Bologna,0,0.22567399963736534,0.5007066056132317,0.2238490991294384,2016
1458,Ibrahima Mbaye,16,1072,0,0.1442931992933154,1,0.5808584000915289,4,2,4,0,D S,Bologna,0,0.1442931992933154,1.7064770087599754,1.677918715402484,2016
1460,Andrea Consigli,37,3330,0,0,0,0.1627040058374405,0,1,1,0,GK,Sassuolo,0,0,2.1111354287713766,2.1111354287713766,2016
1461,Pol Lirola,22,1540,0,0.2118061725050211,3,2.62928672041744,7,11,3,0,D M S,Sassuolo,0,0.2118061725050211,5.306389921344817,3.30965493619442,2016
1467,Davide Biondini,14,853,0,0.16582670155912638,0,0.3999792989343405,4,10,5,0,M S,Sassuolo,0,0.16582670155912638,2.625418858602643,2.059613697230816,2016
1476,Cristian Dell&#039;Orco,9,776,0,0,0,0.2034849040210247,0,4,0,0,D,Sassuolo,0,0,1.2380746901035309,1.0345885083079338,2016
1478,Marcello Gazzola,16,1381,0,0.15970449801534414,1,0.7626755982637405,6,10,3,0,D,Sassuolo,0,0.15970449801534414,4.021554193459451,3.5094608291983604,2016
1480,Gianluca Pegolo,1,90,0,0,0,0,0,0,0,0,GK,Sassuolo,0,0,0.29398199915885925,0.29398199915885925,2016
1483,Etrit Berisha,26,2340,0,0,0,0,0,0,2,0,GK,Atalanta,0,0,1.4077956853434443,1.4077956853434443,2016
1484,Rafael Toloi,32,2722,0,1.1373754618689418,0,0.6720374953001738,19,9,7,0,D S,Atalanta,0,1.1373754618689418,9.061156107112765,8.853529673069715,2016
1490,Boukary Dramé,10,633,0,0.1194245982915163,0,0.9808866120874882,5,8,1,0,D M S,Atalanta,0,0.1194245982915163,2.0324634071439505,1.1708156075328588,2016
1495,Abdoulay Konko,10,616,0,0.22846540063619614,0,0.02740349993109703,4,1,2,0,D M S,Atalanta,0,0.22846540063619614,0.8938826099038124,0.7067097090184689,2016
1497,Ervin Zukanovic,19,1386,0,1.0338686779141426,0,0.2398121003061533,10,5,1,0,D M S,Atalanta,0,1.0338686779141426,4.24533317796886,4.198571158573031,2016
1498,Bryan Cabezas,1,22,0,0.031579598784446716,0,0,1,0,0,0,S,Atalanta,0,0.031579598784446716,0.031579598784446716,0.031579598784446716,2016
1499,Cristian Raimondi,8,331,0,0.13077529706060886,0,0.19152979739010334,3,4,3,0,D M S,Atalanta,0,0.13077529706060886,0.6980773881077766,0.4916459992527962,2016
1500,Leonardo Spinazzola,30,2506,0,0.9521533129736781,5,4.9315522611141205,15,47,2,0,D F M S,Atalanta,0,0.9521533129736781,12.069762548431754,7.884501112625003,2016
1501,Marco Sportiello,10,900,0,0,0,0.051324401050806046,0,1,1,0,GK,"Atalanta,Fiorentina",0,0,0.5118312044069171,0.46050680335611105,2016
1503,Giulio Migliaccio,3,9,0,0,0,0,0,0,0,0,S,Atalanta,0,0,0,0,2016
1505,Samir Handanovic,37,3330,0,0.029560500755906105,0,0,1,0,4,0,GK,Inter,0,0.029560500755906105,5.5048680901527405,5.5048680901527405,2016
1506,Yuto Nagatomo,16,1020,0,0.13163850083947182,0,0.040123000741004944,3,1,2,0,D M S,Inter,0,0.13163850083947182,1.784206822514534,1.6316908244043589,2016
1507,Miranda,32,2880,0,1.415878395549953,0,0.23142889700829983,16,8,6,0,D,Inter,0,1.415878395549953,8.938769900240004,8.705252378247678,2016
1508,Jeison Murillo,27,2082,0,0.7358302064239979,0,0.05238249897956848,10,1,6,0,D S,Inter,0,0.7358302064239979,4.000758538022637,3.8663238380104303,2016
1509,Davide Santon,14,1017,0,0.013767500407993793,1,0.8838148936629295,1,12,1,0,D S,Inter,0,0.013767500407993793,3.2921658605337143,2.646848849952221,2016
1510,Gary Medel,26,2172,0,0.6481094239279628,0,0.17454140447080135,10,5,5,0,D M,Inter,0,0.6481094239279628,7.67021999694407,7.009698795154691,2016
1515,Cristian Ansaldi,21,1507,0,0.44211069494485855,1,0.912244101986289,6,14,8,1,D S,Inter,0,0.44211069494485855,6.3485814575105906,5.375104952603579,2016
1518,Rodrigo Palacio,15,418,0,2.6523674726486206,3,1.5300894966349006,13,12,1,0,F S,Inter,0,2.6523674726486206,4.8329873494803905,0.9861774072051048,2016
1519,Juan Pablo Carrizo,1,90,0,0,0,0,0,0,0,0,GK,Inter,0,0,0.08082509785890579,0.08082509785890579,2016
1522,Andrea Ranocchia,5,379,0,1.0324273779988289,0,0.05773800238966942,5,2,2,0,D,Inter,0,1.0324273779988289,0.6536380052566528,0.16598709858953953,2016
1524,Stevan Jovetic,5,63,0,0,0,0.015713199973106384,0,1,1,0,S,Inter,0,0,0.19503310322761536,0.19503310322761536,2016
1525,Assane Demoya Gnoukouri,4,138,0,0.09055370092391968,0,0.026052100583910942,1,1,0,0,S,Inter,0,0.09055370092391968,0.6011929959058762,0.4845871925354004,2016
1527,Emanuele Terranova,3,193,0,0.08964119851589203,0,0,1,0,0,0,D S,Sassuolo,0,0.08964119851589203,0.7865209877490997,0.7865209877490997,2016
1529,Davide Vitturini,3,146,0,0,0,0.1154320016503334,0,1,0,0,D S,Pescara,0,0,0.2136538028717041,0.0982218012213707,2016
1530,Andrea Coda,13,1008,0,0.3806755021214485,0,0.07048890180885792,3,2,6,1,D S,Pescara,0,0.3806755021214485,1.3950990289449692,1.3177509270608425,2016
1532,Emiliano Viviano,17,1530,0,0,0,0.05589909851551056,0,1,5,0,GK,Sampdoria,0,0,1.2173940278589725,1.161494929343462,2016
1533,Dodô,7,368,0,0,0,0.0334182009100914,0,1,0,0,D S,Sampdoria,0,0,0.22255560010671616,0.1891372986137867,2016
1535,Accursio Bentivegna,3,90,0,0.029035799205303192,0,0,1,0,0,0,F M S,Palermo,0,0.029035799205303192,0.029035799205303192,0,2016
1536,Norbert Balogh,16,525,0,0.8157491851598024,0,0.09679879993200302,9,4,1,1,F M S,Palermo,0,0.8157491851598024,1.4092896655201912,0.5680915042757988,2016
1537,Sasa Lukic,14,769,0,0.3364842953160405,0,0.4481214080005884,7,10,6,0,M S,Torino,0,0.3364842953160405,1.2955084033310413,0.8308568820357323,2016
1538,Samuel Gustafson,5,215,0,0,0,0.13665300607681274,0,1,1,0,M S,Torino,0,0,1.0940871266648173,0.9574331073090434,2016
1545,Emil Krafth,26,1648,0,0.16505989152938128,0,0.6103760469704866,6,7,1,2,D S,Bologna,0,0.16505989152938128,5.253240050747991,4.546013014391065,2016
1547,Pablo Armero,2,180,0,0,0,0,0,0,1,0,D,Udinese,0,0,0.10198099911212921,0.10198099911212921,2016
1548,Adalberto Peñaranda,6,155,0,0.23535809852182865,0,0,6,0,0,0,F S,Udinese,0,0.23535809852182865,0.8177335783839226,0.5823754817247391,2016
1549,Senna Miangue,7,253,0,0,0,0.18356959894299507,0,4,1,0,D S,"Cagliari,Inter",0,0,1.7901296056807041,1.6401287093758583,2016
1550,Luca Ceppitelli,19,1691,0,0.40434600226581097,0,0.1505264937877655,7,2,5,0,D,Cagliari,0,0.40434600226581097,0.8421976082026958,0.8214904107153416,2016
1552,Alberto Gilardino,17,689,0,1.3159160055220127,0,1.1704056039452553,9,6,2,0,F S,"Empoli,Pescara",0,1.3159160055220127,2.4801489282399416,0.3495284002274275,2016
1554,Uros Cosic,14,958,0,0.03935040161013603,0,0.027309799566864967,1,1,1,0,D S,Empoli,0,0.03935040161013603,0.29891904443502426,0.29891904443502426,2016
1555,Bartlomiej Dragowski,1,90,0,0,0,0,0,0,0,0,GK,Fiorentina,0,0,0.280333012342453,0.280333012342453,2016
1556,Guglielmo Stendardo,10,693,0,0.21161219477653503,0,0.27189698815345764,3,1,1,0,D S,"Atalanta,Pescara",0,0.21161219477653503,1.5426629669964314,1.2707659788429737,2016
1557,Carlos Carmona,2,102,0,0,0,0.008031490258872509,0,1,1,1,M,Atalanta,0,0,0.22456000000238419,0.2165290042757988,2016
1559,Filippo Costa,1,50,0,0,0,0,0,0,0,0,S,Chievo,0,0,0.04859190061688423,0.04859190061688423,2016
1560,Leonel Vangioni,15,946,0,0.42723980732262135,0,0.3826762046664953,6,7,4,0,D S,AC Milan,0,0.42723980732262135,2.0450550876557827,1.9108619913458824,2016
1561,Panagiotis Kone,5,297,0,0.16675637662410736,0,0.524134986102581,6,2,1,0,M S,Udinese,0,0.16675637662410736,0.8311650305986404,0.2967460919171572,2016
1562,Francesco Lodi,1,10,0,0,0,0,0,0,0,0,S,Udinese,0,0,0,0,2016
1563,Jordan Lukaku,16,838,0,0.3897306080907583,1,0.9201874956488609,2,10,2,0,D M S,Lazio,0,0.3897306080907583,3.4215077739208937,3.0317675434052944,2016
1564,Ricardo Kishna,5,159,0,0.13141269981861115,0,0.4167088121175766,2,3,0,0,F S,Lazio,0,0.13141269981861115,0.674099788069725,0.4399624913930893,2016
1566,Mattia Aramu,1,47,0,0.06783939898014069,0,0,1,0,0,0,F,Torino,0,0.06783939898014069,0,0,2016
1568,Felipe Melo,5,171,0,0.014376499690115452,0,0,1,0,1,1,M S,Inter,0,0.014376499690115452,2.19929002225399,2.1849100440740585,2016
1569,Valerio Verre,28,1915,0,2.135830467566848,2,2.2783923521637917,36,26,2,1,D F M S,Pescara,0,2.135830467566848,8.015739060938358,5.201508276164532,2016
1573,Riccardo Montolivo,9,780,0,0.12920009903609753,0,0.39472959376871586,7,11,2,0,M,AC Milan,0,0.12920009903609753,3.943380393087864,3.518728429451585,2016
1574,Davide Calabria,12,989,0,0.1966675976291299,1,1.7152056936174631,9,11,3,0,D S,AC Milan,0,0.1966675976291299,3.9186571165919304,2.9543328937143087,2016
1575,Timo Letschert,9,666,0,0,0,0.013641700148582458,0,1,2,1,D,Sassuolo,0,0,2.0056446939706802,1.9920029938220978,2016
1577,Marko Pjaca,14,440,0,1.8173696845769882,0,0.3751389980316162,13,4,1,0,M S,Juventus,0,1.8173696845769882,2.221975088119507,0.4580368995666504,2016
1578,Luca Crosta,1,90,0,0,0,0,0,0,0,0,GK,Cagliari,0,0,0.08857669681310654,0.08857669681310654,2016
1579,Daniele Gastaldello,24,1929,0,0.5066033080220222,1,0.03979000076651573,4,1,12,2,D,Bologna,0,0.5066033080220222,2.477318074554205,2.455959875136614,2016
1582,Aleksandar Pesic,6,78,0,0.661160908639431,0,0,4,0,0,0,S,Atalanta,0,0.661160908639431,0.6924141943454742,0.4725892972201109,2016
1585,Ewandro,5,51,0,0.025852199643850327,0,0.04482069984078407,1,1,0,0,S,Udinese,0,0.025852199643850327,0.1921996958553791,0.121526800096035,2016
1587,Kwadwo Asamoah,18,1465,0,0.3936212006956339,1,1.0135679822415113,8,14,2,0,D M S,Juventus,0,0.3936212006956339,6.689341899007559,5.380202041938901,2016
1588,Raúl Albiol,26,2299,0,0.481984194368124,1,0.7528691124171019,9,7,8,0,D S,Napoli,0,0.481984194368124,12.072234749794006,11.940853234380484,2016
1590,Luca Antonelli,7,311,0,0.6815885826945305,0,0.1362369991838932,3,2,1,0,D S,AC Milan,0,0.6815885826945305,1.8190835639834404,1.1210129838436842,2016
1591,Giuseppe Cuomo,1,3,0,0,0,0,0,0,0,0,S,Crotone,0,0,0,0,2016
1595,Bastos,11,776,0,0.20684137847274542,0,0.046880099922418594,3,2,4,1,D S,Lazio,0,0.20684137847274542,1.4492989089339972,1.432236809283495,2016
1596,Archimede Morleo,1,23,0,0,0,0,0,0,0,0,S,Bologna,0,0,0.12161099910736084,0.12161099910736084,2016
1597,Cristian Molinaro,10,751,0,0.2595491036772728,2,1.0471752984449267,4,9,2,0,D S,Torino,0,0.2595491036772728,2.235986392945051,1.7200600113719702,2016
1599,Norbert Gyömbér,10,850,0,0.12717700004577637,0,0.015731999650597572,1,1,4,0,D,Pescara,0,0.12717700004577637,1.076097784563899,1.0603657849133015,2016
1600,Jonathan Biabiany,1,1,0,0.12112600356340408,0,0,1,0,0,0,S,Inter,0,0.12112600356340408,0.12112600356340408,0,2016
1602,Daniel Pavlovic,9,719,0,0.12552920076996088,0,0.3214521035552025,5,7,2,0,D S,Sampdoria,0,0.12552920076996088,0.955492191016674,0.8707498908042908,2016
1603,Simone Missiroli,13,773,0,0.3893620911985636,0,0.09841510094702244,4,3,3,0,M S,Sassuolo,0,0.3893620911985636,2.0970799885690212,1.6800586059689522,2016
1609,Antonio Mirante,21,1882,0,0,0,0.05098379962146282,0,2,0,0,GK,Bologna,0,0,1.998720146715641,1.947736021131277,2016
1621,Marcos Alonso,2,180,0,0,0,0,0,0,0,0,D M,Fiorentina,0,0,0.23548099771142006,0.23548099771142006,2016
1623,Lamin Jallow,2,9,0,0.044710900634527206,0,0,1,0,0,0,S,Chievo,0,0.044710900634527206,0.044710900634527206,0,2016
1624,Fabio Depaoli,6,445,0,0,1,0.07056200131773949,0,2,1,1,D M S,Chievo,0,0,0.7214365266263485,0.6905520260334015,2016
1626,Nunzio Di Roberto,1,5,0,0,0,0,0,0,0,0,S,Crotone,0,0,0,0,2016
1627,Eddy Gnahore,1,22,0,0,0,0.062226101756095886,0,1,0,0,S,Crotone,0,0,0,0,2016
1628,Pietro De Giorgio,1,7,0,0,0,0.08301190286874771,0,1,0,0,S,Crotone,0,0,0.08301190286874771,0,2016
1630,Giovanni Marchese,1,7,0,0,0,0,0,0,0,0,S,Genoa,0,0,0,0,2016
1634,Alessandro Deiola,5,253,0,0.19605919905006886,0,0,5,0,2,0,M S,Cagliari,0,0.19605919905006886,0.5865710005164146,0.5403423979878426,2016
1635,Thomas Vermaelen,9,387,0,0,0,0.027071800082921982,0,1,1,0,D S,Roma,0,0,1.5957169868052006,1.5686449892818928,2016
1644,Giuseppe Rossi,1,9,0,0,0,0,0,0,0,0,S,Fiorentina,0,0,0,0,2016
1645,Marko Pajac,1,8,0,0,0,0,0,0,0,0,S,Cagliari,0,0,0,0,2016
1792,Mário Rui,5,345,0,0.09596269950270653,0,0.2107527032494545,2,4,1,0,D M S,Roma,0,0.09596269950270653,2.467450976371765,2.238701969385147,2016
1805,Rubinho,2,180,0,0,0,0,0,0,0,0,GK,Genoa,0,0,0.03573251981288195,0.03573251981288195,2016
1822,Antonio Rüdiger,26,2207,0,0.7246929164975882,2,0.9243026962503791,10,12,7,1,D S,Roma,0,0.7246929164975882,9.528834842145443,9.146167438477278,2016
1841,Pierluigi Gollini,4,360,0,0,0,0,0,0,1,0,GK,Atalanta,0,0,0.061385298147797585,0.061385298147797585,2016
1920,Gabriel Silva,5,230,0,0,0,0.12589269876480103,0,3,2,0,D S,Udinese,0,0,0.6217999905347824,0.4959069937467575,2016
1933,Danilo Avelar,3,264,0,0,0,0.3169955089688301,0,4,1,0,D,Torino,0,0,0.6731690019369125,0.5477229952812195,2016
2031,Alessandro Rossi,3,41,0,0.029439199715852737,0,0,1,0,0,0,S,Lazio,0,0.029439199715852737,0,0,2016
3568,Clément Grenier,6,148,0,0.020340999588370323,1,1.261273942887783,1,8,1,0,M S,Roma,0,0.020340999588370323,1.3033430352807045,0.4269843101501465,2016
3763,Cazim Suljic,2,11,0,0,0,0,0,0,0,0,S,Crotone,0,0,0.014719800092279911,0.014719800092279911,2016
3821,Rolando Mandragora,1,4,0,0.018168499693274498,0,0,1,0,0,0,S,Juventus,0,0.018168499693274498,0.018168499693274498,0,2016
3978,Marco Faraoni,5,327,0,0.4964002063497901,0,0.11193899810314178,4,1,2,0,D S,Udinese,0,0.4964002063497901,0.9118911232799292,0.7713363096117973,2016
4004,Mamadou Tounkara,1,4,0,0,0,0,0,0,0,0,S,Lazio,0,0,0,0,2016
4450,Adel Taarabt,6,208,0,0.39749620016664267,3,1.1724978610873222,6,5,0,0,M S,Genoa,0,0.39749620016664267,1.643218357115984,0.12071599811315536,2016
4894,Trent Sainsbury,1,19,0,0,0,0,0,0,1,0,S,Inter,0,0,0,0,2016
4895,Andrea Pinamonti,2,16,0,0.11937890201807022,0,0.05623000115156174,2,1,0,0,S,Inter,0,0.11937890201807022,0.32680100202560425,0.15119299292564392,2016
4902,Carlao,4,339,0,0.044755298644304276,0,0,1,0,1,0,D,Torino,0,0.044755298644304276,0.41306669916957617,0.41306669916957617,2016
4903,Mamadou Coulibaly,9,492,0,0.12069199979305267,0,0.022270899266004562,1,1,4,0,M S,Pescara,0,0.12069199979305267,2.1055928580462933,2.1055928580462933,2016
4904,Adrián Cubas,1,7,0,0,0,0,0,0,0,0,S,Pescara,0,0,0,0,2016
4905,Hrvoje Milicevic,3,131,0,0.012685200199484825,0,0.1434590071439743,1,2,1,0,D S,Pescara,0,0.012685200199484825,0.735219394788146,0.5790746882557869,2016
4907,Bartosz Bereszynski,13,1050,0,0,0,0.36120059713721275,0,3,1,0,D S,Sampdoria,0,0,1.9172766134142876,1.8269913122057915,2016
4912,Paolo Faragò,9,336,0,0.4514847043901682,0,0.4280418949201703,3,6,1,0,M S,Cagliari,0,0.4514847043901682,1.4331148201599717,0.6438115201890469,2016
4913,Roberto Biancu,1,5,0,0,0,0,0,0,0,0,S,Cagliari,0,0,0.2553730010986328,0.2553730010986328,2016
4918,Patrick Cutrone,1,4,0,0.08354219794273376,0,0,1,0,1,0,S,AC Milan,0,0.08354219794273376,0.08354219794273376,0,2016
4921,Giuseppe Borello,1,1,0,0,0,0,0,0,0,0,S,Crotone,0,0,0,0,2016
4922,Andrej Kotnik,2,29,0,0.022508999332785606,0,0,2,0,0,0,S,Crotone,0,0.022508999332785606,0.057548798620700836,0.03503980115056038,2016
4923,Boadu Maxwell Acosty,11,366,0,0.2732045045122504,0,0.17569762375205755,8,6,2,0,M S,Crotone,0,0.2732045045122504,0.9322147434577346,0.4833117891103029,2016
4925,Giorgio Spizzichino,1,10,0,0,0,0,0,0,0,0,S,Lazio,0,0,0,0,2016
4929,Orji Okwonkwo,9,236,0,0.05261585861444473,2,0.38226538710296154,3,3,1,0,M S,Bologna,0,0.05261585861444473,0.46241377107799053,0.04394160024821758,2016
4930,Bruno Petkovic,12,511,0,0.5971944965422153,0,0.45302194729447365,9,6,1,0,F S,Bologna,0,0.5971944965422153,1.9678478389978409,1.2648114208132029,2016
4933,Leonardo Morosini,4,91,0,0.059797000139951706,0,0.014160200022161007,2,1,0,0,M S,Genoa,0,0.059797000139951706,0.043607499450445175,0,2016
4934,Andrea Beghetto,3,150,0,0.008838379755616188,0,0.06482800096273422,1,2,0,0,M S,Genoa,0,0.008838379755616188,0.07366638071835041,0,2016
4935,Gennaro Ruggiero,2,150,0,0.01641879975795746,0,0.06729830056428909,1,1,0,0,M,Palermo,0,0.01641879975795746,0.1388690024614334,0.055151499807834625,2016
4936,Stefan Silva,1,15,0,0,0,0,0,0,0,0,S,Palermo,0,0,0,0,2016
4939,Alessandro Bastoni,3,150,0,0.07339899986982346,0,0,1,0,0,0,D S,Atalanta,0,0.07339899986982346,0.049570899456739426,0.049570899456739426,2016
4941,Hans Hateboer,6,287,0,0.18565569818019867,1,0.1233975999057293,3,2,2,0,D M S,Atalanta,0,0.18565569818019867,0.36144280433654785,0.05238980147987604,2016
4942,Sofian Kiyine,7,59,0,0.14255049638450146,0,0,4,0,1,0,S,Chievo,0,0.14255049638450146,0.14255049638450146,0,2016
4943,Emanuel Vignato,2,30,0,0,0,0,0,0,0,0,S,Chievo,0,0,0,0,2016
4951,Grigoris Kastanos,8,272,0,0.13436880055814981,0,0.07653660140931606,5,2,1,0,F M S,Pescara,0,0.13436880055814981,0.2391963042318821,0.08121400140225887,2016
4955,Jan Mlakar,1,19,0,0.39739298820495605,0,0.014693000353872776,1,1,0,0,S,Fiorentina,0,0.39739298820495605,0.41208600997924805,0,2016
4959,Filippo Melegoni,1,47,0,0,0,0,0,0,0,0,M,Atalanta,0,0,0,0,2016
4975,Joshua Pérez,1,13,0,0,0,0,0,0,0,0,S,Fiorentina,0,0,0.015813900157809258,0.015813900157809258,2016
4983,Arnel Jakupovic,1,1,0,0,0,0,0,0,0,0,S,Empoli,0,0,0,0,2016
5026,Federico Serra,1,11,0,0,0,0,0,0,0,0,S,Cagliari,0,0,0,0,2016
1209,Ciro Immobile,33,2706,29,21.299808682873845,9,6.810372309759259,110,37,3,1,F,Lazio,22,15.209529461339116,23.533572487533092,5.524158710613847,2017
1513,Mauro Icardi,34,2984,29,23.019863333553076,2,4.514053216204047,98,31,2,0,F,Inter,23,17.69077955558896,22.24777320213616,3.04539380595088,2017
1294,Paulo Dybala,33,2356,22,13.170289436355233,5,4.819444891065359,114,54,0,0,F M S,Juventus,19,9.363873081281781,15.791880454868078,6.677143428474665,2017
1230,Fabio Quagliarella,35,2747,19,18.391944392584264,6,6.648938776925206,111,37,4,0,F S,Sampdoria,12,12.301587329246104,17.737697571516037,2.568524523638189,2017
1384,Dries Mertens,38,3026,18,18.78953269869089,6,7.525534484535456,128,59,4,0,F S,Napoli,14,14.9830437079072,26.60213926807046,9.092547074891627,2017
1253,Edin Dzeko,36,3016,16,17.002712409943342,4,4.159456540830433,152,49,6,0,F S,Roma,16,17.002712409943342,23.339887775480747,5.367070326581597,2017
1293,Gonzalo Higuaín,35,2811,16,13.411729529500008,6,3.2216845341026783,102,30,4,0,F S,Juventus,15,11.889127161353827,18.532193060964346,5.675433866679668,2017
1102,Giovanni Simeone,38,3027,14,14.101910475641489,4,2.7589886840432882,106,37,2,0,F S,Fiorentina,14,14.101910475641489,17.262482844293118,2.6692787688225508,2017
1185,Iago Falque,37,2864,12,8.742747833952308,8,7.619544985704124,76,72,2,0,F M S,Torino,12,8.742747833952308,15.690612580627203,3.2429327443242073,2017
1340,Roberto Inglese,34,2807,12,9.060249483212829,2,2.5520588983781636,76,25,3,0,F S,Chievo,11,7.537650501355529,9.97262318432331,2.3164838375523686,2017
1543,Sergej Milinkovic-Savic,35,2856,12,6.583664470817894,3,6.250788372009993,91,51,8,0,M S,Lazio,12,6.583664470817894,18.66026286408305,11.146417804062366,2017
1903,Kevin Lasagna,29,2159,12,13.01709595695138,1,0.6069352040067315,72,11,1,0,F M S,Udinese,12,13.01709595695138,15.851691884920001,2.6421421710401773,2017
448,Ivan Perisic,37,3320,11,9.32253023982048,9,9.830475230701268,116,72,4,0,D F M,Inter,11,9.32253023982048,23.860376492142677,7.067653268575668,2017
1104,Leonardo Pavoletti,33,2728,11,11.587606087327003,0,1.8446425050497055,86,23,8,0,F S,Cagliari,11,11.587606087327003,12.568766495212913,3.448701659217477,2017
1148,Duván Zapata,31,2122,11,9.476613890379667,4,3.5229168720543385,53,29,1,0,F S,Sampdoria,11,9.476613890379667,13.796359289437532,2.9544056951999664,2017
1219,Luis Alberto,34,2688,11,7.415718359872699,14,10.925709586590528,80,87,5,0,F M S,Lazio,10,5.893121024593711,18.896084995940328,9.985802702605724,2017
1426,Josip Ilicic,31,2007,11,8.720241472125053,8,6.3604792430996895,90,66,3,0,F M S,Atalanta,9,7.197680488228798,16.365925004705787,8.383319259621203,2017
6187,Mirco Antenucci,33,2572,11,7.723329787142575,7,3.7638451801612973,67,34,1,0,F M S,SPAL 2013,6,3.916869909502566,8.134128171950579,2.826704492792487,2017
1186,Andrea Belotti,32,2675,10,11.985758966766298,4,4.689375955611467,84,30,2,0,F S,Torino,10,10.463164932094514,14.239649936556816,5.483870794065297,2017
1382,José Callejón,38,3269,10,10.090287003666162,10,7.834662991575897,64,73,3,0,F,Napoli,10,10.090287003666162,24.693222530186176,10.660414174199104,2017
1445,Simone Verdi,34,2843,10,7.73935158457607,10,6.251847297884524,93,50,2,0,F M,Bologna,8,6.216754390858114,12.129130657762289,4.437369875609875,2017
1473,Matteo Politano,36,2846,10,9.562780510634184,4,7.008255149237812,100,63,1,0,F M S,Sassuolo,10,8.040263455361128,14.314520763233304,3.6166652720421553,2017
4918,Patrick Cutrone,28,1520,10,8.869440961629152,2,0.9125264063477516,45,14,3,0,F S,AC Milan,10,8.869440961629152,9.733453214168549,2.394327884539962,2017
1168,Bryan Cristante,36,2855,9,8.43687767535448,2,5.040251575410366,78,48,3,0,M S,Atalanta,9,7.6755792535841465,17.374356670305133,9.507734686136246,2017
1292,Sami Khedira,26,1939,9,3.983890738338232,2,1.345942341722548,31,16,1,0,M S,Juventus,9,3.983890738338232,9.091629043221474,5.986897710710764,2017
677,Jordan Veretout,36,3218,8,5.311283924616873,1,3.496843517757952,61,51,10,1,M,Fiorentina,6,3.027391799725592,13.930083729326725,9.969798730686307,2017
1121,Giacomo Bonaventura,33,2571,8,4.053348780609667,3,3.039030136540532,62,46,3,0,D M S,AC Milan,8,4.053348780609667,12.4840267598629,7.573824193328619,2017
1393,Lorenzo Insigne,37,3115,8,14.667033478617668,11,12.840456929057837,177,103,4,0,F S,Napoli,7,13.90573351085186,32.68386325240135,14.48556561395526,2017
3577,Cheick Diabaté,11,667,8,5.248425781726837,0,0.12437010370194912,19,2,0,1,F S,Benevento,8,5.248425781726837,4.6708638444542885,0.37380030006170273,2017
716,Alberto Paloschi,36,2195,7,7.466754327528179,1,0.5694861970841885,26,11,2,0,F S,SPAL 2013,7,7.466754327528179,7.292042558081448,1.7207836052402854,2017
1147,Cyril Théréau,22,1307,7,6.481558257713914,4,2.5644573429599404,34,23,2,0,F M S,"Fiorentina,Udinese",3,3.4363602343946695,9.786600718274713,4.543993193656206,2017
1252,Stephan El Shaarawy,33,2177,7,9.037973880767822,4,3.921549807302654,73,35,1,0,F M S,Roma,7,9.037973880767822,15.042538095265627,4.646768311038613,2017
1362,Simy,23,1199,7,4.235890502110124,1,0.5803112955763936,31,16,0,0,F S,Crotone,7,4.235890502110124,4.500429850071669,1.2238265415653586,2017
1369,Marcello Trotta,34,2277,7,7.254192920401692,4,1.9280438693240285,65,26,2,0,F S,Crotone,5,4.9703408498317,8.420635709539056,3.019960844889283,2017
1381,Marek Hamsik,38,2421,7,6.9913387056440115,1,3.2613581009209156,86,49,2,0,M S,Napoli,7,6.9913387056440115,19.921734761446714,12.153595080599189,2017
6162,Cengiz Ünder,26,1262,7,4.7892716228961945,1,1.7753915451467037,46,21,0,0,F M S,Roma,7,4.7892716228961945,7.147365532815456,1.593542903661728,2017
6208,Antonin Barak,34,2721,7,3.2509823413565755,4,3.5711871683597565,38,28,5,0,F M S,Udinese,7,3.2509823413565755,10.215034037828445,5.157226864248514,2017
189,Hakan Calhanoglu,31,2179,6,5.179458687081933,8,7.270403426140547,86,71,4,1,F M S,AC Milan,6,5.179458687081933,15.27902004122734,6.795605383813381,2017
1129,Suso,35,2858,6,3.928100203163922,7,7.768054345622659,94,78,2,1,D F M S,AC Milan,6,3.928100203163922,17.367547564208508,8.421799337491393,2017
1136,Gianluca Lapadula,28,1473,6,9.748634360730648,1,0.8603679873049259,53,13,3,0,F M S,Genoa,3,6.70347722619772,7.895174751058221,1.0166429951786995,2017
1187,Adem Ljajic,27,2159,6,4.5344885140657425,10,8.24692896567285,62,68,2,0,F M S,Torino,6,4.5344885140657425,12.897628746926785,6.872215546667576,2017
1235,Ante Budimir,22,1585,6,5.669539015740156,0,1.3251922968775034,30,19,8,0,F S,Crotone,6,5.669539015740156,4.791560247540474,0.24657620023936033,2017
1409,Nicolò Barella,34,2981,6,3.322281059809029,1,1.8797818794846535,33,31,13,1,M,Cagliari,3,1.038384317420423,7.957319438457489,5.667844971641898,2017
1425,Nikola Kalinic,31,1814,6,7.732280122116208,3,2.5408445801585913,49,36,3,0,F S,AC Milan,6,7.732280122116208,10.255894884467125,1.6017046850174665,2017
1433,Federico Chiesa,36,3031,6,6.785119691863656,5,6.277902861125767,110,58,7,0,D F M S,Fiorentina,6,6.785119691863656,18.166731831617653,8.445166863501072,2017
1434,Khouma Babacar,29,1162,6,7.095490763895214,2,2.3632018975913525,49,14,1,0,F S,"Fiorentina,Sassuolo",3,4.811593457125127,6.402927107177675,1.4372817687690258,2017
1491,Alejandro Gomez,33,2763,6,10.258716629818082,10,10.41890830732882,98,93,2,0,F M S,Atalanta,4,7.974817354232073,21.96517288684845,10.394725987687707,2017
1541,Stefan de Vrij,36,3053,6,2.6174136139452457,1,0.19919993309304118,14,5,3,0,D,Lazio,6,2.6174136139452457,9.501836202573031,8.785259502008557,2017
1580,Mattia Destro,26,1616,6,8.073414139449596,3,1.3869473189115524,41,14,3,0,F S,Bologna,6,8.073414139449596,7.604840353131294,1.615690778940916,2017
1115,Goran Pandev,32,1830,5,5.177305286750197,1,3.6152467913925648,43,31,4,1,F M S,Genoa,5,5.177305286750197,11.404103618115187,4.609098066575825,2017
1170,Gianluca Caprari,34,1790,5,8.333226475864649,2,3.5494816564023495,68,36,4,1,F M S,Sampdoria,5,8.333226475864649,13.47790970094502,3.137257309630513,2017
1183,Marco Benassi,35,2816,5,3.9124221904203296,2,3.6732278587296605,70,41,6,0,D M,Fiorentina,5,3.9124221904203296,11.307059844955802,5.070168890058994,2017
1190,Joel Obi,22,1202,5,3.9155318131670356,2,0.207352502271533,16,6,3,0,M S,Torino,5,3.9155318131670356,3.852244257926941,1.8481225185096264,2017
1193,Lorenzo De Silvestri,35,2969,5,2.633745079860091,4,1.9276453079655766,23,16,3,1,D M,Torino,5,2.633745079860091,8.042819863185287,5.443419715389609,2017
1290,Miralem Pjanic,31,2502,5,2.4483578875660896,8,6.091512944549322,52,61,5,0,M S,Juventus,5,2.4483578875660896,15.576027732342482,11.63277205824852,2017
1295,Mario Mandzukic,32,2335,5,5.796523692086339,3,2.339833978563547,50,25,3,1,F M S,Juventus,5,5.796523692086339,11.794627156108618,5.685181120410562,2017
1376,Kalidou Koulibaly,35,3065,5,3.081645205616951,1,0.30926779191941023,17,8,5,1,D,Napoli,5,3.081645205616951,14.116568425670266,13.863199362531304,2017
1488,Remo Freuler,35,3008,5,4.372192237526178,3,3.8672938253730536,41,48,4,1,M S,Atalanta,5,4.372192237526178,18.179162073880434,12.724869599565864,2017
1489,Franck Kessié,37,3275,5,7.660694332793355,3,3.400004523806274,75,43,9,0,M,AC Milan,2,4.61561516020447,15.173477705568075,9.939869423396885,2017
1539,Diego Perotti,25,1602,5,5.663901246152818,4,3.4692578185349703,38,38,0,0,F M S,Roma,3,2.618706217966974,9.876432436518371,5.538112640380859,2017
1583,Arkadiusz Milik,15,429,5,4.749126359820366,0,0.7803277149796486,23,7,2,0,F S,Napoli,5,4.749126359820366,5.839675612747669,0.6552999932318926,2017
1592,João Pedro,22,1669,5,3.4915323816239834,1,1.6439028084278107,39,18,6,1,M S,Cagliari,4,2.7302332976832986,4.719056623056531,1.1128058964386582,2017
5718,Mariusz Stepinski,22,690,5,2.151993315666914,1,0.8355657178908587,18,6,1,0,F S,Chievo,5,2.151993315666914,3.13796110637486,0.41140010207891464,2017
6190,Dawid Kownacki,22,798,5,2.3959770807996392,1,1.3839231729507446,21,8,0,0,F S,Sampdoria,5,2.3959770807996392,3.7818829752504826,0.9240029975771904,2017
393,Douglas Costa,31,1780,4,3.071081724949181,12,7.975310655776411,36,60,1,0,F M S,Juventus,4,3.071081724949181,14.001314191147685,5.231705090031028,2017
1089,Juan Cuadrado,21,1366,4,3.7404128592461348,6,3.0596492774784565,27,39,5,0,D F M S,Juventus,4,3.7404128592461348,10.737661334685981,4.5441735265776515,2017
1126,M&#039;Baye Niang,26,1557,4,4.843644771724939,1,0.8302578991279006,48,19,5,0,F M S,Torino,4,4.843644771724939,5.614030862227082,0.7513452051207423,2017
1145,Rodrigo de Paul,37,2310,4,6.325549274682999,7,8.135620940476656,53,65,4,0,F M S,Udinese,0,3.2803916335105896,12.538477158173919,5.890799401327968,2017
1146,Jakub Jankto,36,2665,4,4.614770723506808,5,6.072716316208243,58,59,5,0,D F M S,Udinese,4,4.614770723506808,11.151402571238577,3.2035082383081317,2017
1182,Daniele Baselli,32,2547,4,3.9907272746786475,2,1.1959767937660217,35,24,11,1,M S,Torino,4,3.9907272746786475,10.253988580778241,5.9306778237223625,2017
1207,Marco Parolo,31,2616,4,5.813732751645148,6,2.917645802721381,53,29,2,1,M S,Lazio,4,5.813732751645148,13.169372780248523,6.5796812027692795,2017
1208,Felipe Anderson,21,1139,4,2.7512878887355328,7,4.387357499450445,26,38,0,0,D F M S,Lazio,4,2.7512878887355328,8.096930647268891,3.6031710524111986,2017
1223,Milan Skriniar,38,3420,4,2.8585440926253796,0,0.24822566285729408,21,8,2,0,D,Inter,4,2.8585440926253796,11.452165868133307,10.730750458315015,2017
1227,Lucas Torreira,36,3192,4,1.4024397376924753,1,2.389653602614999,33,35,6,0,M,Sampdoria,4,1.4024397376924753,12.867898805998266,11.49900345876813,2017
1251,Radja Nainggolan,31,2625,4,2.881570209749043,9,6.500799251720309,61,60,6,1,F M,Roma,4,2.881570209749043,17.00400848314166,10.539253455586731,2017
1289,Alex Sandro,26,2113,4,1.7155909892171621,4,3.4758767895400524,19,27,8,0,D F M S,Juventus,4,1.7155909892171621,9.459441225975752,6.7893376387655735,2017
1304,Moise Kean,19,1135,4,5.300495713017881,0,0.40301300399005413,34,7,5,0,F S,Verona,4,5.300495713017881,5.446040689945221,0.3146970020607114,2017
1379,Allan,38,2864,4,3.966067654080689,5,3.9354642061516643,37,34,2,0,M S,Napoli,4,3.966067654080689,19.865122311748564,12.773960368707776,2017
1386,Piotr Zielinski,36,1637,4,2.7391035882756114,2,3.104618079960346,38,37,3,0,F M S,Napoli,4,2.7391035882756114,11.914907632395625,7.842536391690373,2017
1424,Federico Bernardeschi,22,820,4,2.813062877394259,6,2.1184724643826485,27,14,4,0,F M S,Juventus,4,2.813062877394259,6.649153247475624,2.2842820081859827,2017
1485,Andrea Masiello,31,2708,4,3.4977200012654066,0,0.2513186186552048,22,9,5,0,D S,Atalanta,4,3.4977200012654066,7.905039418488741,6.683544863015413,2017
1493,Andrea Petagna,29,1655,4,4.594210708513856,5,3.4622962940484285,43,28,6,0,F S,Atalanta,4,4.594210708513856,9.177542315796018,3.8330393210053444,2017
1511,Marcelo Brozovic,31,1921,4,2.5651969676837325,9,4.810289744287729,45,61,9,0,M S,Inter,4,2.5651969676837325,11.204485868103802,6.6654390981420875,2017
1518,Rodrigo Palacio,28,2074,4,4.736598549410701,2,3.5138579197227955,32,34,9,0,F M S,Bologna,4,4.736598549410701,9.453914162702858,2.5453726770356297,2017
1595,Bastos,21,1410,4,2.3475948413833976,0,0.18039000406861305,9,4,4,0,D S,Lazio,4,2.3475948413833976,4.521647005341947,4.302036221139133,2017
1612,Domenico Berardi,31,2322,4,9.281879932619631,2,3.278439588844776,86,52,8,1,F M S,Sassuolo,2,6.2366790091618896,11.476275943219662,3.6424928242340684,2017
1847,Giampaolo Pazzini,19,913,4,3.681411702185869,0,0.7621434051543474,17,5,1,0,F S,Verona,0,0.636217288672924,1.4655337929725647,0.16551589965820312,2017
1942,Martín Cáceres,20,1611,4,2.9599484112113714,1,0.8387436270713806,19,9,3,0,D S,"Lazio,Verona",4,2.9599484112113714,4.178233837708831,1.6142229121178389,2017
3832,Massimo Coda,24,1405,4,5.316217890009284,1,1.341057618148625,59,21,1,0,F S,Benevento,3,4.554919509217143,6.143115407787263,1.2507445523515344,2017
952,Gastón Ramírez,37,2243,3,3.8213151041418314,8,5.081518929451704,49,46,9,0,M S,Sampdoria,3,3.8213151041418314,11.561923824250698,5.217199061065912,2017
1033,Emanuele Giaccherini,17,969,3,0.350806281901896,3,1.0397262070327997,7,17,6,0,F M S,"Chievo,Napoli",3,0.350806281901896,2.1131703965365887,1.0712168039754033,2017
1100,Diego Laxalt,32,2820,3,1.6279148031026125,3,2.1447844402864575,31,24,2,0,D M,Genoa,3,1.6279148031026125,7.689995126798749,4.8052200227975845,2017
1139,Silvan Widmer,24,1622,3,1.5719770938158035,2,2.9943098183721304,11,16,2,0,D S,Udinese,3,1.5719770938158035,5.451517313718796,2.912979112006724,2017
1144,Seko Fofana,27,1877,3,2.3761003399267793,0,0.9253658130764961,40,17,4,1,M S,Udinese,2,1.6148011470213532,6.73031875025481,4.55261495616287,2017
1205,Senad Lulic,35,2443,3,2.1561307152733207,6,3.961417706683278,18,37,6,1,D M S,Lazio,2,1.394831701181829,12.869384940713644,9.098354941233993,2017
1226,Karol Linetty,29,2128,3,2.507055721245706,2,2.4952258253470063,26,26,8,0,M S,Sampdoria,3,2.507055721245706,10.075147307477891,6.146706875413656,2017
1333,Lucas Castro,25,1991,3,3.726714687421918,4,2.943037728779018,39,28,3,0,M S,Chievo,3,3.726714687421918,7.723048213869333,3.152918139472604,2017
1334,Perparim Hetemaj,32,2423,3,3.7374771693721414,2,1.5802465993911028,33,24,9,0,M S,Chievo,3,3.7374771693721414,8.477616576477885,3.9168690238147974,2017
1336,Valter Birsa,35,2526,3,2.6574572157114744,7,7.002191074192524,49,67,3,0,F M S,Chievo,3,2.6574572157114744,9.295132331550121,5.700295252725482,2017
1423,Matías Vecino,29,2132,3,3.237505001015961,2,2.778889536857605,40,22,6,1,M S,Inter,3,3.237505001015961,13.08043228276074,9.962965549901128,2017
1446,Sergio Floccari,20,881,3,3.7183695416897535,0,0.3781351996585727,21,7,0,0,F S,SPAL 2013,3,3.7183695416897535,3.5793372839689255,1.0694433990865946,2017
1448,Erick Pulgar,32,2769,3,1.7553452705033123,1,3.1349973818287253,34,23,9,0,M S,Bologna,3,0.9940460915677249,7.15422919858247,5.191526671871543,2017
1456,Federico Viviani,29,2503,3,3.673693244345486,3,2.7149533201009035,52,42,9,0,M,SPAL 2013,3,2.9123942898586392,4.601324786432087,3.404489022679627,2017
1471,Lorenzo Pellegrini,28,1822,3,2.7556708734482527,4,4.0544353723526,39,45,2,1,M S,Roma,3,2.7556708734482527,9.02294984832406,5.139065183699131,2017
1472,Alessandro Matri,23,875,3,6.857019146904349,0,1.0632739132270217,32,12,1,0,F S,Sassuolo,2,4.573126098141074,5.273599803447723,0.5241323849186301,2017
1486,Mattia Caldara,24,2160,3,3.9860919136554003,0,0.09940930269658566,11,3,5,0,D,Atalanta,3,3.2247926350682974,3.2250906378030777,2.7464890088886023,2017
1492,Jasmin Kurtic,30,2090,3,2.711559869349003,0,1.0583559833467007,29,17,7,0,M S,"Atalanta,SPAL 2013",3,2.711559869349003,4.029155295342207,1.1270607961341739,2017
1504,Alberto Grassi,28,2269,3,2.607438586652279,0,0.7294249860569835,38,9,3,0,M S,SPAL 2013,3,2.607438586652279,4.703082430176437,1.749893362633884,2017
1514,Éder,29,755,3,2.640288220718503,0,1.2680859053507447,27,15,4,0,F S,Inter,3,2.640288220718503,5.934377385303378,2.4272625911980867,2017
1550,Luca Ceppitelli,27,2232,3,1.3435970060527325,0,0.9034985806792974,12,8,7,0,D S,Cagliari,3,1.3435970060527325,2.3894231114536524,2.319660412147641,2017
1588,Raúl Albiol,31,2745,3,1.1656630979850888,1,1.2333760876208544,17,7,6,0,D S,Napoli,3,1.1656630979850888,11.74390079639852,11.716327806934714,2017
1710,Marten de Roon,34,2561,3,3.1683923825621605,2,1.6687236931174994,27,19,8,1,M S,Atalanta,2,1.6459577940404415,11.271175099536777,8.479639610275626,2017
1849,Rômulo,37,3171,3,4.645753721706569,5,3.7192688081413507,28,49,7,0,D F M S,Verona,1,3.123154710046947,8.79067779891193,4.144849448464811,2017
1945,Marco Tumminello,10,189,3,0.8498726217076182,1,0.33973899483680725,8,1,1,0,F S,"Crotone,Roma",3,0.8498726217076182,1.1430311193689704,0.38972601294517517,2017
2006,Alessio Cerci,24,1663,3,3.077987629920244,2,3.8451913353055716,42,25,1,0,F M S,Verona,2,2.316689644008875,5.698056388646364,1.4699984332546592,2017
2116,Felipe Caicedo,22,681,3,4.044497027993202,1,0.8565870895981789,17,8,1,0,F S,Lazio,3,4.044497027993202,6.328961744904518,2.7476276718080044,2017
3296,Blaise Matuidi,32,2348,3,2.4733822364360094,1,1.072454676963389,24,17,3,0,M S,Juventus,3,2.4733822364360094,9.13096535205841,6.09420688636601,2017
3899,Mattia Valoti,26,1577,3,3.581156212836504,0,0.787218788638711,21,11,9,0,F M S,Verona,3,3.581156212836504,5.277523935772479,1.5740716205909848,2017
4536,Nani,18,351,3,1.4931518826633692,3,0.8129735924303532,14,8,2,0,F S,Lazio,3,1.4931518826633692,3.749661274254322,1.9089290089905262,2017
4929,Orji Okwonkwo,10,194,3,1.281300513073802,0,0,5,0,2,0,M S,Bologna,3,1.281300513073802,1.3285934906452894,0.047293299809098244,2017
6130,Daniel Bessa,28,1827,3,2.059685155749321,2,2.669842416420579,18,29,5,0,F M S,"Genoa,Verona",3,2.059685155749321,7.50796396844089,3.8774700546637177,2017
6156,Andreas Cornelius,23,909,3,4.397563427686691,1,2.1113699190318584,32,22,0,0,F S,Atalanta,3,4.397563427686691,5.906135292723775,1.8755495063960552,2017
6176,Adam Marusic,32,2534,3,3.4343322636559606,5,3.1956538688391447,39,36,3,1,D S,Lazio,3,3.4343322636559606,12.824128244072199,7.420293778181076,2017
6199,Enrico Brignola,18,1364,3,2.8872176818549633,2,1.5707495883107185,33,18,5,0,F M S,Benevento,3,2.8872176818549633,6.639361012727022,2.504843511618674,2017
6201,Andrej Galabinov,20,1133,3,3.567564196884632,1,1.2987521030008793,33,12,2,0,F S,Genoa,2,2.806265227496624,5.0523423701524734,1.5340807382017374,2017
6512,Musa Barrow,12,436,3,2.3770442232489586,2,1.1592908836901188,26,11,0,0,F S,Atalanta,3,2.3770442232489586,3.592775285243988,1.0283048953860998,2017
328,Medhi Benatia,20,1753,2,2.721200358122587,0,0.025324199348688126,13,1,8,0,D S,Juventus,2,2.721200358122587,4.318403862416744,3.74631480127573,2017
475,Lucas Leiva,36,2910,2,2.315411575138569,3,2.5903239911422133,27,38,9,0,M S,Lazio,2,2.315411575138569,16.647322461009026,13.96184691414237,2017
621,Aleksandar Kolarov,35,3065,2,2.5978796896524727,8,9.265611275099218,63,79,3,0,D S,Roma,2,2.5978796896524727,15.716230124235153,10.095818200148642,2017
737,Fabio Borini,29,1607,2,2.2210749983787537,3,0.7463502148166299,37,15,4,0,D F M S,AC Milan,2,2.2210749983787537,5.232902895659208,2.65846049785614,2017
1000,Federico Fazio,34,2919,2,1.8820177363231778,0,0.14270610362291336,18,2,6,0,D S,Roma,2,1.8820177363231778,8.30845489539206,8.185863381251693,2017
1101,Luca Rigoni,23,1594,2,4.786981036886573,2,1.6667657671496272,20,13,5,0,M S,Genoa,2,4.786981036886573,6.988260390236974,2.8732263762503862,2017
1117,Andrea Poli,32,2574,2,2.4573742654174566,0,0.5901626981794834,12,14,8,1,M,Bologna,2,2.4573742654174566,7.168101316317916,4.578112740069628,2017
1119,Alessio Romagnoli,28,2357,2,0.83051080070436,0,0.21952930092811584,9,7,7,1,D S,AC Milan,2,0.83051080070436,6.850316949188709,6.533678708598018,2017
1142,Samir,31,2587,2,0.8651720918715,0,0.20394880324602127,7,4,7,1,D S,Udinese,2,0.8651720918715,5.314664306119084,5.099833307787776,2017
1188,Maxi López,28,1686,2,3.4759395997971296,2,1.6829141154885292,28,19,1,0,F S,Udinese,1,2.714643595740199,6.332209676504135,2.492736916989088,2017
1236,Patrik Schick,22,976,2,3.4664201997220516,0,2.563943888992071,28,14,0,0,F M S,Roma,2,3.4664201997220516,5.961243748664856,2.4886446045711637,2017
1238,Luca Cigarini,26,2049,2,1.3926450437866151,3,3.963470835238695,22,41,12,1,M S,Cagliari,2,0.6315090632997453,5.681904656812549,4.149766247719526,2017
1246,Kostas Manolas,29,2342,2,1.6045715976506472,0,0.10986229963600636,11,4,0,0,D S,Roma,2,1.6045715976506472,5.942573171108961,5.852746676653624,2017
1258,Gerson,24,889,2,1.57746862154454,1,0.8880918957293034,9,12,1,0,F M S,Roma,2,1.57746862154454,3.3639595434069633,1.8903230279684067,2017
1287,Leonardo Bonucci,35,3084,2,2.2747483821585774,0,0.8507593320682645,23,15,5,1,D,AC Milan,2,2.2747483821585774,8.46607278380543,7.517738563939929,2017
1301,Daniele Rugani,22,1937,2,1.0076766069978476,2,0.9684165269136429,9,3,3,0,D,Juventus,2,1.0076766069978476,5.582837328314781,5.133596315979958,2017
1318,Manuel Pucciarelli,22,1390,2,2.2778882831335068,0,0.7700937073677778,26,16,3,0,F S,Chievo,2,2.2778882831335068,3.3489138148725033,0.7818208038806915,2017
1329,Fabrizio Cacciatore,33,2872,2,1.056760230101645,3,3.015366278588772,21,35,5,1,D S,Chievo,2,1.056760230101645,8.740952664986253,6.304808027110994,2017
1354,Gianmarco Ferrari,30,2642,2,1.1836494049057364,0,0.24052899330854416,9,4,4,0,D S,Sampdoria,2,1.1836494049057364,4.818413086235523,4.70428979024291,2017
1360,Diego Falcinelli,32,1752,2,5.381171988323331,1,1.1227893950417638,56,13,1,0,F S,"Fiorentina,Sassuolo",2,5.381171988323331,8.073465114459395,2.668899415060878,2017
1363,Adrian Stoian,32,2167,2,1.6307837776839733,4,2.150544182397425,19,19,5,0,F M S,Crotone,2,1.6307837776839733,6.112355873920023,3.3121547466143966,2017
1364,Marcus Rohden,26,1644,2,1.8169971159659326,0,0.8402113672345877,21,11,2,0,F M S,Crotone,2,1.8169971159659326,3.2320938180200756,1.1204364988952875,2017
1372,Andrea Barberis,38,3032,2,1.445054111070931,1,2.4865952003747225,25,35,1,0,M S,Crotone,2,1.445054111070931,4.937016425654292,3.1758006028831005,2017
1387,Faouzi Ghoulam,11,989,2,0.7626201994717121,3,2.030143428593874,10,28,1,0,D,Napoli,2,0.7626201994717121,7.21476212143898,5.736420035362244,2017
1389,Jorginho,33,2677,2,2.7578473845496774,4,3.8275634814053774,17,47,5,0,M,Napoli,1,1.2352513829246163,20.293712701648474,17.456039857119322,2017
1406,Marco Sau,29,1315,2,3.3562662340700626,0,0.9162950217723846,25,12,2,0,F M S,Cagliari,2,2.5949692465364933,4.075401701964438,1.3461603233590722,2017
1422,Borja Valero,36,2572,2,1.5764953419566154,0,1.7523477962240577,18,35,3,0,M S,Inter,2,1.5764953419566154,13.817347671836615,11.573927093297243,2017
1430,Milan Badelj,27,2359,2,2.237377963028848,1,2.4817994944751263,33,42,8,1,M,Fiorentina,2,2.237377963028848,11.614240230992436,8.516340918838978,2017
1431,Sebastien De Maio,26,2041,2,1.1803802028298378,0,0.18449406418949366,5,5,8,0,D S,Bologna,2,1.1803802028298378,1.8256965288892388,1.7272007651627064,2017
1452,Godfred Donsah,28,1794,2,1.1498392950743437,1,1.5437358189374208,24,13,3,0,M S,Bologna,2,1.1498392950743437,4.376665161922574,1.9503314439207315,2017
1457,Luca Rizzo,11,474,2,0.39909599907696247,0,0.6851894184947014,10,3,0,0,M S,SPAL 2013,2,0.39909599907696247,0.8613994028419256,0.49105869606137276,2017
1465,Stefano Sensi,17,1032,2,1.6630698340013623,0,0.7624429096467793,21,22,2,0,M S,Sassuolo,2,1.6630698340013623,2.5266284975223243,0.7837842982262373,2017
1469,Pietro Iemmello,16,889,2,3.161070354282856,1,0.8444854868575931,20,9,0,0,F S,Benevento,1,2.399775303900242,3.458314419724047,0.7305339365266263,2017
1522,Andrea Ranocchia,11,623,2,1.2024778937920928,0,0,7,0,4,0,D S,Inter,2,1.2024778937920928,0.9234476163983345,0.9234476163983345,2017
1523,Danilo D&#039;Ambrosio,34,2992,2,3.6332515198737383,3,1.9231244586408138,18,20,6,0,D,Inter,2,3.6332515198737383,11.572092166170478,9.690560325980186,2017
1792,Mário Rui,25,2093,2,0.21898257452994585,4,2.751240434125066,7,28,8,1,D S,Napoli,2,0.21898257452994585,10.246509937569499,9.615214444696903,2017
2044,Daniele Verde,30,1965,2,1.9960214467719197,3,2.0146937761455774,37,22,0,0,F M S,Verona,2,1.9960214467719197,4.19555523339659,1.2860514130443335,2017
2100,Rafinha,17,1060,2,1.4508822178468108,3,2.746530769392848,15,28,1,0,M S,Inter,2,1.4508822178468108,7.448843332007527,4.427444405853748,2017
3387,Nicolas N&#039;Koulou,37,3262,2,1.3077024053782225,0,0.6481781229376793,15,6,4,0,D,Torino,2,1.3077024053782225,3.780089883133769,3.6915488746017218,2017
3769,Gil Dias,27,1173,2,2.007043693214655,2,1.1260774144902825,31,22,1,0,F M S,Fiorentina,2,2.007043693214655,4.600292984396219,1.6550167240202427,2017
3821,Rolando Mandragora,36,3240,2,1.560557977296412,0,1.3921170136891305,34,23,8,0,M,Crotone,2,1.560557977296412,6.30630159471184,4.823309056460857,2017
3978,Marco Faraoni,28,1734,2,0.72908641025424,4,0.5936330035328865,12,9,2,0,D F M S,Crotone,2,0.72908641025424,3.072914249263704,1.9953975258395076,2017
4067,Bruno Zuculini,16,1223,2,1.1192536009475589,0,0.02772689890116453,7,2,4,3,M S,Verona,2,1.1192536009475589,3.1332285422831774,2.4380189795047045,2017
4450,Adel Taarabt,22,1622,2,1.5964880986139178,2,3.0750363748520613,33,35,5,1,F M S,Genoa,2,1.5964880986139178,7.773766105994582,4.6728257816284895,2017
4912,Paolo Faragò,35,2434,2,2.33233954384923,5,4.48799635656178,29,31,2,0,D M S,Cagliari,2,2.33233954384923,8.957859295420349,5.136410873383284,2017
4932,Pietro Pellegri,6,279,2,1.061791468411684,0,0.040957299061119556,8,3,2,0,F S,Genoa,2,1.061791468411684,1.11428208835423,0.03335369937121868,2017
6133,Antonio Caracciolo,33,2854,2,1.2021481906995177,0,0.9544882029294968,16,4,6,0,D S,Verona,2,1.2021481906995177,3.102569617331028,2.828532410785556,2017
6170,André Silva,24,903,2,3.836116697639227,0,0.7231537979096174,34,15,0,0,F S,AC Milan,2,3.836116697639227,4.775998659431934,2.0291802249848843,2017
6180,Manuel Lazzari,36,3128,2,1.051180211827159,1,2.249122604727745,22,28,4,0,D,SPAL 2013,2,1.051180211827159,7.009605162777007,4.656281411647797,2017
6193,Amato Ciciretti,12,814,2,1.3436326831579208,1,2.1041217874735594,35,16,0,0,F M S,Benevento,2,1.3436326831579208,1.6514088213443756,0.6313864961266518,2017
6196,Nicolas Viola,24,1840,2,1.995734411291778,6,3.6185433343052864,33,43,1,1,M S,Benevento,2,1.2344353972002864,7.154291544109583,5.16790583729744,2017
6502,Guilherme,12,942,2,1.0312770009040833,2,2.7347021847963333,12,21,1,0,F M S,Benevento,2,1.0312770009040833,4.905503943562508,2.170937997289002,2017
6536,Iuri Medeiros,11,639,2,0.7744663022458553,1,1.3766423929482698,20,12,1,0,F M S,Genoa,2,0.7744663022458553,4.182733695954084,2.6876282207667828,2017
308,Ricardo Rodríguez,34,3013,1,2.2040863363072276,0,1.5887487204745412,30,21,3,1,D M,AC Milan,0,0.6815285300835967,10.210441315546632,8.700678296387196,2017
333,Benedikt Höwedes,3,249,1,0.6373643204569817,0,0.034210801124572754,2,2,1,0,D,Juventus,1,0.6373643204569817,1.414533019065857,0.8249080181121826,2017
570,Valon Behrami,20,1423,1,0.5404151920229197,1,0.24778390116989613,9,8,5,0,M S,Udinese,1,0.5404151920229197,3.9374015666544437,3.2213205117732286,2017
625,Bacary Sagna,13,952,1,0.4996195025742054,0,1.7356606870889664,4,12,1,0,D S,Benevento,1,0.4996195025742054,2.903004815801978,1.9410344352945685,2017
667,Carlos Sánchez,9,358,1,0.8052649963647127,0,0,5,0,2,0,M S,Fiorentina,1,0.8052649963647127,0.4994560033082962,0.4145057052373886,2017
817,Sandro,14,1159,1,0.7150382930412889,0,0.24363498203456402,15,5,4,0,M S,Benevento,1,0.7150382930412889,3.876188674941659,3.4947499707341194,2017
1096,Armando Izzo,16,1387,1,1.0279181934893131,0,0.16932029835879803,3,3,2,0,D,Genoa,1,1.0279181934893131,2.3255619257688522,2.2979369312524796,2017
1098,Miguel Veloso,22,1748,1,0.8304565958678722,0,2.1674153730273247,28,19,4,0,M S,Genoa,1,0.8304565958678722,5.237282868474722,4.3636215552687645,2017
1099,Tomás Rincón,36,3031,1,0.6192851895466447,0,1.629010898526758,17,23,12,0,M S,Torino,1,0.6192851895466447,7.8093810100108385,6.473575031384826,2017
1120,Mattia De Sciglio,12,968,1,0.11523300036787987,0,0.24257120490074158,5,6,1,0,D S,Juventus,1,0.11523300036787987,4.006488248705864,3.8239893540740013,2017
1135,Ignazio Abate,17,1050,1,0.23620313499122858,0,0.5918708089739084,4,10,3,0,D M S,AC Milan,1,0.23620313499122858,2.9909559711813927,2.4696979075670242,2017
1140,Danilo,32,2783,1,1.03992192260921,0,0.10093019995838404,15,3,8,0,D,Udinese,1,1.03992192260921,6.196985271759331,6.144048069603741,2017
1141,Felipe,30,2577,1,2.0824363818392158,0,0.17316493345424533,15,6,6,1,D,SPAL 2013,1,2.0824363818392158,2.383745102211833,2.0785388872027397,2017
1154,Stipe Perica,22,929,1,2.827741092070937,1,0.9556843526661396,21,9,6,0,F M S,Udinese,1,2.827741092070937,4.121278507634997,0.4930108990520239,2017
1164,Cristiano Biraghi,34,2988,1,1.6044712821021676,4,4.324407025240362,35,59,7,0,D M,Fiorentina,1,1.6044712821021676,9.730329353362322,6.663643434643745,2017
1166,Ahmed Benali,10,814,1,0.47509900480508804,1,0.32170139625668526,5,6,2,0,M,Crotone,1,0.47509900480508804,2.3276607133448124,1.69010065542534,2017
1192,Afriyie Acquah,22,929,1,0.34624900482594967,0,0.6109548937529325,9,6,3,1,M S,Torino,1,0.34624900482594967,2.8455242086201906,2.401397503912449,2017
1206,Danilo Cataldi,29,2280,1,1.4299504840746522,4,2.400798998773098,36,36,9,1,M S,Benevento,1,1.4299504840746522,7.163968394510448,4.895749730058014,2017
1222,Matías Silvestre,34,3060,1,1.6384115759283304,0,0.09625569730997086,17,1,3,0,D,Sampdoria,1,1.6384115759283304,6.121168442070484,6.112341441214085,2017
1225,Edgar Barreto,28,1982,1,1.3000072911381721,0,1.5609654327854514,20,18,4,1,M S,Sampdoria,1,1.3000072911381721,5.910992163233459,4.1214150888845325,2017
1231,Ricardo Álvarez,12,251,1,0.44131880439817905,1,0.25846370309591293,10,6,0,0,M S,Sampdoria,1,0.44131880439817905,0.6199169158935547,0.12924489937722683,2017
1234,Dennis Praet,32,2667,1,1.9777041971683502,3,3.470587158575654,33,32,4,0,M S,Sampdoria,1,1.9777041971683502,10.65403225645423,7.207118842750788,2017
1249,Daniele De Rossi,22,1833,1,0.7516775932163,2,1.8660750966519117,11,18,6,1,M S,Roma,1,0.7516775932163,8.63311218097806,7.721788991242647,2017
1254,Alessandro Florenzi,32,2385,1,3.9708751337602735,5,5.4887417405843735,39,42,2,0,D F M S,Roma,1,3.2095761196687818,13.960330254398286,8.797861130908132,2017
1256,Kevin Strootman,32,2261,1,3.312992338091135,0,1.4716680981218815,22,30,4,0,M S,Roma,1,3.312992338091135,10.225323382765055,7.27124223485589,2017
1264,Edoardo Goldaniga,13,1157,1,0.6130958087742329,0,0.09641800075769424,6,1,3,2,D,Sassuolo,1,0.6130958087742329,0.9552736859768629,0.9433855842798948,2017
1265,Thiago Cionek,15,1350,1,0.5504098972305655,0,0.04903759993612766,7,2,5,0,D,SPAL 2013,1,0.5504098972305655,0.9424116108566523,0.8341342024505138,2017
1341,Ivan Radovanovic,35,3143,1,0.7137418575584888,2,0.537305892445147,33,14,6,1,D M,Chievo,1,0.7137418575584888,5.797286780551076,5.104992491193116,2017
1343,Samuel Bastien,21,1352,1,0.8493613144382834,0,0.31646890565752983,15,7,2,1,F M S,Chievo,1,0.8493613144382834,3.213031644001603,2.147498942911625,2017
1347,Sergio Pellissier,19,526,1,2.12875821813941,1,0.5610939040780067,9,9,1,0,F S,Chievo,1,2.12875821813941,2.881741777062416,0.997846988029778,2017
1355,Bruno Martella,30,2623,1,0.9879799205809832,3,1.7439064411446452,24,19,3,0,D,Crotone,1,0.9879799205809832,5.9557172721251845,3.979367426596582,2017
1370,Federico Ceccherini,37,3234,1,1.100190635304898,1,0.4001339003443718,16,10,4,1,D,Crotone,1,1.100190635304898,2.300299044698477,2.103701824322343,2017
1380,Amadou Diawara,18,630,1,0.14699879847466946,1,0.45605140924453735,6,5,1,0,M S,Napoli,1,0.14699879847466946,6.49455789104104,6.082875709980726,2017
1390,Marko Rog,28,224,1,0.4252569982782006,0,0.6697828024625778,5,7,2,0,S,Napoli,1,0.4252569982782006,2.034968595020473,1.241727577522397,2017
1394,Lorenzo Tonelli,4,351,1,0.14871280267834663,0,0,3,0,0,0,D S,Napoli,1,0.14871280267834663,1.4107037037611008,1.4107037037611008,2017
1403,Simone Padoin,37,3135,1,1.0473471265286207,1,3.435727537609637,16,35,4,0,D M,Cagliari,1,1.0473471265286207,7.316850494593382,4.089755375869572,2017
1405,Marco Borriello,15,767,1,0.5760808046907187,0,0.7839421015232801,12,9,6,0,F S,SPAL 2013,1,0.5760808046907187,1.767132582142949,0.648865707218647,2017
1419,Davide Astori,25,2250,1,0.8640499152243137,1,0.2800472993403673,9,8,5,0,D,Fiorentina,1,0.8640499152243137,6.858717566356063,6.66646927408874,2017
1443,Ádám Nagy,12,721,1,0.3664590120315552,0,0.633066114038229,1,5,1,0,M S,Bologna,1,0.3664590120315552,1.165469428524375,0.19616150110960007,2017
1444,Blerim Dzemaili,15,1195,1,0.6783147044479847,0,0.48149269819259644,13,11,4,0,M S,Bologna,1,0.6783147044479847,2.64782065525651,1.52959268912673,2017
1449,Federico Di Francesco,24,1612,1,1.6128459069877863,2,1.6764195673167706,36,15,4,0,D F M S,Bologna,1,1.6128459069877863,5.389269154518843,2.5121930930763483,2017
1454,Alex Ferrari,25,2143,1,0.9425300220027566,0,0.20400099828839302,8,5,5,0,D,Verona,1,0.9425300220027566,1.9328165026381612,0.8744913367554545,2017
1458,Ibrahima Mbaye,25,1756,1,1.0568038281053305,0,0.3007269110530615,7,4,3,1,D S,Bologna,1,1.0568038281053305,3.9422780787572265,3.6046418445184827,2017
1464,Federico Peluso,31,2575,1,0.6275688610039651,1,0.7018781900405884,11,11,10,0,D S,Sassuolo,1,0.6275688610039651,3.331163724884391,2.7298031095415354,2017
1468,Gregoire Defrel,15,473,1,2.7005066592246294,0,0.45034079160541296,14,5,1,0,F S,Roma,0,1.9392076823860407,3.772599697113037,1.7640699036419392,2017
1470,Federico Ricci,20,1134,1,1.8857440585270524,1,1.5387415159493685,27,16,4,0,F M S,"Crotone,Genoa",1,1.8857440585270524,3.897879588417709,1.471913903951645,2017
1484,Rafael Toloi,31,2454,1,1.3610771000385284,4,1.0536516904830933,19,15,6,1,D S,Atalanta,1,1.3610771000385284,9.340234637260437,8.962576154619455,2017
1502,Marco D&#039;Alessandro,16,1049,1,1.7442756155505776,1,1.2419000007212162,16,18,1,0,D F M S,Benevento,1,1.7442756155505776,3.7971912771463394,1.5604492090642452,2017
1515,Cristian Ansaldi,25,1865,1,0.7783000832423568,3,3.68695580214262,18,19,5,1,D F M S,Torino,1,0.7783000832423568,8.379657320678234,5.55706238374114,2017
1563,Jordan Lukaku,30,1331,1,1.4584399070590734,2,1.4885153640061617,6,22,2,0,D S,Lazio,1,1.4584399070590734,8.36460329592228,6.337791575118899,2017
1573,Riccardo Montolivo,18,1095,1,0.817701980471611,1,0.5276920031756163,12,12,3,1,M S,AC Milan,1,0.817701980471611,4.018231641501188,3.4102329649031162,2017
1574,Davide Calabria,21,1558,1,0.7228865139186382,3,2.31124547123909,8,17,0,1,D M S,AC Milan,1,0.7228865139186382,6.683751927688718,4.420065017417073,2017
1589,Lucas Biglia,28,2040,1,0.9402319509536028,1,0.7025839015841484,21,26,5,0,M S,AC Milan,1,0.9402319509536028,8.481711026281118,7.358463952317834,2017
1603,Simone Missiroli,35,2939,1,2.0975076081231236,1,2.8809766061604023,24,30,4,0,M S,Sassuolo,1,2.0975076081231236,7.881320947781205,4.00802381336689,2017
1605,Diego Farias,28,1605,1,5.4864762192592025,5,1.3952483050525188,44,19,4,0,F M S,Cagliari,1,4.725176907144487,7.6825267700478435,2.6040600296109915,2017
1641,Andrea Bertolacci,33,2900,1,1.269992577843368,1,1.6947816032916307,16,26,7,1,M,Genoa,1,1.269992577843368,9.110671158879995,6.8792404271662235,2017
1644,Giuseppe Rossi,9,242,1,2.0575721338391304,0,0.6523750126361847,12,2,0,0,F S,Genoa,1,2.0575721338391304,3.2590666338801384,1.10692398250103,2017
1806,Alberto Brignoli,13,1126,1,0.1145239993929863,0,0,1,0,2,0,GK S,Benevento,1,0.1145239993929863,1.3413383858278394,1.3413383858278394,2017
1838,Achraf Lazaar,9,482,1,0.2375861033797264,0,0.11493249796330929,7,2,0,0,D M S,Benevento,1,0.2375861033797264,0.7887294963002205,0.4644158985465765,2017
1972,Gaetano Letizia,29,2156,1,0.7123107891529799,0,0.8633233364671469,22,21,5,1,D S,Benevento,1,0.7123107891529799,5.680378224700689,4.553360398858786,2017
1998,Francesco Cassata,10,451,1,0.10872399993240833,0,0.045556399039924145,4,2,3,1,M S,Sassuolo,1,0.10872399993240833,0.09218709915876389,0.03338400088250637,2017
2010,Simone Edera,14,299,1,0.3584374003112316,1,0.20724650472402573,8,3,0,0,F M S,Torino,1,0.3584374003112316,0.8216786049306393,0.27814420126378536,2017
2143,Germán Pezzella,34,2988,1,2.289798028767109,0,0.2707704994827509,24,8,12,0,D,Fiorentina,1,2.289798028767109,7.205841965973377,6.989754073321819,2017
2354,Mauricio Lemos,8,705,1,0.6986678838729858,0,0.012058700434863567,8,1,3,0,D,Sassuolo,1,0.6986678838729858,0.21115200500935316,0.1898292973637581,2017
2379,João Cancelo,26,1846,1,0.34841529838740826,3,4.389314200729132,12,34,4,0,D S,Inter,1,0.34841529838740826,6.314972100779414,5.309584382921457,2017
3340,Bryan Dabo,10,582,1,0.4576653130352497,0,0.09506330266594887,3,4,1,1,M S,Fiorentina,1,0.4576653130352497,3.009797040373087,2.4649533927440643,2017
3515,Valentin Eysseric,21,684,1,0.7345929006114602,1,1.3060045056045055,15,23,2,0,F M S,Fiorentina,1,0.7345929006114602,3.213975000195205,1.6828407067805529,2017
3872,George Puscas,11,694,1,2.202060407027602,0,0.3087570946663618,22,8,0,0,F M S,Benevento,1,2.202060407027602,1.9986239299178123,0.5940109975636005,2017
4733,José Luis Palomino,26,1975,1,1.3782884702086449,0,0.3426542915403843,10,2,3,0,D S,Atalanta,1,1.3782884702086449,4.788668721914291,4.431609814986587,2017
4908,Lorenco Simic,6,313,1,0.16885200142860413,0,0,2,0,1,0,D S,SPAL 2013,1,0.16885200142860413,0.7355368761345744,0.7355368761345744,2017
5091,Alex Berenguer,22,1034,1,0.5818235967308283,3,1.930019497871399,14,22,1,0,F M S,Torino,1,0.5818235967308283,4.005142193287611,2.174910582602024,2017
5700,Yann Karamoh,16,477,1,2.1945245135575533,0,0.09473560005426407,19,1,0,0,F M S,Inter,1,2.1945245135575533,4.844795793294907,2.9531260170042515,2017
6155,Robin Gosens,21,1446,1,1.7133343759924173,1,1.9986066110432148,12,16,1,0,D M S,Atalanta,1,1.7133343759924173,8.328765358775854,5.682941224426031,2017
6159,Gianluca Mancini,11,689,1,1.048325702548027,0,0,4,0,4,1,D S,Atalanta,1,1.048325702548027,0.9346288107335567,0.9346288107335567,2017
6169,Giovanni Crociata,11,272,1,1.3029656731523573,0,0.08782247826457024,9,3,0,0,F S,Crotone,1,1.3029656731523573,2.1780929598025978,0.8552086874842644,2017
6171,Vitor Hugo,19,1198,1,0.5679906504228711,0,0.3952619079500437,8,3,4,0,D S,Fiorentina,1,0.5679906504228711,3.2127696946263313,2.8125750981271267,2017
6182,Pasquale Schiattarella,31,1990,1,0.6450897944159806,4,4.247991168871522,19,41,12,0,M S,SPAL 2013,1,0.6450897944159806,5.567516666371375,2.8399049947038293,2017
6206,Bram Nuytinck,27,2360,1,0.8360767904669046,1,0.41343970503658056,12,3,2,0,D S,Udinese,1,0.8360767904669046,4.699099966324866,4.287319770082831,2017
6210,Svante Ingelsson,7,323,1,0.4244033955037594,0,0.15624890103936195,7,3,0,0,M S,Udinese,1,0.4244033955037594,1.3238691948354244,0.8538544960319996,2017
6262,Jens Stryger Larsen,30,2528,1,1.6415864694863558,1,1.1267639994621277,19,9,5,0,D S,Udinese,1,1.6415864694863558,7.580414172261953,6.236226234585047,2017
6285,Lee Seung-Woo,14,324,1,0.7655986081808805,0,0.058599299751222134,11,3,4,0,F S,Verona,1,0.7655986081808805,0.3864735998213291,0.12831240240484476,2017
6295,Samuel Armenteros,9,434,1,1.0354985892772675,0,0.014354400336742401,5,2,1,0,F S,Benevento,1,1.0354985892772675,0.42576022911816835,0.10249522794038057,2017
6372,Cesar Falletti,13,300,1,1.0567230181768537,0,0.057100798934698105,10,3,1,0,F S,Bologna,1,1.0567230181768537,1.2134732231497765,0.14239460043609142,2017
6518,Jagos Vukovic,15,1335,1,0.3615865111351013,1,0.5195369869470596,3,3,1,0,D,Verona,1,0.3615865111351013,0.2898132996633649,0.20424424950033426,2017
416,Gianluca Gaudino,2,14,0,0.023326199501752853,0,0.03658070042729378,1,1,0,0,S,Chievo,0,0.023326199501752853,0.023326199501752853,0,2017
915,Rolando Aarons,11,517,0,0.195931700989604,0,0.4075127951800823,3,3,0,0,F M S,Verona,0,0.195931700989604,0.4699890920892358,0.008665899746119976,2017
1088,Gabriele Angella,12,889,0,0.14669580943882465,0,0.06432189978659153,4,3,3,0,D S,Udinese,0,0.14669580943882465,1.4510960895568132,1.4025269988924265,2017
1093,Mattia Perin,37,3330,0,0,0,0.10043169930577278,0,2,1,0,GK,Genoa,0,0,3.478058177046478,3.414113881997764,2017
1094,Nicolas Burdisso,24,2067,0,1.1523500853218138,0,0.3419533893465996,10,2,6,0,D S,Torino,0,1.1523500853218138,2.8558549992740154,2.7777440063655376,2017
1106,Darko Lazovic,21,1182,0,0.6204064954072237,2,1.9075342193245888,9,14,2,0,D M S,Genoa,0,0.6204064954072237,6.245950467884541,4.245441623032093,2017
1107,Santiago Gentiletti,4,289,0,0,0,0,0,0,2,0,D S,Genoa,0,0,0.3036688668653369,0.3036688668653369,2017
1112,Isaac Cofie,12,578,0,0.17686000280082226,0,0.018192699179053307,5,1,1,0,M S,Genoa,0,0.17686000280082226,2.1607579849660397,1.9864465668797493,2017
1113,Eugenio Lamanna,1,90,0,0,0,0,0,0,0,0,GK,Genoa,0,0,0,0,2017
1114,Davide Biraschi,23,1797,0,0.6299135284498334,1,1.005349986255169,4,9,2,0,D S,Genoa,0,0.6299135284498334,4.6035983171314,3.4835568834096193,2017
1116,Gianluigi Donnarumma,38,3420,0,0,0,0.020097199827432632,0,1,2,0,GK,AC Milan,0,0,3.9325750935822725,3.91247789375484,2017
1122,Manuel Locatelli,21,652,0,0.2637974042445421,0,0.453597710467875,11,8,4,0,M S,AC Milan,0,0.2637974042445421,3.409363154321909,3.0198736619204283,2017
1133,Cristian Zapata,12,993,0,0.14985230658203363,0,0.4107174053788185,5,3,2,0,D S,AC Milan,0,0.14985230658203363,2.4621712900698185,2.413084488362074,2017
1149,Thomas Heurtaux,17,1394,0,0.011413199827075005,0,0.037095800042152405,1,1,2,1,D S,Verona,0,0.011413199827075005,1.4501346545293927,1.4130389550700784,2017
1151,Emil Hallfredsson,19,745,0,0.0390258003026247,0,0.5594818014651537,2,13,5,0,M S,Udinese,0,0.0390258003026247,2.919578886590898,2.4613161450251937,2017
1153,Ryder Matos,18,1151,0,0.7859445977956057,1,0.8433242999017239,17,8,1,0,F M S,"Udinese,Verona",0,0.7859445977956057,2.2099285684525967,0.6331948861479759,2017
1155,Andrija Balic,21,1069,0,0.7165216952562332,1,0.6976692015305161,16,13,2,0,M S,Udinese,0,0.7165216952562332,4.513917662203312,3.627852289006114,2017
1156,Ali Adnan,23,1663,0,0.5179391307756305,2,1.772219811566174,12,20,4,0,D S,Udinese,0,0.5179391307756305,5.675365375354886,4.723220804706216,2017
1158,Simone Scuffet,6,540,0,0,0,0.011935699731111526,0,1,0,0,GK,Udinese,0,0,0.21095070242881775,0.21095070242881775,2017
1159,Molla Wagué,1,58,0,0.029131600633263588,0,0,1,0,0,0,D,Udinese,0,0.029131600633263588,0.08450569957494736,0.08450569957494736,2017
1160,Albano Bizzarri,32,2880,0,0,0,0.018048899248242378,0,1,0,1,GK,Udinese,0,0,3.1083296295255423,3.0902807302773,2017
1161,Francesco Zampano,6,406,0,0.09333920106291771,1,0.2534618005156517,2,5,0,0,D S,Udinese,0,0.09333920106291771,0.9471213966608047,0.6936591155827045,2017
1169,Ledian Memushaj,17,1266,0,0.6536033032462001,0,0.6697270963340998,18,18,3,0,F M S,Benevento,0,0.6536033032462001,2.8879954889416695,1.9738727184012532,2017
1178,Davide Zappacosta,2,93,0,0,0,0.03800880163908005,0,1,0,0,D S,Torino,0,0,0.07168550044298172,0.07168550044298172,2017
1179,Leandro Castán,14,1143,0,0.0731315016746521,1,0.5252230167388916,1,1,5,0,D S,Cagliari,0,0.0731315016746521,0.34631085488945246,0.34631085488945246,2017
1180,Luca Rossettini,23,2027,0,0.6498425770550966,0,0.11681399587541819,11,3,7,0,D S,Genoa,0,0.6498425770550966,3.3026073053479195,3.2256723046302795,2017
1181,Antonio Barreca,9,458,0,0.018266800791025162,0,0.056653501465916634,1,2,0,1,D S,Torino,0,0.018266800791025162,0.33904519584029913,0.28239119704812765,2017
1184,Mirko Valdifiori,13,604,0,0.03697200119495392,0,0.48326200246810913,2,4,1,0,M S,Torino,0,0.03697200119495392,1.5066986866295338,1.4697266854345798,2017
1189,Lucas Boyé,11,127,0,0,1,0.25439359806478024,0,4,0,0,S,Torino,0,0,0.5212539993226528,0.39576249942183495,2017
1191,Arlind Ajeti,21,1267,0,0.9245284614153206,1,1.023466296494007,8,4,7,0,D M S,Crotone,0,0.9245284614153206,1.3333986885845661,1.2274406049400568,2017
1196,Emiliano Moretti,22,1779,0,0.41390220168977976,0,0.27868020720779896,4,3,6,0,D S,Torino,0,0.41390220168977976,3.878010481595993,3.8097085058689117,2017
1201,Dusan Basta,11,777,0,0.6580357905477285,1,0.2121564019471407,10,6,0,0,D S,Lazio,0,0.6580357905477285,2.047042064368725,1.344907507300377,2017
1202,Wallace,13,996,0,0.21089789923280478,0,0.13244900107383728,9,2,5,0,D S,Lazio,0,0.21089789923280478,1.9891308918595314,1.9289432615041733,2017
1204,Patric,11,491,0,0.1401250995695591,1,0.38011129945516586,2,9,1,0,D S,Lazio,0,0.1401250995695591,2.403009533882141,2.188001811504364,2017
1212,Alessandro Murgia,16,775,0,0.8850391060113907,0,0.3364121988415718,11,8,3,1,M S,Lazio,0,0.8850391060113907,2.289661942049861,1.1534333974123,2017
1214,Thomas Strakosha,38,3420,0,0,0,0.04357760027050972,0,2,2,0,GK,Lazio,0,0,3.673392679542303,3.629814874380827,2017
1218,Cristiano Lombardi,17,1115,0,1.127941932529211,2,2.0908237118273973,14,16,3,0,D F M S,Benevento,0,1.127941932529211,3.4343940261751413,1.0054078102111816,2017
1220,Christian Puggioni,23,1986,0,0,0,0,0,0,0,1,GK,"Benevento,Sampdoria",0,0,2.0596059123054147,2.0596059123054147,2017
1221,Jacopo Sala,13,998,0,0.06678830087184906,0,0.15408749971538782,3,5,1,1,D S,Sampdoria,0,0.06678830087184906,2.762663569301367,2.65236359462142,2017
1224,Vasco Regini,14,1073,0,0.15086600184440613,0,0.9176534786820412,2,3,2,0,D S,Sampdoria,0,0.15086600184440613,2.9436342529952526,2.932074259966612,2017
1233,Filip Djuricic,16,990,0,0.861529691144824,2,1.9876190423965454,16,11,1,0,F M S,"Benevento,Sampdoria",0,0.861529691144824,4.469267912209034,2.9601180031895638,2017
1241,Pedro Pereira,6,376,0,0.021382100880146027,0,0.10413459688425064,1,2,2,0,D S,Genoa,0,0.021382100880146027,0.3424381986260414,0.24370070546865463,2017
1244,Wojciech Szczesny,17,1530,0,0,0,0.03571220114827156,0,1,0,0,GK,Juventus,0,0,1.5654104128479958,1.52969840914011,2017
1245,Emerson,1,12,0,0,0,0,0,0,0,0,S,Roma,0,0,0.057053398340940475,0.057053398340940475,2017
1247,Juan Jesus,22,1654,0,0.5653082877397537,0,0.14355150051414967,2,3,4,1,D S,Roma,0,0.5653082877397537,4.693672206252813,4.66247221454978,2017
1257,Alisson,37,3330,0,0,0,0.006380409933626652,0,1,1,0,GK,Roma,0,0,5.8007074650377035,5.794326964765787,2017
1280,Simone Lo Faso,2,33,0,0.04925959836691618,0,0.08538209646940231,2,1,0,0,S,Fiorentina,0,0.04925959836691618,0.2025354988873005,0.1532759964466095,2017
1281,Giuseppe Pezzella,15,905,0,0.13504960015416145,0,0.9090360412374139,7,10,3,1,D S,Udinese,0,0.13504960015416145,2.5368081284686923,1.909960923716426,2017
1284,Oscar Hiljemark,15,1288,0,1.1810338078066707,3,5.303863532841206,13,37,1,0,M,Genoa,0,1.1810338078066707,6.631440609693527,1.9619085229933262,2017
1285,Gianluigi Buffon,21,1864,0,0,0,0,0,0,1,0,GK,Juventus,0,0,2.346255185082555,2.346255185082555,2017
1286,Andrea Barzagli,25,1417,0,0.04008759930729866,1,0.44276559352874756,1,4,2,0,D S,Juventus,0,0.04008759930729866,4.050352955237031,3.5805863682180643,2017
1296,Stefano Sturaro,12,610,0,0.24586169607937336,0,0.2989787980914116,5,6,1,0,D M S,Juventus,0,0.24586169607937336,1.1325562074780464,0.7706531025469303,2017
1300,Claudio Marchisio,15,828,0,0.2790196016430855,1,0.6458088653162122,12,6,1,0,M S,Juventus,0,0.2790196016430855,3.7645837496966124,3.0936108827590942,2017
1303,Stephan Lichtsteiner,27,1730,0,0.8210554122924805,2,0.7813882939517498,4,8,6,0,D S,Juventus,0,0.05975610110908747,5.375353313982487,4.7495507672429085,2017
1305,Lukasz Skorupski,1,90,0,0,0,0,0,0,0,0,GK,Roma,0,0,0,0,2017
1306,Vincent Laurini,22,1626,0,0.011077499948441982,1,1.2797702848911285,1,16,5,0,D S,Fiorentina,0,0.011077499948441982,5.194162564352155,4.878603817895055,2017
1307,Andrea Costa,16,1379,0,1.505196001380682,0,0.0688496008515358,9,2,5,0,D,Benevento,0,1.505196001380682,2.1832676278427243,2.060338423587382,2017
1310,José Mauri,1,8,0,0.08393699675798416,0,0,1,0,0,0,S,AC Milan,0,0.08393699675798416,0.08393699675798416,0,2017
1313,Riccardo Saponara,18,902,0,0.9374719029292464,5,3.753986081108451,21,35,3,0,F M S,Fiorentina,0,0.9374719029292464,3.61731281504035,1.6256016734987497,2017
1325,Marcel Büchel,23,1705,0,0.15885430201888084,0,0.26823030319064856,9,13,9,0,M S,Verona,0,0.15885430201888084,1.6509392010048032,1.3475412018597126,2017
1328,Stefano Sorrentino,38,3420,0,0,0,0,0,0,2,0,GK,Chievo,0,0,1.3473745086230338,1.3473745086230338,2017
1330,Alessandro Gamberini,23,1818,0,0.8531070128083229,0,0,4,0,2,0,D S,Chievo,0,0.8531070128083229,1.29046431183815,1.29046431183815,2017
1331,Dario Dainelli,21,1513,0,0.6225727871060371,0,0.0572523009032011,3,3,4,0,D S,Chievo,0,0.6225727871060371,1.457754099741578,1.457754099741578,2017
1332,Massimo Gobbi,24,2051,0,0.20971069764345884,3,2.681003120727837,6,24,3,0,D S,Chievo,0,0.20971069764345884,5.9947780799120665,3.484566888771951,2017
1335,Nicola Rigoni,15,938,0,0.3591843033209443,0,0.06067252904176712,12,3,3,0,M S,Chievo,0,0.3591843033209443,1.4695527153089643,1.1959822736680508,2017
1337,Riccardo Meggiorini,15,787,0,0.9676861856132746,0,1.1814989745616913,11,4,2,0,F S,Chievo,0,0.9676861856132746,2.2977098524570465,0.2428808957338333,2017
1339,Mariano Izco,5,173,0,0,0,0,0,0,0,0,M S,Crotone,0,0,0.07906469702720642,0.07906469702720642,2017
1342,Nicolás Spolli,21,1775,0,0.5075471065938473,0,0.08839686773717403,6,2,7,0,D S,Genoa,0,0.5075471065938473,2.7103614332154393,2.700374231673777,2017
1348,Vittorio Parigini,21,842,0,0.9504012009128928,0,1.7272884845733643,22,13,2,0,D F M S,Benevento,0,0.9504012009128928,2.979593990370631,0.9984437692910433,2017
1351,Alex Cordaz,38,3420,0,0,0,0.17853249236941338,0,2,2,0,GK,Crotone,0,0,1.606362502090633,1.4278299929574132,2017
1352,Aleandro Rosi,24,1716,0,0.6590701006352901,1,0.6228395067155361,12,8,5,0,D M S,Genoa,0,0.6590701006352901,3.838111689314246,3.0135329887270927,2017
1356,Lorenzo Crisetig,8,555,0,0.00830382015556097,0,0,1,0,4,0,M S,Bologna,0,0.00830382015556097,0.8362626861780882,0.8279586862772703,2017
1358,Leonardo Capezzi,6,211,0,0,1,0.5722890049219131,0,10,0,0,M S,Sampdoria,0,0,0.18662539776414633,0.02269735001027584,2017
1359,Aleksandar Tonev,8,397,0,0.5820711934939027,0,0.18280400149524212,10,3,0,0,F M S,Crotone,0,0.5820711934939027,0.8872782997786999,0.12240400165319443,2017
1361,Raffaele Palladino,4,223,0,0.6311865150928497,0,0.861773706972599,4,8,1,0,F M S,Genoa,0,0.6311865150928497,1.5449238121509552,0.5484878942370415,2017
1366,Noe Dussenne,1,83,0,0.03781919926404953,0,0,1,0,1,0,S,Crotone,0,0.03781919926404953,0,0,2017
1371,Mario Sampirisi,31,2192,0,0.09207579866051674,0,0.7824582047760487,3,8,2,0,D S,Crotone,0,0.09207579866051674,3.0444874772801995,2.432974091731012,2017
1374,José Reina,37,3330,0,0,0,0.19735789485275745,0,2,1,0,GK,Napoli,0,0,5.657022915780544,5.459665022790432,2017
1375,Elseid Hysaj,35,3128,0,0.46806670539081097,1,2.2005033288151026,11,20,3,1,D,Napoli,0,0.46806670539081097,14.3793930914253,12.601261330768466,2017
1377,Nikola Maksimovic,2,93,0,0,0,0,0,0,0,0,D S,Napoli,0,0,0.2411700040102005,0.2411700040102005,2017
1378,Ivan Strinic,17,1256,0,0,2,1.0587450936436653,0,4,2,0,D S,Sampdoria,0,0,2.734228068962693,2.114241184666753,2017
1391,Christian Maggio,13,625,0,0,0,0.14062079973518848,0,3,0,0,D S,Napoli,0,0,2.582318840548396,2.4655488412827253,2017
1392,Luigi Sepe,1,90,0,0,0,0,0,0,0,0,GK,Napoli,0,0,0.11641799658536911,0.11641799658536911,2017
1395,Vlad Chiriches,7,582,0,0.47939808666706085,0,0.012671500444412231,3,1,1,0,D,Napoli,0,0.47939808666706085,3.1443353556096554,3.119903352111578,2017
1397,Fabio Pisacane,24,1935,0,0.06586780026555061,0,0.052433199249207973,4,3,2,2,D S,Cagliari,0,0.06586780026555061,2.7207451667636633,2.6642109705135226,2017
1398,Bartosz Salamon,22,1727,0,0.7665540231391788,0,0.4019037000834942,11,3,5,0,D S,SPAL 2013,0,0.7665540231391788,2.514780586119741,1.9959974344819784,2017
1400,Nicola Murru,20,1448,0,0.15863991528749466,2,1.3332595136016607,5,10,4,0,D S,Sampdoria,0,0.15863991528749466,5.528541190549731,4.036640664562583,2017
1404,Davide Di Gennaro,2,8,0,0,0,0,0,0,0,0,S,Lazio,0,0,0,0,2017
1408,Marco Capuano,25,2095,0,0.3357369974255562,0,0.15310483099892735,3,4,5,1,D S,"Cagliari,Crotone",0,0.3357369974255562,1.723639624658972,1.6979154981672764,2017
1410,Rafael,10,792,0,0,0,0,0,0,1,0,GK S,Cagliari,0,0,0.07901810109615326,0.07901810109615326,2017
1412,Daniele Dessena,17,570,0,0.13060639798641205,0,0.07514399942010641,2,2,1,0,D M S,Cagliari,0,0.13060639798641205,0.4744539028033614,0.32836820371448994,2017
1414,Niccolò Giannetti,8,294,0,1.0161553025245667,0,0.07335689663887024,5,1,3,0,F M S,Cagliari,0,1.0161553025245667,1.2418778501451015,0.3832949101924896,2017
1420,Maximiliano Olivera,7,414,0,0.09272397682070732,0,0.1821137983351946,3,4,1,0,D S,Fiorentina,0,0.09272397682070732,0.7138695940375328,0.46945179998874664,2017
1435,Nenad Tomovic,29,2442,0,2.3095957450568676,0,0.15773120149970055,15,3,5,0,D S,"Chievo,Fiorentina",0,2.3095957450568676,3.805756817571819,2.974299811758101,2017
1436,Sebastián Cristóforo,7,263,0,0.07004480063915253,0,0.5440805926918983,2,2,1,0,M S,Fiorentina,0,0.07004480063915253,1.0360656939446926,0.4714240990579128,2017
1437,Ângelo Da Costa,4,360,0,0,0,0,0,0,0,0,GK,Bologna,0,0,0.22157569974660873,0.22157569974660873,2017
1438,Vasilis Torosidis,16,816,0,0.03825540002435446,0,0.21255710627883673,2,4,2,1,D S,Bologna,0,0.03825540002435446,1.1350585017353296,0.8842468056827784,2017
1439,Domenico Maietta,7,470,0,0,0,0,0,0,1,0,D S,Bologna,0,0,0.31429520063102245,0.31429520063102245,2017
1440,Filip Helander,29,2501,0,0.16367020271718502,0,0.008573140017688274,3,1,5,0,D S,Bologna,0,0.16367020271718502,1.3332035895437002,1.324630593881011,2017
1441,Adam Masina,34,2848,0,2.048692843876779,1,1.7717559840530157,16,25,8,1,D M S,Bologna,0,2.048692843876779,5.6516591208055615,3.677675325423479,2017
1442,Saphir Taïder,9,371,0,0.153609000146389,1,0.28709639236330986,3,4,0,0,M S,Bologna,0,0.153609000146389,1.408420592546463,0.9677166026085615,2017
1447,Ladislav Krejci,12,389,0,0.4242543950676918,0,0.08587119169533253,3,3,0,0,F S,Bologna,0,0.4242543950676918,0.6129761869087815,0.16527229268103838,2017
1450,Umar Sadiq,3,228,0,1.0549689829349518,0,0,3,0,0,0,F,Torino,0,1.0549689829349518,0.37209001183509827,0,2017
1453,Marios Oikonomou,4,172,0,0,0,0.027657199651002884,0,1,0,1,D S,SPAL 2013,0,0,0.09030229970812798,0.06264510005712509,2017
1455,Alfred Gomis,26,2257,0,0,0,0.0379272997379303,0,1,0,0,GK S,SPAL 2013,0,0,1.2295443937182426,1.1916173920035362,2017
1460,Andrea Consigli,37,3325,0,0,0,0.013681200332939625,0,1,2,0,GK,Sassuolo,0,0,2.7211626041680574,2.707481403835118,2017
1461,Pol Lirola,24,2022,0,0.1464703008532524,1,1.4507706947624683,7,18,2,0,D M S,Sassuolo,0,0.1464703008532524,3.317648569121957,2.2012057173997164,2017
1462,Paolo Cannavaro,19,1443,0,0.39790039602667093,0,0.06137780100107193,5,3,3,0,D S,Sassuolo,0,0.39790039602667093,1.6039524115622044,1.5313335973769426,2017
1463,Francesco Acerbi,38,3420,0,1.3119130926206708,0,0.4217961933463812,15,9,3,0,D,Sassuolo,0,1.3119130926206708,4.981140744872391,4.649395816028118,2017
1466,Francesco Magnanelli,32,2522,0,0.2955448040738702,0,1.4790917770005763,12,34,9,2,M S,Sassuolo,0,0.2955448040738702,6.460401483811438,5.781445924192667,2017
1467,Davide Biondini,7,199,0,0,0,0.174264301545918,0,3,1,0,M S,Sassuolo,0,0,0.6039052978157997,0.42964211106300354,2017
1474,Alfred Duncan,26,1969,0,1.9981806175783277,2,2.6984182111918926,40,34,4,0,M S,Sassuolo,0,1.9981806175783277,6.553775338456035,3.130712516605854,2017
1475,Claud Adjapong,16,1216,0,0.6442345082759857,1,1.1914568208158016,14,13,5,1,D M S,Sassuolo,0,0.6442345082759857,2.4863285943865776,1.456793088465929,2017
1476,Cristian Dell&#039;Orco,8,412,0,0.05456319823861122,0,0.034280900843441486,1,2,0,0,D S,Sassuolo,0,0.05456319823861122,0.4108134061098099,0.3765323981642723,2017
1477,Luca Mazzitelli,20,1004,0,0.6415769020095468,1,0.3800211902707815,14,6,5,0,M S,Sassuolo,0,0.6415769020095468,1.859471925534308,1.0687394086271524,2017
1478,Marcello Gazzola,9,746,0,0.011982199735939503,0,0.31108540296554565,1,8,1,0,D,Sassuolo,0,0.011982199735939503,1.1368809789419174,0.9806046783924103,2017
1480,Gianluca Pegolo,2,95,0,0,0,0,0,0,0,0,GK S,Sassuolo,0,0,0.024219399318099022,0.024219399318099022,2017
1481,Antonino Ragusa,30,787,0,3.3843725621700287,1,0.6397302141413093,21,9,6,0,D F S,Sassuolo,0,3.3843725621700287,4.1857370007783175,0.7729555945843458,2017
1482,Luca Antei,8,591,0,0.03171899914741516,0,0,1,0,1,1,D,Benevento,0,0.03171899914741516,0.6623001992702484,0.6623001992702484,2017
1483,Etrit Berisha,31,2790,0,0,0,0,0,0,0,0,GK,Atalanta,0,0,1.4092053063213825,1.4092053063213825,2017
1487,Andrea Conti,2,162,0,0.0764961987733841,0,0.10176199674606323,1,1,0,0,D,AC Milan,0,0.0764961987733841,1.3417109847068787,1.26521497964859,2017
1490,Boukary Dramé,5,89,0,0,0,0,0,0,0,0,D S,SPAL 2013,0,0,0,0,2017
1496,Roberto Gagliardini,30,1978,0,1.835166617296636,0,1.2692139185965061,22,18,8,0,M S,Inter,0,1.835166617296636,9.630340941250324,7.6304869800806046,2017
1497,Ervin Zukanovic,31,2790,0,1.4884696882218122,1,1.4583762884140015,22,13,5,0,D,Genoa,0,1.4884696882218122,6.324212299659848,5.1028151866048574,2017
1500,Leonardo Spinazzola,18,1515,0,0.624665992334485,2,1.442384984344244,9,13,1,0,D M S,Atalanta,0,0.624665992334485,5.145911432802677,4.035463288426399,2017
1501,Marco Sportiello,37,3205,0,0,0,0.04579110071063042,0,1,0,1,GK,Fiorentina,0,0,3.658952577970922,3.658952577970922,2017
1505,Samir Handanovic,38,3420,0,0,0,0,0,0,0,0,GK,Inter,0,0,4.585601156577468,4.585601156577468,2017
1506,Yuto Nagatomo,11,791,0,0.13258350268006325,0,0.6581088900566101,4,8,1,0,D S,Inter,0,0.13258350268006325,1.7157517448067665,1.108677802607417,2017
1507,Miranda,31,2732,0,0.6870462894439697,0,0.15700439736247063,9,5,8,0,D,Inter,0,0.6870462894439697,7.462812226265669,7.263190139085054,2017
1509,Davide Santon,15,828,0,0.13491750042885542,0,0.0349645996466279,7,2,2,0,D S,Inter,0,0.13491750042885542,2.8361309859901667,2.692815924063325,2017
1512,João Mário,14,548,0,1.5326030477881432,3,1.6735506504774094,12,17,0,0,M S,Inter,0,1.5326030477881432,4.666062079370022,2.6421938464045525,2017
1517,Antonio Candreva,36,2577,0,4.33517637476325,8,9.271571483463049,72,72,4,0,F M S,Inter,0,4.33517637476325,16.685862166807055,8.17043704353273,2017
1528,Andrea Nalini,23,1654,0,1.2166611040011048,3,2.8199966102838516,21,19,2,0,D F M S,Crotone,0,1.2166611040011048,4.818312261253595,1.5465071038343012,2017
1532,Emiliano Viviano,27,2430,0,0,0,0,0,0,2,0,GK,Sampdoria,0,0,1.860555018298328,1.860555018298328,2017
1534,Giancarlo Gonzalez,22,1865,0,0.13338040001690388,0,0,2,0,4,2,D,Bologna,0,0.13338040001690388,2.985097653232515,2.985097653232515,2017
1538,Samuel Gustafson,4,67,0,0,0,0,0,0,0,0,S,Torino,0,0,0.3703716956079006,0.3703716956079006,2017
1542,Stefan Radu,31,2611,0,0.25968779902905226,2,1.104953695088625,8,10,8,1,D,Lazio,0,0.25968779902905226,7.7316887732595205,7.4574445597827435,2017
1545,Emil Krafth,12,944,0,0.3562891073524952,0,0.07271739840507507,2,3,2,0,D S,Bologna,0,0.3562891073524952,1.5863742250949144,1.2162668108940125,2017
1546,Federico Mattiello,29,2173,0,0.6989757036790252,1,1.0502787111327052,17,10,6,1,D S,SPAL 2013,0,0.6989757036790252,2.9174837758764625,2.2073607742786407,2017
1549,Senna Miangue,11,803,0,0.05003639869391918,1,1.0116402842104435,3,10,1,1,D M S,Cagliari,0,0.05003639869391918,0.8804565966129303,0.40153059270232916,2017
1555,Bartlomiej Dragowski,3,213,0,0,0,0,0,0,0,0,GK S,Fiorentina,0,0,0.027777500450611115,0.027777500450611115,2017
1559,Filippo Costa,23,1466,0,0.2877374952659011,1,1.169500483199954,7,18,4,0,D S,SPAL 2013,0,0.2877374952659011,2.0701921805739403,0.9188651693984866,2017
1567,Bruno Peres,18,1154,0,0.5060475021600723,0,0.8688414124771953,7,15,1,0,D S,Roma,0,0.5060475021600723,4.590859271585941,3.6286686174571514,2017
1569,Valerio Verre,18,324,0,0.16671560145914555,0,0.30512920767068863,6,4,2,0,M S,Sampdoria,0,0.16671560145914555,1.4602481154724956,1.2671110183000565,2017
1572,Bostjan Cesar,10,538,0,0,0,0,0,0,1,0,D S,Chievo,0,0,0.2721568997949362,0.2721568997949362,2017
1575,Timo Letschert,7,416,0,0,0,0.005650789942592382,0,1,0,0,D S,Sassuolo,0,0,0.7277607098221779,0.7277607098221779,2017
1576,Giorgio Chiellini,26,2162,0,1.0300693837925792,2,0.6477243155241013,10,6,2,0,D S,Juventus,0,1.0300693837925792,8.507246624678373,8.168096613138914,2017
1578,Luca Crosta,1,90,0,0,0,0,0,0,0,0,GK,Cagliari,0,0,0,0,2017
1587,Kwadwo Asamoah,19,1571,0,0.16115461429581046,1,0.7111970018595457,7,13,4,0,D S,Juventus,0,0.16115461429581046,5.387374974787235,5.126016981899738,2017
1590,Luca Antonelli,6,134,0,0,0,0.02983039990067482,0,1,1,0,D S,AC Milan,0,0,0.22093119844794273,0.19110080040991306,2017
1597,Cristian Molinaro,20,1557,0,0.08354569971561432,1,0.5501469960436225,2,10,2,0,D S,Torino,0,0.08354569971561432,2.4359226040542126,1.9578500017523766,2017
1602,Daniel Pavlovic,11,845,0,0.10076449904590845,0,0.9083505189046264,4,10,0,0,D M S,"Crotone,Sampdoria",0,0.10076449904590845,0.6065655946731567,0.48069799691438675,2017
1604,Artur Ionita,36,2684,0,1.9114585686475039,2,1.9639069829136133,26,16,4,0,M S,Cagliari,0,1.9114585686475039,5.683910868130624,2.9105267096310854,2017
1609,Antonio Mirante,33,2970,0,0.0605957992374897,0,0.005138690117746592,1,1,5,0,GK,Bologna,0,0.0605957992374897,2.4963876586407423,2.491248955950141,2017
1624,Fabio Depaoli,19,1191,0,0.17084519937634468,0,0.7189416857436299,4,7,4,0,D M S,Chievo,0,0.17084519937634468,1.1022848905995488,0.7993183070793748,2017
1634,Alessandro Deiola,13,429,0,0.8952172147110105,0,0.15960389748215675,10,2,3,0,M S,Cagliari,0,0.8952172147110105,0.5025659520179033,0.28086064103990793,2017
1818,Stefan Simic,9,551,0,0.12185000255703926,0,0,2,0,2,0,D S,Crotone,0,0.12185000255703926,0.11172030121088028,0.11172030121088028,2017
1831,Bright Gyamfi,9,312,0,0.1368424966931343,0,0.020951300859451294,4,1,1,0,D S,Benevento,0,0.1368424966931343,0.2997710034251213,0.17301149666309357,2017
1841,Pierluigi Gollini,7,625,0,0,0,0,0,0,0,0,GK,Atalanta,0,0,1.433666929602623,1.433666929602623,2017
1843,Matteo Bianchetti,2,121,0,0,0,0,0,0,1,0,D S,Verona,0,0,0.10972339659929276,0.10972339659929276,2017
1863,Oliver Kragl,5,89,0,0,0,0.13334359787404537,0,2,0,0,S,Crotone,0,0,0.018722599372267723,0,2017
1872,Raman Chibsah,14,1055,0,0.7753687128424644,0,0.548361599445343,7,9,4,0,M S,Benevento,0,0.7753687128424644,2.1620586290955544,0.9211538899689913,2017
1880,Mauricio,1,1,0,0,0,0,0,0,0,0,S,Lazio,0,0,0,0,2017
1892,Alex Meret,13,1163,0,0,0,0,0,0,0,0,GK,SPAL 2013,0,0,0.15615449659526348,0.15615449659526348,2017
1908,Vid Belec,15,1293,0,0,0,0.017417199909687042,0,1,1,1,GK,"Benevento,Sampdoria",0,0,0.6554940128698945,0.6380768129602075,2017
1927,Berat Gjimshiti,30,2700,0,0.9905317798256874,1,0.683699008077383,9,3,2,0,D,Benevento,0,0.9905317798256874,5.687576111406088,5.673859411850572,2017
1941,Mattia Vitale,2,93,0,0.35801100730895996,0,0,2,0,1,0,M S,SPAL 2013,0,0.35801100730895996,0.3457280099391937,0,2017
1954,Samuel Souprayen,22,1585,0,0.12555929739028215,0,0.3109753280878067,5,7,1,1,D S,Verona,0,0.12555929739028215,1.4198188865557313,1.1206776816397905,2017
1956,Mohamed Fares,30,2606,0,1.4239904284477234,1,1.761526620015502,32,18,12,0,D F M S,Verona,0,1.4239904284477234,3.811852104961872,2.038287077099085,2017
1958,Mattia Zaccagni,6,147,0,0.4142212066799402,0,0,3,0,1,0,M S,Verona,0,0.4142212066799402,0.284021208062768,0,2017
1971,Simone Romagnoli,8,551,0,0,0,0.02449670061469078,0,1,1,0,D S,Bologna,0,0,0.571705786511302,0.571705786511302,2017
1980,Franco Zuculini,11,319,0,0.17757870256900787,0,0.14321740344166756,5,5,1,0,M S,Verona,0,0.17757870256900787,0.5443994961678982,0.297451201826334,2017
1993,Luca Vido,4,65,0,0.5472490042448044,0,0.05031919851899147,4,2,0,0,S,Atalanta,0,0.5472490042448044,0.7273047082126141,0.12973670288920403,2017
2012,Nicholas Pierini,3,37,0,0,0,0,0,0,0,0,S,Sassuolo,0,0,0.03313690051436424,0.03313690051436424,2017
2019,Federico Bonazzoli,12,189,0,0.7233367785811424,0,0.05114410072565079,9,1,0,0,F S,"Sampdoria,SPAL 2013",0,0.7233367785811424,0.7575461994856596,0.05800450034439564,2017
2037,Simone Palombi,1,68,0,0,0,0,0,0,0,0,F,Lazio,0,0,0.11854899674654007,0.11854899674654007,2017
2042,Lubomir Tupta,2,26,0,0,0,0.017411600798368454,0,1,0,0,S,Verona,0,0,0.017411600798368454,0.017411600798368454,2017
2052,Simone Pontisso,1,6,0,0,0,0,0,0,0,0,S,Udinese,0,0,0,0,2017
2058,Filippo Romagna,23,1889,0,0.10482983943074942,0,0.09945560060441494,4,4,0,0,D S,Cagliari,0,0.10482983943074942,0.7541631376370788,0.6152228005230427,2017
2340,Duje Cop,2,94,0,0,0,0,0,0,0,0,F S,Cagliari,0,0,0,0,2017
2495,Mateo Musacchio,15,1197,0,0.14891009777784348,1,0.6323500908911228,3,7,3,0,D S,AC Milan,0,0.14891009777784348,4.355460090562701,4.081078125163913,2017
2603,Marco Andreolli,23,1815,0,0.14437450096011162,0,0.02249141037464142,3,2,6,0,D S,Cagliari,0,0.14437450096011162,1.4870765749365091,1.4870765749365091,2017
3259,Adam Ounas,7,80,0,0.26367590855807066,0,0.29812460020184517,5,5,0,0,S,Napoli,0,0.26367590855807066,0.5617998857051134,0.18930689990520477,2017
3274,Maxime Gonalons,16,1093,0,0.4564014049246907,1,1.086732491850853,12,15,2,0,M S,Roma,0,0.4564014049246907,5.936669006943703,4.85186804831028,2017
3287,Gregory Van der Wiel,5,286,0,0.015042999759316444,0,0.027117300778627396,1,1,0,0,D S,Cagliari,0,0.015042999759316444,0.09973550215363503,0.09973550215363503,2017
3301,Salvatore Sirigu,37,3330,0,0,0,0,0,0,2,0,GK,Torino,0,0,2.922647127881646,2.922647127881646,2017
3904,Gian Filippo Felicioli,6,267,0,0,0,0,0,0,1,0,D M S,Verona,0,0,0.10496000200510025,0.10496000200510025,2017
3927,Alessio Cragno,29,2538,0,0,0,0,0,0,0,0,GK,Cagliari,0,0,0.7701945174485445,0.7701945174485445,2017
3936,Andrea Cossu,11,223,0,0.08424120210111141,1,0.21990250051021576,2,4,0,0,M S,Cagliari,0,0.08424120210111141,0.11397034209221601,0.009587840177118778,2017
3951,Kevin Bonifazi,6,405,0,0.023675300180912018,0,0,1,0,0,0,D M S,Torino,0,0.023675300180912018,0.25501889549195766,0.23134329728782177,2017
3973,Gabriele Marchegiani,1,1,0,0,0,0,0,0,0,0,S,SPAL 2013,0,0,0,0,2017
4010,Luca Garritano,11,168,0,0.09000759851187468,0,0.028896700590848923,4,2,0,0,S,Chievo,0,0.09000759851187468,1.1728519117459655,1.114322006702423,2017
4059,Héctor Moreno,5,225,0,0,0,0,0,0,0,0,D S,Roma,0,0,0.8282911106944084,0.8282911106944084,2017
4895,Andrea Pinamonti,1,13,0,0.08949050307273865,0,0,1,0,0,0,S,Inter,0,0.08949050307273865,0.08949050307273865,0,2017
4896,Andrew Gravillon,2,83,0,0,0,0,0,0,0,0,D S,Benevento,0,0,0,0,2017
4907,Bartosz Bereszynski,31,2486,0,0.08897210005670786,1,0.9998391438275576,5,12,5,0,D S,Sampdoria,0,0.08897210005670786,6.908296952024102,6.582615999504924,2017
4914,Han Kwang Song,7,279,0,0.28680429235100746,0,0.04232319816946983,3,1,0,0,F S,Cagliari,0,0.28680429235100746,0.5476339906454086,0.2185065969824791,2017
4917,Niccolò Zanellato,1,75,0,0.06374850124120712,0,0.6902509927749634,2,2,0,0,S,Crotone,0,0.06374850124120712,0.07385239750146866,0,2017
4930,Bruno Petkovic,25,1257,0,0.983151389285922,3,2.21777312643826,15,16,4,0,F S,"Bologna,Verona",0,0.983151389285922,3.929816705174744,1.3748587928712368,2017
4939,Alessandro Bastoni,4,86,0,0.020306099206209183,0,0.11145400255918503,1,2,0,0,S,Atalanta,0,0.020306099206209183,0.25022000074386597,0.14208769984543324,2017
4940,Francesco Rossi,1,5,0,0,0,0,0,0,0,0,S,Atalanta,0,0,0.08782629668712616,0.08782629668712616,2017
4941,Hans Hateboer,33,2391,0,2.213564872741699,2,1.4382159858942032,24,18,3,0,D M S,Atalanta,0,2.213564872741699,12.137412946671247,8.915316872298717,2017
5025,Alessandro Buongiorno,1,6,0,0,0,0,0,0,0,0,S,Torino,0,0,0,0,2017
5035,Alin Tosca,13,1170,0,0.24179980251938105,0,0.07462749257683754,3,2,1,0,D,Benevento,0,0.24179980251938105,1.669795791618526,1.6454365914687514,2017
5699,Dalbert,13,524,0,0.1117171011865139,0,0.20810559950768948,6,3,0,0,D S,Inter,0,0.1117171011865139,1.527240401133895,1.2978897839784622,2017
5825,Elio Capradossi,2,85,0,0,0,0,0,0,0,0,D S,Roma,0,0,0.17371000349521637,0.17371000349521637,2017
6107,Carlo Pinsoglio,1,26,0,0,0,0,0,0,0,0,S,Juventus,0,0,0,0,2017
6108,Rodrigo Bentancur,20,544,0,0.11964079923927784,0,0.31501229852437973,5,8,0,0,M S,Juventus,0,0.11964079923927784,3.935785911977291,3.624919220805168,2017
6129,Nícolas,36,3240,0,0,0,0.0974654033780098,0,1,2,1,GK,Verona,0,0,1.8304847041144967,1.7330196062102914,2017
6131,Enrico Bearzotti,6,408,0,0.05617550015449524,0,0.008665899746119976,4,1,0,0,D F S,Verona,0,0.05617550015449524,0.3148583956062794,0.29178959503769875,2017
6132,Marco Silvestri,2,180,0,0,0,0,0,0,0,0,GK,Verona,0,0,0,0,2017
6134,Marco Fossati,17,1088,0,0.19261439982801676,0,0.531226085498929,9,6,5,0,M S,Verona,0,0.19261439982801676,0.9995992816984653,0.5540843922644854,2017
6157,Timothy Castagne,20,1509,0,0.9974446017295122,2,2.2055760640650988,9,15,4,0,D M S,Atalanta,0,0.9974446017295122,5.553520377725363,3.4061840288341045,2017
6160,Riccardo Orsolini,16,442,0,0.431833297945559,0,1.9271227791905403,8,9,0,0,D F S,"Atalanta,Bologna",0,0.431833297945559,1.4758633077144623,0.7467969879508018,2017
6161,Nicolas Haas,9,157,0,0.07952740043401718,0,0.032568398863077164,2,1,0,0,M S,Atalanta,0,0.07952740043401718,0.47660788148641586,0.397080484777689,2017
6167,Vanja Milinkovic-Savic,1,90,0,0,0,0,0,0,0,0,GK,Torino,0,0,0.0212520994246006,0.0212520994246006,2017
6168,Leandro Cabrera,5,365,0,0.10637190006673336,0,0.061409998685121536,3,1,0,0,D S,Crotone,0,0.10637190006673336,0.17745499685406685,0.11604499816894531,2017
6172,Rafik Zekhnini,1,8,0,0,0,0.015461400151252747,0,1,0,0,S,Fiorentina,0,0,0.015461400151252747,0,2017
6173,Bruno Gaspar,15,756,0,0.023534199222922325,2,0.7346803098917007,1,10,2,0,D S,Fiorentina,0,0.023534199222922325,2.5322646759450436,1.9154393710196018,2017
6174,Nikola Milenkovic,16,1254,0,0.6128762848675251,0,0.09898090176284313,9,3,0,1,D S,Fiorentina,0,0.6128762848675251,3.2905710879713297,3.223728185519576,2017
6177,Luiz Felipe,18,1155,0,0.512723982334137,0,0.058190200477838516,2,1,6,0,D S,Lazio,0,0.512723982334137,5.109657229855657,5.109657229855657,2017
6178,Sauli Vaisanen,7,544,0,0.3859430178999901,0,0.0879966989159584,3,2,1,0,D S,SPAL 2013,0,0.3859430178999901,0.9300445094704628,0.730658508837223,2017
6179,Francesco Vicari,34,2861,0,0.3503392981365323,1,0.5737980231642723,8,2,10,1,D,SPAL 2013,0,0.3503392981365323,2.6603884175419807,2.6245304187759757,2017
6181,Luca Mora,17,939,0,0.14488870091736317,0,0.3521881029009819,5,6,5,0,M S,SPAL 2013,0,0.14488870091736317,1.4328124318271875,1.0769850946962833,2017
6183,Michele Cremonesi,5,384,0,0.01362369954586029,0,0,1,0,2,0,D S,SPAL 2013,0,0.01362369954586029,0.23543199710547924,0.23543199710547924,2017
6185,Eros Schiavon,12,355,0,0.011494300328195095,0,0.014503199607133865,1,1,4,0,D M S,SPAL 2013,0,0.011494300328195095,0.13535350002348423,0.12085030041635036,2017
6191,Lorenzo Venuti,31,2382,0,0.5487736016511917,1,2.3613923750817776,5,20,4,0,D S,Benevento,0,0.5487736016511917,5.349895400926471,3.20109299197793,2017
6192,Fabio Lucioni,8,720,0,0.6358861047774553,0,0.015828300267457962,5,1,1,0,D,Benevento,0,0.6358861047774553,0.7744696103036404,0.7015644051134586,2017
6194,Lorenzo Del Pinto,15,745,0,0.2034579049795866,1,0.11276259832084179,7,4,6,0,M S,Benevento,0,0.2034579049795866,1.85092406347394,1.6691027991473675,2017
6195,Karamoko Cissé,2,9,0,0,0,0.04058760032057762,0,1,0,0,S,Benevento,0,0,0.04058760032057762,0,2017
6197,Gianluca Di Chiara,13,1010,0,0.07313826028257608,0,0.6871998943388462,6,15,3,0,D S,Benevento,0,0.07313826028257608,1.202001990750432,0.9101854898035526,2017
6202,Stephane Omeonga,19,771,0,0.6416597068309784,0,0.4420110024511814,14,9,2,1,D M S,Genoa,0,0.6416597068309784,2.5131135135889053,1.5045799287036061,2017
6203,Eddie Salcedo,2,28,0,0.11003820225596428,0,0,2,0,0,0,S,Genoa,0,0.11003820225596428,0.11003820225596428,0,2017
6204,Ricardo Centurión,3,46,0,0,0,0,0,0,0,0,M S,Genoa,0,0,0.06458889693021774,0.06458889693021774,2017
6205,Francesco Migliore,6,327,0,0.013135899789631367,0,0.4826869089156389,1,3,1,0,D S,Genoa,0,0.013135899789631367,0.7639107219874859,0.2928236983716488,2017
6207,Rijad Bajic,5,70,0,0.2014566957950592,0,0.1227949969470501,2,2,0,0,S,Udinese,0,0.2014566957950592,0.25530119612812996,0,2017
6211,Mehdi Leris,4,35,0,0,0,0,0,0,0,0,S,Chievo,0,0,0,0,2017
6212,Mattia Bani,16,1317,0,0.40641120076179504,0,0,3,0,5,1,D S,Chievo,0,0.40641120076179504,1.0251148967072368,1.0251148967072368,2017
6213,Pawel Jaroszynski,11,812,0,0.03809579834342003,0,0.31327209807932377,1,5,3,0,D S,Chievo,0,0.03809579834342003,1.0952744856476784,0.8867109976708889,2017
6235,Fabio Ceravolo,1,62,0,0.05069680139422417,0,0,1,0,0,0,F,Benevento,0,0.05069680139422417,0.05069680139422417,0,2017
6236,Antonio Santurro,1,90,0,0,0,0,0,0,1,0,GK,Bologna,0,0,0,0,2017
6247,Mirko Antonucci,2,25,0,0.6026620268821716,1,0.4467810094356537,1,2,0,0,S,Roma,0,0.6026620268821716,1.0815399885177612,0.03209659829735756,2017
6252,Lyanco,4,321,0,0.07812170963734388,0,0,2,0,0,0,D,Torino,0,0.07812170963734388,0.25110420025885105,0.24256880022585392,2017
6253,Gianluca Scamacca,3,21,0,0.04119420051574707,0,0.3934360146522522,3,1,0,0,S,Sassuolo,0,0.04119420051574707,0.461726414039731,0.027096500620245934,2017
6277,Fabrizio Caligara,1,14,0,0,0,0,0,0,0,0,S,Cagliari,0,0,0,0,2017
6286,Petar Brlek,5,237,0,0.1795319952070713,0,0.13391399383544922,3,1,1,0,M S,Genoa,0,0.1795319952070713,0.2177548548206687,0.06369956117123365,2017
6300,Aristóteles Romero,6,75,0,0.0629831999540329,0,0.012042799964547157,1,1,2,0,S,Crotone,0,0.0629831999540329,0.17878799885511398,0.10376200079917908,2017
6312,Rogerio,13,903,0,0.09053142089396715,0,0.38336730375885963,3,8,4,0,D S,Sassuolo,0,0.09053142089396715,0.9298509862273932,0.5205146931111813,2017
6313,Mamadou Kanouté,2,32,0,0.013680700212717056,0,0,1,0,0,0,S,Benevento,0,0.013680700212717056,0.04141230136156082,0.04141230136156082,2017
6314,Joachim Andersen,7,544,0,0.0662805987522006,0,0,3,0,0,0,D S,Sampdoria,0,0.0662805987522006,1.526719618588686,1.526719618588686,2017
6362,Rick Karsdorp,1,83,0,0,0,0,0,0,0,0,D,Roma,0,0,0.31162500381469727,0.31162500381469727,2017
6375,Andrea Danzi,5,391,0,0,0,0.04316829890012741,0,1,1,0,M S,Verona,0,0,0.21737569943070412,0.17420669272542,2017
6406,Simone Calvano,15,641,0,0.17293809447437525,0,0.2745319902896881,5,2,1,0,M S,Verona,0,0.17293809447437525,0.8323934925720096,0.5178360408172011,2017
6428,Cheick Keita,3,119,0,0,0,0,0,0,0,0,D S,Bologna,0,0,0.10646019876003265,0.10646019876003265,2017
6466,Jean-Claude Billong,5,292,0,0,0,0,0,0,0,0,D S,Benevento,0,0,0.5217947959899902,0.5217947959899902,2017
6467,Giovanni Volpicelli,1,1,0,0.022067099809646606,0,0,1,0,0,0,S,Benevento,0,0.022067099809646606,0,0,2017
6468,Luca Sparandeo,1,31,0,0,0,0,0,0,1,0,S,Benevento,0,0,0,0,2017
6506,Lisandro López,1,43,0,0,0,0,0,0,0,0,S,Inter,0,0,0.11407999694347382,0.11407999694347382,2017
6516,Everton Luiz,11,640,0,0.015576899982988834,0,0.16121739707887173,1,4,5,0,M S,SPAL 2013,0,0.015576899982988834,0.7891449071466923,0.7151799108833075,2017
6517,Charalampos Lykogiannis,11,677,0,0.1939867027103901,2,0.8846869766712189,6,3,2,0,D S,Cagliari,0,0.1939867027103901,0.4502068357542157,0.22890243772417307,2017
6519,Deian Boldor,1,90,0,0,0,0.028140999376773834,0,1,0,0,D,Verona,0,0,0.028140999376773834,0,2017
6530,Felipe Avenatti,11,464,0,0.17231320217251778,0,0.09558770060539246,3,3,1,0,F S,Bologna,0,0.17231320217251778,0.2915515899658203,0.07337629981338978,2017
6546,Jawad El Yamiq,4,360,0,0.010296699590981007,0,0,1,0,0,0,D,Genoa,0,0.010296699590981007,0.1307424008846283,0.1307424008846283,2017
6551,Damir Ceter,6,184,0,0.05966449901461601,0,0.2566113993525505,1,4,0,0,F S,Cagliari,0,0.05966449901461601,0.3162758983671665,0,2017
6556,Moussa Diaby,2,68,0,0,0,0,0,0,0,0,F S,Crotone,0,0,0.08877850323915482,0.08877850323915482,2017
6567,Jonathan Silva,2,109,0,0.056547198444604874,0,0,1,0,0,0,D S,Roma,0,0.056547198444604874,0.02003530040383339,0.02003530040383339,2017
6648,Christian Rutjens,1,1,0,0,0,0,0,0,0,0,S,Benevento,0,0,0,0,2017
6649,Siriki Sanogo,2,36,0,0.04956329986453056,0,0,1,0,0,0,S,Benevento,0,0.04956329986453056,0.23840300738811493,0.18884000182151794,2017
6655,Ognjen Stijepovic,1,3,0,0,0,0,0,0,0,0,S,Sampdoria,0,0,0,0,2017
6719,Emanuele Torrasi,1,2,0,0,0,0,0,0,0,0,S,AC Milan,0,0,0.1112620010972023,0.1112620010972023,2017
1230,Fabio Quagliarella,37,3224,26,23.931939975358546,8,4.579970024526119,140,37,1,0,F,Sampdoria,17,16.319021896459162,20.194036974571645,3.6636939216405153,2018
1148,Duván Zapata,37,2908,23,20.487084690481424,7,10.126573071815073,118,65,5,0,F S,Atalanta,22,18.964484695345163,30.310310785658658,7.800470231100917,2018
7090,Krzysztof Piatek,37,2974,22,17.768344588577747,0,3.065560416318476,119,29,5,0,F S,"AC Milan,Genoa",20,16.245789639651775,19.64754632115364,4.017013972625136,2018
2371,Cristiano Ronaldo,31,2692,21,23.324054691940546,8,5.193874748423696,175,48,3,0,F M S,Juventus,16,18.756297651678324,21.854163620620966,7.177340604364872,2018
1583,Arkadiusz Milik,35,2403,17,14.078374031931162,3,3.235570015385747,111,37,4,0,F S,Napoli,17,14.078374031931162,19.81095814704895,5.698175901547074,2018
1104,Leonardo Pavoletti,32,2748,16,12.384326819330454,1,1.5758441193029284,85,24,6,0,F S,Cagliari,16,12.384326819330454,10.769815733656287,2.6143847163766623,2018
1384,Dries Mertens,35,2245,16,12.37578778527677,11,9.394879231229424,89,70,1,0,F S,Napoli,15,11.61448916979134,24.52984611131251,8.040113627910614,2018
1493,Andrea Petagna,36,3060,16,14.781552504748106,1,2.010345666203648,90,28,8,0,F S,SPAL 2013,10,10.213956706225872,10.56121488660574,2.678129244595766,2018
6980,Francesco Caputo,38,3420,16,18.357625110074878,3,5.17600757535547,96,45,3,0,F,Empoli,13,13.78989796154201,21.86473025381565,6.738053431734443,2018
1186,Andrea Belotti,37,3304,15,17.00522129237652,3,4.3100587744265795,125,35,5,0,F,Torino,10,12.437676385045052,16.587280172854662,3.120272899977863,2018
1209,Ciro Immobile,36,2862,15,16.130438826978207,6,6.479810206219554,124,55,6,0,F S,Lazio,11,13.085286818444729,24.194292444735765,8.138659774325788,2018
1426,Josip Ilicic,31,2156,12,10.765154892578721,7,7.920558905228972,101,65,5,1,F M S,Atalanta,12,10.003855811432004,24.519815042614937,11.476230746135116,2018
1252,Stephan El Shaarawy,28,2115,11,8.618938097730279,3,5.50236134044826,70,37,2,0,F M S,Roma,11,8.618938097730279,17.3806712962687,5.880335396155715,2018
1468,Gregoire Defrel,36,2339,11,8.62979091051966,3,3.1572981104254723,47,25,2,0,F M S,Sampdoria,11,8.62979091051966,17.140589024871588,6.410521248355508,2018
1513,Mauro Icardi,29,2266,11,15.226497158408165,4,3.9040679335594177,74,34,0,0,F S,Inter,6,10.658860988914967,15.77519129961729,2.4658669782802463,2018
1943,Gervinho,30,2312,11,7.671815723180771,2,4.0188678205013275,44,22,3,0,F S,Parma Calcio 1913,11,7.671815723180771,13.207351669669151,3.999035181477666,2018
1393,Lorenzo Insigne,28,2081,10,10.424117034301162,6,5.122349290177226,120,64,6,1,F M S,Napoli,9,8.901560058817267,19.24692364782095,7.50332959368825,2018
1145,Rodrigo de Paul,36,3197,9,9.153639267198741,9,8.78543487098068,88,99,7,0,F M,Udinese,6,4.585925619117916,15.011440612375736,7.237864242866635,2018
1253,Edin Dzeko,33,2575,9,15.172217682003975,6,4.332473624497652,131,46,9,0,F S,Roma,9,15.172217682003975,21.023394867777824,4.616411056369543,2018
1295,Mario Mandzukic,25,2028,9,6.68426314368844,6,4.05076988786459,32,30,4,0,F S,Juventus,9,6.68426314368844,11.394282398745418,3.6779586616903543,2018
1340,Roberto Inglese,25,1977,9,7.689993814565241,0,0.6581482533365488,47,12,3,0,F S,Parma Calcio 1913,7,6.167391852475703,6.716074503026903,1.5600145012140274,2018
448,Ivan Perisic,34,2714,8,10.416361244395375,3,6.945045929402113,99,58,5,0,F M S,Inter,6,8.893803665414453,20.169997327029705,7.528858460485935,2018
621,Aleksandar Kolarov,33,2904,8,4.579898190684617,2,6.509761452674866,42,57,6,1,D M S,Roma,5,2.29604116640985,13.935710180550814,9.387653306126595,2018
1612,Domenico Berardi,35,2887,8,9.03201612830162,4,5.238250629976392,126,59,5,1,F M S,Sassuolo,7,8.27071712911129,19.97964060306549,9.820683512836695,2018
2116,Felipe Caicedo,28,1377,8,7.832874992862344,2,1.3572742901742458,42,19,4,0,F S,Lazio,7,7.0715760719031096,9.919915176928043,2.8464975133538246,2018
6160,Riccardo Orsolini,35,1958,8,5.478129763156176,5,2.883409866131842,65,20,2,0,F M S,Bologna,8,5.478129763156176,7.89390667155385,2.3961960040032864,2018
6972,Federico Santander,32,2058,8,7.911048852838576,3,3.4152858909219503,76,37,5,0,F S,Bologna,8,7.911048852838576,9.550377137959003,1.6251884009689093,2018
1129,Suso,35,3044,7,4.042498189024627,10,10.721460357308388,95,98,8,1,F M,AC Milan,7,4.042498189024627,20.989090897142887,11.27904400229454,2018
1183,Marco Benassi,32,2319,7,5.960002928506583,1,1.8511555101722479,59,32,6,1,D M S,Fiorentina,7,5.960002928506583,10.370772283524275,3.6210909821093082,2018
1433,Federico Chiesa,37,3038,7,9.37101474776864,3,5.666825152933598,133,54,4,0,F M S,Fiorentina,7,9.37101474776864,17.4904612749815,3.9333297358825803,2018
1434,Khouma Babacar,29,1486,7,8.066386369057,2,1.2737183216959238,60,10,0,0,F S,Sassuolo,5,6.543829378671944,8.835459810681641,2.0044629648327827,2018
1489,Franck Kessié,34,3030,7,7.73634275700897,2,2.898440567776561,52,44,8,0,M,AC Milan,4,5.452527024783194,16.544653747230768,9.331224955618382,2018
1491,Alejandro Gomez,35,2930,7,9.055142408236861,11,11.31518641486764,105,113,5,0,F M S,Atalanta,7,9.055142408236861,29.737271420657635,16.34027273580432,2018
1592,João Pedro,34,2590,7,8.502476677298546,2,3.355791480280459,61,34,4,1,F M S,Cagliari,5,6.979878380894661,11.261543018743396,3.570869980379939,2018
1605,Diego Farias,32,1904,7,7.484878353774548,4,3.59397367015481,59,26,4,0,F S,"Cagliari,Empoli",7,7.484878353774548,13.5366166010499,4.154947618022561,2018
7015,Camillo Ciano,33,2471,7,6.578505993820727,4,7.030811827629805,77,58,12,0,F M S,Frosinone,5,4.294649512507021,9.246681788936257,2.7058693673461676,2018
1102,Giovanni Simeone,36,2462,6,10.995729841291904,3,2.5179322957992554,66,30,2,0,F M S,Fiorentina,6,10.995729841291904,13.568023454397917,2.380040505900979,2018
1170,Gianluca Caprari,21,1033,6,2.3816140182316303,2,1.3399191796779633,30,14,1,0,F M S,Sampdoria,6,2.3816140182316303,4.803976306691766,1.600759438239038,2018
1185,Iago Falque,26,1639,6,6.275083106011152,4,3.025949167087674,57,50,1,0,F M S,Torino,6,6.275083106011152,11.506010244600475,4.5214942917227745,2018
1229,Luis Muriel,19,1443,6,3.6331873014569283,0,1.33240407705307,46,19,1,0,F S,Fiorentina,6,3.6331873014569283,5.344621006399393,1.3931741118431091,2018
1251,Radja Nainggolan,29,1967,6,3.7815894931554794,3,3.624685298651457,71,41,3,0,M S,Inter,6,3.7815894931554794,13.268201014027,7.422957673668861,2018
1293,Gonzalo Higuaín,15,1282,6,7.021019876003265,1,1.6108492016792297,55,19,3,1,F,AC Milan,6,6.259720751084387,10.88902348279953,3.3254039026796818,2018
1304,Moise Kean,13,527,6,3.811597928404808,0,0.39794589951634407,20,5,2,0,F S,Juventus,6,3.811597928404808,4.452035039663315,0.4792759083211422,2018
1386,Piotr Zielinski,36,2895,6,5.675858104601502,2,5.6522768177092075,80,58,6,0,M S,Napoli,6,5.675858104601502,19.552084665745497,11.584759781137109,2018
1448,Erick Pulgar,28,2366,6,4.704351000487804,2,2.8031630497425795,34,59,6,1,M S,Bologna,1,0.8978539034724236,6.47198904119432,5.373066179454327,2018
1492,Jasmin Kurtic,30,2568,6,3.831903362646699,5,3.2243825122714043,64,37,9,0,M S,SPAL 2013,6,3.831903362646699,7.214928997680545,3.8098329110071063,2018
1763,Stefano Okaka,16,970,6,2.889581674709916,1,1.0166612975299358,18,17,4,0,F S,Udinese,6,2.889581674709916,4.152491403743625,1.0071620270609856,2018
1903,Kevin Lasagna,36,2447,6,8.61249412316829,2,2.1985628362745047,64,19,2,0,F S,Udinese,6,7.851196107454598,11.122790868394077,2.548658659681678,2018
5718,Mariusz Stepinski,35,2475,6,7.839367961511016,2,1.69049590267241,61,30,5,0,F S,Chievo,6,7.839367961511016,10.236177350394428,2.017855314537883,2018
7006,Lautaro Martínez,27,1327,6,8.020056365057826,2,2.7824812345206738,65,21,4,0,F M S,Inter,5,7.258756307885051,8.1119294334203,0.5353266969323158,2018
677,Jordan Veretout,33,2944,5,5.519210857339203,3,6.266462683677673,38,77,12,1,M,Fiorentina,0,0.9514177022501826,10.229502624832094,6.856200389564037,2018
1000,Federico Fazio,34,2804,5,3.0954408925026655,0,0.2528405003249645,30,6,6,0,D S,Roma,5,3.0954408925026655,5.699664056301117,5.422783046960831,2018
1134,Mario Pasalic,33,1596,5,4.5375368520617485,3,1.5783126009628177,36,21,1,0,M S,Atalanta,5,4.5375368520617485,9.973411366343498,6.251876585185528,2018
1210,Keita,24,869,5,4.349225718528032,2,2.748465085402131,30,22,1,1,F M S,Inter,5,4.349225718528032,8.042049407958984,2.4115426056087017,2018
1294,Paulo Dybala,30,2135,5,5.023502064868808,4,3.562104085460305,65,51,2,0,F M S,Juventus,4,4.262202775105834,11.119915185496211,5.672914354130626,2018
1311,Rade Krunic,33,2791,5,4.865878604352474,7,7.073322543874383,54,52,7,1,M,Empoli,5,4.865878604352474,15.485479980707169,8.30862201191485,2018
1473,Matteo Politano,36,2594,5,4.933019995689392,6,6.264441332779825,79,66,4,1,F M S,Inter,5,4.933019995689392,17.373103603720665,9.618462487123907,2018
1496,Roberto Gagliardini,19,1087,5,3.0359189240261912,0,0.977352112531662,25,14,4,0,M S,Inter,5,3.0359189240261912,8.38158555328846,5.633942808955908,2018
1539,Diego Perotti,13,666,5,3.6227080449461937,0,2.714195415377617,16,18,3,0,F M S,Roma,2,1.3388475961983204,4.604079220443964,1.5489824786782265,2018
1543,Sergej Milinkovic-Savic,31,2416,5,6.05473905056715,3,4.726377381011844,76,48,7,1,M S,Lazio,5,6.05473905056715,15.795118460431695,8.495804086327553,2018
1809,Joaquín Correa,34,1903,5,8.54646278358996,6,6.3703404907137156,70,57,5,0,F M S,Lazio,5,8.54646278358996,19.20615305006504,6.444373066537082,2018
1868,Daniel Ciofani,32,1621,5,4.874069246463478,2,1.5364359319210052,53,15,1,0,F S,Frosinone,3,3.351471441797912,4.3733891397714615,1.0733521189540625,2018
2447,Fabián,27,1983,5,4.012516044080257,4,4.761741723865271,51,62,2,1,M S,Napoli,5,4.012516044080257,19.204512983560562,14.09097746014595,2018
4895,Andrea Pinamonti,27,1618,5,6.083853416144848,3,0.4489104989916086,60,16,2,0,F S,Frosinone,5,6.083853416144848,7.261546267196536,0.9811349771916866,2018
4941,Hans Hateboer,35,2975,5,5.4545401548966765,5,5.204958616755903,29,48,5,0,D M S,Atalanta,5,5.4545401548966765,19.215171810239553,11.449924781918526,2018
6159,Gianluca Mancini,30,2252,5,4.664249604567885,2,1.480700932443142,40,12,5,0,D S,Atalanta,5,4.664249604567885,10.403617020696402,9.42553885281086,2018
6187,Mirco Antenucci,35,2101,5,6.3607764188200235,0,1.878604432567954,50,23,0,0,F S,SPAL 2013,4,4.8381794188171625,7.8363233637064695,2.410570896230638,2018
6978,Giovanni Di Lorenzo,37,3330,5,4.036118914373219,3,5.01726411934942,21,39,8,0,D M,Empoli,5,4.036118914373219,13.785309059545398,9.95963023044169,2018
604,Emre Can,29,1798,4,2.885854935273528,1,2.537701786495745,32,19,7,0,M S,Juventus,3,2.12455571629107,8.33931826427579,5.597497601062059,2018
952,Gastón Ramírez,27,1597,4,2.0048617012798786,4,3.5916413217782974,27,32,6,1,M S,Sampdoria,4,2.0048617012798786,8.199260275810957,5.206784972921014,2018
1096,Armando Izzo,37,3279,4,2.574809796176851,1,1.044721208512783,25,11,6,0,D,Torino,4,2.574809796176851,6.3101479057222605,5.6358647570014,2018
1115,Goran Pandev,26,1123,4,3.1588345118798316,2,1.5587783977389336,27,21,6,0,F M S,Genoa,4,3.1588345118798316,4.886694461107254,1.5163443218916655,2018
1117,Andrea Poli,30,1965,4,3.235886801034212,1,0.9628273174166679,31,14,5,0,M S,Bologna,4,3.235886801034212,4.918766250833869,1.9736562632024288,2018
1123,Juraj Kucka,18,1535,4,2.466346178203821,3,1.833237873390317,26,16,4,1,F M S,Parma Calcio 1913,3,1.7050471939146519,2.859187198802829,1.7744005620479584,2018
1168,Bryan Cristante,35,2414,4,3.326321610249579,3,2.9847176298499107,43,28,10,0,M S,Roma,4,3.326321610249579,13.17698534205556,9.208236541599035,2018
1182,Daniele Baselli,34,2404,4,2.3034623116254807,1,3.632219242863357,42,45,5,0,F M S,Torino,4,2.3034623116254807,9.333731336519122,6.232511958107352,2018
1205,Senad Lulic,35,2941,4,2.703006519936025,1,4.648611864075065,27,52,5,0,D M S,Lazio,4,2.703006519936025,13.141706069931388,8.838009061291814,2018
1207,Marco Parolo,34,2567,4,5.13032965734601,3,4.015089116059244,60,31,7,0,M S,Lazio,4,5.13032965734601,15.530293092131615,8.534357050433755,2018
1219,Luis Alberto,27,2018,4,4.027840165421367,5,5.985769699327648,68,77,5,1,F M S,Lazio,3,3.266541166231036,12.73308626562357,8.116415649652481,2018
1347,Sergio Pellissier,19,959,4,5.457769729197025,1,1.9128609020262957,25,12,1,0,F S,Chievo,3,3.9351767376065254,6.468515547923744,1.6735803838819265,2018
1354,Gianmarco Ferrari,31,2790,4,2.4137551179155707,0,0.262552997097373,23,5,9,0,D,Sassuolo,4,2.4137551179155707,6.823374820873141,6.503219414502382,2018
1383,Manolo Gabbiadini,18,805,4,2.1057906905189157,2,1.1572990864515305,30,15,5,0,F S,Sampdoria,4,2.1057906905189157,4.768710900098085,1.7901045326143503,2018
1399,Bruno Alves,33,2924,4,2.163579383864999,1,1.0799211198464036,16,10,8,1,D,Parma Calcio 1913,4,2.163579383864999,5.727085234597325,5.705715548247099,2018
1474,Alfred Duncan,26,1848,4,1.0352362981066108,4,3.1707750018686056,25,32,7,1,M S,Sassuolo,4,1.0352362981066108,7.838122356683016,5.057960107922554,2018
1580,Mattia Destro,17,478,4,3.031507281586528,1,0.6890850067138672,12,3,3,0,F M S,Bologna,4,3.031507281586528,2.033839089795947,0.12374400347471237,2018
1642,Simone Zaza,29,1403,4,6.373840030282736,3,0.8243847992271185,56,15,8,1,F S,Torino,4,6.373840030282736,7.671013478189707,2.2148135155439377,2018
1819,Kevin-Prince Boateng,13,945,4,4.002457461319864,1,0.6276751011610031,28,16,1,0,F M S,Sassuolo,2,2.479859492741525,6.000006500631571,3.113731475546956,2018
2303,Samu Castillejo,31,989,4,1.8114824742078781,2,1.8277175249531865,30,19,3,0,F S,AC Milan,4,1.8114824742078781,6.759753506630659,3.5964398281648755,2018
6157,Timothy Castagne,28,1991,4,3.0917264595627785,2,2.678411442786455,19,27,3,0,D M S,Atalanta,4,3.0917264595627785,12.859327219426632,8.92555845528841,2018
6686,Nicolo Zaniolo,27,1771,4,4.792478509247303,2,1.905015024356544,48,18,8,0,F M S,Roma,4,4.792478509247303,8.904982633888721,3.3921294156461954,2018
6997,Ignacio Pussetto,35,2181,4,6.597197157330811,4,2.1748072607442737,57,23,8,0,D F M S,Udinese,4,6.597197157330811,10.941937694326043,3.913788801059127,2018
7091,Christian Kouamé,38,3079,4,7.379652781412005,5,5.056164110079408,87,48,4,0,F M S,Genoa,4,7.379652781412005,13.34533818718046,3.6151808565482497,2018
189,Hakan Calhanoglu,36,2913,3,5.535524301230907,6,6.494289331138134,102,84,3,0,F M S,AC Milan,3,5.535524301230907,16.508146379143,8.49885341245681,2018
1033,Emanuele Giaccherini,26,2005,3,2.7264585187658668,1,3.4819580065086484,32,44,8,0,F M S,Chievo,2,1.2038609012961388,8.395425038412213,5.801781066693366,2018
1099,Tomás Rincón,34,2814,3,0.9689116980880499,1,1.1566688185557723,34,28,15,0,M S,Torino,3,0.9689116980880499,5.624395725317299,4.516104189679027,2018
1106,Darko Lazovic,33,2561,3,2.2224522940814495,4,3.692750910297036,38,46,2,0,D F M S,Genoa,3,2.2224522940814495,7.090307085774839,3.9314259914681315,2018
1121,Giacomo Bonaventura,8,657,3,2.8704944141209126,1,0.416185294277966,27,9,0,0,M,AC Milan,3,2.8704944141209126,4.94243597984314,2.790948748588562,2018
1141,Felipe,30,2371,3,2.8434982979670167,2,1.2383508859202266,14,8,13,0,D S,SPAL 2013,3,2.8434982979670167,3.8514043232426047,3.7784903217107058,2018
1226,Karol Linetty,32,2539,3,2.0420073801651597,3,3.3130640164017677,34,29,11,0,M S,Sampdoria,3,2.0420073801651597,8.922330848872662,4.733794951811433,2018
1236,Patrik Schick,24,1316,3,5.993462722748518,0,1.806125164963305,34,18,4,0,F M S,Roma,3,5.993462722748518,8.583720074035227,2.378971017897129,2018
1254,Alessandro Florenzi,29,2187,3,1.9060881240293384,2,5.084761838428676,35,43,4,1,D M S,Roma,3,1.9060881240293384,11.845328647643328,8.007299561053514,2018
1258,Gerson,36,2435,3,2.6375027671456337,3,2.9054852067492902,39,37,8,0,F M S,Fiorentina,3,2.6375027671456337,9.83061514608562,5.672371909022331,2018
1287,Leonardo Bonucci,29,2471,3,2.17170163244009,0,1.0688991900533438,15,8,2,0,D S,Juventus,3,2.17170163244009,8.520252328366041,8.106421418488026,2018
1337,Riccardo Meggiorini,24,1553,3,3.515741351991892,1,1.4313712697476149,34,12,6,0,F S,Chievo,2,2.7544433511793613,5.120123373344541,1.638444053940475,2018
1382,José Callejón,34,2657,3,6.76109810359776,10,9.296022167429328,61,72,1,0,D F M S,Napoli,3,6.76109810359776,25.127233505249023,12.697625927627087,2018
1423,Matías Vecino,30,2027,3,6.31668433919549,1,1.6765402927994728,44,20,8,0,M S,Inter,3,6.31668433919549,11.544986225664616,5.089735708199441,2018
1445,Simone Verdi,22,692,3,3.1080124117434025,3,1.633512668311596,20,12,0,0,F M S,Napoli,2,2.346713397651911,5.755383137613535,2.3805072885006666,2018
1446,Sergio Floccari,20,975,3,2.277656827121973,1,0.4103988017886877,24,4,3,0,F S,SPAL 2013,3,2.277656827121973,2.2638187780976295,0.3824675027281046,2018
1463,Francesco Acerbi,37,3311,3,3.8284121472388506,1,0.914680602028966,18,10,3,1,D,Lazio,3,3.8284121472388506,7.977556278929114,7.35422926209867,2018
1471,Lorenzo Pellegrini,25,1829,3,4.447522280737758,3,4.801432240754366,43,58,6,0,M S,Roma,3,4.447522280737758,12.152807772159576,6.615515258163214,2018
1515,Cristian Ansaldi,24,1826,3,1.1824769168160856,2,3.2859640158712864,39,35,3,0,D M S,Torino,3,1.1824769168160856,4.282081218902022,1.1834399960935116,2018
1518,Rodrigo Palacio,28,2343,3,5.3548352206125855,6,4.155298551544547,43,39,6,0,F M S,Bologna,3,5.3548352206125855,12.124692721292377,3.8317763060331345,2018
1604,Artur Ionita,37,3008,3,3.1567529207095504,2,1.1614401815459132,36,18,4,1,M S,Cagliari,3,3.1567529207095504,9.028583724051714,5.745728816837072,2018
1956,Mohamed Fares,35,2946,3,2.313133522402495,0,2.2974800979718566,57,38,12,0,D M S,SPAL 2013,3,2.313133522402495,7.599444488063455,4.0944363959133625,2018
2217,Antonio Sanabria,15,765,3,4.37291020527482,0,0.3108444921672344,32,7,1,0,F S,Genoa,3,3.6116111911833286,4.464416313916445,0.8704610019922256,2018
3259,Adam Ounas,18,523,3,1.7107533887028694,0,2.3045047856867313,21,18,0,0,F M S,Napoli,3,1.7107533887028694,4.966695573180914,1.6933664209209383,2018
3295,Javier Pastore,14,593,3,2.7924342080950737,0,1.2730359062552452,19,18,0,0,F M S,Roma,3,2.7924342080950737,5.046015893109143,2.354234299622476,2018
3296,Blaise Matuidi,31,2445,3,1.6064767818897963,2,1.7597136124968529,19,23,5,0,M S,Juventus,3,1.6064767818897963,10.730153223499656,8.163177248090506,2018
3544,Jeremie Boga,25,1439,3,3.3154163230210543,1,0.9178848061710596,27,17,0,0,F M S,Sassuolo,3,3.3154163230210543,5.366726189851761,1.4033574862405658,2018
3821,Rolando Mandragora,35,2922,3,1.4533163029700518,2,1.896894478239119,46,28,8,1,D M S,Udinese,3,1.4533163029700518,6.006678193807602,4.432471293956041,2018
4918,Patrick Cutrone,34,1408,3,3.2905374504625797,2,1.7621373059228063,34,21,2,0,F S,AC Milan,3,3.2905374504625797,5.565664322115481,1.1160919880494475,2018
4937,Miha Zajc,20,1165,3,4.962460625916719,2,2.7389527298510075,55,23,1,1,F M S,Empoli,3,4.962460625916719,9.09697143547237,2.786010310985148,2018
6155,Robin Gosens,28,1953,3,2.2620384199544787,2,3.0923040164634585,25,18,2,0,D M S,Atalanta,3,2.2620384199544787,11.306278033182025,7.7155110742896795,2018
6162,Cengiz Ünder,26,1377,3,3.078036207705736,7,4.065196853131056,39,32,1,0,F M S,Roma,3,3.078036207705736,10.854306787252426,6.154645223170519,2018
6174,Nikola Milenkovic,34,3009,3,2.6592822708189487,0,0.1937739010900259,29,4,7,1,D,Fiorentina,3,2.6592822708189487,6.2669140584766865,5.300252478569746,2018
6282,Emiliano Rigoni,12,512,3,2.050341211259365,0,0.4015472959727049,16,9,1,0,F M S,Atalanta,3,2.050341211259365,3.8351054284721613,1.753714855760336,2018
6990,Antonino Barillà,31,2630,3,3.5839171558618546,2,2.026328606531024,19,20,10,0,M S,Parma Calcio 1913,3,3.5839171558618546,7.527968452312052,2.6878688018769026,2018
7289,Amin Younes,12,503,3,2.2324304189532995,2,0.9539958909153938,13,9,1,0,F M S,Napoli,3,2.2324304189532995,4.912028897553682,3.084743704646826,2018
595,Kevin Mirallas,27,1304,2,3.605403522029519,1,1.5064733773469925,29,27,2,0,D F M S,Fiorentina,2,3.605403522029519,5.833898393437266,1.8789756055921316,2018
716,Alberto Paloschi,23,835,2,2.699761241674423,0,0.613390613347292,10,5,3,0,F S,SPAL 2013,2,2.699761241674423,3.8622193671762943,0.5657388977706432,2018
737,Fabio Borini,20,1047,2,2.6028503738343716,2,1.1320272218436003,30,13,3,0,D F S,AC Milan,2,2.6028503738343716,5.037841342389584,1.4452403020113707,2018
1101,Luca Rigoni,23,1774,2,3.114808958955109,1,0.6135751251131296,16,10,5,0,M S,Parma Calcio 1913,2,3.114808958955109,3.3285587038844824,1.6156158298254013,2018
1119,Alessio Romagnoli,32,2850,2,0.7629937995225191,0,0.2110281977802515,11,6,6,1,D,AC Milan,2,0.7629937995225191,9.932000146247447,9.414333573542535,2018
1122,Manuel Locatelli,29,1849,2,2.2218140549957752,4,3.6937216212973,30,41,7,0,F M S,Sassuolo,2,2.2218140549957752,12.532569043338299,9.013483192771673,2018
1142,Samir,21,1806,2,1.0497220754623413,0,1.5948466286063194,9,8,7,0,D,Udinese,2,1.0497220754623413,5.022360939532518,4.769686267711222,2018
1144,Seko Fofana,31,2649,2,2.9358505764976144,4,3.4782690927386284,59,37,5,0,M,Udinese,2,2.9358505764976144,11.566189202480018,6.355093253776431,2018
1192,Afriyie Acquah,28,1513,2,1.3772009797394276,0,0.9164193207398057,22,11,4,0,M S,Empoli,2,1.3772009797394276,4.005263883620501,2.0125234201550484,2018
1193,Lorenzo De Silvestri,32,2443,2,2.533271494321525,4,2.73347123619169,29,29,2,0,D M S,Torino,2,2.533271494321525,6.639141052030027,2.48515697568655,2018
1206,Danilo Cataldi,12,568,2,0.6125125959515572,1,1.3289935775101185,13,13,2,0,F M S,Lazio,2,0.6125125959515572,3.484842222183943,2.976379197090864,2018
1222,Matías Silvestre,34,3060,2,1.1685706973075867,0,0.448846235871315,11,6,6,0,D,Empoli,2,1.1685706973075867,5.048638807609677,4.954109208658338,2018
1233,Filip Djuricic,23,1276,2,1.4206360075622797,1,1.3604697026312351,16,23,2,1,F M S,Sassuolo,2,1.4206360075622797,4.5006766598671675,2.254693410359323,2018
1234,Dennis Praet,34,2905,2,2.301912127994001,3,4.416669359430671,34,37,6,0,M S,Sampdoria,2,2.301912127994001,13.253823731094599,9.453489234670997,2018
1290,Miralem Pjanic,31,2297,2,1.1716358149424195,6,5.361309079453349,29,72,5,1,M S,Juventus,2,1.1716358149424195,14.334645558148623,12.294066078960896,2018
1292,Sami Khedira,10,722,2,2.7002559192478657,1,1.1207434125244617,17,6,0,0,M S,Juventus,2,2.7002559192478657,4.431095086038113,1.9488498289138079,2018
1301,Daniele Rugani,15,1350,2,1.7306414814665914,0,0,9,0,3,0,D,Juventus,2,1.7306414814665914,2.9364721961319447,2.9364721961319447,2018
1313,Riccardo Saponara,22,905,2,1.7827931977808475,4,2.3619108963757753,24,25,3,0,M S,Sampdoria,2,1.7827931977808475,6.102301150560379,2.9921147041022778,2018
1334,Perparim Hetemaj,30,2163,2,0.5728315897285938,0,1.1121405707672238,12,14,9,0,M S,Chievo,2,0.5728315897285938,3.5724178389646113,2.1829406111501157,2018
1336,Valter Birsa,29,1446,2,2.12985011190176,2,2.7217682227492332,27,32,1,0,F M S,"Cagliari,Chievo",1,1.3685513064265251,4.834765125066042,2.981671219691634,2018
1376,Kalidou Koulibaly,35,3137,2,3.0728678964078426,2,0.32859049923717976,19,8,9,1,D,Napoli,2,3.0728678964078426,17.302078895270824,16.894906871020794,2018
1424,Federico Bernardeschi,28,1472,2,3.6747770980000496,3,4.031743071042001,54,32,5,1,F M S,Juventus,2,3.6747770980000496,9.727294409647584,4.521749647334218,2018
1449,Federico Di Francesco,19,1088,2,3.556658422574401,2,1.0793704073876143,25,11,2,0,D F M S,Sassuolo,2,3.556658422574401,5.4488066378980875,1.5893210973590612,2018
1458,Ibrahima Mbaye,23,2008,2,2.872116480022669,0,0.19021479599177837,13,5,5,0,D M S,Bologna,2,2.872116480022669,3.351779380813241,2.4817947763949633,2018
1461,Pol Lirola,35,2973,2,1.3453509230166674,6,6.521179507486522,17,40,2,0,D M S,Sassuolo,2,1.3453509230166674,14.832228107377887,9.985732225701213,2018
1465,Stefano Sensi,28,1979,2,1.8490832848474383,4,4.407778852619231,36,51,8,0,F M S,Sassuolo,2,1.8490832848474383,10.761499896645546,7.423399232327938,2018
1472,Alessandro Matri,19,584,2,3.503253810107708,0,0.34277540631592274,15,8,3,0,F S,Sassuolo,2,3.503253810107708,3.753606751561165,0.17041570134460926,2018
1488,Remo Freuler,35,3043,2,3.2742842212319374,6,4.276191545650363,30,44,4,0,M,Atalanta,2,3.2742842212319374,18.908410845324397,13.563930781558156,2018
1511,Marcelo Brozovic,32,2662,2,0.7836585026234388,1,4.176748028956354,25,52,10,1,M S,Inter,2,0.7836585026234388,15.760507352650166,14.115931868553162,2018
1523,Danilo D&#039;Ambrosio,30,2582,2,2.154350249096751,5,5.7042373567819595,16,34,6,0,D M S,Inter,2,2.154350249096751,14.445319479331374,10.012075960636139,2018
1537,Sasa Lukic,24,971,2,1.5455359071493149,0,0.8319104062393308,9,12,7,0,M S,Torino,2,1.5455359071493149,3.5772139579057693,1.8425510944798589,2018
1541,Stefan de Vrij,28,2520,2,2.280511736869812,0,0.5592418015003204,18,6,2,0,D,Inter,2,2.280511736869812,9.020941458642483,8.662094350904226,2018
1645,Marko Pajac,13,842,2,0.40158059913665056,2,1.4663610756397247,9,11,5,0,D M S,"Cagliari,Empoli",2,0.40158059913665056,3.3437832444906235,2.3401666954159737,2018
1673,Edimilson Fernandes,29,1981,2,1.1984503082931042,0,1.3818283323198557,21,25,8,1,M S,Fiorentina,2,1.1984503082931042,6.3808897966519,4.743478627875447,2018
1710,Marten de Roon,35,2978,2,1.7935830131173134,3,1.8671726016327739,28,31,8,0,M S,Atalanta,1,1.0322842001914978,18.356058709323406,16.940188623964787,2018
1810,Roberto Soriano,28,1969,2,4.107392868958414,4,2.735355194658041,35,34,6,0,M S,"Bologna,Torino",2,4.107392868958414,9.362759610638022,4.7612767778337,2018
1826,Nicola Sansone,15,1148,2,1.8034745808690786,4,2.9924045000225306,30,19,3,1,F M S,Bologna,2,1.8034745808690786,4.929600619710982,1.8646420910954475,2018
1963,Luca Paganini,14,1118,2,2.221346597187221,0,0.2926517017185688,28,9,2,0,D M S,Frosinone,2,2.221346597187221,2.3808453977108,1.2886960953474045,2018
1998,Francesco Cassata,19,1136,2,0.6329733915627003,2,0.5844854963943362,14,11,9,1,F M S,Frosinone,2,0.6329733915627003,3.1299286391586065,2.387130143120885,2018
2003,Antonio La Gumina,22,1094,2,4.164434403181076,2,0.5968814864754677,26,7,1,0,F S,Empoli,2,4.164434403181076,5.464228747412562,1.4722139369696379,2018
2143,Germán Pezzella,32,2855,2,2.2331775967031717,1,0.7984395958483219,25,6,6,0,D,Fiorentina,2,2.2331775967031717,5.346839161589742,5.252897961065173,2018
3065,Domenico Criscito,35,3070,2,1.6285800840705633,4,4.014775500167161,31,48,12,1,D M,Genoa,1,0.8672814033925533,8.150770674459636,6.297965680249035,2018
3387,Nicolas N&#039;Koulou,36,3216,2,1.1790199745446444,0,0.08428539056330919,7,4,6,1,D,Torino,2,1.1790199745446444,4.376659502275288,4.376659502275288,2018
3739,Soualiho Meité,35,2666,2,1.0295750331133604,4,2.0499838683754206,30,33,7,1,M S,Torino,2,1.0295750331133604,7.618531519547105,5.195947041735053,2018
3899,Mattia Valoti,24,1230,2,1.522062716074288,0,0.34167980402708054,20,10,6,0,D M S,SPAL 2013,2,1.522062716074288,2.521242992952466,1.2394521050155163,2018
3951,Kevin Bonifazi,27,2307,2,0.55370900221169,1,0.29870349913835526,11,8,2,0,D S,SPAL 2013,2,0.55370900221169,5.461601855233312,5.205912271514535,2018
3998,Luca Valzania,15,983,2,1.5742472857236862,1,1.9310264140367508,21,11,4,0,M S,"Atalanta,Frosinone",2,1.5742472857236862,3.857127830386162,0.9717187993228436,2018
5091,Alex Berenguer,31,1469,2,1.0048195868730545,3,3.6603293232619762,22,36,4,0,D F M S,Torino,2,1.0048195868730545,5.324430583044887,1.5463838260620832,2018
6108,Rodrigo Bentancur,31,1983,2,1.7976440722122788,3,2.1890371926128864,20,24,7,1,M S,Juventus,2,1.7976440722122788,9.12878355383873,6.2815380319952965,2018
6179,Francesco Vicari,28,2345,2,0.2306481972336769,1,0.4930143114179373,8,2,6,0,D S,SPAL 2013,2,0.2306481972336769,3.848028961569071,3.848028961569071,2018
6235,Fabio Ceravolo,25,1178,2,3.8357960330322385,0,0.6253058016300201,20,10,1,0,F S,Parma Calcio 1913,1,2.3132379995658994,2.9152523623779416,0.9132422134280205,2018
6986,Hamed Junior Traore,32,2281,2,2.755707017146051,2,3.0565482433885336,44,26,4,0,M S,Empoli,2,2.755707017146051,12.468941933475435,8.640549503266811,2018
7218,Cristian Romero,27,2341,2,2.215098788961768,2,0.44484229013323784,20,3,10,2,D,Genoa,2,2.215098788961768,4.102784300222993,2.9982115449383855,2018
7416,Merih Demiral,14,1260,2,1.0473870765417814,0,0.481527098454535,7,2,3,0,D,Sassuolo,2,1.0473870765417814,2.144369700923562,2.057857731357217,2018
393,Douglas Costa,17,615,1,0.7734960913658142,0,2.057750351727009,20,20,2,1,F M S,Juventus,1,0.7734960913658142,3.9500752836465836,2.274146795272827,2018
570,Valon Behrami,19,1381,1,0.9304742868989706,0,0.20133940130472183,9,6,6,0,M S,Udinese,1,0.9304742868989706,2.307044317945838,2.051210630685091,2018
725,Ola Aina,30,2161,1,1.599380916915834,3,2.9707190161570907,24,25,5,1,D M S,Torino,1,1.599380916915834,7.592433869838715,3.6878112126141787,2018
1089,Juan Cuadrado,18,1218,1,1.7768206354230642,2,2.245125226676464,17,31,4,0,D F M S,Juventus,1,1.7768206354230642,6.63573994114995,3.4257629923522472,2018
1136,Gianluca Lapadula,8,397,1,2.612029016017914,0,0.14610360004007816,24,4,1,0,F S,Genoa,1,2.612029016017914,3.0321692563593388,0.4699399974197149,2018
1140,Danilo,35,3083,1,1.0272877179086208,0,1.0392686054110527,9,9,4,0,D,Bologna,1,1.0272877179086208,5.714750655926764,5.591304858215153,2018
1151,Emil Hallfredsson,9,525,1,0.033015199936926365,0,0.07726949919015169,2,5,2,0,M S,"Frosinone,Udinese",1,0.033015199936926365,0.3837173040956259,0.28657589852809906,2018
1164,Cristiano Biraghi,36,3198,1,1.3528144052252173,4,5.727608475834131,33,62,8,0,D M,Fiorentina,1,1.3528144052252173,10.585511768236756,7.101733837276697,2018
1190,Joel Obi,11,670,1,0.9979065041989088,0,1.1502231862396002,10,5,1,0,M S,Chievo,1,0.9979065041989088,2.488064954057336,0.8551820125430822,2018
1213,Filip Djordjevic,13,626,1,3.5043554455041885,1,0.7069740872830153,14,5,1,0,F S,Chievo,1,3.5043554455041885,3.601338332518935,0.5326011925935745,2018
1246,Kostas Manolas,27,2331,1,1.5161221846938133,1,0.36945631355047226,14,3,6,0,D,Roma,1,1.5161221846938133,6.2577619748190045,5.888305661268532,2018
1247,Juan Jesus,20,1396,1,0.8784499764442444,0,0.01689950004220009,1,1,4,0,D S,Roma,1,0.8784499764442444,4.922953829169273,4.922953829169273,2018
1249,Daniele De Rossi,18,1279,1,1.4954053107649088,1,1.472661392763257,5,16,3,0,M S,Roma,1,1.4954053107649088,6.129179984331131,4.932882711291313,2018
1264,Edoardo Goldaniga,29,2610,1,2.1074688034132123,1,0.7557153096422553,13,7,6,0,D,Frosinone,1,2.1074688034132123,2.510646809823811,1.721294304355979,2018
1284,Oscar Hiljemark,17,1218,1,1.143842026591301,0,0.6682878956198692,13,12,0,0,M S,Genoa,1,1.143842026591301,2.2625883147120476,1.196439916267991,2018
1289,Alex Sandro,31,2394,1,1.7413628045469522,2,2.9015100123360753,22,37,7,0,D M S,Juventus,1,1.7413628045469522,11.709734572097659,9.975372331216931,2018
1296,Stefano Sturaro,5,213,1,0.10857309866696596,0,0.41681629605591297,4,3,0,1,M S,Genoa,1,0.10857309866696596,0.5647514946758747,0.41542280465364456,2018
1309,Manuel Pasqual,22,1340,1,0.9918449018150568,2,2.2490531858056784,8,21,2,0,D S,Empoli,0,0.2305465992540121,2.8390322821214795,2.356297197751701,2018
1324,Federico Dimarco,13,889,1,0.47517619747668505,0,0.9814580120146275,14,9,4,0,D S,Parma Calcio 1913,1,0.47517619747668505,2.3915627179667354,1.7271497026085854,2018
1333,Lucas Castro,12,895,1,0.513883295468986,3,2.476556148380041,9,15,1,0,M S,Cagliari,1,0.513883295468986,3.637140303850174,1.1934622153639793,2018
1379,Allan,33,2617,1,0.9269122770056129,3,2.851896231994033,25,34,10,0,M S,Napoli,1,0.9269122770056129,19.160995297133923,16.478003811091185,2018
1387,Faouzi Ghoulam,16,1162,1,1.1407533250749111,3,3.023981424048543,9,25,2,0,D S,Napoli,1,1.1407533250749111,8.498935736715794,6.553511619567871,2018
1390,Marko Rog,9,328,1,0.22095140255987644,0,0,6,0,3,0,M S,Napoli,1,0.22095140255987644,2.9752956368029118,2.8735936023294926,2018
1394,Lorenzo Tonelli,19,1655,1,0.48821189161390066,0,0.010378500446677208,7,1,6,0,D S,Sampdoria,1,0.48821189161390066,2.1888158032670617,2.1784373046830297,2018
1397,Fabio Pisacane,27,2267,1,0.9034090936183929,1,1.1795386942103505,8,6,6,0,D S,Cagliari,1,0.9034090936183929,3.346328373067081,2.9305561846122146,2018
1406,Marco Sau,19,582,1,0.8180176876485348,0,0.3633915111422539,9,6,4,0,F M S,"Cagliari,Sampdoria",1,0.8180176876485348,1.67995660379529,0.6636953093111515,2018
1409,Nicolò Barella,35,3118,1,2.523894203826785,3,3.135654427111149,54,44,8,2,M,Cagliari,1,1.7625951897352934,9.49409923888743,6.191144204698503,2018
1430,Milan Badelj,23,1136,1,0.6183491097763181,0,0.43322849087417126,14,10,6,0,M S,Lazio,1,0.6183491097763181,5.36940012127161,5.075556099414825,2018
1431,Sebastien De Maio,22,1669,1,1.1657248958945274,1,0.2349255047738552,13,5,3,1,D S,"Bologna,Udinese",1,1.1657248958945274,1.5163045022636652,1.3735617026686668,2018
1435,Nenad Tomovic,10,738,1,0.510128297843039,0,0.04450260102748871,4,2,1,0,D S,Chievo,1,0.510128297843039,1.267379503697157,1.2242567390203476,2018
1444,Blerim Dzemaili,28,1747,1,1.8241706937551498,1,1.614102982915938,44,17,4,0,M S,Bologna,1,1.8241706937551498,7.274626925587654,4.67578805051744,2018
1464,Federico Peluso,16,1355,1,0.5755890011787415,0,0,2,0,5,0,D S,Sassuolo,1,0.5755890011787415,2.630306739360094,2.630306739360094,2018
1475,Claud Adjapong,5,270,1,0.7976780869066715,0,0.04719720035791397,2,2,1,0,D M S,Sassuolo,1,0.7976780869066715,0.8604884874075651,0.05664129927754402,2018
1476,Cristian Dell&#039;Orco,15,1145,1,0.6869302224367857,1,0.62015759665519,5,4,1,0,D S,"Empoli,Sassuolo",1,0.6869302224367857,2.71892973408103,2.189016740769148,2018
1478,Marcello Gazzola,20,907,1,0.9422292010858655,0,0.4514155089855194,2,4,3,0,D M S,Parma Calcio 1913,1,0.9422292010858655,1.8260391987860203,0.45413849875330925,2018
1484,Rafael Toloi,21,1751,1,1.6685717916116118,3,2.4471001978963614,26,13,1,1,D S,Atalanta,1,1.6685717916116118,8.991597291082144,7.016090162098408,2018
1512,João Mário,20,1081,1,1.1253598313778639,2,1.8842778028920293,16,18,2,0,M S,Inter,1,1.1253598313778639,6.405343489721417,4.276857392862439,2018
1517,Antonio Candreva,18,480,1,1.9465064853429794,0,1.1703841853886843,21,17,0,0,M S,Inter,1,1.9465064853429794,3.960022833198309,1.375135898590088,2018
1546,Federico Mattiello,17,1334,1,0.7735855476930737,1,1.4058941043913364,11,19,2,1,D M S,Bologna,1,0.7735855476930737,3.799374032765627,2.1253792997449636,2018
1550,Luca Ceppitelli,24,2053,1,2.7100875936448574,1,0.9057405889034271,15,2,6,2,D,Cagliari,1,2.7100875936448574,2.0897261081263423,2.0679619079455733,2018
1572,Bostjan Cesar,14,1074,1,0.18699560221284628,0,0.008839700371026993,5,1,3,0,D S,Chievo,1,0.18699560221284628,0.9789060214534402,0.9789060214534402,2018
1574,Davide Calabria,26,1955,1,0.4783869907259941,1,2.085490650497377,10,20,5,0,D M S,AC Milan,1,0.4783869907259941,7.806037273257971,6.350027507171035,2018
1576,Giorgio Chiellini,25,1993,1,1.0889896992594004,1,0.3884361032396555,13,8,3,0,D S,Juventus,1,1.0889896992594004,9.03277175500989,8.887831721454859,2018
1577,Marko Pjaca,19,737,1,1.5895887929946184,1,1.007943402044475,19,16,1,0,F M S,Fiorentina,1,1.5895887929946184,3.2314968882128596,1.0598133085295558,2018
1588,Raúl Albiol,20,1712,1,0.17527539655566216,0,0.7528657130897045,4,5,4,0,D S,Napoli,1,0.17527539655566216,6.301119836047292,5.99071085639298,2018
1589,Lucas Biglia,16,1112,1,0.24021609965711832,0,0.38894649408757687,7,12,3,0,M S,AC Milan,1,0.24021609965711832,5.927948746830225,5.541981518268585,2018
1595,Bastos,18,1133,1,0.6356781907379627,0,0.0395199004560709,11,2,3,0,D S,Lazio,1,0.6356781907379627,2.0130577329546213,1.8705926556140184,2018
1792,Mário Rui,20,1414,1,0.6294485982507467,1,2.1598001029342413,21,26,4,1,D S,Napoli,1,0.6294485982507467,8.610053437761962,6.726365557871759,2018
1846,Luca Siligardi,29,1653,1,2.3095016945153475,2,2.390954718925059,37,18,2,0,F S,Parma Calcio 1913,1,2.3095016945153475,5.35398680716753,2.5334559306502342,2018
1849,Rômulo,27,2141,1,2.0354121159762144,3,3.031920412555337,17,36,1,1,D M S,"Genoa,Lazio",0,1.274153096601367,4.6714080441743135,2.4235683791339397,2018
1866,Paolo Sammarco,8,559,1,0.1878889026120305,0,0.1850786954164505,6,6,1,0,M S,Frosinone,1,0.1878889026120305,1.9847796261310577,1.8134414292871952,2018
1867,Federico Dionisi,9,191,1,0.5372441839426756,0,0.42709970101714134,11,6,2,0,F S,Frosinone,1,0.5372441839426756,0.997876500710845,0.10634949710220098,2018
1872,Raman Chibsah,32,2631,1,3.293778137303889,0,0.535574465058744,32,20,5,0,M S,Frosinone,1,3.293778137303889,7.2850785767659545,4.981820967048407,2018
1913,Matteo Brighi,10,218,1,0.6449170112609863,0,0.14081719517707825,1,2,1,0,M S,Empoli,1,0.6449170112609863,2.4661614103242755,1.6804221970960498,2018
1927,Berat Gjimshiti,24,1804,1,0.5028566876426339,2,1.4338374882936478,10,6,3,0,D S,Atalanta,1,0.5028566876426339,7.611785463988781,7.151390485465527,2018
2021,Salih Ucan,14,238,1,0.9711877126246691,1,0.7809102758765221,12,5,1,0,M S,Empoli,1,0.9711877126246691,2.4967060144990683,1.4055511327460408,2018
2040,Paolo Ghiglione,9,513,1,0.522110115736723,0,0.5418214127421379,8,6,4,0,D S,Frosinone,1,0.522110115736723,1.121796604245901,0.2214353010058403,2018
2379,João Cancelo,25,1969,1,1.864024923183024,3,3.96217105910182,25,34,6,0,D F M S,Juventus,1,1.864024923183024,12.202517926692963,7.219134641811252,2018
2413,Steven N&#039;Zonzi,30,2619,1,2.0111379297450185,2,1.9364923955872655,22,24,7,0,M S,Roma,1,2.0111379297450185,13.43220803886652,11.387357552535832,2018
2495,Mateo Musacchio,29,2610,1,2.1425473298877478,0,0.4664824139326811,12,8,2,0,D,AC Milan,1,2.1425473298877478,9.048734482377768,8.897889580577612,2018
3340,Bryan Dabo,23,795,1,0.914215600118041,1,0.6743774171918631,9,11,4,0,D M S,Fiorentina,1,0.914215600118041,2.4053901862353086,0.9212242979556322,2018
3429,Tiemoué Bakayoko,31,2294,1,1.856460703536868,1,1.3325928766280413,25,25,5,1,M S,AC Milan,1,1.856460703536868,9.10970639064908,7.028350068256259,2018
3965,Arturo Calabresi,18,1410,1,0.4084030091762543,0,0.2678716015070677,1,10,8,0,D S,Bologna,1,0.4084030091762543,1.7685702042654157,1.570314728654921,2018
4733,José Luis Palomino,30,2264,1,1.0096005089581013,1,0.7451113928109407,8,6,5,1,D S,Atalanta,1,1.0096005089581013,8.57374856621027,8.457118779420853,2018
4912,Paolo Faragò,26,1687,1,1.920295413583517,1,1.8285486968234181,20,20,7,1,D M S,Cagliari,1,1.920295413583517,6.341769899241626,3.349486173130572,2018
4939,Alessandro Bastoni,24,1676,1,0.6640794100239873,0,0.2935659885406494,3,1,2,0,D S,Parma Calcio 1913,1,0.6640794100239873,2.9707645531743765,2.6771983709186316,2018
4943,Emanuel Vignato,10,668,1,0.44211329333484173,1,0.39426680468022823,9,11,0,0,M S,Chievo,1,0.44211329333484173,1.7916137762367725,1.2832016199827194,2018
5056,Marlon Santos,18,1511,1,0.5453478991985321,0,0.06188419833779335,6,3,3,1,D,Sassuolo,1,0.5453478991985321,5.884764764457941,5.805955179035664,2018
6021,Lukas Lerager,14,1124,1,1.4282604027539492,0,1.1464872118085623,16,18,4,0,M S,Genoa,1,1.4282604027539492,3.03691494371742,1.6883465936407447,2018
6130,Daniel Bessa,34,2436,1,3.2739932602271438,3,2.6756606847047806,31,39,8,0,F M S,Genoa,1,3.2739932602271438,8.745509807020426,4.336731797084212,2018
6176,Adam Marusic,26,2120,1,0.9831664022058249,1,1.3395169135183096,16,22,2,1,D M S,Lazio,1,0.9831664022058249,6.279065979644656,4.590110417455435,2018
6177,Luiz Felipe,17,1294,1,0.36860367096960545,1,0.7035879008471966,8,4,4,0,D S,Lazio,1,0.36860367096960545,2.0966060794889927,2.035601381212473,2018
6190,Dawid Kownacki,13,145,1,1.7575434744358063,1,0.6827109903097153,6,7,0,0,S,Sampdoria,0,0.23506779968738556,2.0284106098115444,1.2318260073661804,2018
6199,Enrico Brignola,7,169,1,0.6659202743321657,0,0.1045989990234375,6,1,2,0,F M S,Sassuolo,1,0.6659202743321657,1.5129127744585276,0.8132110238075256,2018
6206,Bram Nuytinck,27,2127,1,0.10986118204891682,0,0.22520413808524609,5,6,4,1,D S,Udinese,1,0.10986118204891682,2.0981975067406893,2.0037080589681864,2018
6252,Lyanco,15,1215,1,0.39475780073553324,0,0.35196230933070183,8,3,2,1,D S,"Bologna,Torino",1,0.39475780073553324,2.704767968505621,2.6269758604466915,2018
6262,Jens Stryger Larsen,36,3240,1,1.9279883075505495,4,2.513344100676477,16,30,6,0,D M,Udinese,1,1.9279883075505495,10.393113330937922,7.097405363805592,2018
6312,Rogerio,33,2668,1,2.666828028857708,2,2.4735369123518467,14,19,9,1,D M S,Sassuolo,1,2.666828028857708,10.293223075568676,5.883000772446394,2018
6512,Musa Barrow,22,575,1,3.1118973307311535,2,1.4602165995165706,30,16,0,0,F S,Atalanta,1,3.1118973307311535,5.602077089250088,2.171932205557823,2018
6963,Justin Kluivert,29,1330,1,1.4721349123865366,6,2.7935261856764555,21,36,2,0,F M S,Roma,1,1.4721349123865366,5.598799526691437,2.475431806407869,2018
6971,Mitchell Dijks,25,2029,1,0.27601129934191704,0,0.9543741960078478,9,14,5,1,D M S,Bologna,1,0.27601129934191704,4.405337693169713,3.357886128127575,2018
6985,Samuel Mráz,6,163,1,0.6406630724668503,0,0.3549437113106251,2,2,0,0,F S,Empoli,1,0.6406630724668503,0.9478894155472517,0.026129329577088356,2018
6993,Mattia Sprocati,16,626,1,0.5016331933438778,0,0.792722487822175,10,11,0,0,F M S,Parma Calcio 1913,1,0.5016331933438778,2.2035923078656197,1.4521796070039272,2018
6998,Lukasz Teodorczyk,16,380,1,2.7106534652411938,0,0.09087280184030533,13,2,1,0,F S,Udinese,1,1.949359517544508,1.3074669931083918,0.35223761294037104,2018
7003,Mehdi Bourabia,32,2006,1,1.9780508251860738,0,2.9748242953792214,34,27,7,1,M S,Sassuolo,1,1.9780508251860738,7.694790184497833,5.535325136035681,2018
7365,Lucas Paquetá,13,861,1,1.3889407850801945,1,0.8286338169127703,13,9,5,1,M S,AC Milan,1,1.3889407850801945,3.6813819482922554,1.51896567735821,2018
265,Ragnar Klavan,15,1234,0,0.04793289862573147,0,0.4199390113353729,2,1,2,0,D,Cagliari,0,0.04793289862573147,1.971429687924683,1.5368906678631902,2018
302,Johan Djourou,5,274,0,0.2586059868335724,0,0,1,0,0,0,D S,SPAL 2013,0,0.2586059868335724,0.09045919962227345,0.09045919962227345,2018
308,Ricardo Rodríguez,35,3056,0,0.45788091886788607,3,1.316771320067346,27,21,5,0,D,AC Milan,0,0.45788091886788607,13.35972680337727,12.715323014184833,2018
328,Medhi Benatia,5,450,0,0.10958709940314293,0,0,3,0,2,0,D,Juventus,0,0.10958709940314293,0.692754503339529,0.6363576985895634,2018
411,Albin Ekdal,32,2660,0,0.7200679108500481,0,0.9347953889518976,15,18,6,0,M S,Sampdoria,0,0.7200679108500481,9.362354194745421,8.484645729884505,2018
475,Lucas Leiva,27,1986,0,0.47169396188110113,2,2.2657021330669522,15,30,7,0,M S,Lazio,0,0.47169396188110113,9.970771322026849,8.824546936899424,2018
505,David Ospina,17,1457,0,0,0,0,0,0,0,0,GK S,Napoli,0,0,3.1179031543433666,3.1179031543433666,2018
506,Joel Campbell,17,892,0,0.6113132052123547,3,1.567457627505064,14,11,4,0,F M S,Frosinone,0,0.6113132052123547,2.8106159903109074,1.098351021297276,2018
817,Sandro,25,1313,0,0.3537181168794632,1,0.7927877064794302,13,9,8,0,M S,"Genoa,Udinese",0,0.3537181168794632,2.4947969242930412,2.0256311809644103,2018
847,Cédric Soares,4,261,0,0.15983429457992315,1,0.3836101032793522,4,6,0,0,D S,Inter,0,0.15983429457992315,0.9363730251789093,0.7186339944601059,2018
1093,Mattia Perin,9,810,0,0,0,0,0,0,1,0,GK,Juventus,0,0,1.1265152096748352,1.1265152096748352,2018
1098,Miguel Veloso,21,1267,0,0.9014212023466825,1,1.630046390928328,30,24,7,0,M S,Genoa,0,0.9014212023466825,3.6199193010106683,3.140434008091688,2018
1100,Diego Laxalt,20,634,0,1.6930677480995655,0,0.8743039928376675,6,8,2,0,D M S,AC Milan,0,1.6930677480995655,4.250413738191128,2.0006412379443645,2018
1114,Davide Biraschi,34,2848,0,0.4720121966674924,0,1.015281904488802,11,9,3,1,D S,Genoa,0,0.4720121966674924,4.029624126851559,3.3624363988637924,2018
1116,Gianluigi Donnarumma,36,3091,0,0,0,0.04467539954930544,0,2,4,0,GK,AC Milan,0,0,5.9134714575484395,5.868796365335584,2018
1120,Mattia De Sciglio,22,1738,0,0.18613550066947937,1,1.5722542889416218,7,14,2,0,D S,Juventus,0,0.18613550066947937,5.325533971190453,4.488356962800026,2018
1133,Cristian Zapata,13,1025,0,0.16292759962379932,0,0.5732030030339956,3,4,4,0,D S,AC Milan,0,0.16292759962379932,3.1379805263131857,3.093376522883773,2018
1135,Ignazio Abate,19,1315,0,0.1399890035390854,0,0.33377389796078205,1,7,4,0,D S,AC Milan,0,0.1399890035390854,5.661790143698454,5.307257600128651,2018
1138,Orestis Karnezis,9,810,0,0,0,0,0,0,0,0,GK,Napoli,0,0,1.3868101760745049,1.3868101760745049,2018
1146,Jakub Jankto,25,915,0,2.0437459088861942,0,0.7889476120471954,23,6,2,0,M S,Sampdoria,0,2.0437459088861942,3.667642144486308,1.4713510032743216,2018
1147,Cyril Théréau,7,150,0,0.12099690176546574,0,0,3,0,1,0,F S,"Cagliari,Fiorentina",0,0.12099690176546574,0.22086120396852493,0.169869102537632,2018
1150,Emmanuel Badu,4,163,0,0.0866284966468811,0,0.011986100114881992,2,1,0,0,M S,Udinese,0,0.0866284966468811,0.10133130103349686,0.05457250028848648,2018
1154,Stipe Perica,7,471,0,0.877052104100585,0,0,12,0,3,0,F S,Frosinone,0,0.877052104100585,1.7083673793822527,0.9576363153755665,2018
1155,Andrija Balic,4,20,0,0.018261700868606567,0,0.05941670015454292,1,1,0,0,S,Udinese,0,0.018261700868606567,0.10977960005402565,0.10977960005402565,2018
1156,Ali Adnan,3,165,0,0.21202590689063072,0,0.09803999681025743,3,3,0,0,M S,Atalanta,0,0.21202590689063072,1.3089389950037003,1.2207026258111,2018
1158,Simone Scuffet,9,810,0,0,0,0,0,0,0,0,GK,Udinese,0,0,0.26495909318327904,0.26495909318327904,2018
1159,Molla Wagué,2,91,0,0.3730120062828064,0,0,3,0,0,0,D S,Udinese,0,0.3730120062828064,1.0359097076579928,0.7642856789752841,2018
1161,Francesco Zampano,27,2107,0,0.7643686076626182,1,0.7197613939642906,15,15,1,0,D M S,Frosinone,0,0.7643686076626182,3.2725663110613823,2.0241802763193846,2018
1180,Luca Rossettini,21,1822,0,0.27199699729681015,0,0.09405949711799622,4,1,5,0,D S,Chievo,0,0.27199699729681015,2.7017245860770345,2.7017245860770345,2018
1184,Mirko Valdifiori,15,668,0,0.2099463026970625,1,1.6104875598102808,7,22,3,0,M S,SPAL 2013,0,0.2099463026970625,1.9411854837089777,1.554201265797019,2018
1187,Adem Ljajic,1,27,0,0.06695160269737244,0,0,2,0,0,0,S,Torino,0,0.06695160269737244,0.17709100246429443,0.11013899743556976,2018
1196,Emiliano Moretti,24,2015,0,0.01248560007661581,0,0.0861257016658783,1,2,5,0,D S,Torino,0,0.01248560007661581,3.442424758337438,3.411804779432714,2018
1200,Federico Marchetti,4,360,0,0,0,0,0,0,1,0,GK,Genoa,0,0,0.3385930061340332,0.3385930061340332,2018
1202,Wallace,16,1234,0,1.1075604632496834,0,0.20557939261198044,10,3,3,0,D S,Lazio,0,1.1075604632496834,4.71860059350729,4.618618190288544,2018
1204,Patric,15,1078,0,1.3320497069507837,0,0.8753564953804016,15,8,1,0,D M S,Lazio,0,1.3320497069507837,3.9996388014405966,2.235237481072545,2018
1212,Alessandro Murgia,16,1082,0,0.8251724019646645,3,1.5178895518183708,13,17,1,0,M S,"Lazio,SPAL 2013",0,0.8251724019646645,2.740809313952923,1.7821488231420517,2018
1214,Thomas Strakosha,35,3150,0,0,0,0,0,0,4,0,GK,Lazio,0,0,3.609754728153348,3.609754728153348,2018
1221,Jacopo Sala,21,1520,0,0.2515354249626398,1,1.5680869836360216,8,19,5,0,D S,Sampdoria,0,0.2515354249626398,5.861990813165903,4.680892404168844,2018
1223,Milan Skriniar,35,3150,0,1.5551725402474403,1,0.2729921992868185,15,8,4,0,D,Inter,0,1.5551725402474403,10.352700103074312,10.169623330235481,2018
1224,Vasco Regini,4,75,0,0,0,0,0,0,0,0,D S,SPAL 2013,0,0,0.12257659807801247,0.12257659807801247,2018
1225,Edgar Barreto,12,779,0,1.0040415041148663,2,1.6286496222019196,8,10,2,0,M S,Sampdoria,0,1.0040415041148663,3.993444014340639,2.132594831287861,2018
1238,Luca Cigarini,25,1697,0,0.42547354102134705,1,2.976713290438056,19,30,9,0,M S,Cagliari,0,0.42547354102134705,3.4909171033650637,2.657305620610714,2018
1241,Pedro Pereira,26,1379,0,0.07215339876711369,0,1.3638515900820494,3,17,1,0,D M S,Genoa,0,0.07215339876711369,2.9842417798936367,1.5781057551503181,2018
1242,Luka Krajnc,9,792,0,0.13594229519367218,0,0.08128949999809265,3,1,3,0,D,Frosinone,0,0.13594229519367218,1.9200485683977604,1.8387595750391483,2018
1244,Wojciech Szczesny,28,2520,0,0,0,0,0,0,0,0,GK,Juventus,0,0,3.3988164830952883,3.3988164830952883,2018
1256,Kevin Strootman,1,90,0,0,0,0.1344819962978363,0,2,0,0,M,Roma,0,0,0.4879539906978607,0.3534719944000244,2018
1265,Thiago Cionek,31,2556,0,1.1849567098543048,3,1.5269736675545573,16,17,12,2,D S,SPAL 2013,0,1.1849567098543048,4.666264999657869,3.979771615937352,2018
1281,Giuseppe Pezzella,9,290,0,0.030897298827767372,0,0.23521430604159832,2,3,1,1,D S,"Genoa,Udinese",0,0.030897298827767372,0.26611130498349667,0.15336010418832302,2018
1286,Andrea Barzagli,7,260,0,0,0,0,0,0,0,0,D S,Juventus,0,0,0.291968509554863,0.291968509554863,2018
1302,Emil Audero,36,3240,0,0,0,0.04228133149445057,0,2,4,0,GK,Sampdoria,0,0,3.6754171419888735,3.6415278408676386,2018
1305,Lukasz Skorupski,38,3420,0,0,0,0,0,0,1,0,GK,Bologna,0,0,1.9552388992160559,1.9552388992160559,2018
1306,Vincent Laurini,15,931,0,0.10111179575324059,0,0.48836289532482624,2,7,4,0,D S,Fiorentina,0,0.10111179575324059,2.726601555943489,2.4645643830299377,2018
1310,José Mauri,5,207,0,0.08208720199763775,0,0.15693359822034836,4,2,0,0,M S,AC Milan,0,0.08208720199763775,0.6826346889138222,0.5706229954957962,2018
1316,Frederic Veseli,31,2535,0,0.6772337974980474,0,0.3935125982388854,5,6,4,0,D S,Empoli,0,0.6772337974980474,5.605259137228131,5.34039624966681,2018
1318,Manuel Pucciarelli,10,291,0,0.021559400483965874,0,0.011140399612486362,1,1,1,0,F S,Chievo,0,0.021559400483965874,0.4771093958988786,0.44440899323672056,2018
1319,Levan Mchedlidze,11,180,0,0.11830440163612366,1,0.108331598341465,4,3,1,0,S,Empoli,0,0.11830440163612366,0.37530529871582985,0.17609580140560865,2018
1320,Federico Barba,30,2481,0,0.9821115862578154,0,1.4761937614530325,9,11,5,2,D S,Chievo,0,0.9821115862578154,3.8765500131994486,2.6253175297752023,2018
1322,Raffaele Maiello,29,2046,0,0.2802698966115713,0,1.3731909291818738,10,19,4,0,M S,Frosinone,0,0.2802698966115713,6.030625802464783,4.701146741397679,2018
1326,Assane Diousse,14,885,0,0.1303407009691,0,0.1855447981506586,7,5,5,0,M S,Chievo,0,0.1303407009691,0.7272383999079466,0.5491140773519874,2018
1327,Matheus Pereira,3,91,0,0.13152100145816803,0,0.053835101425647736,2,2,0,0,M S,Juventus,0,0.13152100145816803,0.5619019865989685,0.4449959844350815,2018
1328,Stefano Sorrentino,31,2790,0,0,0,0.021837400272488594,0,1,2,0,GK,Chievo,0,0,3.0107102850452065,2.988872884772718,2018
1329,Fabrizio Cacciatore,14,1080,0,0.13242199644446373,2,1.8724085967987776,4,16,3,0,D S,"Cagliari,Chievo",0,0.13242199644446373,4.1448621191084385,3.069372307509184,2018
1332,Massimo Gobbi,16,1178,0,0.1540272980928421,1,0.7148046074435115,3,9,3,0,D S,Parma Calcio 1913,0,0.1540272980928421,1.7145343888550997,1.2584538962692022,2018
1335,Nicola Rigoni,24,1966,0,1.9276089500635862,1,0.2596816038712859,22,8,8,1,M S,Chievo,0,1.9276089500635862,4.93696675915271,3.549723180010915,2018
1341,Ivan Radovanovic,35,2989,0,0.8429088965058327,0,0.6838524825870991,52,14,9,0,M S,"Chievo,Genoa",0,0.8429088965058327,9.752943946048617,8.433935564011335,2018
1342,Nicolás Spolli,7,542,0,0.16990840062499046,0,0.39926600456237793,3,1,2,0,D,Genoa,0,0.16990840062499046,0.39602528512477875,0.39602528512477875,2018
1344,Nicolas Frey,5,224,0,0,0,0.020435800775885582,0,1,0,0,D S,Chievo,0,0,0.19575819373130798,0.19575819373130798,2018
1345,Andrea Seculin,2,91,0,0,0,0,0,0,0,0,GK S,Chievo,0,0,0.06633959710597992,0.06633959710597992,2018
1348,Vittorio Parigini,17,333,0,0.8181651029735804,0,1.201538696885109,8,8,2,0,M S,Torino,0,0.8181651029735804,1.5741998106241226,0.1864802986383438,2018
1356,Lorenzo Crisetig,8,508,0,0,0,0.04870710149407387,0,1,3,0,M S,Frosinone,0,0,0.6287466902285814,0.5800398904830217,2018
1358,Leonardo Capezzi,12,779,0,0.3424302004277706,0,0.12464519962668419,13,3,3,0,M S,Empoli,0,0.3424302004277706,2.846295043826103,2.6145269870758057,2018
1360,Diego Falcinelli,16,702,0,1.6697676964104176,1,0.5744765074923635,15,5,0,0,F S,Bologna,0,1.6697676964104176,2.5160084031522274,0.38507210835814476,2018
1369,Marcello Trotta,13,393,0,0.7404727032408118,0,0.4780213125050068,8,3,0,0,F S,"Frosinone,Sassuolo",0,0.7404727032408118,2.9432260068133473,1.7247306238859892,2018
1370,Federico Ceccherini,15,987,0,0.07481879740953445,0,0.3928834069520235,1,3,2,0,D S,Fiorentina,0,0.07481879740953445,1.884854769334197,1.8617460634559393,2018
1374,José Reina,4,329,0,0,0,0,0,0,0,0,GK S,AC Milan,0,0,0.34056518971920013,0.34056518971920013,2018
1375,Elseid Hysaj,27,2113,0,0.6815833020955324,2,0.6583891846239567,13,15,4,0,D S,Napoli,0,0.6815833020955324,12.327231764793396,11.747713763266802,2018
1377,Nikola Maksimovic,17,1375,0,0.07519909925758839,0,0.14170315628871322,2,4,4,0,D S,Napoli,0,0.07519909925758839,8.010365333408117,7.987447287887335,2018
1380,Amadou Diawara,13,655,0,0.2876544985920191,0,0.14003880321979523,9,5,4,0,M S,Napoli,0,0.2876544985920191,6.363023590296507,5.976014127954841,2018
1381,Marek Hamsik,13,923,0,0.42262479569762945,0,0.5766342915594578,15,16,1,0,M S,Napoli,0,0.42262479569762945,6.827978853136301,6.299964588135481,2018
1388,Rafael Cabral,2,180,0,0,0,0,0,0,0,0,GK,Sampdoria,0,0,0,0,2018
1392,Luigi Sepe,37,3330,0,0,0,0.05685260146856308,0,1,1,0,GK,Parma Calcio 1913,0,0,3.483146535232663,3.4262939337641,2018
1395,Vlad Chiriches,3,148,0,0.2541930079460144,0,0,1,0,0,0,D,Napoli,0,0.2541930079460144,0.7010445091873407,0.7010445091873407,2018
1398,Bartosz Salamon,20,1724,0,0.7096551107242703,0,0.05206390097737312,11,1,3,0,D S,Frosinone,0,0.7096551107242703,1.8592799780890346,1.7970029767602682,2018
1400,Nicola Murru,35,2941,0,0.30721853813156486,5,3.808824344538152,16,31,9,0,D S,Sampdoria,0,0.30721853813156486,9.540133288130164,6.622722948901355,2018
1403,Simone Padoin,30,1913,0,0.10694590024650097,2,1.083296013996005,3,15,2,0,D M S,Cagliari,0,0.10694590024650097,4.751268630847335,4.249875469133258,2018
1408,Marco Capuano,27,2323,0,0.6968153910711408,0,0.2839136030524969,7,6,5,1,D,Frosinone,0,0.6968153910711408,2.5871269796043634,2.4310698807239532,2018
1411,Gianni Munari,1,1,0,0,0,0,0,0,0,0,S,Parma Calcio 1913,0,0,0,0,2018
1412,Daniele Dessena,11,338,0,0.5810226127505302,0,0.10260630026459694,5,2,3,0,M S,Cagliari,0,0.5810226127505302,0.692281898111105,0.11125948000699282,2018
1422,Borja Valero,27,1215,0,0.46961989998817444,1,1.1871467810124159,12,20,4,0,M S,Inter,0,0.46961989998817444,7.158594321459532,5.884300265461206,2018
1439,Domenico Maietta,21,1723,0,0.1983239008113742,0,0.15683970041573048,7,4,5,0,D,Empoli,0,0.1983239008113742,3.291576122865081,3.1324379462748766,2018
1440,Filip Helander,20,1711,0,0.643327702768147,0,0.15625490248203278,10,2,6,0,D S,Bologna,0,0.643327702768147,2.81347032263875,2.5964627414941788,2018
1443,Ádám Nagy,14,968,0,0.09789490047842264,0,0.4652224024757743,6,9,2,1,M S,Bologna,0,0.09789490047842264,2.628853685222566,2.339515533298254,2018
1447,Ladislav Krejci,18,1055,0,0.4428116958588362,3,2.482800379395485,9,17,2,0,D M S,Bologna,0,0.4428116958588362,5.308756545186043,3.376358814537525,2018
1452,Godfred Donsah,6,144,0,0.10717370361089706,0,0.011251600459218025,2,1,0,0,M S,Bologna,0,0.10717370361089706,0.2238239999860525,0.11665069870650768,2018
1454,Alex Ferrari,6,540,0,0,0,0,0,0,2,0,D,Sampdoria,0,0,0.4185062050819397,0.4185062050819397,2018
1455,Alfred Gomis,20,1722,0,0,0,0,0,0,0,0,GK S,SPAL 2013,0,0,2.6872325083240867,2.6872325083240867,2018
1456,Federico Viviani,5,342,0,0.10791570041328669,0,0.1359333973377943,4,3,1,0,M,Frosinone,0,0.10791570041328669,1.0418324526399374,0.9118479620665312,2018
1460,Andrea Consigli,36,3216,0,0,0,0,0,0,2,1,GK,Sassuolo,0,0,3.3968771751970053,3.3968771751970053,2018
1466,Francesco Magnanelli,26,1869,0,0.21409190259873867,0,0.15712170116603374,9,6,3,1,M S,Sassuolo,0,0.21409190259873867,6.4347862135618925,6.1387017127126455,2018
1477,Luca Mazzitelli,10,311,0,0.43883613497018814,0,0.07354990020394325,5,3,3,0,M S,Genoa,0,0.43883613497018814,1.233107790350914,0.800074489787221,2018
1480,Gianluca Pegolo,3,200,0,0,0,0,0,0,1,0,GK S,Sassuolo,0,0,0.3675924129784107,0.3675924129784107,2018
1483,Etrit Berisha,18,1620,0,0,0,0,0,0,1,0,GK,Atalanta,0,0,3.2167980913072824,3.2167980913072824,2018
1485,Andrea Masiello,24,1852,0,1.0805333023890853,2,0.66373679228127,8,7,5,0,D S,Atalanta,0,1.0805333023890853,6.976933788508177,6.126396421343088,2018
1487,Andrea Conti,12,492,0,0,2,1.3635139092803001,0,6,3,0,D S,AC Milan,0,0,3.18879047781229,2.1699420791119337,2018
1497,Ervin Zukanovic,25,1959,0,1.1844106074422598,0,0.2995769092813134,19,8,5,0,D S,Genoa,0,1.1844106074422598,3.5027950145304203,3.3255799021571875,2018
1500,Leonardo Spinazzola,10,598,0,0.3384740985929966,1,0.8270614761859179,8,8,0,0,D S,Juventus,0,0.3384740985929966,3.043724376708269,2.114433366805315,2018
1501,Marco Sportiello,35,3150,0,0,0,0,0,0,5,0,GK,Frosinone,0,0,2.334416485391557,2.334416485391557,2018
1502,Marco D&#039;Alessandro,24,1500,0,1.0458087911829352,2,1.490707192569971,11,21,3,0,D M S,Udinese,0,1.0458087911829352,3.8703012615442276,1.8087162617594004,2018
1504,Alberto Grassi,7,460,0,0.879951685667038,0,0.1518159955739975,5,2,0,0,M S,Parma Calcio 1913,0,0.879951685667038,1.2840902842581272,0.28349070623517036,2018
1505,Samir Handanovic,38,3420,0,0,0,0,0,0,0,0,GK,Inter,0,0,4.684538193047047,4.684538193047047,2018
1507,Miranda,14,1172,0,0.22687129769474268,0,0.09435060061514378,4,2,3,0,D,Inter,0,0.22687129769474268,3.3495263680815697,3.3253464698791504,2018
1509,Davide Santon,17,1001,0,0.12914439849555492,1,0.6551682008430362,3,14,0,0,D S,Roma,0,0.12914439849555492,3.1434565940871835,2.748899545520544,2018
1522,Andrea Ranocchia,4,51,0,0.10337920114398003,0,0,2,0,1,0,S,Inter,0,0.10337920114398003,0.17864249646663666,0.075262900441885,2018
1532,Emiliano Viviano,17,1527,0,0,0,0.025808600708842278,0,1,0,0,GK,SPAL 2013,0,0,0.42254415852949023,0.39673555782064795,2018
1534,Giancarlo Gonzalez,12,744,0,0.1308099925518036,1,0.9787319600582123,2,3,2,0,D S,Bologna,0,0.1308099925518036,1.088894721120596,1.088894721120596,2018
1542,Stefan Radu,28,2262,0,0.5198161182925105,1,1.113922517746687,9,9,5,0,D,Lazio,0,0.5198161182925105,8.380959048867226,7.861974082887173,2018
1555,Bartlomiej Dragowski,17,1484,0,0,0,0,0,0,2,0,GK S,"Empoli,Fiorentina",0,0,1.7308777933940291,1.7308777933940291,2018
1559,Filippo Costa,9,557,0,0.28941840678453445,0,0.4172484967857599,6,7,0,0,D M S,SPAL 2013,0,0.28941840678453445,0.6186024993658066,0.25061889737844467,2018
1563,Jordan Lukaku,7,169,0,0,0,0.04785669967532158,0,1,1,0,D S,Lazio,0,0,0.8249785993248224,0.7771215979009867,2018
1587,Kwadwo Asamoah,32,2672,0,0.15552979800850153,1,1.8259178381413221,9,32,6,0,D M S,Inter,0,0.15552979800850153,13.523968045599759,12.829767599701881,2018
1590,Luca Antonelli,13,766,0,0.27848280128091574,1,0.6752976085990667,5,7,1,0,D S,Empoli,0,0.27848280128091574,2.365117167122662,1.5848195450380445,2018
1597,Cristian Molinaro,14,1159,0,0.017696799710392952,0,0.8308840859681368,1,14,3,0,D M S,Frosinone,0,0.017696799710392952,1.9074608162045479,1.2584022209048271,2018
1600,Jonathan Biabiany,18,1072,0,0.5070677120238543,0,1.1612697103992105,4,9,4,0,F M S,Parma Calcio 1913,0,0.5070677120238543,2.427364218980074,0.8746475726366043,2018
1603,Simone Missiroli,34,2762,0,0.4780864855274558,0,1.2079329080879688,15,27,9,0,M S,SPAL 2013,0,0.4780864855274558,5.598251016810536,4.6535491133108735,2018
1608,Salvador Ichazo,3,251,0,0,0,0,0,0,0,0,GK S,Torino,0,0,0.10388399660587311,0.10388399660587311,2018
1609,Antonio Mirante,11,990,0,0,0,0,0,0,0,0,GK,Roma,0,0,0.9038810972124338,0.9038810972124338,2018
1624,Fabio Depaoli,33,2468,0,1.5557853523641825,4,3.4642412289977074,12,31,10,2,D F M S,Chievo,0,1.5557853523641825,8.329008583910763,4.13156407373026,2018
1634,Alessandro Deiola,20,979,0,0.5012881001457572,1,0.3588706851005554,14,4,5,0,M S,"Cagliari,Parma Calcio 1913",0,0.5012881001457572,1.055587806738913,0.2958491984754801,2018
1639,Sebastiano Luperto,12,718,0,0.025755099952220917,0,0,2,0,0,0,D S,Napoli,0,0.025755099952220917,4.8878120966255665,4.8878120966255665,2018
1797,Lorenzo Ariaudo,19,1686,0,0.5538382977247238,0,0.5444603022187948,6,4,2,0,D,Frosinone,0,0.5538382977247238,2.0461233016103506,2.030629402026534,2018
1812,Alejandro Rodriguez,1,24,0,0.1280840039253235,0,0,1,0,0,0,S,Empoli,0,0.1280840039253235,0.14671599864959717,0.018632499501109123,2018
1830,Ionut Radu,33,2970,0,0,0,0.08764669857919216,0,3,0,0,GK,Genoa,0,0,1.7394766993820667,1.6794445998966694,2018
1841,Pierluigi Gollini,20,1800,0,0,0,0.022796500474214554,0,1,1,0,GK,Atalanta,0,0,4.302467279136181,4.2796673104166985,2018
1864,Mirko Gori,10,311,0,0.46808950416743755,0,0.06565210036933422,4,3,3,0,M S,Frosinone,0,0.46808950416743755,0.8175060879439116,0.28376419842243195,2018
1871,Danilo Soddimo,10,236,0,0.20831650123000145,1,0.46005950681865215,6,8,2,0,M S,Frosinone,0,0.20831650123000145,0.487343305721879,0.13818990252912045,2018
1881,Guido Guerrieri,1,90,0,0,0,0,0,0,0,0,GK,Lazio,0,0,0.5502499938011169,0.5502499938011169,2018
1892,Alex Meret,14,1151,0,0,0,0,0,0,0,1,GK S,Napoli,0,0,2.0484101846814156,2.0484101846814156,2018
1896,Riccardo Gagliolo,34,3046,0,1.2741413051262498,2,2.3874878715723753,21,17,7,0,D,Parma Calcio 1913,0,1.2741413051262498,6.380531828850508,4.242849363014102,2018
1905,Antonio Di Gaudio,12,715,0,1.4857794921845198,1,0.330335408449173,12,4,0,0,F S,Parma Calcio 1913,0,1.4857794921845198,1.6004445757716894,0.10771330259740353,2018
1942,Martín Cáceres,13,930,0,0.5037460010498762,0,0.014615300111472607,7,1,1,0,D S,"Juventus,Lazio",0,0.5037460010498762,2.0500312484800816,1.935145054012537,2018
1945,Marco Tumminello,2,6,0,0.012275700457394123,0,0,1,0,1,0,S,Atalanta,0,0.012275700457394123,0,0,2018
1946,Pepín,2,77,0,0.09689569845795631,1,0.23218999803066254,2,1,0,0,M S,Parma Calcio 1913,0,0.09689569845795631,0.4249122925102711,0.09582670032978058,2018
1951,Sime Vrsaljko,10,725,0,0.025427299551665783,2,0.9736907966434956,2,16,2,0,D S,Inter,0,0.025427299551665783,2.60371670126915,2.3308773413300514,2018
1989,Francesco Bardi,3,270,0,0,0,0,0,0,0,0,GK,Frosinone,0,0,0.04828230105340481,0.04828230105340481,2018
1997,Andrea Favilli,6,151,0,0.1743742972612381,2,0.745989978313446,5,3,0,0,S,Genoa,0,0.1743742972612381,1.299908570945263,0.43777259439229965,2018
2005,Jacopo Dezi,1,90,0,0.07396840304136276,0,0,2,0,0,0,M,Parma Calcio 1913,0,0.07396840304136276,0.10242299735546112,0.028454799205064774,2018
2010,Simone Edera,7,273,0,0.6774871814996004,0,0.27752260118722916,9,4,1,0,F M S,"Bologna,Torino",0,0.6774871814996004,0.9783097878098488,0.263341398909688,2018
2058,Filippo Romagna,18,1473,0,0.3338153064250946,0,0,4,0,2,0,D S,Cagliari,0,0.3338153064250946,1.3722802316769958,1.3722802316769958,2018
2354,Mauricio Lemos,3,184,0,0,0,0,0,0,0,0,D,Sassuolo,0,0,0.1682624015957117,0.1682624015957117,2018
2603,Marco Andreolli,11,746,0,0.12888329848647118,0,0,3,0,3,0,D S,"Cagliari,Chievo",0,0.12888329848647118,0.7380207106471062,0.7380207106471062,2018
3201,Alban Lafont,34,3016,0,0,0,0.2735687978565693,0,3,2,0,GK,Fiorentina,0,0,2.743751780129969,2.49835077021271,2018
3301,Salvatore Sirigu,36,3169,0,0,0,0.019512200728058815,0,1,1,0,GK,Torino,0,0,1.7858376819640398,1.766325481235981,2018
3515,Valentin Eysseric,8,353,0,0.14238670095801353,1,1.3412335198372602,4,12,1,0,F S,Fiorentina,0,0.14238670095801353,2.6469064597040415,1.7899480611085892,2018
3550,Koffi Djidji,17,1386,0,0.028699289076030254,0,0,2,0,2,0,D S,Torino,0,0.028699289076030254,2.3102072719484568,2.2815072778612375,2018
3632,Kevin Malcuit,24,1811,0,0.372802896425128,2,2.5296300696209073,12,22,3,0,D S,Napoli,0,0.372802896425128,8.783546125516295,6.5211194306612015,2018
3861,Nicola Dalmonte,3,36,0,0.15388569608330727,0,0.05362439900636673,3,1,0,0,S,Genoa,0,0.15388569608330727,0.18579309806227684,0,2018
3873,Ezequiel Schelotto,4,141,0,0.028400301001966,0,0.07432369887828827,2,2,0,0,D S,Chievo,0,0.028400301001966,0.1791951023042202,0.11426880210638046,2018
3925,Gabriele Moncini,1,7,0,0,0,0.04795920103788376,0,1,0,0,S,SPAL 2013,0,0,0.04795920103788376,0,2018
3927,Alessio Cragno,38,3420,0,0,0,0.02488129958510399,0,1,1,0,GK,Cagliari,0,0,3.746546651236713,3.746546651236713,2018
4226,Darwin Machís,13,444,0,1.0702237896621227,1,0.9042311189696193,16,11,2,0,F M S,Udinese,0,1.0702237896621227,3.2081364588811994,1.3360664984211326,2018
4275,Lucas Piazon,4,77,0,0.16240599751472473,0,0.01006499957293272,1,1,0,0,S,Chievo,0,0.16240599751472473,0.05308100115507841,0.04301600158214569,2018
4906,Alberto Cerri,15,664,0,1.7803303711116314,0,1.1506141889840364,24,9,3,0,F S,Cagliari,0,1.7803303711116314,2.64731253311038,0.4671269888058305,2018
4907,Bartosz Bereszynski,27,2196,0,0.27123979944735765,2,0.6402478953823447,9,11,5,1,D S,Sampdoria,0,0.27123979944735765,6.998521815985441,6.685054307803512,2018
4908,Lorenco Simic,8,231,0,0.7657389938831329,0,0.5867940187454224,5,1,0,0,D S,SPAL 2013,0,0.7657389938831329,0.22556699812412262,0.22556699812412262,2018
4929,Orji Okwonkwo,8,245,0,0.43366960994899273,0,0.10218670219182968,5,2,2,0,F S,Bologna,0,0.43366960994899273,0.57882971316576,0.04297349974513054,2018
4934,Andrea Beghetto,27,2229,0,0.9400005517527461,3,3.894457260146737,23,55,3,0,D M S,Frosinone,0,0.9400005517527461,6.135537648573518,3.8119920268654823,2018
4940,Francesco Rossi,1,1,0,0,0,0,0,0,0,0,S,Atalanta,0,0,0,0,2018
4942,Sofian Kiyine,23,797,0,0.708912598900497,1,0.7504723975434899,20,10,7,0,D M S,Chievo,0,0.708912598900497,1.6146742305718362,0.37679782835766673,2018
4951,Grigoris Kastanos,1,62,0,0,0,0,0,0,0,0,M,Juventus,0,0,0.10676400363445282,0.10676400363445282,2018
4970,Luca Pellegrini,16,1102,0,0.028953700326383114,2,1.246743693947792,2,11,4,1,D S,"Cagliari,Roma",0,0.028953700326383114,2.884915266185999,2.471243241801858,2018
5009,Juan Manuel Valencia,1,27,0,0.019771400839090347,0,0,1,0,1,0,S,Bologna,0,0.019771400839090347,0,0,2018
5036,Riza Durmisi,10,309,0,0.1554970033466816,1,0.8040506951510906,4,10,4,0,D S,Lazio,0,0.1554970033466816,1.3321919739246368,0.5541426055133343,2018
5195,Nicolás Schiappacase,3,82,0,0.025597000494599342,0,0,1,0,0,0,F S,Parma Calcio 1913,0,0.025597000494599342,0.025597000494599342,0,2018
5699,Dalbert,11,779,0,0.15171150863170624,1,1.0626845993101597,6,10,2,0,D M S,Inter,0,0.15171150863170624,1.9824849143624306,1.1803714837878942,2018
5700,Yann Karamoh,1,4,0,0,0,0,0,0,0,0,S,Inter,0,0,0,0,2018
6107,Carlo Pinsoglio,1,90,0,0,0,0,0,0,0,0,GK,Juventus,0,0,0.08539179712533951,0.08539179712533951,2018
6167,Vanja Milinkovic-Savic,2,165,0,0,0,0,0,0,0,1,GK,SPAL 2013,0,0,0,0,2018
6171,Vitor Hugo,30,2466,0,0.7872487166896462,3,0.9045469276607037,16,7,7,1,D S,Fiorentina,0,0.7872487166896462,5.320442727766931,4.419518797658384,2018
6180,Manuel Lazzari,33,2851,0,1.4309023087844253,8,6.029501068405807,34,54,7,0,D M,SPAL 2013,0,1.4309023087844253,10.511003291234374,5.256408028304577,2018
6182,Pasquale Schiattarella,28,1847,0,0.5448809983208776,4,1.8018974075093865,14,37,10,0,M S,SPAL 2013,0,0.5448809983208776,5.574229663237929,4.525077300146222,2018
6189,Giacomo Poluzzi,1,3,0,0,0,0,0,0,0,0,S,SPAL 2013,0,0,0,0,2018
6193,Amato Ciciretti,6,134,0,0.0699222981929779,0,0.08809470292180777,1,2,0,0,F S,Parma Calcio 1913,0,0.0699222981929779,0.14714720100164413,0,2018
6202,Stephane Omeonga,3,52,0,0,0,0.12025250308215618,0,2,1,0,S,Genoa,0,0,0.12025250308215618,0,2018
6208,Antonin Barak,8,322,0,0.17583400197327137,0,0.19414199329912663,4,2,0,0,M S,Udinese,0,0.17583400197327137,0.551121711730957,0.3101187041029334,2018
6210,Svante Ingelsson,3,91,0,0.05349989980459213,0,0,2,0,0,0,D S,Udinese,0,0.05349989980459213,0.10326030105352402,0.049760401248931885,2018
6211,Mehdi Leris,23,1616,0,1.8005532193928957,2,0.9212033022195101,30,18,5,0,F M S,Chievo,0,1.8005532193928957,4.741710475180298,2.8387276283465326,2018
6212,Mattia Bani,30,2613,0,1.109778587706387,0,0.9413775093853474,13,4,7,1,D S,Chievo,0,1.109778587706387,3.6411718167364597,3.5208802176639438,2018
6213,Pawel Jaroszynski,19,1355,0,0.1666996981948614,0,1.520469106733799,6,12,2,0,D M S,Chievo,0,0.1666996981948614,2.3611178919672966,1.0330059984698892,2018
6297,Esteban Rolón,19,1028,0,0.8105564918369055,0,0.4800776047632098,8,10,9,0,M S,Genoa,0,0.8105564918369055,2.517183493822813,1.4273298978805542,2018
6303,Marvin Zeegelaar,12,957,0,0.06077589839696884,0,0.20449999906122684,1,4,5,1,D S,Udinese,0,0.06077589839696884,0.6653318088501692,0.576103812083602,2018
6314,Joachim Andersen,32,2880,0,0.8196714231744409,1,0.6729915924370289,13,8,7,0,D,Sampdoria,0,0.8196714231744409,7.996095586568117,7.436741632409394,2018
6336,Bruno Jordao,3,85,0,0.009197230450809002,0,0.02255059964954853,1,1,0,0,M S,Lazio,0,0.009197230450809002,0.13544760085642338,0.11289700120687485,2018
6362,Rick Karsdorp,11,596,0,0,1,0.27386030182242393,0,4,1,0,D M S,Roma,0,0,2.2675937488675117,2.083890412002802,2018
6382,Pedro Neto,4,39,0,0.032099198549985886,0,0.04347189888358116,1,1,1,0,S,Lazio,0,0.032099198549985886,0.15330900251865387,0.07773829996585846,2018
6460,Vincenzo Millico,1,1,0,0,0,0,0,0,0,0,S,Torino,0,0,0,0,2018
6516,Everton Luiz,10,304,0,0.028468100354075432,0,0,2,0,5,0,M S,SPAL 2013,0,0.028468100354075432,1.144873102195561,1.1335758985951543,2018
6517,Charalampos Lykogiannis,11,831,0,0.1756560979411006,1,1.116709278896451,7,8,1,0,D S,Cagliari,0,0.1756560979411006,0.8562265057116747,0.5214233044534922,2018
6536,Iuri Medeiros,2,114,0,0.11520399898290634,0,0.1321808025240898,2,2,0,0,F M,Genoa,0,0.11520399898290634,0.22805799543857574,0.06597130000591278,2018
6672,Riccardo Sottil,2,16,0,0.07786080241203308,0,0,1,0,0,0,S,Fiorentina,0,0.07786080241203308,0.07786080241203308,0,2018
6691,Dejan Kulusevski,3,104,0,0.08964290283620358,0,0,2,0,0,0,S,Atalanta,0,0.08964290283620358,0.09317989647388458,0.01973309926688671,2018
6753,Strahinja Tanasijevic,1,17,0,0.051910798996686935,0,0,1,0,0,1,S,Chievo,0,0.051910798996686935,0,0,2018
6929,Adrian Semper,6,540,0,0,0,0,0,0,0,0,GK,Chievo,0,0,0.473201310262084,0.473201310262084,2018
6940,Silvio Proto,2,180,0,0,0,0,0,0,1,0,GK,Lazio,0,0,0.05417810007929802,0.05417810007929802,2018
6960,Bremer,5,180,0,0.013408400118350983,0,0.04479299858212471,1,1,1,0,D S,Torino,0,0.013408400118350983,0.5416996851563454,0.5416996851563454,2018
6961,Vitalie Damascan,1,1,0,0,0,0,0,0,0,0,S,Torino,0,0,0,0,2018
6962,Robin Olsen,27,2430,0,0,0,0.0573744997382164,0,1,2,0,GK,Roma,0,0,5.992856077849865,5.935481980443001,2018
6964,Ante Coric,2,22,0,0.008449089713394642,0,0,1,0,0,0,S,Roma,0,0.008449089713394642,0.008449089713394642,0,2018
6965,Iván Marcano,10,810,0,0.09718890208750963,0,0.6649006828665733,3,6,0,0,D S,Roma,0,0.09718890208750963,3.6149189099669456,3.326077915728092,2018
6973,Nehuén Paz,2,113,0,0,0,0,0,0,1,0,D S,Bologna,0,0,0,0,2018
6974,Mattias Svanberg,23,1168,0,1.0236045820638537,3,1.2841016929596663,22,16,2,0,M S,Bologna,0,1.0236045820638537,3.2617542017251253,1.8861230676993728,2018
6975,Lorenzo Dickmann,6,169,0,0.10697200149297714,0,0,1,0,1,0,D S,SPAL 2013,0,0.10697200149297714,0.1312388014048338,0.1312388014048338,2018
6977,Pietro Terracciano,10,900,0,0,0,0,0,0,0,0,GK,"Empoli,Fiorentina",0,0,0.568505309522152,0.568505309522152,2018
6979,Jacob Rasmussen,14,1011,0,0.14371279813349247,1,0.12394739966839552,3,3,3,0,D M S,Empoli,0,0.14371279813349247,1.9418401028960943,1.920904902741313,2018
6981,Ismael Bennacer,37,2958,0,0.5602759970352054,5,2.300154408439994,19,32,7,0,M S,Empoli,0,0.5602759970352054,10.385192293673754,8.742075444199145,2018
6982,Ivan Provedel,16,1440,0,0,0,0.11157110147178173,0,3,0,0,GK,Empoli,0,0,2.464917093515396,2.3533456940203905,2018
6983,Joel Untersee,3,119,0,0,0,0,0,0,0,0,D S,Empoli,0,0,0.14365100022405386,0.14365100022405386,2018
6987,Filip Bradaric,27,1494,0,0.3380432780832052,2,0.5657683284953237,14,9,5,0,M S,Cagliari,0,0.3380432780832052,3.564775463193655,3.0595285035669804,2018
6989,Simone Iacoponi,38,3355,0,0.7895376272499561,0,0.6701287971809506,9,11,4,0,D,Parma Calcio 1913,0,0.7895376272499561,5.681443337351084,5.153246427886188,2018
6991,Leo Stulac,26,1451,0,0.6587113980203867,2,1.9355533793568611,22,21,3,1,M S,Parma Calcio 1913,0,0.6587113980203867,4.103182166814804,2.60662430152297,2018
6992,Pierluigi Frattali,1,90,0,0,0,0,0,0,0,0,GK,Parma Calcio 1913,0,0,0.2909339964389801,0.2909339964389801,2018
6994,Alessio Da Cruz,3,138,0,0.053025998175144196,0,0,1,0,0,0,F S,Parma Calcio 1913,0,0.053025998175144196,0.053025998175144196,0,2018
6996,William Troost-Ekong,35,3070,0,0.351325293071568,0,0.3616686910390854,8,5,4,0,D,Udinese,0,0.351325293071568,4.256136717274785,3.972696234472096,2018
6999,Felipe Vizeu,5,24,0,0.01875689998269081,0,0.029315698891878128,1,2,0,0,S,Udinese,0,0.01875689998269081,0.029315698891878128,0,2018
7000,Hidde ter Avest,13,998,0,0.15319480001926422,1,0.3340871036052704,3,8,0,0,D M S,Udinese,0,0.15319480001926422,2.6701426915824413,2.33604322001338,2018
7001,Nicholas Opoku,12,913,0,0.2460940070450306,0,0.024031000211834908,5,1,5,0,D S,Udinese,0,0.2460940070450306,1.3112132363021374,1.1937726344913244,2018
7002,Giangiacomo Magnani,19,1516,0,0.15884870290756226,1,0.1774159036576748,2,4,2,0,D S,Sassuolo,0,0.15884870290756226,2.794994331896305,2.69242262840271,2018
7004,Leonardo Sernicola,1,1,0,0,0,0,0,0,0,0,S,Sassuolo,0,0,0,0,2018
7005,Jens Odgaard,1,14,0,0,0,0,0,0,0,0,S,Sassuolo,0,0,0,0,2018
7013,Matteo Pessina,12,225,0,0.047688969410955906,1,0.3285429924726486,3,2,0,0,M S,Atalanta,0,0.047688969410955906,0.9899078067392111,0.9899078067392111,2018
7014,Arkadiusz Reca,3,43,0,0,0,0.4314880073070526,0,2,0,0,S,Atalanta,0,0,0.7990949749946594,0.3676069974899292,2018
7016,Luca Matarese,2,12,0,0,0,0,0,0,1,0,S,Frosinone,0,0,0,0,2018
7018,Nicolò Brighenti,11,990,0,0.29998980090022087,0,0.1281128004193306,3,2,4,0,D,Frosinone,0,0.29998980090022087,2.179495893418789,1.8703500851988792,2018
7081,Francisco Sierralta,6,263,0,0.025509781204164028,0,0.5982289910316467,2,2,2,0,D S,Parma Calcio 1913,0,0.025509781204164028,0.14279470220208168,0.14279470220208168,2018
7082,Darijo Srna,26,2091,0,0.5589063949882984,3,3.000992551445961,10,43,6,1,D S,Cagliari,0,0.5589063949882984,4.891083594411612,3.2515436923131347,2018
7083,Christian Nørgaard,6,331,0,0,0,0.10969629511237144,0,2,0,0,M S,Fiorentina,0,0,1.1668890994042158,1.0884930025786161,2018
7084,Dusan Vlahovic,10,142,0,1.4469232857227325,0,0.1426570974290371,10,3,0,0,F S,Fiorentina,0,1.4469232857227325,1.457325667142868,0,2018
7085,Tòfol Montiel,1,2,0,0.02533620037138462,0,0.3915889859199524,1,2,0,0,S,Fiorentina,0,0.02533620037138462,0.41692599654197693,0,2018
7086,David Hancko,5,283,0,0.2895661070942879,0,0.09577399864792824,2,3,0,0,D S,Fiorentina,0,0.2895661070942879,0.7189590036869049,0.7063959836959839,2018
7088,Joaquín Ardáiz,1,17,0,0,0,0,0,0,0,0,S,Frosinone,0,0,0,0,2018
7089,Gabriele Corbo,1,4,0,0,0,0,0,0,0,0,S,Bologna,0,0,0,0,2018
7092,Koray Günter,14,824,0,0.13735349848866463,0,0.5377517119050026,3,6,1,0,D S,Genoa,0,0.13735349848866463,1.3788264989852905,0.9674198068678379,2018
7095,Juan Musso,29,2610,0,0,0,0.030210599303245544,0,1,4,0,GK,Udinese,0,0,1.3700620029121637,1.3398514036089182,2018
7096,Omar Colley,21,1765,0,0.48660390451550484,0,0.17917549796402454,7,4,0,1,D,Sampdoria,0,0.48660390451550484,3.8115099146962166,3.8115099146962166,2018
7097,Ronaldo Vieira,14,589,0,0.3531781919300556,0,0.1680103987455368,7,4,3,0,M S,Sampdoria,0,0.3531781919300556,1.4382884036749601,1.3592983102425933,2018
7125,Mauro Burruchaga,1,58,0,0.01006499957293272,0,0,1,0,0,0,S,Chievo,0,0.01006499957293272,0.01006499957293272,0.01006499957293272,2018
7126,Júnior Tavares,3,187,0,0.014912200160324574,0,0.3241710066795349,1,2,1,0,D S,Sampdoria,0,0.014912200160324574,0.2625641031190753,0.014752100221812725,2018
7149,Sergej Grubac,3,158,0,0.3254689872264862,0,0.055998899042606354,2,1,1,0,F S,Chievo,0,0.3254689872264862,0.06572149693965912,0,2018
7178,Valon Berisha,8,185,0,0.021002599969506264,0,0.3826692942529917,1,4,0,0,M S,Lazio,0,0.021002599969506264,1.3902086038142443,1.317462295293808,2018
7190,Rai Vloet,5,116,0,0.19003869779407978,0,0.17476630210876465,5,4,0,0,M S,Frosinone,0,0.19003869779407978,0.22366350144147873,0.04889719933271408,2018
7216,Ben Wilmot,5,193,0,0.018478399142622948,0,0.06077589839696884,1,1,1,0,D M S,Udinese,0,0.018478399142622948,0.1910462062805891,0.11179180257022381,2018
7225,Petar Micin,1,2,0,0,0,0,0,0,0,0,S,Udinese,0,0,0,0,2018
7227,Matteo Scozzarella,22,1479,0,0.18196150474250317,3,2.2665402218699455,8,19,8,0,M S,Parma Calcio 1913,0,0.18196150474250317,1.9953767005354166,1.0847204010933638,2018
7263,Musa Juwara,1,10,0,0,0,0,0,0,0,0,S,Chievo,0,0,0,0,2018
7285,Riccardo Doratiotto,1,81,0,0,0,0,0,0,0,0,F,Cagliari,0,0,0,0,2018
7288,Zan Celar,1,4,0,0,0,0,0,0,0,0,S,Roma,0,0,0,0,2018
7299,Francesco Verde,1,9,0,0,0,0,0,0,0,0,S,Cagliari,0,0,0,0,2018
7370,Abdou Diakhate,1,1,0,0,0,0,0,0,0,0,S,Parma Calcio 1913,0,0,0,0,2018
7375,Roberto Piccoli,2,44,0,0.21187599748373032,0,0,2,0,0,0,S,Atalanta,0,0.21187599748373032,0.2699830010533333,0.0581073984503746,2018
7381,Jandrei,1,90,0,0,0,0,0,0,0,0,GK,Genoa,0,0,0.1657630056142807,0.1657630056142807,2018
7386,Dimitri Oberlin,5,130,0,0,0,0.0821525976061821,0,1,0,0,S,Empoli,0,0,0,0,2018
7387,Dimitris Nikolaou,4,351,0,0,0,0,0,0,0,0,D,Empoli,0,0,0.18061449751257896,0.18061449751257896,2018
7405,Kiril Despodov,4,96,0,0,0,0,0,0,0,0,S,Cagliari,0,0,0,0,2018
7413,Ibañez,1,1,0,0,0,0,0,0,0,0,S,Atalanta,0,0,0,0,2018
7473,Marko Jankovic,4,41,0,0.06773240119218826,0,0.04228790011256933,1,2,1,0,S,SPAL 2013,0,0.06773240119218826,0.21629420667886734,0.14856180548667908,2018
7483,Hans Nicolussi Caviglia,3,51,0,0.027195699512958527,0,0,1,0,0,0,S,Juventus,0,0.027195699512958527,0.09256389737129211,0.06536819785833359,2018
7484,Stephy Mavididi,1,20,0,0,0,0,0,0,0,0,S,Juventus,0,0,0.06536819785833359,0.06536819785833359,2018
7500,Giacomo Raspadori,1,1,0,0,0,0,0,0,0,0,S,Sassuolo,0,0,0,0,2018
7506,Luan Capanni,1,8,0,0.012311000376939774,0,0,1,0,1,0,S,Lazio,0,0.012311000376939774,0.012311000376939774,0,2018
7507,Gianluca Gaetano,2,6,0,0.022610900923609734,0,0.09619040042161942,1,1,0,0,S,Napoli,0,0.022610900923609734,0.11880099773406982,0,2018
7539,Angelo Ndrecka,1,90,0,0.013277200050652027,0,0.25974801182746887,1,1,0,0,M,Chievo,0,0.013277200050652027,0.06572149693965912,0.06572149693965912,2018
7544,Paolo Gozzi Iweru,1,90,0,0,0,0,0,0,0,0,D,Juventus,0,0,0.0810128003358841,0.0810128003358841,2018
7559,Ibrahim Karamoko,2,64,0,0.12068949826061726,0,0.016349399462342262,2,1,0,0,S,Chievo,0,0.12068949826061726,0.13703889772295952,0.1230893973261118,2018
7565,Nicky Medja Beloko,1,44,0,0,0,0,0,0,1,0,S,Fiorentina,0,0,0.09812449663877487,0.09812449663877487,2018
7611,Nicolò Armini,1,37,0,0,0,0,0,0,0,0,S,Lazio,0,0,0.03534580022096634,0.03534580022096634,2018
7625,Manolo Portanova,1,32,0,0,0,0,0,0,1,0,S,Juventus,0,0,0,0,2018
1209,Ciro Immobile,37,3179,36,28.108765430748463,9,5.732697490602732,142,59,8,0,F S,Lazio,22,16.689363062381744,23.458132199943066,3.7399279307574034,2019
2371,Cristiano Ronaldo,33,2920,31,29.431685788556933,5,6.067226376384497,208,51,3,0,F,Juventus,19,19.534961802884936,26.553606890141964,7.224641811102629,2019
594,Romelu Lukaku,36,2985,23,20.794337948784232,2,5.124767728149891,99,53,2,0,F S,Inter,17,16.226585706695914,23.886113854125142,5.316864248365164,2019
6980,Francesco Caputo,36,2940,21,14.31505648419261,7,5.517016887664795,73,53,3,0,F S,Sassuolo,19,12.79250043258071,20.526265125721693,4.79113036673516,2019
1148,Duván Zapata,28,2047,18,15.833167165517807,6,5.763869766145945,89,38,1,0,F S,Atalanta,17,15.071868166327477,21.9683753605932,4.951401233673096,2019
1229,Luis Muriel,34,1225,18,13.16878011636436,1,4.70155780389905,77,36,1,0,F S,Atalanta,12,7.839688865467906,15.924872692674398,5.697577400133014,2019
1592,João Pedro,36,3170,18,13.587584313005209,4,3.4426078982651234,87,34,6,0,F M S,Cagliari,14,9.019789304584265,17.57632730063051,6.634416775777936,2019
1253,Edin Dzeko,35,2857,16,21.150355987250805,7,6.020592227578163,122,54,4,0,F S,Roma,16,21.150355987250805,29.798950819298625,8.127791193313897,2019
1186,Andrea Belotti,36,3010,15,16.82832372095436,4,5.020059783011675,104,42,4,0,F S,Torino,8,10.73792968224734,15.490908056497574,3.162090703845024,2019
1426,Josip Ilicic,26,1682,15,10.302356295287609,5,7.0947669968008995,81,53,1,1,F M S,Atalanta,15,10.302356295287609,23.532421188428998,10.623072260990739,2019
1612,Domenico Berardi,31,2521,14,10.253665913362056,10,7.873034365475178,119,59,6,1,F M S,Sassuolo,12,7.969765156973153,18.357233034446836,6.4422936253249645,2019
7006,Lautaro Martínez,35,2487,14,15.720712151378393,3,3.1426606830209494,125,31,8,1,F S,Inter,12,13.436816152185202,19.058666795492172,5.4234310276806355,2019
7973,Marco Mancosu,33,2456,14,15.520460256375372,2,3.370796538889408,85,32,3,0,F M S,Lecce,5,7.146207560785115,11.121595025062561,3.335930908098817,2019
1102,Giovanni Simeone,37,2951,12,12.278662263415754,3,2.9999660663306713,86,18,4,0,F S,Cagliari,12,12.278662263415754,16.307614900171757,2.71319901291281,2019
1493,Andrea Petagna,36,3038,12,13.447419787757099,1,3.0871084993705153,110,36,5,0,F S,SPAL 2013,7,8.118322721682489,13.111873854883015,4.879414613358676,2019
6156,Andreas Cornelius,26,1482,12,7.528960028663278,3,1.6179817002266645,46,21,1,0,F S,Parma Calcio 1913,12,7.528960028663278,10.615368086844683,1.952322212047875,2019
1136,Gianluca Lapadula,25,1808,11,9.833517180755734,0,1.2387498142197728,60,23,8,1,F S,Lecce,9,8.310915069654584,9.270818097516894,2.106314828619361,2019
1230,Fabio Quagliarella,28,2302,11,12.694549661129713,3,3.7642649058252573,100,37,2,0,F M S,Sampdoria,6,8.126753199845552,11.538919039070606,2.5453762225806713,2019
1294,Paulo Dybala,33,2187,11,9.310342885553837,6,7.191226188093424,100,69,5,0,F M S,Juventus,10,8.54903993755579,19.91658071335405,9.56288909446448,2019
1383,Manolo Gabbiadini,33,2043,11,7.862871311604977,1,3.5406722212210298,86,39,2,0,F M S,Sampdoria,10,7.101572327315807,11.279241872951388,2.9115538243204355,2019
1583,Arkadiusz Milik,26,1754,11,11.055531712248921,0,1.7729783356189728,68,21,5,0,F S,Napoli,11,11.055531712248921,14.795822352170944,3.90429331921041,2019
1852,Ante Rebic,26,1417,11,7.492967018857598,3,3.819942737929523,42,32,5,0,F M S,AC Milan,11,7.492967018857598,13.793150510638952,3.680917799472809,2019
3544,Jeremie Boga,34,2536,11,4.567409997805953,2,3.224501945078373,57,34,0,0,F M S,Sassuolo,11,4.567409997805953,11.07051096856594,5.21479844301939,2019
1433,Federico Chiesa,34,2668,10,12.35086377710104,6,5.569174846634269,111,48,7,0,D F M S,Fiorentina,9,10.828271813690662,19.514575142413378,6.01035426184535,2019
1741,Zlatan Ibrahimovic,18,1371,10,11.41749020665884,5,3.829546796157956,66,26,1,0,F S,AC Milan,8,9.133594281971455,14.199741244316101,5.174322362989187,2019
1903,Kevin Lasagna,36,2578,10,10.628192365169525,1,2.2747020637616515,78,23,1,0,F S,Udinese,10,10.628192365169525,13.44550290890038,1.9855328109115362,2019
6691,Dejan Kulusevski,36,2954,10,7.2670906987041235,8,8.434681857004762,62,77,3,0,F M S,Parma Calcio 1913,9,6.505791684612632,20.104144990444183,7.623329751193523,2019
189,Hakan Calhanoglu,35,2749,9,7.6816019881516695,9,8.011522492393851,101,69,6,0,F M S,AC Milan,8,6.920339958742261,19.85451729223132,8.756982326507568,2019
317,Henrikh Mkhitaryan,22,1538,9,6.188466884195805,5,3.263670163229108,43,27,4,0,M S,Roma,9,6.188466884195805,13.575276017189026,5.561246877536178,2019
1115,Goran Pandev,34,1673,9,6.467586030252278,1,2.3046118300408125,37,22,4,1,F M S,Genoa,9,6.467586030252278,13.506857691332698,5.404654533602297,2019
1134,Mario Pasalic,35,2443,9,10.014533215202391,5,4.549632465466857,58,42,6,0,F M S,Atalanta,9,10.014533215202391,21.75920226611197,11.893086744472384,2019
1384,Dries Mertens,31,1688,9,6.45439029764384,7,5.916114403866231,75,53,5,0,F S,Napoli,9,6.45439029764384,14.29087935294956,4.190692910924554,2019
1809,Joaquín Correa,30,2007,9,9.575201097875834,2,3.161220194771886,78,33,0,0,F M S,Lazio,9,8.813905093818903,13.525767482817173,3.953991588205099,2019
2116,Felipe Caicedo,30,1427,9,6.388952203094959,2,2.82886962313205,30,23,7,0,F S,Lazio,9,5.627653189003468,10.128338310867548,2.4290986927226186,2019
6155,Robin Gosens,34,2638,9,6.42340737208724,7,3.6214444134384394,52,39,3,0,D M S,Atalanta,9,6.42340737208724,18.24456511437893,10.977985163219273,2019
6512,Musa Barrow,25,1529,9,7.550139792263508,4,4.190246731042862,76,38,1,0,D F M S,"Atalanta,Bologna",8,6.027541626244783,10.509739644825459,2.855596987530589,2019
1293,Gonzalo Higuaín,32,1866,8,10.087238993495703,4,4.924903925508261,75,38,2,0,F S,Juventus,8,10.087238993495703,15.302674751728773,3.569639442488551,2019
1393,Lorenzo Insigne,37,2852,8,13.023430295288563,6,7.668638428673148,120,85,1,0,F M S,Napoli,3,9.216980963945389,22.409112378954887,11.923518257215619,2019
1763,Stefano Okaka,33,2435,8,8.239937787875533,2,1.908740235492587,57,25,10,0,F S,Udinese,8,8.239937787875533,13.800995521247387,5.2772520603612065,2019
3065,Domenico Criscito,26,2049,8,7.907501485198736,0,1.3465876076370478,24,22,7,0,D S,Genoa,0,0.2946316972374916,6.056634593755007,5.296600047498941,2019
6160,Riccardo Orsolini,37,2718,8,9.521243624389172,6,8.780269923619926,91,55,3,0,F M S,Bologna,8,9.521243624389172,18.8634351529181,7.0155302891507745,2019
7947,Ruslan Malinovskiy,34,1500,8,4.234773071482778,3,4.678754461929202,79,46,5,1,F M S,Atalanta,8,3.473474057391286,13.985556179657578,9.395588524639606,2019
8035,Samuel Di Carmine,22,1319,8,6.504082385450602,0,0.9941748809069395,31,6,3,0,F M S,Verona,7,4.981487270444632,6.707840490154922,2.031572544015944,2019
621,Aleksandar Kolarov,32,2728,7,6.698397692292929,4,4.556032946333289,72,56,6,0,D S,Roma,5,3.65332880243659,17.206804178655148,13.999759584665298,2019
952,Gastón Ramírez,26,1414,7,5.948077545501292,2,2.851084429770708,40,33,5,0,F M S,Sampdoria,4,3.664218400605023,5.485209925100207,2.0626297844573855,2019
1145,Rodrigo de Paul,34,2831,7,5.401642860844731,6,9.779395781457424,85,77,5,1,M S,Udinese,7,5.401642860844731,18.01321103889495,7.944956838153303,2019
1448,Erick Pulgar,37,2936,7,7.33827893063426,6,5.6077188942581415,32,83,9,0,M S,Fiorentina,0,1.2480048276484013,12.47752621024847,10.301628768444061,2019
1491,Alejandro Gomez,36,2879,7,8.4373623682186,16,10.007644957862794,95,101,2,0,F M S,Atalanta,7,8.4373623682186,26.194511899724603,15.412753357551992,2019
1518,Rodrigo Palacio,35,2528,7,8.726712061092257,3,5.029876878485084,60,53,5,0,F M S,Bologna,7,8.726712061092257,17.938259007409215,6.077196916565299,2019
1543,Sergej Milinkovic-Savic,37,3038,7,5.316485211253166,4,4.6215039268136024,87,47,9,0,M S,Lazio,7,5.316485211253166,15.961734548211098,9.44918805360794,2019
1642,Simone Zaza,24,1633,7,6.065119735896587,1,1.6997816022485495,49,12,7,0,F S,Torino,7,6.065119735896587,8.537997610867023,1.5972681678831577,2019
1943,Gervinho,31,2290,7,9.286410562694073,4,2.7887088852003217,57,24,3,0,F S,Parma Calcio 1913,7,8.525110594928265,13.858227937482297,3.077998073771596,2019
7013,Matteo Pessina,35,2495,7,5.356208799406886,0,1.7598204668611288,30,22,7,0,F M S,Verona,7,5.356208799406886,11.804108536802232,6.361335165798664,2019
7961,Alfredo Donnarumma,31,1694,7,7.065997123718262,2,1.394518262706697,42,14,1,0,F S,Brescia,5,5.543397128582001,6.795941503718495,1.5821647718548775,2019
7993,Ernesto Torregrossa,25,1858,7,8.12763605453074,3,2.774046828970313,64,21,8,0,F M S,Brescia,5,6.605077994987369,11.08259840682149,4.832956355065107,2019
677,Jordan Veretout,33,2638,6,4.7388707511126995,0,3.5026069283485413,29,41,6,0,M S,Roma,1,0.932413499802351,14.684327898547053,13.021637747064233,2019
1123,Juraj Kucka,26,1938,6,4.680576890707016,3,2.7062415704131126,48,19,5,1,F M S,Parma Calcio 1913,4,3.1580188795924187,8.55471719801426,3.774863127619028,2019
1219,Luis Alberto,36,3131,6,7.025785835459828,15,10.833037495613098,99,106,5,0,F M,Lazio,5,6.264486903324723,21.288217958062887,10.857132110744715,2019
1251,Radja Nainggolan,26,2110,6,2.724225818645209,7,6.2216037176549435,65,49,5,0,F M S,Cagliari,6,2.724225818645209,12.184470207896084,5.837042199447751,2019
2019,Federico Bonazzoli,19,736,6,3.772281961515546,0,0.7597679141908884,43,11,1,0,F S,Sampdoria,6,3.772281961515546,3.8387628365308046,0.4309880957007408,2019
2217,Antonio Sanabria,24,1406,6,4.8754780404269695,2,1.8416858352720737,41,15,3,0,F S,Genoa,6,4.8754780404269695,6.264201827347279,0.915731287561357,2019
2547,Theo Hernández,33,2835,6,5.762234992347658,3,4.8903983402997255,50,42,10,0,D S,AC Milan,6,5.762234992347658,18.63078535348177,13.166563693434,2019
5091,Alex Berenguer,29,1842,6,3.474617416970432,2,3.4794716238975525,40,35,4,0,F M S,Torino,6,3.474617416970432,9.004563016816974,4.257872994989157,2019
6686,Nicolo Zaniolo,26,1493,6,4.454576425254345,2,4.967146445531398,47,24,8,0,F M S,Roma,6,4.454576425254345,11.15839870274067,3.3494187090545893,2019
7084,Dusan Vlahovic,30,1469,6,7.293770322110504,0,1.0073907114565372,65,10,4,1,F S,Fiorentina,5,6.532468387391418,7.427898272871971,0.9813135005533695,2019
7091,Christian Kouamé,18,1209,6,3.001960013061762,3,1.2524216957390308,32,19,1,0,F M S,"Fiorentina,Genoa",6,3.001960013061762,4.115600850433111,0.9801727198064327,2019
7193,Rafael Leão,31,1359,6,5.374105429276824,1,2.7675039041787386,45,31,0,0,F M S,AC Milan,6,5.374105429276824,9.59433070383966,3.6690104948356748,2019
1170,Gianluca Caprari,30,1232,5,3.634028585627675,0,2.1118128579109907,39,24,3,1,F M S,"Parma Calcio 1913,Sampdoria",4,2.8727295715361834,6.652685008943081,2.6404248271137476,2019
1233,Filip Djuricic,29,1654,5,3.359883585013449,5,4.331503299996257,42,38,6,0,M S,Sassuolo,5,3.359883585013449,10.897336782887578,4.6328162755817175,2019
1425,Nikola Kalinic,15,551,5,4.823122791945934,1,0.6108099929988384,19,7,1,0,F S,Roma,5,4.823122791945934,5.97116856276989,0.8637727126479149,2019
1517,Antonio Candreva,32,2013,5,2.5935479002073407,7,5.412658531218767,42,47,5,0,D M S,Inter,5,2.5935479002073407,11.705008290708065,6.840706072747707,2019
1539,Diego Perotti,21,874,5,4.193223442882299,3,3.1900781989097595,15,22,3,1,M S,Roma,1,1.148068519309163,3.9752324856817722,0.859231511130929,2019
1810,Roberto Soriano,29,2495,5,4.644073262810707,5,5.536913938820362,37,54,4,2,M,Bologna,5,4.644073262810707,16.127872228622437,8.325738217681646,2019
1817,Mario Balotelli,19,1417,5,7.284743475727737,0,0.44696130231022835,72,9,6,1,F S,Brescia,5,7.284743475727737,7.3200103882700205,2.621516326442361,2019
3978,Marco Faraoni,36,3234,5,4.463256843388081,3,3.797427849844098,41,34,5,0,D M,Verona,5,4.463256843388081,10.613731944002211,4.4884437983855605,2019
4895,Andrea Pinamonti,32,2251,5,6.895161133259535,1,0.597113199532032,52,15,1,0,F S,Genoa,4,5.372561138123274,8.083431702107191,3.348347957711667,2019
6174,Nikola Milenkovic,37,3257,5,2.1933712819591165,0,0.21613209694623947,29,8,9,0,D S,Fiorentina,5,2.1933712819591165,7.379016974940896,7.030394127592444,2019
498,Alexis Sánchez,22,906,4,4.832175547257066,8,3.2284474410116673,22,33,2,1,F S,Inter,3,4.070876540616155,8.911463245749474,3.4765604995191097,2019
631,Ashley Young,18,1181,4,1.0186645910143852,4,3.8069716999307275,15,21,1,0,D M S,Inter,4,1.0186645910143852,7.10536478087306,3.7072217036038637,2019
1226,Karol Linetty,28,2029,4,1.7931406097486615,3,2.260427930392325,32,27,4,0,M S,Sampdoria,4,1.7931406097486615,8.295717153698206,5.2704805340617895,2019
1246,Kostas Manolas,26,2182,4,2.2429130878299475,0,0.048137299716472626,17,2,2,0,D S,Napoli,4,2.2429130878299475,7.329253874719143,7.267790861427784,2019
1340,Roberto Inglese,17,749,4,4.846098847687244,0,0.2620722036808729,24,6,1,0,F S,Parma Calcio 1913,4,4.084800831973553,4.436610088683665,0.7851806925609708,2019
1382,José Callejón,33,2180,4,5.4250431675463915,7,6.225741010159254,42,63,2,0,D F M S,Napoli,4,5.4250431675463915,14.938508044928312,7.379303127527237,2019
1489,Franck Kessié,35,2920,4,3.941270699724555,1,2.4375027287751436,39,30,3,0,M S,AC Milan,2,2.4186732713133097,16.675057666376233,13.310149418190122,2019
1492,Jasmin Kurtic,36,3080,4,3.366868189536035,1,3.884778084233403,70,50,10,0,F M S,"Parma Calcio 1913,SPAL 2013",4,3.366868189536035,10.394817095249891,6.436605416238308,2019
1496,Roberto Gagliardini,24,1814,4,5.303886108100414,2,1.8368379771709442,34,19,5,0,M S,Inter,4,5.303886108100414,12.452055113390088,8.630584959872067,2019
1515,Cristian Ansaldi,27,1769,4,1.3071465138345957,4,3.71062249224633,29,33,9,0,D M S,Torino,4,1.3071465138345957,7.119655682705343,4.210459038615227,2019
1523,Danilo D&#039;Ambrosio,22,1398,4,2.063181735575199,0,0.8774080201983452,7,7,6,0,D M S,Inter,4,2.063181735575199,8.620566602796316,6.6169951520860195,2019
1541,Stefan de Vrij,34,2830,4,1.8643792551010847,3,0.9870901154354215,20,10,5,0,D S,Inter,4,1.8643792551010847,8.795037616044283,8.508965622633696,2019
1826,Nicola Sansone,33,2268,4,9.302888235077262,3,5.475828541442752,80,45,6,0,F M S,Bologna,1,6.257772987708449,15.767264967784286,9.115325151011348,2019
1847,Giampaolo Pazzini,15,273,4,4.098514050245285,0,0.18815840408205986,13,4,0,0,F S,Verona,1,1.814739752560854,2.248245120048523,0.2453462928533554,2019
1979,Filippo Falco,30,2022,4,2.7823444921523333,6,4.185990169644356,56,51,0,0,F M S,Lecce,4,2.7823444921523333,9.23097808752209,5.429754282347858,2019
4918,Patrick Cutrone,19,831,4,4.318686306476593,1,1.4650311786681414,21,6,1,0,F S,Fiorentina,4,4.318686306476593,6.4218460470438,0.6668614987283945,2019
6212,Mattia Bani,27,2219,4,3.5826088385656476,0,0.07755129784345627,16,2,11,1,D S,Bologna,4,3.5826088385656476,4.672775257378817,4.582985853776336,2019
6963,Justin Kluivert,22,1539,4,2.7704060915857553,1,1.0244837878271937,34,21,4,1,F M S,Roma,4,2.7704060915857553,7.511801402084529,4.072239125147462,2019
6986,Hamed Junior Traore,31,1570,4,5.591629480943084,1,1.7998478086665273,46,30,3,0,M S,Sassuolo,4,5.591629480943084,9.358554681763053,3.0153606235980988,2019
7090,Krzysztof Piatek,18,1199,4,7.51601754873991,0,1.6864487119019032,48,16,1,0,F S,AC Milan,1,5.23215963691473,7.394263688474894,1.3271559979766607,2019
7902,Matthijs de Ligt,29,2454,4,3.0137590784579515,0,0.20690029114484787,18,3,5,0,D S,Juventus,4,3.0137590784579515,9.590536910109222,9.460277902893722,2019
7999,Hirving Lozano,26,996,4,3.8506543822586536,1,2.1285957684740424,34,20,3,0,F M S,Napoli,4,3.8506543822586536,6.45664450712502,2.113249382004142,2019
329,Franck Ribéry,21,1466,3,2.8191581666469574,3,3.1816174052655697,24,35,3,0,F M S,Fiorentina,3,2.8191581666469574,7.404921734705567,3.6918727066367865,2019
504,Aaron Ramsey,24,1049,3,2.5706996959634125,1,1.2068672142922878,28,20,2,0,M S,Juventus,3,2.5706996959634125,6.555631205439568,3.480691362172365,2019
628,Chris Smalling,30,2562,3,2.2447527134791017,2,0.6742308121174574,19,10,2,0,D S,Roma,3,2.2447527134791017,8.960694653913379,8.672036273404956,2019
737,Fabio Borini,16,879,3,3.0334918908774853,0,0.44271209090948105,41,7,2,1,D F M S,"AC Milan,Verona",2,2.2722329013049603,3.8635841701179743,1.4447078816592693,2019
1098,Miguel Veloso,34,2824,3,2.0982309142127633,4,5.468170416541398,36,58,6,0,D M S,Verona,3,2.0982309142127633,10.974560626782477,9.22504682932049,2019
1106,Darko Lazovic,38,3261,3,2.8758049085736275,7,8.619196576997638,36,53,4,0,D M S,Verona,3,2.8758049085736275,17.808610659092665,9.877590508200228,2019
1121,Giacomo Bonaventura,29,1310,3,3.8667441233992577,5,2.3152238745242357,44,25,2,0,F M S,AC Milan,3,3.8667441233992577,10.241612058132887,4.954082062467933,2019
1144,Seko Fofana,32,2257,3,3.390232792124152,7,3.611269506625831,46,50,4,0,M S,Udinese,3,3.390232792124152,12.285348486155272,6.624960735440254,2019
1272,Ilija Nestorovski,28,1246,3,4.309609513729811,1,1.2902551898732781,35,17,4,0,F S,Udinese,3,4.309609513729811,7.813536563888192,2.722375483252108,2019
1287,Leonardo Bonucci,35,3091,3,4.169221446849406,0,0.5999916139990091,23,11,9,0,D,Juventus,3,4.169221446849406,12.238247990608215,11.82428876310587,2019
1290,Miralem Pjanic,30,2312,3,0.8936705989763141,6,3.3714004047214985,21,56,10,0,M S,Juventus,3,0.8936705989763141,13.51761968061328,12.055678631179035,2019
1434,Khouma Babacar,25,1435,3,7.00652265176177,0,1.3971451949328184,49,16,4,0,F S,Lecce,3,5.483930718153715,5.656479870900512,0.9886051919311285,2019
1465,Stefano Sensi,12,737,3,1.621478421613574,2,1.5091341696679592,29,14,2,0,M S,Inter,3,1.621478421613574,5.3195220567286015,3.5831883549690247,2019
1468,Gregoire Defrel,17,975,3,3.120926033705473,3,1.4903011973947287,20,10,1,0,F M S,Sassuolo,2,2.3596300296485424,6.1081478074193,2.463406305760145,2019
1511,Marcelo Brozovic,32,2709,3,3.437285490334034,6,2.787758508697152,55,39,9,0,M S,Inter,3,3.437285490334034,16.859346263110638,13.572225037962198,2019
1569,Valerio Verre,32,1797,3,5.790357153862715,2,2.7608174197375774,41,28,4,0,F M S,Verona,1,4.267759812995791,9.622687274590135,3.7985364627093077,2019
1728,Fernando Llorente,17,476,3,4.708135128952563,1,1.103618181310594,33,10,1,0,F S,Napoli,3,4.708135128952563,5.939205473288894,1.3550268970429897,2019
1896,Riccardo Gagliolo,32,2629,3,2.4798117093741894,2,2.351057266816497,30,21,7,0,D S,Parma Calcio 1913,3,2.4798117093741894,8.157821796834469,5.265093632042408,2019
2143,Germán Pezzella,33,2836,3,3.2624727189540863,1,1.0873991213738918,34,8,12,0,D,Fiorentina,3,3.2624727189540863,4.7684991378337145,3.975887916982174,2019
2447,Fabián,33,2698,3,2.836512771435082,6,4.6293006502091885,71,51,2,0,M S,Napoli,3,2.836512771435082,20.4561579041183,15.536899793893099,2019
3899,Mattia Valoti,27,1535,3,3.3089673230424523,1,1.6931221056729555,31,24,7,0,F M S,SPAL 2013,3,3.3089673230424523,6.938954499550164,4.094058285467327,2019
5718,Mariusz Stepinski,21,672,3,3.2016622722148895,1,0.14872370101511478,17,3,3,1,F M S,Verona,3,3.2016622722148895,4.008539896458387,1.1408675946295261,2019
6162,Cengiz Ünder,18,870,3,2.56335287168622,0,2.8297149129211903,27,27,2,0,M S,Roma,3,2.56335287168622,7.682266503572464,2.9557585269212723,2019
6192,Fabio Lucioni,36,3132,3,2.089438386261463,0,0.12707783142104745,14,3,8,1,D,Lecce,3,2.089438386261463,5.380344121716917,5.231610148213804,2019
6578,Jhon Chancellor,26,2249,3,2.395295914262533,0,0,13,0,3,0,D,Brescia,3,2.395295914262533,2.3027678225189447,1.3367717955261469,2019
6960,Bremer,27,2289,3,1.7100986344739795,1,0.6501301117241383,14,5,2,2,D,Torino,3,1.7100986344739795,4.676692867651582,4.547964060679078,2019
6978,Giovanni Di Lorenzo,33,2970,3,2.96130988933146,3,2.4744535498321056,20,30,5,0,D,Napoli,3,2.96130988933146,14.567659370601177,12.292024072259665,2019
7909,Gaetano Castrovilli,33,2708,3,3.246660316362977,2,2.4675013897940516,49,36,10,0,M S,Fiorentina,3,3.246660316362977,9.937272047623992,5.468522237613797,2019
7970,Marco Calderoni,26,2072,3,0.5454019997268915,2,1.8011293848976493,23,19,7,0,D S,Lecce,3,0.5454019997268915,4.462270031683147,3.1065051639452577,2019
1089,Juan Cuadrado,33,2647,2,1.2743014078587294,5,4.4293615110218525,20,44,7,1,D F M S,Juventus,2,1.2743014078587294,17.13721668999642,13.498003378510475,2019
1117,Andrea Poli,28,1932,2,1.9117291886359453,0,1.588368977420032,25,16,5,0,M S,Bologna,2,1.9117291886359453,9.987342860549688,7.107844242826104,2019
1140,Danilo,30,2651,2,0.8177858777344227,0,0.2845160597935319,8,5,9,1,D,Bologna,2,0.8177858777344227,7.097345257177949,6.7361048478633165,2019
1146,Jakub Jankto,30,2117,2,2.232797889970243,4,4.086188325658441,42,44,8,0,M S,Sampdoria,2,2.232797889970243,9.040857293643057,4.4054966708645225,2019
1164,Cristiano Biraghi,26,1582,2,0.5489724166691303,6,4.196364321745932,9,31,3,0,D M S,Inter,2,0.5489724166691303,7.66664570197463,4.971092727035284,2019
1185,Iago Falque,14,635,2,3.0163523331284523,1,0.7488944018259645,18,11,0,0,F M S,"Genoa,Torino",0,0.7324953973293304,2.3702270202338696,1.576648060232401,2019
1313,Riccardo Saponara,17,1130,2,1.9467616844922304,4,2.924258792772889,31,35,3,0,F M S,"Genoa,Lecce",2,1.9467616844922304,6.841996597126126,3.904523339122534,2019
1333,Lucas Castro,22,1025,2,1.4458684027194977,0,1.1787958182394505,24,16,2,0,M S,"Cagliari,SPAL 2013",2,1.4458684027194977,3.5612662099301815,1.6070823688060045,2019
1379,Allan,23,1287,2,0.5716991042718291,1,1.047627117484808,12,15,3,0,M S,Napoli,2,0.5716991042718291,3.8542500883340836,2.775715507566929,2019
1386,Piotr Zielinski,37,2934,2,4.020673490129411,4,4.058090052567422,78,53,4,0,M S,Napoli,2,4.020673490129411,20.254077753052115,14.875061091035604,2019
1412,Daniele Dessena,24,1894,2,1.2287202989682555,0,0.35731011256575584,18,3,5,1,M S,Brescia,2,1.2287202989682555,3.1891833394765854,2.5581237263977528,2019
1422,Borja Valero,19,919,2,2.0694792047142982,0,1.5152300298213959,11,10,4,0,M S,Inter,2,2.0694792047142982,5.880800060927868,3.3094963245093822,2019
1423,Matías Vecino,20,1282,2,3.5866326922550797,2,0.9436936192214489,28,14,4,0,M S,Inter,2,3.5866326922550797,7.42019410431385,3.1118421144783497,2019
1445,Simone Verdi,33,2101,2,3.4572908682748675,6,4.032165156677365,53,47,4,0,F M S,Torino,2,3.4572908682748675,7.947606777772307,4.793735696934164,2019
1449,Federico Di Francesco,20,1091,2,1.9496812941506505,0,0.9161817859858274,25,18,4,0,D F S,SPAL 2013,2,1.9496812941506505,5.685655237175524,3.255187668837607,2019
1463,Francesco Acerbi,36,3171,2,2.1504884446039796,2,1.844044517725706,15,8,4,0,D,Lazio,2,2.1504884446039796,9.873595861718059,7.956214804202318,2019
1471,Lorenzo Pellegrini,27,2138,2,4.5819664667360485,9,8.63224265165627,58,65,6,1,M S,Roma,2,4.5819664667360485,16.341971300542355,9.022965874522924,2019
1473,Matteo Politano,26,1000,2,2.6551852487027645,2,2.6003601336851716,34,27,1,0,F M S,"Inter,Napoli",2,2.6551852487027645,7.490442845970392,4.587148159742355,2019
1474,Alfred Duncan,26,1741,2,1.709067776799202,6,1.6720845103263855,28,18,5,0,D M S,"Fiorentina,Sassuolo",2,1.709067776799202,7.8930319007486105,5.248120773583651,2019
1484,Rafael Toloi,33,2604,2,3.0000449270009995,6,2.5788565948605537,27,17,11,0,D S,Atalanta,2,3.0000449270009995,14.912518318742514,12.555728402920067,2019
1488,Remo Freuler,31,2361,2,1.7210626900196075,2,2.7748961970210075,19,26,3,0,F M S,Atalanta,2,1.7210626900196075,15.876404257491231,12.61246476136148,2019
1502,Marco D&#039;Alessandro,15,791,2,0.6678898055106401,0,1.1440224200487137,6,13,0,1,D F M S,SPAL 2013,2,0.6678898055106401,2.6605676412582397,1.7830581404268742,2019
1550,Luca Ceppitelli,16,1252,2,0.7317299209535122,0,0.054861899465322495,5,2,5,0,D S,Cagliari,2,0.7317299209535122,2.552104104310274,2.508137095719576,2019
1567,Bruno Peres,16,1064,2,0.8991656098514795,2,1.9987537935376167,14,12,3,0,D S,Roma,2,0.8991656098514795,6.888522371649742,4.164498187601566,2019
1605,Diego Farias,18,803,2,1.8090673051774502,0,2.1441363813355565,23,12,3,1,F M S,Lecce,2,1.8090673051774502,4.697009981609881,2.348871234804392,2019
1710,Marten de Roon,35,2709,2,1.3709766110405326,5,1.7275100657716393,31,33,12,0,D M S,Atalanta,2,1.3709766110405326,16.459310335107148,15.130957861430943,2019
1927,Berat Gjimshiti,34,2800,2,1.8536576153710485,1,1.4089387152343988,21,13,5,0,D S,Atalanta,2,1.8536576153710485,10.982252015732229,10.455678748898208,2019
1958,Mattia Zaccagni,34,2141,2,4.572316979058087,5,4.360172109212726,27,33,5,0,F M S,Verona,2,4.572316979058087,13.046355518512428,5.946979163214564,2019
1998,Francesco Cassata,24,1459,2,1.160269908607006,0,0.8161879014223814,13,9,9,2,D M S,Genoa,2,1.160269908607006,4.947387486696243,3.139922982081771,2019
2244,Danilo,22,1438,2,0.9697277825325727,0,0.8848083093762398,14,15,2,1,D S,Juventus,2,0.9697277825325727,7.359568029642105,5.982604421675205,2019
2303,Samu Castillejo,22,1220,2,4.448642883449793,3,4.004099943675101,31,43,3,0,F M S,AC Milan,2,4.448642883449793,9.088805295526981,2.4419044069945812,2019
3951,Kevin Bonifazi,17,1445,2,1.235435826703906,0,0.105143703520298,8,2,2,0,D S,"SPAL 2013,Torino",2,1.235435826703906,2.5062223756685853,2.393923387862742,2019
4733,José Luis Palomino,30,2480,2,3.241429043933749,1,1.3922051154077053,16,6,5,0,D S,Atalanta,2,3.241429043933749,10.05988148599863,8.822046719491482,2019
4906,Alberto Cerri,19,652,2,1.7415076987817883,0,0.6592783089727163,18,9,2,0,F S,"Cagliari,SPAL 2013",2,1.7415076987817883,3.0269398475065827,1.115369040518999,2019
4939,Alessandro Bastoni,25,1923,2,1.3325679004192352,0,0.7401969023048878,8,12,7,1,D S,Inter,2,1.3325679004192352,9.133151829242706,7.9141019731760025,2019
6176,Adam Marusic,15,939,2,1.80463607609272,1,0.6567594055086374,11,7,3,0,D S,Lazio,2,1.80463607609272,3.7899385672062635,1.9758535958826542,2019
6208,Antonin Barak,24,1546,2,3.6461280481889844,1,1.7430241145193577,38,21,1,0,M S,"Lecce,Udinese",2,3.6461280481889844,8.123273804783821,3.1396711878478527,2019
6841,Ken Sema,32,2484,2,0.5872038938105106,1,4.253390608355403,17,39,6,0,D M S,Udinese,2,0.5872038938105106,7.62742249853909,4.526630576699972,2019
6989,Simone Iacoponi,36,3051,2,1.1600034665316343,0,0.06548810005187988,9,2,7,0,D S,Parma Calcio 1913,2,1.1600034665316343,4.79867110401392,4.103532709181309,2019
7500,Giacomo Raspadori,11,249,2,1.3048213981091976,0,0.20167380571365356,11,5,0,0,F M S,Sassuolo,2,1.3048213981091976,1.7984017953276634,0.4063200019299984,2019
7935,Lasse Schöne,32,2450,2,3.534636478405446,3,3.844559174031019,35,41,5,0,M S,Genoa,2,2.77333778468892,8.915191985666752,4.613925499841571,2019
7950,Mert Müldür,24,1262,2,0.8605952113866806,1,0.4600157756358385,13,10,4,0,D S,Sassuolo,2,0.8605952113866806,5.388628365471959,4.529214011505246,2019
7953,Nahitan Nández,35,2901,2,1.7744021341204643,3,4.506602048873901,26,36,14,0,D M S,Cagliari,2,1.7744021341204643,12.519073975272477,8.008899694308639,2019
7959,Nikolas Spalek,25,1615,2,3.3101091096177697,1,2.1801047949120402,25,18,5,0,F M S,Brescia,2,3.3101091096177697,5.761130112223327,1.7850438207387924,2019
7962,Jaromir Zmrhal,21,1108,2,1.5833151750266552,0,0.4702088963240385,14,9,0,0,M S,Brescia,2,1.5833151750266552,2.961836013942957,1.2654468081891537,2019
7972,Andrea La Mantia,12,541,2,3.505928371101618,0,0.6706053148955107,21,7,1,0,F M S,Lecce,2,3.505928371101618,4.665779821574688,0.6235363585874438,2019
193,Giulio Donati,20,1766,1,0.25491120386868715,0,1.937365997582674,9,24,4,0,D,Lecce,1,0.25491120386868715,5.808116132393479,4.837270958349109,2019
257,Jeremy Toljan,29,2192,1,0.6392563097178936,2,2.453794884495437,8,28,8,0,D S,Sassuolo,1,0.6392563097178936,7.365471941418946,6.212658777832985,2019
393,Douglas Costa,23,770,1,0.6565029928460717,4,4.143622405827045,18,30,1,0,F M S,Juventus,1,0.6565029928460717,6.052551621571183,3.415006995201111,2019
542,Pedro Obiang,25,1660,1,1.5510449893772602,1,0.8420502878725529,22,16,10,0,M S,Sassuolo,1,1.5510449893772602,7.154576126486063,5.688452707603574,2019
557,Matteo Darmian,33,2681,1,0.882983922958374,1,0.8851096918806434,8,12,6,0,D M S,Parma Calcio 1913,1,0.882983922958374,6.120543444529176,5.015062503516674,2019
646,Christian Eriksen,17,699,1,2.946162037551403,2,2.651606297120452,24,22,0,0,M S,Inter,1,2.946162037551403,7.065473943948746,3.5410938635468483,2019
1000,Federico Fazio,16,1218,1,0.3344523087143898,0,0.06300520151853561,4,1,2,1,D S,Roma,1,0.3344523087143898,6.161377403885126,6.161377403885126,2019
1096,Armando Izzo,31,2690,1,0.6814996879547834,0,0.9178724121302366,12,16,5,2,D S,Torino,1,0.6814996879547834,7.346829030662775,6.705766044557095,2019
1099,Tomás Rincón,32,2718,1,1.1440931968390942,3,1.2176459757611156,16,28,10,0,M S,Torino,1,1.1440931968390942,7.95716995652765,6.425958462059498,2019
1119,Alessio Romagnoli,35,3091,1,1.255511999130249,0,1.7577579244971275,15,11,4,0,D,AC Milan,1,1.255511999130249,10.242951961234212,9.947512378916144,2019
1129,Suso,16,1363,1,1.0680343843996525,2,3.7843920215964317,31,42,2,0,F M S,AC Milan,1,1.0680343843996525,6.322409845888615,3.5532133765518665,2019
1133,Cristian Zapata,20,1712,1,0.6665098108351231,0,0.9102129759266973,12,6,4,0,D S,Genoa,1,0.6665098108351231,3.60022609308362,3.519390294328332,2019
1142,Samir,21,1540,1,1.0663721980527043,0,0.3281692024320364,5,5,3,0,D S,Udinese,1,1.0663721980527043,2.037651172839105,1.8354678703472018,2019
1168,Bryan Cristante,26,1601,1,1.3382037114351988,3,1.3496544007211924,29,20,7,1,D M S,Roma,1,1.3382037114351988,11.037777781486511,9.503500685095787,2019
1183,Marco Benassi,18,965,1,1.0452774856239557,1,1.3882491700351238,20,16,1,0,M S,Fiorentina,1,1.0452774856239557,3.401534117758274,1.3710177913308144,2019
1206,Danilo Cataldi,21,552,1,0.3997171074151993,0,0.7688774988055229,10,12,3,0,M S,Lazio,1,0.3997171074151993,2.467175403609872,2.265984695404768,2019
1207,Marco Parolo,29,1693,1,0.8715026034042239,0,0.37709568813443184,17,8,8,0,M S,Lazio,1,0.8715026034042239,3.7761022336781025,2.9100192124024034,2019
1264,Edoardo Goldaniga,13,772,1,1.507259457372129,0,0.35961889661848545,6,6,4,0,D S,Genoa,1,1.507259457372129,1.3164985235780478,1.0400089230388403,2019
1289,Alex Sandro,29,2385,1,0.6765876961871982,3,2.541168521158397,16,34,4,0,D S,Juventus,1,0.6765876961871982,11.940181248821318,10.263928577303886,2019
1296,Stefano Sturaro,16,1259,1,2.0325644947588444,2,1.3497478775680065,18,11,7,0,D F M S,Genoa,1,2.0325644947588444,4.4911695625633,1.5087337139993906,2019
1375,Elseid Hysaj,20,1485,1,0.22809719387441874,2,1.664902675896883,5,21,3,0,D S,Napoli,1,0.22809719387441874,6.819619011133909,6.0290345549583435,2019
1377,Nikola Maksimovic,22,1800,1,0.6006796862930059,1,0.550995010882616,4,9,2,0,D S,Napoli,1,0.6006796862930059,5.381034951657057,5.347018543630838,2019
1380,Amadou Diawara,22,1533,1,0.9722621124237776,1,0.46361779887229204,10,16,4,0,M S,Roma,0,0.21096309833228588,7.106500657275319,6.651072710752487,2019
1390,Marko Rog,30,2345,1,1.8421281818300486,1,1.7737003052607179,30,31,10,0,M S,Cagliari,1,1.8421281818300486,8.122995501384139,5.510695621371269,2019
1397,Fabio Pisacane,30,2455,1,0.834313303232193,0,0.1758038979023695,7,4,6,1,D M S,Cagliari,1,0.834313303232193,4.005140128545463,3.915007815696299,2019
1409,Nicolò Barella,27,2018,1,1.7013044143095613,4,2.0672925682738423,24,23,11,0,M S,Inter,1,1.7013044143095613,11.318037986755371,8.646482329815626,2019
1424,Federico Bernardeschi,29,1591,1,4.681333148851991,1,3.6525239180773497,50,35,6,0,F M S,Juventus,1,4.681333148851991,10.562616311013699,4.6785381538793445,2019
1430,Milan Badelj,22,1608,1,0.92775500100106,0,0.844089800491929,15,21,1,1,M S,Fiorentina,1,0.92775500100106,5.608943458646536,4.17393053509295,2019
1444,Blerim Dzemaili,14,697,1,0.4569499995559454,1,1.589474892243743,16,20,2,0,M S,Bologna,1,0.4569499995559454,3.5953459441661835,2.4515081979334354,2019
1446,Sergio Floccari,24,920,1,1.047859113663435,0,0.4794753957539797,18,9,3,0,F S,SPAL 2013,1,1.047859113663435,2.096105578355491,0.9204439986497164,2019
1447,Ladislav Krejci,14,1041,1,0.5932144969701767,0,1.4752874579280615,3,9,1,0,D S,Bologna,1,0.5932144969701767,3.6181856505572796,2.723721766844392,2019
1500,Leonardo Spinazzola,24,1551,1,1.1452728975564241,2,3.872906926088035,14,22,2,0,D S,Roma,1,1.1452728975564241,6.774423159658909,4.168484717607498,2019
1504,Alberto Grassi,16,620,1,0.29588250257074833,1,0.24587230011820793,8,5,6,0,M S,Parma Calcio 1913,1,0.29588250257074833,0.7254285980015993,0.41149330884218216,2019
1537,Sasa Lukic,30,1843,1,1.2716419901698828,0,0.49075779877603054,17,13,5,1,M S,Torino,1,1.2716419901698828,5.052525306120515,3.531460974365473,2019
1542,Stefan Radu,29,2333,1,0.09256490040570498,0,0.53694748878479,4,13,8,0,D S,Lazio,1,0.09256490040570498,7.944173652678728,7.3935203440487385,2019
1574,Davide Calabria,25,1627,1,0.49778019823133945,1,0.7122655063867569,13,13,2,2,D S,AC Milan,1,0.49778019823133945,5.596499182283878,4.906367154791951,2019
1576,Giorgio Chiellini,4,205,1,0.5284979939460754,0,0,1,0,0,0,D S,Juventus,1,0.5284979939460754,1.6591917220503092,1.6591917220503092,2019
1595,Bastos,16,752,1,0.6620801100507379,0,0,7,0,4,0,D S,Lazio,1,0.6620801100507379,2.5867930678650737,2.4718462666496634,2019
1603,Simone Missiroli,34,2794,1,0.6306077921763062,0,1.1448442796245217,12,18,7,0,M S,SPAL 2013,1,0.6306077921763062,6.658173927105963,5.126604797318578,2019
1634,Alessandro Deiola,11,709,1,0.30971379578113556,1,0.27653580717742443,9,8,3,0,M S,"Cagliari,Lecce",1,0.30971379578113556,1.7175990659743547,1.3169358242303133,2019
1819,Kevin-Prince Boateng,14,591,1,1.1384087093174458,0,0.29593620635569096,18,7,2,0,F S,Fiorentina,1,1.1384087093174458,2.3513354286551476,1.206962700933218,2019
1849,Rômulo,23,1749,1,1.790924208238721,3,1.3911909190937877,17,17,3,0,M S,"Brescia,Genoa",1,1.790924208238721,6.933941872790456,4.271012082695961,2019
1942,Martín Cáceres,27,2357,1,1.7820369098335505,0,0.4933582963421941,12,15,8,1,D,Fiorentina,1,1.7820369098335505,6.400213221088052,4.719229131937027,2019
2010,Simone Edera,13,385,1,1.3069999944418669,1,0.8723615845665336,15,6,2,1,F M S,Torino,1,1.3069999944418669,2.094646468758583,0.7079755887389183,2019
2264,Diego Godín,23,1632,1,0.7739588115364313,1,1.0156690794974566,11,10,5,0,D S,Inter,1,0.7739588115364313,6.470394421368837,5.616448312997818,2019
3276,Rachid Ghezzal,19,817,1,0.48972580302506685,0,1.2627284983173013,11,17,5,0,F M S,Fiorentina,1,0.48972580302506685,3.3270250633358955,2.365840369835496,2019
3291,Adrien Rabiot,28,1912,1,1.5950316237285733,1,1.6382745001465082,20,14,5,1,M S,Juventus,1,1.5950316237285733,9.149917293339968,6.953805681318045,2019
3340,Bryan Dabo,16,1127,1,0.9955150987952948,4,0.9067932181060314,8,12,4,0,M S,SPAL 2013,1,0.9955150987952948,3.9453193359076977,3.035564135760069,2019
3356,Adama Soumaoro,8,638,1,0.5974389910697937,0,0.06423689797520638,1,2,2,0,D S,Genoa,1,0.5974389910697937,0.4124386217445135,0.37941272370517254,2019
3387,Nicolas N&#039;Koulou,31,2688,1,0.7301744055002928,0,0.03851740062236786,10,2,3,1,D S,Torino,1,0.7301744055002928,6.661879635415971,6.432504744268954,2019
3857,Andrea Tabanelli,13,960,1,0.9222226785495877,0,0.1337475012987852,11,5,4,0,M S,Lecce,1,0.9222226785495877,2.9509725347161293,2.092835425864905,2019
3893,Lukas Haraslin,11,376,1,0.7643866911530495,0,0.06888730078935623,10,1,1,0,F M S,Sassuolo,1,0.7643866911530495,1.5027965027838945,0.7880130112171173,2019
4912,Paolo Faragò,21,1324,1,1.742645025253296,1,0.5297176046296954,13,14,3,0,D M S,Cagliari,1,1.742645025253296,5.647613778710365,4.803812824189663,2019
4957,Alessandro Semprini,12,618,1,0.8105815155431628,0,0.2762774061411619,2,7,2,0,D S,Brescia,1,0.8105815155431628,1.4291747007519007,0.45821489207446575,2019
5246,Diego Demme,15,909,1,0.4752934016287327,0,0.3969872985035181,4,9,6,0,M S,Napoli,1,0.4752934016287327,4.80447362549603,4.056237369775772,2019
5700,Yann Karamoh,14,568,1,0.476101603358984,1,1.2241992470808327,11,11,0,0,F M S,Parma Calcio 1913,1,0.476101603358984,2.0690353363752365,0.5961643969640136,2019
5910,Zan Majer,27,1663,1,1.5344708235934377,1,1.3214632216840982,19,20,7,0,M S,Lecce,1,1.5344708235934377,6.173261622898281,3.7693243166431785,2019
6021,Lukas Lerager,21,1379,1,0.9377881120890379,1,2.0069195898249745,15,11,5,0,M S,Genoa,1,0.9377881120890379,5.406707771122456,3.673879496753216,2019
6157,Timothy Castagne,27,1762,1,1.9758142419159412,2,2.668532148003578,17,21,4,0,D M S,Atalanta,1,1.9758142419159412,10.486921350471675,7.808310120366514,2019
6159,Gianluca Mancini,32,2747,1,2.8419893011450768,0,0.7721152044832706,21,12,14,1,D M S,Roma,1,2.8419893011450768,7.154852574691176,5.951352084055543,2019
6177,Luiz Felipe,26,2026,1,0.53104761056602,1,0.485894987359643,8,4,6,0,D S,Lazio,1,0.53104761056602,6.1698905462399125,5.678064216859639,2019
6203,Eddie Salcedo,17,666,1,1.923362836241722,0,1.669262409210205,21,8,0,0,F M S,Verona,1,1.923362836241722,3.0295895412564278,0.4311923021450639,2019
6211,Mehdi Leris,15,480,1,0.7676117569208145,1,1.1273093223571777,13,10,0,0,F M S,Sampdoria,1,0.7676117569208145,1.2432832531630993,0.9337671063840389,2019
6262,Jens Stryger Larsen,33,2805,1,1.2282516872510314,3,2.2160787023603916,12,24,5,0,D S,Udinese,1,1.2282516872510314,8.114473358727992,5.911842237226665,2019
6312,Rogerio,15,1033,1,0.3659780975431204,1,0.6647526081651449,11,12,6,0,D S,Sassuolo,1,0.3659780975431204,2.7016410790383816,2.3497225493192673,2019
6324,Marash Kumbulla,25,1965,1,1.4404251016676426,0,0.0672841016203165,9,2,5,1,D,Verona,1,1.4404251016676426,2.7804357167333364,2.7131519094109535,2019
6387,Luca Gagliano,2,54,1,0.64580899477005,1,0.031654100865125656,2,1,0,0,F S,Cagliari,1,0.64580899477005,0.6774640083312988,0,2019
6806,Rodrigo Becão,29,2210,1,0.5804112944751978,1,0.5206644907593727,7,2,8,0,D S,Udinese,1,0.5804112944751978,5.10222290083766,4.333587523549795,2019
6972,Federico Santander,24,732,1,4.475957807153463,0,0.8263155966997147,25,13,6,0,F S,Bologna,0,3.7146592158824205,3.609836531803012,1.115871511399746,2019
6974,Mattias Svanberg,25,1045,1,1.9971326291561127,2,1.2798649910837412,38,19,2,0,M S,Bologna,1,1.9971326291561127,5.505712334066629,3.155806688591838,2019
6981,Ismael Bennacer,31,2499,1,1.055277906358242,0,1.5276580788195133,15,29,14,0,M S,AC Milan,1,1.055277906358242,15.132244940847158,13.485116370022297,2019
6990,Antonino Barillà,26,1709,1,1.1260176934301853,2,2.079763655550778,17,15,6,0,D M S,Parma Calcio 1913,1,1.1260176934301853,5.633499998599291,3.4451621901243925,2019
6993,Mattia Sprocati,20,571,1,0.650391411036253,0,0.3659576019272208,14,8,0,0,F S,Parma Calcio 1913,1,0.650391411036253,1.0304495804011822,0.26007330045104027,2019
6997,Ignacio Pussetto,12,320,1,0.8276553964242339,0,0.3571569975465536,10,8,1,0,F M S,Udinese,1,0.8276553964242339,1.521069216541946,0.5983612071722746,2019
7002,Giangiacomo Magnani,10,245,1,0.8858739957213402,0,0.09394949674606323,4,2,3,0,D S,"Brescia,Sassuolo",1,0.8858739957213402,0.15365849807858467,0.05970900133252144,2019
7003,Mehdi Bourabia,17,911,1,0.23412210121750832,2,0.45542680099606514,10,5,5,1,M S,Sassuolo,1,0.23412210121750832,4.093874612823129,3.890403399243951,2019
7218,Cristian Romero,30,2593,1,1.0096226995810866,1,0.42378960456699133,15,10,13,1,D,Genoa,1,1.0096226995810866,5.6376810651272535,5.345809964463115,2019
7263,Musa Juwara,7,141,1,0.2955089956521988,0,0.14555142261087894,6,4,1,0,M S,Bologna,1,0.2955089956521988,1.3309769928455353,1.0423614755272865,2019
7289,Amin Younes,9,154,1,0.8402899876236916,0,0.754894302226603,7,5,1,0,M S,Napoli,1,0.8402899876236916,2.2266173101961613,1.3310634084045887,2019
7416,Merih Demiral,6,415,1,0.12382829934358597,1,0.41933000087738037,2,1,1,0,D S,Juventus,1,0.12382829934358597,1.2649235874414444,1.2649235874414444,2019
7417,Christian Oliva,11,461,1,0.1341540990397334,1,0.16899430006742477,3,2,1,0,M S,Cagliari,1,0.1341540990397334,1.4778413223102689,1.1746926354244351,2019
7472,Wilfried Stephane Singo,4,127,1,0.12541530281305313,0,0.10199599713087082,2,3,0,0,D S,Torino,1,0.12541530281305313,0.978918083012104,0.7952839732170105,2019
7609,Carles Pérez,14,553,1,1.2256435938179493,3,1.413734059780836,21,10,2,0,M S,Roma,1,1.2256435938179493,4.8806224428117275,3.7151620108634233,2019
7912,Eljif Elmas,26,1110,1,2.1252834759652615,1,1.1582830883562565,23,15,7,0,F M S,Napoli,1,2.1252834759652615,4.687107365578413,2.6693544052541256,2019
7923,Pawel Dawidowicz,15,692,1,0.5345921088010073,0,0,4,0,2,2,D S,Verona,1,0.5345921088010073,2.106408901512623,2.106408901512623,2019
7927,Sofyan Amrabat,34,2940,1,2.1420941399410367,1,2.2731084898114204,19,29,10,2,M S,Verona,0,1.380795125849545,9.348437719978392,6.553109899163246,2019
7931,Takehiro Tomiyasu,29,2538,1,1.0880007734522223,3,1.6583876218646765,19,18,8,0,D,Bologna,1,1.0880007734522223,8.02414703834802,6.780545285902917,2019
7932,Stefano Denswil,26,2243,1,1.1923675034195185,1,0.43512139841914177,11,9,5,1,D S,Bologna,1,1.1923675034195185,5.303191468119621,5.09560826048255,2019
7934,Andreas Skov Olsen,26,727,1,1.9622487919405103,0,0.32708289846777916,20,8,2,0,M S,Bologna,1,1.9622487919405103,3.449513132683933,1.5032274909317493,2019
7937,Julian Chabot,8,566,1,0.05119260028004646,0,0,1,0,1,1,D S,Sampdoria,1,0.05119260028004646,1.2549019902944565,1.2549019902944565,2019
7939,Morten Thorsby,24,1882,1,1.7017936240881681,1,0.9330150578171015,18,20,7,1,D M S,Sampdoria,1,1.7017936240881681,4.571312059648335,3.6858670664951205,2019
7942,Bobby Adekanye,11,159,1,1.598041906952858,0,0.20201580226421356,5,3,1,0,S,Lazio,1,1.598041906952858,2.1552618891000748,0.9431149959564209,2019
7944,Gabriel Strefezza,32,2117,1,2.386287000030279,2,1.9819386033341289,53,26,7,1,D F M S,SPAL 2013,1,2.386287000030279,6.915930544957519,3.1422917088493705,2019
7954,Daniele Ragatzu,13,290,1,0.7801069114357233,0,0.4832968935370445,9,8,1,0,F M S,Cagliari,1,0.7801069114357233,1.56983751244843,0.6409066896885633,2019
7956,Andrea Cistana,21,1838,1,0.33788249269127846,0,0.16423455299809575,6,3,7,1,D,Brescia,1,0.33788249269127846,2.1506846714764833,2.123344661667943,2019
7957,Dimitri Bisoli,25,2156,1,2.5396538749337196,1,2.3935373071581125,25,19,6,0,M S,Brescia,1,2.5396538749337196,5.015272177755833,2.4837095215916634,2019
7958,Sandro Tonali,35,3034,1,0.9396829903125763,7,6.356063158251345,28,67,9,0,M S,Brescia,1,0.9396829903125763,8.699191463179886,7.521883792243898,2019
7969,Sebastiano Esposito,7,191,1,1.7699680477380753,0,0.19892919808626175,11,4,1,0,F S,Inter,0,1.0086688175797462,1.0947727896273136,0.034631699323654175,2019
7977,Evgen Shakhov,24,1074,1,1.0299372989684343,2,2.038077031262219,14,13,3,0,F M S,Lecce,1,1.0299372989684343,5.770103191956878,3.9786820132285357,2019
8010,Kevin Agudelo,13,730,1,1.2992560062557459,1,1.7375211045145988,14,14,3,1,F M S,"Fiorentina,Genoa",1,1.2992560062557459,5.557292401790619,2.8340626303106546,2019
8059,Biagio Meccariello,14,758,1,0.19928920082747936,0,0.11566139943897724,5,5,2,0,D S,Lecce,1,0.19928920082747936,2.778399484232068,2.625406736508012,2019
8127,Amad Diallo Traore,3,17,1,0.044963300228118896,0,0.07443950325250626,1,1,0,0,S,Atalanta,1,0.044963300228118896,0.1601257026195526,0.11516240239143372,2019
8289,Gastón Pereiro,10,337,1,0.620611909776926,0,0.13202720135450363,14,2,3,0,F M S,Cagliari,1,0.620611909776926,1.2134684845805168,0.720935508608818,2019
8297,Alexis Saelemaekers,13,677,1,0.6453747041523457,0,0.5632563913241029,9,7,2,1,M S,AC Milan,1,0.6453747041523457,3.9862089501693845,3.0043438374996185,2019
8309,Kristoffer Askildsen,4,62,1,0.010590700432658195,0,0.1491280049085617,1,2,0,1,S,Sampdoria,1,0.010590700432658195,0.29565519466996193,0.13593649677932262,2019
8387,Andrea Papetti,11,920,1,0.07540730200707912,0,0.07020340114831924,2,1,5,0,D S,Brescia,1,0.07540730200707912,0.6361058987677097,0.5659028962254524,2019
265,Ragnar Klavan,31,2350,0,0.18664169870316982,0,0.6552199507132173,4,5,4,0,D S,Cagliari,0,0.18664169870316982,4.581309858709574,4.19024839438498,2019
308,Ricardo Rodríguez,5,390,0,0.01413160003721714,0,0.058864399790763855,1,1,0,0,D,AC Milan,0,0.01413160003721714,1.3941700905561447,1.3800383917987347,2019
411,Albin Ekdal,32,2381,0,1.265090980567038,2,1.434614995494485,16,23,8,0,M S,Sampdoria,0,1.265090980567038,6.251870095729828,4.474948652088642,2019
475,Lucas Leiva,25,1837,0,0.43783899769186974,1,1.7984362859278917,10,19,8,1,M S,Lazio,0,0.43783899769186974,9.585468381643295,8.626096595078707,2019
505,David Ospina,17,1469,0,0,0,0,0,0,0,0,GK,Napoli,0,0,2.683096542954445,2.683096542954445,2019
541,Victor Moses,12,413,0,0.27389609813690186,3,2.3557670265436172,5,9,1,0,M S,Inter,0,0.27389609813690186,3.8395260870456696,1.7794684562832117,2019
570,Valon Behrami,17,1123,0,0.19442209601402283,0,0,5,0,2,1,M S,Genoa,0,0.19442209601402283,1.8907173816114664,1.7390604969114065,2019
604,Emre Can,8,274,0,0.7976261153817177,0,0.1184181971475482,7,3,2,0,M S,Juventus,0,0.7976261153817177,1.6230473862960935,1.049494095146656,2019
694,Asmir Begovic,2,126,0,0,0,0,0,0,0,0,GK S,AC Milan,0,0,0.6044809818267822,0.6044809818267822,2019
716,Alberto Paloschi,17,631,0,1.6663914043456316,0,0.3055474003776908,13,7,0,0,F S,"Cagliari,SPAL 2013",0,1.6663914043456316,1.1027437932789326,0.186659699305892,2019
725,Ola Aina,32,2074,0,0.40508680790662766,2,2.2581102969124913,12,22,8,0,D M S,Torino,0,0.40508680790662766,7.155936814844608,5.393098909407854,2019
845,Maya Yoshida,14,1185,0,0.14559810049831867,1,0.12837929837405682,5,4,1,0,D S,Sampdoria,0,0.14559810049831867,1.2396712051704526,1.13203420676291,2019
861,Giannelli Imbula,3,124,0,0,0,0,0,0,0,0,M S,Lecce,0,0,0.14681649953126907,0.14681649953126907,2019
1093,Mattia Perin,21,1890,0,0,0,0.09061690047383308,0,2,1,0,GK,Genoa,0,0,0.8365851994603872,0.7459681015461683,2019
1100,Diego Laxalt,20,722,0,0.318207498639822,1,0.3812874937430024,6,7,4,0,D M S,"AC Milan,Torino",0,0.318207498639822,1.8951317816972733,1.364700298756361,2019
1104,Leonardo Pavoletti,2,45,0,0.07117699831724167,0,0,2,0,0,0,F S,Cagliari,0,0.07117699831724167,0.3974669873714447,0.3732660114765167,2019
1114,Davide Biraschi,24,1985,0,0.3816763972863555,1,0.48226330429315567,7,7,3,1,D M S,Genoa,0,0.3816763972863555,4.285585083067417,3.7891086507588625,2019
1116,Gianluigi Donnarumma,36,3204,0,0,0,0,0,0,3,0,GK,AC Milan,0,0,5.8013230208307505,5.8013230208307505,2019
1120,Mattia De Sciglio,9,467,0,0.021525900810956955,0,0.12655210122466087,1,2,1,0,D S,Juventus,0,0.021525900810956955,2.278336865827441,2.256810886785388,2019
1122,Manuel Locatelli,33,2628,0,1.2651747837662697,5,4.255433078855276,32,51,9,0,M S,Sassuolo,0,1.2651747837662697,14.152560153976083,11.417599061504006,2019
1132,Gabriel,34,2997,0,0,0,0,0,0,4,0,GK,Lecce,0,0,3.1193836592137814,3.1193836592137814,2019
1141,Felipe,15,993,0,1.0011882819235325,0,0.01199750043451786,6,1,5,0,D S,SPAL 2013,0,1.0011882819235325,2.1313590444624424,1.957800004631281,2019
1150,Emmanuel Badu,10,218,0,0,0,0.030066199600696564,0,1,2,0,M S,Verona,0,0,0.23249680176377296,0.20243060402572155,2019
1165,Gastón Brugman,23,1476,0,0.24675149749964476,2,1.324907386675477,10,12,5,0,M S,Parma Calcio 1913,0,0.24675149749964476,4.091607889160514,3.392752291634679,2019
1178,Davide Zappacosta,9,431,0,0.6812217049300671,1,0.7593546267598867,4,7,0,0,D S,Roma,0,0.6812217049300671,3.179088734090328,1.8276095502078533,2019
1180,Luca Rossettini,26,2265,0,0.13774690125137568,2,0.9569102674722672,4,4,5,0,D S,Lecce,0,0.13774690125137568,3.565647689625621,3.2405263986438513,2019
1181,Antonio Barreca,18,1105,0,0.15506100095808506,1,0.7580770924687386,6,4,0,0,D M S,Genoa,0,0.15506100095808506,2.127996953204274,1.2719423864036798,2019
1182,Daniele Baselli,16,1307,0,0.768543491140008,2,0.8572453018277884,7,18,3,0,M,Torino,0,0.768543491140008,3.141186692751944,2.32134529389441,2019
1184,Mirko Valdifiori,22,1402,0,0.07749790139496326,3,2.1859546806663275,4,37,5,0,M S,SPAL 2013,0,0.07749790139496326,2.891056493856013,2.5348559776321054,2019
1193,Lorenzo De Silvestri,29,2268,0,2.478534685447812,0,1.6061811987310648,22,19,2,0,D M S,Torino,0,2.478534685447812,6.279892409220338,3.1218582950532436,2019
1195,Daniele Padelli,3,270,0,0,0,0,0,0,0,0,GK,Inter,0,0,0.3486480116844177,0.3486480116844177,2019
1204,Patric,21,1688,0,0.13937039952725172,0,0.1171627976000309,6,5,2,1,D S,Lazio,0,0.13937039952725172,7.6249396642670035,7.464173070155084,2019
1205,Senad Lulic,20,1595,0,1.364554924890399,2,1.9163120109587908,15,21,6,0,D,Lazio,0,1.364554924890399,6.485174909234047,5.022242657840252,2019
1212,Alessandro Murgia,25,1759,0,2.279246687889099,1,1.9060789104551077,24,30,3,0,M S,SPAL 2013,0,2.279246687889099,3.7391941603273153,1.4340536901727319,2019
1214,Thomas Strakosha,38,3420,0,0,0,0.12416310049593449,0,2,2,0,GK,Lazio,0,0,5.913067174144089,5.788905086927116,2019
1221,Jacopo Sala,16,840,0,0.44334579817950726,0,0.15460979659110308,15,7,1,0,D S,SPAL 2013,0,0.44334579817950726,1.3599187089130282,0.906593301333487,2019
1223,Milan Skriniar,32,2622,0,0.5902856914326549,0,0.5716065000742674,13,9,7,1,D S,Inter,0,0.5902856914326549,10.21226891502738,9.635717250406742,2019
1224,Vasco Regini,5,218,0,0,0,0.14855599403381348,0,1,0,0,D S,"Parma Calcio 1913,Sampdoria",0,0,0.882666626945138,0.882666626945138,2019
1225,Edgar Barreto,2,92,0,0.01716740056872368,0,0,1,0,0,0,M S,Sampdoria,0,0.01716740056872368,0.10330600291490555,0.10330600291490555,2019
1238,Luca Cigarini,22,1598,0,0.30882349982857704,4,3.239103091880679,7,43,6,1,M S,Cagliari,0,0.30882349982857704,5.4447166714817286,4.41877325065434,2019
1244,Wojciech Szczesny,29,2594,0,0,0,0,0,0,1,0,GK,Juventus,0,0,3.6683290665969253,3.6683290665969253,2019
1247,Juan Jesus,4,136,0,0,0,0,0,0,2,0,D S,Roma,0,0,1.6181557960808277,1.6181557960808277,2019
1254,Alessandro Florenzi,14,1017,0,0.4294812027364969,1,1.9170422069728374,14,12,5,0,D M S,Roma,0,0.4294812027364969,5.736080728471279,4.3848880380392075,2019
1265,Thiago Cionek,28,2156,0,0.4514531986787915,1,1.371232888661325,11,16,11,0,D S,SPAL 2013,0,0.4514531986787915,6.527260290458798,5.701123070903122,2019
1273,Mato Jajalo,26,1658,0,0.34401209838688374,0,0.4595282096415758,16,12,6,1,M S,Udinese,0,0.34401209838688374,4.801911275833845,4.339520170353353,2019
1274,Andrea Rispoli,28,1894,0,0.7888617808930576,0,1.3475358574651182,13,17,6,0,D S,Lecce,0,0.7888617808930576,5.7757288957946,4.738105544820428,2019
1281,Giuseppe Pezzella,23,994,0,0.054723501205444336,0,0.14792770147323608,2,4,2,0,D S,"Parma Calcio 1913,Udinese",0,0.054723501205444336,1.436962017789483,1.30070891790092,2019
1285,Gianluigi Buffon,9,810,0,0,0,0.026923399418592453,0,1,0,0,GK,Juventus,0,0,1.6175739839673042,1.590649999678135,2019
1292,Sami Khedira,12,692,0,1.4612194178625941,1,0.4232704918831587,12,8,3,0,M S,Juventus,0,1.4612194178625941,3.186465237289667,1.9193977918475866,2019
1301,Daniele Rugani,10,676,0,0.22447799518704414,0,0,6,0,2,0,D S,Juventus,0,0.22447799518704414,1.516591439023614,1.5031534228473902,2019
1302,Emil Audero,36,3240,0,0,0,0,0,0,1,0,GK,Sampdoria,0,0,2.1366559490561485,2.1366559490561485,2019
1305,Lukasz Skorupski,37,3330,0,0,0,0.022039400413632393,0,1,2,0,GK,Bologna,0,0,2.961448086425662,2.961448086425662,2019
1306,Vincent Laurini,15,898,0,0.016704799607396126,2,0.4730142876505852,1,6,4,0,D S,Parma Calcio 1913,0,0.016704799607396126,3.363911859691143,2.895895466208458,2019
1311,Rade Krunic,15,515,0,0.4797606971114874,1,1.093984704464674,6,8,3,0,M S,AC Milan,0,0.4797606971114874,3.461825981736183,2.285451903939247,2019
1324,Federico Dimarco,16,527,0,0.8560554664582014,3,1.5008740117773414,14,12,1,0,D S,"Inter,Verona",0,0.8560554664582014,3.0976683534681797,2.2636708058416843,2019
1329,Fabrizio Cacciatore,16,1155,0,0.36287608928978443,0,0.5731777995824814,3,5,1,1,D S,Cagliari,0,0.36287608928978443,3.1540538854897022,3.0932825915515423,2019
1336,Valter Birsa,13,419,0,0.12210299726575613,0,0.6986916121095419,3,11,1,0,M S,Cagliari,0,0.12210299726575613,1.001895884051919,0.8454611841589212,2019
1341,Ivan Radovanovic,19,1325,0,1.0369752664119005,1,0.8298110887408257,16,15,3,0,D M S,Genoa,0,1.0369752664119005,3.5522614270448685,2.937590539455414,2019
1354,Gianmarco Ferrari,23,1892,0,1.4214938348159194,1,0.9501933082938194,12,8,5,0,D S,Sassuolo,0,1.4214938348159194,5.369083940982819,5.222727000713348,2019
1355,Bruno Martella,24,1253,0,0.34438089560717344,0,1.5374953858554363,10,15,3,0,D M S,Brescia,0,0.34438089560717344,3.1585119143128395,2.0709747560322285,2019
1370,Federico Ceccherini,15,823,0,0.2147885039448738,0,0.023862499743700027,4,1,3,0,D S,Fiorentina,0,0.2147885039448738,1.9293133169412613,1.9293133169412613,2019
1374,José Reina,1,90,0,0,0,0,0,0,0,0,GK,AC Milan,0,0,0.022591400891542435,0.022591400891542435,2019
1376,Kalidou Koulibaly,25,2110,0,0.7850795881822705,0,0.43537040846422315,14,10,7,1,D S,Napoli,0,0.7850795881822705,9.785447366535664,9.437468133866787,2019
1387,Faouzi Ghoulam,9,361,0,0.1857772981747985,1,1.3080245703458786,4,8,2,0,D S,Napoli,0,0.1857772981747985,2.1345200538635254,1.4914661943912506,2019
1392,Luigi Sepe,34,3060,0,0,0,0.8280185181647539,0,2,1,0,GK,Parma Calcio 1913,0,0,4.301626546308398,3.4736060593277216,2019
1394,Lorenzo Tonelli,9,707,0,0.11737620271742344,0,0,5,0,4,0,D,Sampdoria,0,0.11737620271742344,0.8883359991014004,0.8270855955779552,2019
1395,Vlad Chiriches,9,713,0,0.05929409991949797,0,0,2,0,0,0,D S,Sassuolo,0,0.05929409991949797,1.639848981052637,1.639848981052637,2019
1398,Bartosz Salamon,7,329,0,0,0,0,0,0,1,0,D S,SPAL 2013,0,0,0.6014422103762627,0.6014422103762627,2019
1399,Bruno Alves,33,2679,0,0.9128265902400017,0,0.5315637122839689,24,7,4,0,D S,Parma Calcio 1913,0,0.9128265902400017,4.636414716951549,4.169879690743983,2019
1400,Nicola Murru,28,2261,0,0.35641520097851753,0,0.9010650049895048,8,17,4,1,D M S,Sampdoria,0,0.35641520097851753,3.614534789696336,2.770351467654109,2019
1401,Panagiotis Tachtsidis,28,2016,0,0.6986531093716621,2,1.1147235976532102,27,23,5,1,M S,Lecce,0,0.6986531093716621,7.605484394356608,6.530227264389396,2019
1410,Rafael,6,451,0,0,0,0,0,0,0,0,GK S,Cagliari,0,0,0.7655131071805954,0.7655131071805954,2019
1420,Maximiliano Olivera,1,8,0,0.01589840091764927,0,0,1,0,0,0,S,Fiorentina,0,0.01589840091764927,0.31993600726127625,0.31993600726127625,2019
1431,Sebastien De Maio,21,1506,0,1.6880771722644567,0,0,9,0,1,0,D S,Udinese,0,1.6880771722644567,3.4519604882225394,3.3290044954046607,2019
1435,Nenad Tomovic,23,1763,0,0.7678706953302026,1,0.38390570133924484,10,9,5,1,D S,SPAL 2013,0,0.7678706953302026,2.122757585719228,1.2752313185483217,2019
1436,Sebastián Cristóforo,1,90,0,0,0,0.19568799436092377,0,3,0,0,M,Fiorentina,0,0,0.18849599361419678,0.18849599361419678,2019
1437,Ângelo Da Costa,1,90,0,0,0,0,0,0,0,0,GK,Bologna,0,0,0.030406400561332703,0.030406400561332703,2019
1454,Alex Ferrari,12,1005,0,0.2835877947509289,0,0.6160100102424622,4,2,4,0,D S,Sampdoria,0,0.2835877947509289,0.8782354835420847,0.8638524804264307,2019
1458,Ibrahima Mbaye,20,1510,0,0.49434429965913296,3,1.3043834902346134,6,8,5,0,D S,Bologna,0,0.49434429965913296,3.798299502581358,3.3616504091769457,2019
1460,Andrea Consigli,31,2790,0,0,0,0.5620241910219193,0,4,1,0,GK,Sassuolo,0,0,2.74113198928535,2.1791075859218836,2019
1461,Pol Lirola,35,2663,0,1.2459133947268128,2,3.4232811396941543,24,35,4,0,D S,Fiorentina,0,1.2459133947268128,9.757744017988443,6.596605036407709,2019
1464,Federico Peluso,23,1512,0,0.5378894098103046,2,0.9494527280330658,8,4,5,1,D S,Sassuolo,0,0.5378894098103046,2.8370070941746235,2.8004100657999516,2019
1466,Francesco Magnanelli,22,1389,0,0.253814903087914,0,0.4282361036166549,9,13,5,0,M S,Sassuolo,0,0.253814903087914,4.071470955386758,3.661981511861086,2019
1472,Alessandro Matri,8,62,0,0.28608919214457273,0,0.2759093940258026,6,3,1,1,S,Brescia,0,0.28608919214457273,0.7085598921403289,0.17782399710267782,2019
1475,Claud Adjapong,5,222,0,0.16733300685882568,0,0,3,0,0,0,D M S,Verona,0,0.16733300685882568,0.26799551025032997,0.10066250339150429,2019
1476,Cristian Dell&#039;Orco,14,1010,0,0,1,0.24473939836025238,0,7,0,1,D S,Lecce,0,0,2.906813168898225,2.756843166425824,2019
1477,Luca Mazzitelli,1,9,0,0,0,0,0,0,0,0,S,Sassuolo,0,0,0.05378029868006706,0.05378029868006706,2019
1480,Gianluca Pegolo,5,450,0,0,0,0,0,0,0,0,GK,Sassuolo,0,0,0.19711020588874817,0.19711020588874817,2019
1483,Etrit Berisha,26,2340,0,0,0,0,0,0,1,0,GK,SPAL 2013,0,0,1.9403510810807347,1.9403510810807347,2019
1485,Andrea Masiello,22,1880,0,0.3334117978811264,1,0.8835135996341705,7,6,5,0,D,"Atalanta,Genoa",0,0.3334117978811264,4.6767499428242445,4.298296257853508,2019
1486,Mattia Caldara,14,963,0,0.10864100232720375,1,0.559319019317627,5,1,1,0,D S,Atalanta,0,0.10864100232720375,3.55089111905545,3.55089111905545,2019
1487,Andrea Conti,23,1734,0,0.01324199978262186,2,1.6496559213846922,1,11,8,0,D S,AC Milan,0,0.01324199978262186,7.932172188535333,6.889392735436559,2019
1497,Ervin Zukanovic,3,201,0,0.023747600615024567,0,0,2,0,1,0,D S,SPAL 2013,0,0.023747600615024567,0.3271067962050438,0.31717029213905334,2019
1501,Marco Sportiello,6,526,0,0,0,0,0,0,0,0,GK S,Atalanta,0,0,1.1172084286808968,1.1172084286808968,2019
1505,Samir Handanovic,35,3150,0,0,0,0.16658130288124084,0,2,2,0,GK,Inter,0,0,4.89583963342011,4.820576431229711,2019
1508,Jeison Murillo,10,662,0,0.09840650018304586,0,0.04626860097050667,3,2,1,1,D S,Sampdoria,0,0.09840650018304586,0.43638790771365166,0.3900975026190281,2019
1509,Davide Santon,15,610,0,0.0748628992587328,0,0.030310099944472313,2,1,4,0,D S,Roma,0,0.0748628992587328,1.7447585836052895,1.6954797841608524,2019
1510,Gary Medel,23,1810,0,0.12348960340023041,0,0.4678026046603918,5,10,10,1,D M S,Bologna,0,0.12348960340023041,5.371088206768036,5.217157743871212,2019
1522,Andrea Ranocchia,7,524,0,0.2364072035998106,0,0.0519552007317543,4,1,3,0,D S,Inter,0,0.2364072035998106,2.5980203188955784,2.5839323438704014,2019
1546,Federico Mattiello,18,926,0,0.19213499873876572,1,1.1060987189412117,7,8,3,0,D M S,Cagliari,0,0.19213499873876572,2.204777803272009,1.8751854626461864,2019
1555,Bartlomiej Dragowski,31,2790,0,0,0,0,0,0,1,0,GK,Fiorentina,0,0,2.772303112782538,2.772303112782538,2019
1563,Jordan Lukaku,13,362,0,0.06741899996995926,2,0.5561770983040333,2,10,2,0,D S,Lazio,0,0.06741899996995926,1.018648797646165,0.5632868921384215,2019
1579,Daniele Gastaldello,8,384,0,0.053210701793432236,0,0.14071200042963028,1,2,1,0,D S,Brescia,0,0.053210701793432236,0.7741139978170395,0.6547425016760826,2019
1580,Mattia Destro,13,324,0,1.3916990123689175,0,0.8957910090684891,12,3,2,0,F S,"Bologna,Genoa",0,1.3916990123689175,1.8432950712740421,0.007392109837383032,2019
1587,Kwadwo Asamoah,8,639,0,0.14762459695339203,1,0.31727709993720055,3,11,1,0,D M S,Inter,0,0.14762459695339203,2.338576089590788,1.949995968490839,2019
1589,Lucas Biglia,14,669,0,0.30907420068979263,1,0.22652639634907246,6,6,4,0,M S,AC Milan,0,0.30907420068979263,3.049620281904936,2.703114427626133,2019
1604,Artur Ionita,34,1883,0,0.7527297986671329,2,0.9804391991347075,17,19,6,0,D M S,Cagliari,0,0.7527297986671329,4.559077297337353,3.258356756530702,2019
1609,Antonio Mirante,5,450,0,0,0,0,0,0,0,0,GK,Roma,0,0,0.8546202778816223,0.8546202778816223,2019
1624,Fabio Depaoli,29,1846,0,0.9059987654909492,1,2.300639260560274,26,30,7,0,D M S,Sampdoria,0,0.9059987654909492,4.80630904994905,2.66529050283134,2019
1631,Luca Zanimacchia,2,116,0,0.02474760077893734,0,0.07094510085880756,2,2,0,0,F S,Juventus,0,0.02474760077893734,0.1745517998933792,0.10961879789829254,2019
1639,Sebastiano Luperto,9,521,0,0.011512800119817257,0,0.07078659906983376,1,2,2,0,D S,Napoli,0,0.011512800119817257,2.0573809891939163,2.0117132887244225,2019
1641,Andrea Bertolacci,12,546,0,0.10054660029709339,0,0.08340229839086533,4,2,3,0,M S,Sampdoria,0,0.10054660029709339,0.731553703546524,0.5476049948483706,2019
1645,Marko Pajac,11,759,0,0.2508995048701763,0,2.3441383093595505,7,12,1,0,D M S,Genoa,0,0.2508995048701763,3.9454608410596848,3.0086887404322624,2019
1792,Mário Rui,24,1976,0,0.9603294972330332,2,4.040529265999794,31,34,9,0,D S,Napoli,0,0.9603294972330332,12.074286073446274,9.697439223527908,2019
1830,Ionut Radu,17,1530,0,0,1,0.06666229665279388,0,1,1,0,GK,Genoa,0,0,0.9920502072200179,0.925387910567224,2019
1841,Pierluigi Gollini,33,2884,0,0,0,0,0,0,3,0,GK,Atalanta,0,0,7.291789089329541,7.291789089329541,2019
1846,Luca Siligardi,12,313,0,0.904115492478013,1,0.14483610168099403,11,4,0,0,F M S,Parma Calcio 1913,0,0.904115492478013,1.771265821531415,0.835997000336647,2019
1892,Alex Meret,22,1951,0,0,0,0,0,0,0,0,GK S,Napoli,0,0,4.154804337769747,4.154804337769747,2019
1894,Simone Colombi,4,360,0,0,0,0,0,0,0,0,GK,Parma Calcio 1913,0,0,0.021970899775624275,0.021970899775624275,2019
1898,Stefano Sabelli,36,3177,0,0.48476280458271503,3,4.368239874020219,14,41,5,0,D M,Brescia,0,0.48476280458271503,8.466163201257586,6.064853944815695,2019
1926,Boris Radunovic,3,270,0,0,0,0,0,0,1,0,GK,Verona,0,0,0.18746119737625122,0.18746119737625122,2019
1956,Mohamed Fares,8,426,0,0.21057120896875858,0,0.9408061914145947,7,3,2,0,D M S,SPAL 2013,0,0.21057120896875858,1.6903370544314384,0.739363007247448,2019
1997,Andrea Favilli,20,635,0,1.8033160343766212,0,0.9947154112160206,14,7,4,0,F S,Genoa,0,1.8033160343766212,3.1036439146846533,0.8185780942440033,2019
2003,Antonio La Gumina,5,184,0,0.22907649725675583,0,0.08236700296401978,4,2,0,0,F S,Sampdoria,0,0.22907649725675583,0.2913544923067093,0.014825999736785889,2019
2022,Samir Ujkani,1,90,0,0,0,0,0,0,0,0,GK,Torino,0,0,0.7440369725227356,0.7440369725227356,2019
2040,Paolo Ghiglione,25,1715,0,1.8722681915387511,5,2.5034068636596203,23,23,4,0,D M S,Genoa,0,1.8722681915387511,5.672379314899445,2.738281724974513,2019
2043,Kastriot Dermaku,16,1017,0,0.5958099123090506,0,0.08803670108318329,3,1,2,0,D S,Parma Calcio 1913,0,0.5958099123090506,3.557748543098569,3.0193885285407305,2019
2058,Filippo Romagna,18,1476,0,0.08418980240821838,0,0.14562260266393423,2,3,3,0,D S,Sassuolo,0,0.08418980240821838,6.19773911125958,6.183753916993737,2019
2107,Pau López,32,2880,0,0,0,0,0,0,3,0,GK,Roma,0,0,3.5319995898753405,3.5319995898753405,2019
2216,Jony,24,1184,0,0.2776057990267873,1,1.8386021368205547,11,17,4,0,D M S,Lazio,0,0.2776057990267873,3.796129177324474,2.277652512304485,2019
2495,Mateo Musacchio,18,1466,0,0.2944824043661356,0,0.7448227982968092,5,11,4,1,D S,AC Milan,0,0.2944824043661356,3.5212900824844837,3.2825750838965178,2019
2810,Salvatore Bocchetti,5,306,0,0,0,0,0,0,2,0,D S,Verona,0,0,1.060600996017456,1.060600996017456,2019
3295,Javier Pastore,11,510,0,2.4043799843639135,1,0.5955959931015968,16,5,0,0,M S,Roma,0,2.4043799843639135,3.6037997640669346,1.2165740691125393,2019
3296,Blaise Matuidi,35,2217,0,0.7748185973614454,2,1.8905416298657656,14,19,2,0,D M S,Juventus,0,0.7748185973614454,10.156903186812997,8.26003690622747,2019
3301,Salvatore Sirigu,36,3240,0,0,0,0.06964306067675352,0,2,4,0,GK,Torino,0,0,2.145751366391778,2.137043106369674,2019
3515,Valentin Eysseric,9,383,0,0.26629770547151566,0,0.5137148983776569,7,10,3,0,F M S,"Fiorentina,Verona",0,0.26629770547151566,1.823102779686451,1.3692988008260727,2019
3550,Koffi Djidji,17,834,0,0,0,0.019357899203896523,0,1,1,0,D S,Torino,0,0,1.2315169125795364,1.2121588736772537,2019
3632,Kevin Malcuit,4,254,0,0.055862098932266235,0,0.1636154055595398,2,2,0,0,D S,Napoli,0,0.055862098932266235,1.178808081895113,1.0027060993015766,2019
3739,Soualiho Meité,33,2182,0,1.062147413380444,2,1.4627841068431735,23,22,5,0,M S,Torino,0,1.062147413380444,5.7201651856303215,4.041880965232849,2019
3821,Rolando Mandragora,26,2059,0,3.421776182949543,2,3.924871643073857,55,34,2,0,M S,Udinese,0,3.421776182949543,9.123115980066359,4.5260723028331995,2019
3888,Antonio Rosati,1,90,0,0,0,0,0,0,0,0,GK,Torino,0,0,0.03374800086021423,0.03374800086021423,2019
3925,Gabriele Moncini,4,150,0,0.614849392324686,0,0.0287170996889472,3,2,0,0,F S,SPAL 2013,0,0.614849392324686,0.5400613928213716,0,2019
3927,Alessio Cragno,16,1440,0,0,0,0.02073970064520836,0,1,1,0,GK,Cagliari,0,0,2.263516180217266,2.242777220904827,2019
4699,Simon Kjaer,20,1531,0,0.5222577955573797,0,0,7,0,4,0,D S,"AC Milan,Atalanta",0,0.5222577955573797,7.858140531927347,7.858140531927347,2019
4907,Bartosz Bereszynski,28,2414,0,0.33422529604285955,0,0.48167610727250576,16,9,10,0,D M S,Sampdoria,0,0.33422529604285955,4.96085980348289,4.682244358584285,2019
4920,Matteo Gabbia,9,683,0,0.1606654990464449,0,0.015758199617266655,4,1,1,0,D S,AC Milan,0,0.1606654990464449,3.7737479880452156,3.7543080523610115,2019
4933,Leonardo Morosini,3,23,0,0,0,0,0,0,0,0,S,Brescia,0,0,0,0,2019
4940,Francesco Rossi,1,10,0,0,0,0,0,0,0,0,S,Atalanta,0,0,0,0,2019
4941,Hans Hateboer,32,2346,0,2.2415956063196063,4,4.374599021859467,19,43,10,0,D M S,Atalanta,0,2.2415956063196063,15.859765984117985,12.005470668897033,2019
4970,Luca Pellegrini,24,1925,0,0.666806903667748,5,2.3181492434814572,14,21,10,0,D M S,Cagliari,0,0.666806903667748,5.067571636289358,3.4513982851058245,2019
4984,Wladimiro Falcone,2,180,0,0,0,0,0,0,1,0,GK,Sampdoria,0,0,0.25154900550842285,0.25154900550842285,2019
5015,Giacomo Vrioni,1,9,0,0.12804000079631805,0,0,1,0,0,0,S,Juventus,0,0.12804000079631805,0,0,2019
5028,Gianluca Frabotta,1,90,0,0.039163000881671906,0,0,1,0,0,0,D,Juventus,0,0.039163000881671906,0.05818510055541992,0.019021999090909958,2019
5056,Marlon Santos,23,1816,0,0.9155096923932433,0,0.47842199727892876,4,10,7,0,D S,Sassuolo,0,0.9155096923932433,6.000469604507089,5.726088315248489,2019
5226,Walace,20,1129,0,0.4835822880268097,0,0.5696628950536251,11,9,2,0,M S,Udinese,0,0.4835822880268097,3.8943409211933613,3.15743138641119,2019
5509,Hernani,32,2424,0,1.0072693265974522,4,2.026322375983,35,27,10,0,M S,Parma Calcio 1913,0,1.0072693265974522,7.342660203576088,5.832553170621395,2019
5699,Dalbert,31,2501,0,0.7142477920278907,5,3.650781283620745,18,38,8,1,D M S,Fiorentina,0,0.7142477920278907,7.131015323102474,3.9722805991768837,2019
5812,Davide Riccardi,1,18,0,0,0,0,0,0,0,0,S,Lecce,0,0,0,0,2019
5996,Adrien Tameze,7,201,0,0,0,0.1789039969444275,0,3,0,0,M S,Atalanta,0,0,2.0237930938601494,1.844889096915722,2019
6107,Carlo Pinsoglio,1,16,0,0,0,0,0,0,0,0,S,Juventus,0,0,0.030759600922465324,0.030759600922465324,2019
6108,Rodrigo Bentancur,30,2198,0,0.6492001842707396,7,3.6749753039330244,16,44,9,0,M S,Juventus,0,0.6492001842707396,11.604014739394188,10.132165744900703,2019
6125,Stanislav Lobotka,14,749,0,0.07999170012772083,0,0.17790698911994696,2,6,0,0,M S,Napoli,0,0.07999170012772083,5.6241112649440765,5.526851274073124,2019
6132,Marco Silvestri,35,3150,0,0,0,0.016315000131726265,0,1,2,0,GK,Verona,0,0,1.523258874192834,1.5069438740611076,2019
6170,André Silva,1,62,0,0.16106100380420685,0,0,2,0,1,0,F,AC Milan,0,0.16106100380420685,0.1269409954547882,0.03715759888291359,2019
6179,Francesco Vicari,34,2909,0,0.17489310260862112,0,0.10993289574980736,8,2,4,0,D S,SPAL 2013,0,0.17489310260862112,3.909447324462235,3.8898673178628087,2019
6180,Manuel Lazzari,32,2567,0,1.2722699008882046,3,3.351107786409557,15,35,6,0,D M S,Lazio,0,1.2722699008882046,8.14099374320358,4.414635920897126,2019
6191,Lorenzo Venuti,16,858,0,0.22371919639408588,1,0.6107245162129402,4,8,4,0,D M S,Fiorentina,0,0.22371919639408588,2.6941479351371527,2.3704961659386754,2019
6206,Bram Nuytinck,26,2231,0,0.23737753741443157,0,0.8271119184792042,6,6,2,0,D,Udinese,0,0.23737753741443157,5.22914077155292,5.176610188558698,2019
6247,Mirko Antonucci,2,87,0,0.1974949985742569,0,0.05012330040335655,3,1,1,0,S,Roma,0,0.1974949985742569,0.34053200483322144,0.15640200674533844,2019
6252,Lyanco,17,1193,0,0.19394607841968536,0,0.23154999315738678,5,1,5,0,D S,Torino,0,0.19394607841968536,1.7372028976678848,1.3356880992650986,2019
6282,Emiliano Rigoni,8,423,0,1.5911431219428778,1,0.9185556173324585,7,15,2,0,F M S,Sampdoria,0,1.5911431219428778,2.227119006216526,0.3794498946517706,2019
6303,Marvin Zeegelaar,13,596,0,0,1,0.8028602004051208,0,5,3,0,D S,Udinese,0,0,2.23867223598063,1.5977361854165792,2019
6352,Valentino Lazaro,6,324,0,0.10806380212306976,1,0.9663954991847277,3,9,2,0,D S,Inter,0,0.10806380212306976,1.4363029971718788,0.8304870054125786,2019
6375,Andrea Danzi,1,1,0,0,0,0,0,0,0,0,S,Verona,0,0,0,0,2019
6388,Riccardo Ladinetti,3,126,0,0,0,0.071187699213624,0,3,0,0,M S,Cagliari,0,0,0.04506539925932884,0.027950499206781387,2019
6412,Raoul Bellanova,1,17,0,0.13188600540161133,0,0,2,0,0,0,S,Atalanta,0,0.13188600540161133,0.5467929840087891,0.5126019716262817,2019
6460,Vincenzo Millico,11,185,0,0.1289127003401518,0,0.25120409205555916,6,3,0,0,S,Torino,0,0.1289127003401518,0.6496910937130451,0.3125215992331505,2019
6517,Charalampos Lykogiannis,20,1341,0,0.6198119111359119,1,1.3237362848594785,14,8,4,0,D M S,Cagliari,0,0.6198119111359119,2.797955211251974,1.9236213229596615,2019
6546,Jawad El Yamiq,3,192,0,0.08794340118765831,0,0.024734490551054478,2,2,1,0,D S,Genoa,0,0.08794340118765831,0.21520450338721275,0.19357760436832905,2019
6572,Guilherme Arana,4,69,0,0,0,0.0395875982940197,0,1,0,0,S,Atalanta,0,0,0.3282111883163452,0.3282111883163452,2019
6672,Riccardo Sottil,18,484,0,1.0913927964866161,0,0.45861789397895336,16,5,3,0,D F S,Fiorentina,0,1.0913927964866161,2.403389877639711,0.9304426023736596,2019
6696,Luca Ranieri,3,233,0,0.05835839919745922,0,0.24087229650467634,3,5,0,1,D S,Fiorentina,0,0.05835839919745922,0.8099198117852211,0.5690484046936035,2019
6701,Federico Brancolini,1,3,0,0,0,0,0,0,0,0,S,Fiorentina,0,0,0,0,2019
6704,Kingsley Michael,1,79,0,0,0,0.13467499613761902,0,1,0,0,M,Bologna,0,0,0.24643400311470032,0.24643400311470032,2019
6706,Ndary Adopo,2,2,0,0,0,0,0,0,0,0,S,Torino,0,0,0,0,2019
6750,Gonzalo Villar,9,283,0,1.071079969406128,0,0.047033000737428665,2,2,3,0,M S,Roma,0,1.071079969406128,3.0288628358393908,2.392387617379427,2019
6962,Robin Olsen,17,1530,0,0,0,0,0,0,0,1,GK,Cagliari,0,0,0.3852012222632766,0.3852012222632766,2019
6966,Daniel Fuzato,1,90,0,0,0,0,0,0,0,0,GK,Roma,0,0,0,0,2019
6971,Mitchell Dijks,13,1017,0,0,0,0.9109889194369316,0,11,4,0,D S,Bologna,0,0,2.869836114346981,2.515749618411064,2019
6973,Nehuén Paz,16,960,0,0.24841739237308502,1,0.04212529957294464,4,1,5,0,D S,"Bologna,Lecce",0,0.24841739237308502,1.5586657635867596,1.5586657635867596,2019
6976,Demba Thiam,2,180,0,0,0,0,0,0,0,0,GK,SPAL 2013,0,0,0.09034709632396698,0.09034709632396698,2019
6977,Pietro Terracciano,7,627,0,0,0,0.016742799431085587,0,1,0,0,GK,Fiorentina,0,0,0.5574646927416325,0.5407216958701611,2019
6996,William Troost-Ekong,30,2578,0,1.0271629970520735,0,0.13370059989392757,6,3,5,0,D S,Udinese,0,1.0271629970520735,4.148660126142204,4.053081098012626,2019
6998,Lukasz Teodorczyk,14,194,0,0.31638689525425434,1,0.8843084201216698,4,4,1,0,F S,Udinese,0,0.31638689525425434,1.445102909579873,0.33105799555778503,2019
7000,Hidde ter Avest,20,654,0,0.1207134984433651,0,0.47330089565366507,2,8,1,0,D S,Udinese,0,0.1207134984433651,3.1492504235357046,2.9148898404091597,2019
7001,Nicholas Opoku,7,483,0,0.07653460185974836,0,0.14764810260385275,3,4,1,1,D S,Udinese,0,0.07653460185974836,0.6884431010112166,0.6129391035065055,2019
7014,Arkadiusz Reca,25,1941,0,1.7005239613354206,2,2.108059674501419,19,26,2,0,D S,SPAL 2013,0,1.7005239613354206,4.709569529630244,3.2555916449055076,2019
7089,Gabriele Corbo,2,117,0,0,0,0,0,0,1,0,D S,Bologna,0,0,0.0931887999176979,0.0931887999176979,2019
7092,Koray Günter,32,2740,0,0.15098169818520546,0,0.045051698572933674,6,2,7,0,D S,Verona,0,0.15098169818520546,6.281711389310658,6.222310495562851,2019
7095,Juan Musso,38,3420,0,0,0,0.0426990007981658,0,2,1,0,GK,Udinese,0,0,4.349582068622112,4.306883069686592,2019
7096,Omar Colley,31,2772,0,3.21848410833627,1,0.7359273200854659,24,8,10,0,D S,Sampdoria,0,3.21848410833627,4.4547279169783,3.7198301469907165,2019
7097,Ronaldo Vieira,27,1823,0,1.3966669766232371,1,0.8832437060773373,31,24,11,1,M S,Sampdoria,0,1.3966669766232371,5.863907594233751,4.45323390327394,2019
7178,Valon Berisha,3,26,0,0,0,0,0,0,0,0,S,Lazio,0,0,0.12584899365901947,0.12584899365901947,2019
7210,Gianmarco Cangiano,3,13,0,0,0,0,0,0,0,0,S,Bologna,0,0,0,0,2019
7227,Matteo Scozzarella,16,944,0,0.1075224969536066,3,0.7535348040983081,4,14,2,0,M S,Parma Calcio 1913,0,0.1075224969536066,1.5925473757088184,1.4025227837264538,2019
7284,Marco Brescianini,1,22,0,0,0,0,0,0,0,0,S,AC Milan,0,0,0,0,2019
7365,Lucas Paquetá,24,1090,0,1.985449398867786,1,1.6612937776371837,33,18,7,0,M S,AC Milan,0,1.985449398867786,6.4970517829060555,3.660880908370018,2019
7375,Roberto Piccoli,1,16,0,0.4149070084095001,0,0.03419150039553642,1,1,0,0,S,Atalanta,0,0.4149070084095001,0.5467929840087891,0.0976945012807846,2019
7411,Nicolo Rovella,2,106,0,0.0193169005215168,0,0,1,0,0,0,M S,Genoa,0,0.0193169005215168,0.08164099976420403,0.08164099976420403,2019
7413,Ibañez,9,617,0,0.5925535093992949,0,0.11606359481811523,3,3,2,0,D S,Roma,0,0.5925535093992949,3.409987029619515,3.3483017282560468,2019
7473,Marko Jankovic,6,107,0,0.06586790084838867,0,0.05202430114150047,1,1,1,0,M S,SPAL 2013,0,0.06586790084838867,0.08358890004456043,0.01772099919617176,2019
7581,Simone Muratore,4,167,0,0.047419220209121704,0,0.14293790236115456,4,4,0,0,M S,Juventus,0,0.047419220209121704,0.4759819060564041,0.40907689929008484,2019
7611,Nicolò Armini,1,1,0,0,0,0,0,0,0,0,S,Lazio,0,0,0,0,2019
7627,Andrea Ghion,3,39,0,0.05600060150027275,0,0.11715200170874596,1,3,0,0,S,Sassuolo,0,0.05600060150027275,0.3136940002441406,0.25769299268722534,2019
7910,Szymon Zurkowski,2,7,0,0.10159599781036377,0,0,1,0,0,0,S,Fiorentina,0,0.10159599781036377,0.10159599781036377,0,2019
7911,Aleksa Terzic,2,5,0,0,0,0,0,0,0,0,S,Fiorentina,0,0,0,0,2019
7919,Léo Duarte,6,400,0,0.24311109632253647,0,0,3,0,2,0,D S,AC Milan,0,0.24311109632253647,1.067868210375309,0.9960272088646889,2019
7924,Amir Rrahmani,36,3229,0,3.4603650961071253,1,1.054780201986432,43,15,5,0,D,Verona,0,3.4603650961071253,6.377144251018763,5.3648969028145075,2019
7925,Liam Henderson,4,193,0,0.04947131872177124,0,0.3734489977359772,3,2,1,0,M S,Verona,0,0.04947131872177124,0.03461051918566227,0,2019
7926,Gennaro Tutino,6,226,0,0.4399512968957424,0,0,3,0,0,0,F S,Verona,0,0.4399512968957424,0.6208799853920937,0.1809278018772602,2019
7929,Alan Empereur,13,845,0,0.03393520042300224,0,0.056744400411844254,2,1,3,0,D S,Verona,0,0.03393520042300224,1.3586947973817587,1.3586947973817587,2019
7933,Jerdy Schouten,19,1087,0,0.1530365999788046,0,0.31501897517591715,7,9,6,1,M S,Bologna,0,0.1530365999788046,3.6580076590180397,3.356116782873869,2019
7936,Filip Jagiello,11,555,0,0.2710550054907799,2,0.9349898900836706,5,12,0,0,M S,Genoa,0,0.2710550054907799,1.8243064088746905,1.1868025939911604,2019
7938,Tommaso Augello,17,1131,0,0,2,1.0888901920989156,0,18,2,0,D S,Sampdoria,0,0,3.2081194445490837,2.7011680975556374,2019
7940,Denis Vavro,11,292,0,0.11375999823212624,0,0,3,0,0,0,D S,Lazio,0,0.11375999823212624,0.739181874319911,0.739181874319911,2019
7941,André Anderson,6,49,0,0.20419729687273502,0,0.12610400095582008,5,2,0,0,S,Lazio,0,0.20419729687273502,0.27568179555237293,0.05639449879527092,2019
7943,Igor Julio,26,1948,0,0.14186770003288984,1,1.1040361020714045,5,7,9,0,D S,"Fiorentina,SPAL 2013",0,0.14186770003288984,4.775011256337166,3.80021321028471,2019
7945,Karlo Letica,10,900,0,0,0,0.03532849997282028,0,1,1,0,GK,SPAL 2013,0,0,1.5391598092392087,1.5038313092663884,2019
7951,Alessandro Tripaldelli,2,133,0,0,0,0,0,0,0,0,D S,Sassuolo,0,0,0.01943040080368519,0.01943040080368519,2019
7952,Simone Pinna,1,90,0,0,0,0.06548000127077103,0,2,1,0,D,Cagliari,0,0,0.4892730116844177,0.4237929880619049,2019
7955,Jesse Joronen,29,2610,0,0,0,0.02337530069053173,0,1,1,0,GK,Brescia,0,0,1.5912604965269566,1.5678851958364248,2019
7960,Florian Aye,22,1377,0,2.6313166609033942,0,1.3305428139865398,24,9,2,1,F M S,Brescia,0,2.6313166609033942,2.9231259264051914,0.557041397318244,2019
7963,Massimiliano Mangraviti,13,984,0,0.4721580035984516,0,0.11055320315063,3,2,2,0,D S,Brescia,0,0.4721580035984516,1.056191885843873,1.0397285856306553,2019
7964,Enrico Alfonso,4,279,0,0,0,0,0,0,0,0,GK,Brescia,0,0,0.2421180009841919,0.2421180009841919,2019
7965,Luca Tremolada,1,13,0,0,0,0,0,0,0,0,S,Brescia,0,0,0,0,2019
7966,Felipe Curcio,1,1,0,0,0,0,0,0,0,0,S,Brescia,0,0,0,0,2019
7971,Jacopo Petriccione,31,2155,0,0.461639397777617,5,1.7357140043750405,18,41,10,0,M S,Lecce,0,0.461639397777617,7.436381964944303,6.036615069955587,2019
7974,Romario Benzar,3,98,0,0,0,0.09429969638586044,0,2,0,0,D S,Lecce,0,0,0.3672590032219887,0.35058698803186417,2019
7978,Edgaras Dubickas,1,1,0,0,0,0,0,0,0,0,S,Lecce,0,0,0,0,2019
7979,Brayan Vera,8,142,0,0.1012832997366786,1,0.1549490075558424,4,3,0,0,D S,Lecce,0,0.1012832997366786,0.19076690450310707,0.15857630409300327,2019
7994,Ales Mateju,31,2545,0,0.2714410559274256,1,0.9307636497542262,6,9,8,1,D S,Brescia,0,0.2714410559274256,3.275204318575561,2.4937388077378273,2019
8007,Yildirim Mert Cetin,6,248,0,0.48685770854353905,0,0,3,0,2,1,D S,Roma,0,0.48685770854353905,0.30423710122704506,0.30423710122704506,2019
8008,Mauro Vigorito,5,423,0,0,0,0,0,0,1,0,GK S,Lecce,0,0,0.7476556040346622,0.7476556040346622,2019
8027,Peter Ankersen,19,1043,0,0.3750715032219887,1,0.6045534908771515,13,7,2,0,D M S,Genoa,0,0.3750715032219887,3.688731297850609,2.9203378036618233,2019
8030,Sebastian Walukiewicz,14,1172,0,0.018178099766373634,0,0.057988399639725685,1,3,1,0,D S,Cagliari,0,0.018178099766373634,0.9751339089125395,0.9430379085242748,2019
8034,Georgios Kyriakopoulos,26,1622,0,0.602500137872994,1,0.5695605985820293,21,8,4,0,D S,Sassuolo,0,0.602500137872994,7.3039782559499145,6.632141895592213,2019
8036,Luigi Vitale,2,33,0,0,0,0,0,0,0,0,S,Verona,0,0,0,0,2019
8063,Georgi Tunjov,10,275,0,0.2536889985203743,0,0.04595310054719448,6,3,0,0,M S,SPAL 2013,0,0.2536889985203743,0.5397259183228016,0.49406488612294197,2019
8101,Stefano Turati,2,180,0,0,0,0,0,0,0,0,GK,Sassuolo,0,0,0.4919656962156296,0.4919656962156296,2019
8102,Stefano Piccinini,1,6,0,0,0,0.027705000713467598,0,1,0,0,S,Sassuolo,0,0,0.04270410165190697,0.014999199658632278,2019
8105,Gonzalo Maroni,5,174,0,0.9465255215764046,1,0.4192273039370775,5,10,0,0,M S,Sampdoria,0,0.1852269023656845,0.6981363967061043,0.32389500737190247,2019
8110,Pedro,4,51,0,0.2787047103047371,0,0.018533699214458466,5,1,0,0,S,Fiorentina,0,0.2787047103047371,0.3558163084089756,0.058577898889780045,2019
8111,Lucas,2,21,0,0.022925900295376778,0,0,1,0,0,0,S,Verona,0,0.022925900295376778,0.03845220059156418,0.015526399947702885,2019
8113,Marco Olivieri,3,23,0,0.04100390151143074,0,0,1,0,0,0,S,Juventus,0,0.04100390151143074,0.07176350057125092,0.030759600922465324,2019
8120,Sinan Gümüs,3,97,0,0.17598499357700348,0,0,3,0,0,0,F S,Genoa,0,0.17598499357700348,0.19806000590324402,0.022075099870562553,2019
8121,Emanuele Ndoj,18,529,0,1.5665412805974483,0,0.24013309925794601,9,7,2,0,M S,Brescia,0,1.5665412805974483,1.9631814770400524,0.24636509269475937,2019
8124,Andri Fannar Baldursson,7,121,0,0.0759165994822979,0,0.05448690056800842,2,1,0,0,S,Bologna,0,0.0759165994822979,0.6570716025307775,0.5811548000201583,2019
8129,Riccardo Calafiori,1,62,0,0,0,0,0,0,0,0,D,Roma,0,0,0,0,2019
8133,Lorenzo Andrenacci,6,531,0,0,0,0,0,0,0,0,GK S,Brescia,0,0,0.16661369800567627,0.16661369800567627,2019
8144,Denilho Cleonise,4,39,0,0.0837944969534874,0,0,1,0,2,0,S,Genoa,0,0.0837944969534874,0.0837944969534874,0,2019
8156,Jacopo Da Riva,1,1,0,0,0,0.018241899088025093,0,1,0,0,S,Atalanta,0,0,0.018241899088025093,0,2019
8161,Ebrima Colley,5,75,0,0.5735099911689758,1,0.5480359792709351,6,2,1,0,S,Atalanta,0,0.5735099911689758,1.2690993305295706,0.4198148101568222,2019
8163,Daniel Maldini,2,24,0,0,0,0,0,0,0,0,S,AC Milan,0,0,0,0,2019
8165,Lucien Agoume,3,58,0,0,0,0.10267800092697144,0,1,1,0,S,Inter,0,0,0.7498409748077393,0.6471629738807678,2019
8170,Marco Ballarini,1,1,0,0,0,0,0,0,0,0,S,Udinese,0,0,0,0,2019
8197,Ilario Monterisi,1,1,0,0,0,0,0,0,0,0,S,Lecce,0,0,0,0,2019
8199,Mattia Viviani,8,330,0,0.0690969992429018,0,0.36045269668102264,3,2,0,0,M S,Brescia,0,0.0690969992429018,0.503903990611434,0.36915309727191925,2019
8232,Andrea Carboni,7,372,0,0.021198399364948273,0,0,1,0,3,2,D S,Cagliari,0,0.021198399364948273,0.2557399868965149,0.2557399868965149,2019
8245,Lorenzo Pirola,1,10,0,0,0,0,0,0,0,0,S,Inter,0,0,0.03112740069627762,0.03112740069627762,2019
8252,Nicolás Domínguez,16,689,0,0.31687540002167225,1,0.9902251977473497,10,11,1,0,M S,Bologna,0,0.31687540002167225,1.9389565009623766,1.1086105965077877,2019
8259,Djavan Anderson,6,171,0,0.07481910288333893,0,0,1,0,1,0,D M S,Lazio,0,0.07481910288333893,0.19296650309115648,0.11814740020781755,2019
8269,Birkir Bjarnason,13,803,0,0.3228762000799179,1,1.501019835472107,8,6,1,0,M S,Brescia,0,0.3228762000799179,2.0126003697514534,0.363996097818017,2019
8270,Simon Skrabb,10,252,0,0.08996560238301754,0,0.5193068087100983,3,2,1,0,F M S,Brescia,0,0.08996560238301754,1.2457885015755892,0.6365160048007965,2019
8296,Christian Dalle Mura,1,1,0,0,0,0,0,0,0,0,S,Fiorentina,0,0,0,0,2019
8298,Lennart Czyborra,1,16,0,0,0,0,0,0,0,0,S,Atalanta,0,0,0,0,2019
8331,Dion Ruffo Luci,1,1,0,0,0,0,0,0,0,0,S,Bologna,0,0,0,0,2019
8332,Federico Bonini,1,4,0,0,0,0,0,0,0,0,S,Bologna,0,0,0,0,2019
8333,Daouda Peeters,1,11,0,0,0,0,0,0,0,0,S,Juventus,0,0,0,0,2019
8388,Jaume Cuellar,2,69,0,0,0,0,0,0,0,0,F S,SPAL 2013,0,0,0.26952099800109863,0.26952099800109863,2019
8467,Christian Celesia,1,1,0,0,0,0.13606099784374237,0,1,0,0,S,Torino,0,0,0.13606099784374237,0,2019
8475,Bosko Sutalo,7,281,0,0.044041700661182404,0,0.058501798659563065,1,1,1,0,D S,Atalanta,0,0.044041700661182404,1.1462227031588554,1.1462227031588554,2019
8478,Lorenzo Colombo,1,5,0,0,0,0.034628499299287796,0,1,0,0,S,AC Milan,0,0,0.034628499299287796,0,2019
8479,Andrea Ghezzi,5,23,0,0.17081299424171448,0,0,2,0,0,0,S,Brescia,0,0.17081299424171448,0.17081299424171448,0,2019
8487,Martin Palumbo,1,1,0,0,0,0,0,0,0,0,S,Udinese,0,0,0,0,2019
8491,Luca Falbo,1,1,0,0,0,0,0,0,0,0,S,Lazio,0,0,0,0,2019
8492,Felice D&#039;Amico,2,2,0,0.05835559964179993,0,0,1,0,0,0,S,Sampdoria,0,0.05835559964179993,0.05835559964179993,0,2019
8522,Matteo Lovato,1,7,0,0,0,0,0,0,0,0,S,Verona,0,0,0,0,2019
8540,Giacomo Manzari,3,10,0,0,0,0,0,0,0,0,S,Sassuolo,0,0,0,0,2019
8553,Federico Marigosu,2,16,0,0,0,0,0,0,0,0,S,Cagliari,0,0,0.034498199820518494,0.034498199820518494,2019
8584,Raul Moro,1,1,0,0,0,0,0,0,0,0,S,Lazio,0,0,0,0,2019
8591,Krisztofer Horváth,3,35,0,0.014477300457656384,0,0.009860499761998653,1,1,0,0,S,SPAL 2013,0,0.014477300457656384,0.13438680209219456,0.11990950163453817,2019
8592,Jakub Iskra,2,72,0,0.06634820252656937,0,0,1,0,0,0,S,SPAL 2013,0,0.06634820252656937,0.3014480024576187,0.23510000854730606,2019
2371,Cristiano Ronaldo,33,2807,29,29.838080540299416,3,3.854639131575823,167,36,3,0,F S,Juventus,23,23.747807636857033,28.635408580303192,8.915713196620345,2020
594,Romelu Lukaku,36,2885,24,23.425761096179485,11,8.387606982141733,97,53,4,0,F S,Inter,18,18.85796343535185,30.672939762473106,5.996651898138225,2020
1229,Luis Muriel,36,1434,22,16.69221208244562,8,4.887805109843612,86,46,0,0,F M S,Atalanta,20,14.408358044922352,23.75210902094841,6.238759083673358,2020
7084,Dusan Vlahovic,37,2945,21,18.47659022733569,3,2.2961632944643497,86,18,1,0,F S,Fiorentina,15,13.908836300484836,14.827188201248646,1.5626247003674507,2020
1209,Ciro Immobile,35,2887,20,19.77111872844398,6,7.202587214298546,119,54,3,1,F S,Lazio,16,13.68072753213346,24.116883251816034,4.969875447452068,2020
1362,Simy,38,2935,20,17.47387995570898,2,1.525829304009676,64,27,1,0,F S,Crotone,12,11.38356663659215,13.730488548055291,2.165550235658884,2020
1393,Lorenzo Insigne,35,2888,19,17.347502633929253,7,9.122006066143513,144,63,2,1,F M S,Napoli,12,11.257102621719241,27.06416542828083,12.546444866806269,2020
1612,Domenico Berardi,30,2494,17,14.489954987540841,7,6.099211188964546,113,58,4,0,D F M S,Sassuolo,10,8.399760433472693,19.3198859449476,7.612012619152665,2020
7006,Lautaro Martínez,38,2598,17,16.887195516377687,6,6.3103544022887945,109,38,5,0,F M S,Inter,15,15.364597965031862,23.09420534595847,3.8611143939197063,2020
1592,João Pedro,37,3273,16,13.289643744006753,3,5.296103684231639,75,38,4,0,F M,Cagliari,12,9.483153296634555,17.20094309654087,6.281496572308242,2020
1148,Duván Zapata,37,2407,15,18.03863985836506,9,6.08406893350184,98,42,0,0,F M S,Atalanta,14,17.277340568602085,27.761002134531736,7.628689471632242,2020
1741,Zlatan Ibrahimovic,19,1503,15,16.254984244704247,2,1.4163753855973482,80,19,2,1,F S,AC Milan,12,11.687309190630913,11.79189470410347,3.0064300671219826,2020
317,Henrikh Mkhitaryan,34,2752,13,12.416659481823444,10,8.947890466079116,82,48,2,0,F M S,Roma,12,11.655360467731953,28.586254842579365,10.100948265753686,2020
1186,Andrea Belotti,35,2915,13,13.569569863379002,6,7.065984427928925,106,38,4,0,F S,Torino,9,9.763118781149387,16.29298414848745,1.811144103296101,2020
1230,Fabio Quagliarella,33,2216,13,11.09374114125967,1,1.4081908948719501,83,19,1,0,F S,Sampdoria,11,8.809969119727612,10.010087101720273,1.1652662921696901,2020
1489,Franck Kessié,37,3231,13,13.495032045990229,4,3.90841150842607,49,32,8,0,M S,AC Milan,2,3.598271030932665,16.192331817001104,11.070897400379181,2020
1580,Mattia Destro,29,1625,11,7.482144523411989,1,0.5846976954489946,37,7,5,0,F S,Genoa,11,7.482144523411989,8.329889498651028,1.2265980867668986,2020
1804,Álvaro Morata,32,2019,11,12.065579578280449,9,5.670545108616352,56,40,3,1,F S,Juventus,10,11.304317578673363,19.798626750707626,4.521955661475658,2020
1852,Ante Rebic,27,1783,11,7.283670085482299,4,6.700196048244834,43,38,4,1,F M S,AC Milan,11,7.283670085482299,14.174341551959515,2.427316853776574,2020
6155,Robin Gosens,32,2545,11,9.200874822214246,6,3.659894172102213,52,29,7,1,D M S,Atalanta,11,9.200874822214246,19.697847314178944,9.91151787340641,2020
6980,Francesco Caputo,25,1703,11,10.661267196759582,5,2.444154467433691,43,17,1,0,F S,Sassuolo,8,8.377364238724113,11.61442737095058,2.2344673108309507,2020
7999,Hirving Lozano,32,1977,11,11.04879554733634,3,5.134571269154549,60,35,6,0,F M S,Napoli,11,11.04879554733634,18.90437138825655,5.182013189420104,2020
9018,M&#039;Bala Nzola,25,1900,11,9.377023961395025,3,2.414638429880142,45,22,5,0,F S,Spezia,7,6.331816848367453,10.097772940993309,2.7920549605041742,2020
677,Jordan Veretout,29,2086,10,8.361261988058686,2,2.954237589612603,40,26,4,0,M S,Roma,5,4.554849689826369,16.558305056765676,11.905254216864705,2020
2252,Borja Mayoral,31,1544,10,7.8143330831080675,2,2.1106697311624885,39,23,1,0,F M S,Roma,10,7.8143330831080675,11.527097957208753,3.751207012683153,2020
5322,Victor Osimhen,24,1576,10,10.599772159010172,3,3.314269984140992,66,25,4,0,F S,Napoli,10,10.599772159010172,13.79454967007041,2.8872859347611666,2020
1145,Rodrigo de Paul,36,3206,9,6.263157455250621,9,11.695030769333243,82,81,3,2,M,Udinese,6,3.9792607417330146,18.211168073117733,9.88392847403884,2020
1219,Luis Alberto,34,2663,9,5.537304882891476,2,6.699439015239477,69,80,5,0,M S,Lazio,9,5.537304882891476,18.11697791516781,8.427638104185462,2020
1384,Dries Mertens,29,1466,9,6.031678792089224,8,4.320109793916345,55,36,2,0,F M S,Napoli,9,6.031678792089224,10.975778864696622,2.574724449776113,2020
1433,Federico Chiesa,33,2508,9,8.401895843446255,9,9.079392608255148,70,50,3,1,D M S,"Fiorentina,Juventus",9,8.401895843446255,23.509388096630573,9.355968836694956,2020
1473,Matteo Politano,37,1913,9,6.307763260789216,4,3.7205112259835005,62,35,3,0,F M S,Napoli,9,6.307763260789216,14.58571157976985,6.681769190356135,2020
1810,Roberto Soriano,37,3261,9,6.679310718551278,6,7.547535768710077,60,52,5,0,F M,Bologna,9,6.679310718551278,19.725747913122177,9.21768607571721,2020
8838,Junior Messias,36,3224,9,7.3645386369898915,4,3.2035243678838015,99,32,6,0,F M,Crotone,9,7.3645386369898915,14.380892310291529,6.588677299208939,2020
1136,Gianluca Lapadula,37,2596,8,10.252227053046227,2,3.799660637974739,75,33,2,0,F S,Benevento,8,9.490927085280418,11.750601025298238,2.0247275214642286,2020
1386,Piotr Zielinski,36,2581,8,4.938674632459879,10,5.9738557785749435,60,57,2,0,F M S,Napoli,8,4.938674632459879,16.862526213750243,9.26235074736178,2020
1809,Joaquín Correa,28,1948,8,7.407993957400322,3,2.480826696380973,54,29,1,1,F S,Lazio,7,6.646694764494896,11.752033956348896,4.3654506504535675,2020
2116,Felipe Caicedo,25,915,8,5.328444968909025,0,0.7250625928863883,31,12,5,0,F S,Lazio,7,4.5671459548175335,6.085480037145317,1.3111920934170485,2020
5954,Eldor Shomurodov,31,1669,8,6.090611331164837,1,2.315660437569022,38,20,1,0,F S,Genoa,8,6.090611331164837,10.61933689378202,2.4501017909497023,2020
6253,Gianluca Scamacca,26,1345,8,7.83327073790133,2,2.8650350645184517,47,16,1,0,F S,Genoa,6,6.310677686706185,8.873398074880242,1.4219378009438515,2020
6512,Musa Barrow,38,2946,8,8.407222962938249,8,6.859124674461782,88,60,0,0,F M S,Bologna,8,7.64592198189348,16.327475416474044,7.666678353212774,2020
7947,Ruslan Malinovskiy,36,1896,8,5.490409208461642,12,10.381323421373963,67,80,3,0,F M S,Atalanta,7,4.7291102316230536,20.156991505995393,9.691354820504785,2020
498,Alexis Sánchez,30,1123,7,6.588534377515316,6,5.59819058328867,29,34,0,0,F S,Inter,7,5.827235363423824,16.030757311731577,7.971683237701654,2020
1115,Goran Pandev,29,1400,7,4.141152777709067,3,1.4017750984057784,20,14,5,0,F M S,Genoa,6,3.379853763617575,9.656091925688088,5.691982208751142,2020
1123,Juraj Kucka,28,2354,7,7.063274152576923,2,2.2346356976777315,60,16,8,0,F M,Parma Calcio 1913,3,4.018117329105735,10.171617133542895,5.765551977790892,2020
1210,Keita,25,1194,7,6.294309515506029,1,2.726678811945021,44,21,4,1,F S,Sampdoria,7,6.294309515506029,6.939057592302561,0.8689169967547059,2020
1253,Edin Dzeko,27,1838,7,14.253499465063214,3,2.3740068804472685,70,29,2,0,F S,Roma,7,13.492205517366529,17.418258173391223,5.702211110852659,2020
1471,Lorenzo Pellegrini,34,2623,7,6.7063333773985505,6,7.6751467967405915,70,65,10,0,M S,Roma,6,5.945034050382674,17.72012377716601,9.433377949520946,2020
1543,Sergej Milinkovic-Savic,32,2768,7,6.003302904777229,10,6.28231512196362,63,43,4,0,M,Lazio,7,6.003302904777229,17.171504098922014,10.463235314935446,2020
2547,Theo Hernández,33,2940,7,4.4323344407603145,5,5.139628290198743,48,42,9,0,D,AC Milan,7,4.4323344407603145,16.0541213452816,10.365893311798573,2020
5197,Achraf Hakimi,37,2674,7,5.093554675579071,8,6.444577060639858,38,36,6,0,D M S,Inter,7,5.093554675579071,19.710310012102127,12.573804906569421,2020
5509,Hernani,33,2217,7,3.11644056905061,3,2.4527109218761325,34,35,11,0,M S,Parma Calcio 1913,6,2.355222557671368,6.408898362889886,3.3981324899941683,2020
6160,Riccardo Orsolini,34,1760,7,9.021925428882241,3,2.5082908952608705,57,29,0,0,D M S,Bologna,4,6.738027343526483,10.936943737789989,4.4316063560545444,2020
6208,Antonin Barak,34,2772,7,6.939900955185294,3,2.3276712554506958,45,25,5,1,M S,Verona,7,6.939900955185294,14.47981461044401,8.049542428925633,2020
1102,Giovanni Simeone,33,1740,6,7.202349599450827,2,1.122184993699193,43,12,1,0,F S,Cagliari,6,7.202349599450827,9.939096646383405,2.4762552259489894,2020
1134,Mario Pasalic,25,1100,6,4.457328483462334,2,2.9972587060183287,20,17,2,0,M S,Atalanta,6,4.457328483462334,12.333184733986855,5.933030029758811,2020
1146,Jakub Jankto,35,2439,6,4.878390181809664,3,3.0332721695303917,39,30,6,0,M S,Sampdoria,6,4.878390181809664,9.964052433148026,2.9056189227849245,2020
1426,Josip Ilicic,28,1527,6,5.751953495666385,9,10.865014793351293,59,61,2,0,F M S,Atalanta,4,4.229354513809085,17.907463811337948,7.254041992127895,2020
1642,Simone Zaza,29,1472,6,8.159378856420517,0,1.5617382042109966,57,13,4,0,F S,Torino,6,8.159378856420517,9.990721918642521,2.0982296764850616,2020
1958,Mattia Zaccagni,36,2656,6,4.10516794025898,5,5.839979680255055,31,38,6,0,F M S,Verona,5,3.3439089208841324,15.248100034892559,8.215989906340837,2020
2044,Daniele Verde,21,992,6,3.33925043605268,1,2.113800160586834,33,10,0,0,F S,Spezia,6,3.33925043605268,5.935439515858889,1.1191163156181574,2020
7193,Rafael Leão,30,1938,6,7.025988154113293,6,4.885734288021922,43,27,5,0,F M S,AC Milan,6,7.025988154113293,13.913312271237373,3.8281389120966196,2020
7500,Giacomo Raspadori,27,1224,6,5.0938725695014,0,2.2942051123827696,24,26,1,0,F M S,Sassuolo,6,5.0938725695014,8.898129384964705,2.2428418155759573,2020
8912,Tommaso Pobega,20,1269,6,3.648391418159008,0,0.3380106948316097,22,7,6,0,M S,Spezia,6,3.648391418159008,4.250079611316323,1.531327173113823,2020
687,Pedro,27,1607,5,4.9878742238506675,2,3.377940976060927,43,28,3,1,M S,Roma,5,4.9878742238506675,12.265277098864317,5.152060678228736,2020
1170,Gianluca Caprari,30,1900,5,3.830051892437041,6,2.4633004097267985,48,34,4,1,F M S,Benevento,5,3.068753474391997,6.256533586420119,2.5983725199475884,2020
1233,Filip Djuricic,32,2127,5,6.798062631860375,4,6.2516029588878155,55,55,5,0,F M S,Sassuolo,4,6.036763453856111,14.89578978344798,5.054373069666326,2020
1324,Federico Dimarco,35,2615,5,2.5549236154183745,3,7.502207271754742,37,74,6,0,D S,Verona,5,2.5549236154183745,12.582638887688518,8.589487260207534,2020
1517,Antonio Candreva,35,2517,5,4.781779181212187,8,6.037712033838034,57,62,1,0,F M S,Sampdoria,3,3.2591808922588825,9.038150943815708,4.0056504886597395,2020
1518,Rodrigo Palacio,36,2508,5,9.866799197159708,5,5.065782814286649,54,40,5,0,F M S,Bologna,5,9.866799197159708,20.14633353985846,8.023169688880444,2020
1723,Roberto Pereyra,34,2949,5,4.137736218981445,7,4.314293311908841,28,45,8,0,F M,Udinese,4,3.376437204889953,13.599071718752384,6.8789234440773726,2020
1943,Gervinho,27,2040,5,3.7145403921604156,1,2.328022202476859,32,27,0,0,F M S,Parma Calcio 1913,5,3.7145403921604156,8.166109718382359,2.5966923013329506,2020
2217,Antonio Sanabria,14,986,5,3.2682825066149235,1,0.5611242149025202,20,7,2,0,F S,Torino,5,3.2682825066149235,4.622518370859325,1.4414495080709457,2020
5360,Weston McKennie,34,1684,5,5.1992762088775635,2,3.8772406643256545,28,26,5,0,M S,Juventus,5,5.1992762088775635,11.353354293853045,5.908968903124332,2020
6196,Nicolas Viola,17,1042,5,3.5975695084780455,3,1.3177132904529572,18,18,0,0,M S,Benevento,1,0.5523735973984003,2.3270148001611233,1.4371164590120316,2020
6960,Bremer,33,2939,5,2.9508720077574253,0,0.3044275064021349,26,7,2,0,D,Torino,5,2.9508720077574253,7.469131730496883,7.022392526268959,2020
6974,Mattias Svanberg,34,1878,5,5.155924974009395,2,2.7285462841391563,58,15,6,1,M S,Bologna,5,5.155924974009395,9.55172082502395,4.71785066369921,2020
6986,Hamed Junior Traore,35,1786,5,4.421587694436312,2,3.8875071285292506,42,34,6,0,F M S,Sassuolo,5,4.421587694436312,10.889404751360416,4.612817836925387,2020
7375,Roberto Piccoli,20,693,5,5.036983218044043,0,0.5007428098469973,15,3,0,0,F S,Spezia,5,5.036983218044043,6.209609758108854,0.6718840301036835,2020
7909,Gaetano Castrovilli,34,2365,5,3.17262190207839,3,2.2587478943169117,32,17,8,1,M S,Fiorentina,5,3.17262190207839,11.659945970401168,7.3399095851928,2020
189,Hakan Calhanoglu,33,2641,4,4.757033037021756,9,8.855918440967798,84,97,4,0,M S,AC Milan,3,3.995734015479684,15.453610148280859,9.75307017378509,2020
448,Ivan Perisic,32,1799,4,4.947721632197499,4,4.212210667319596,36,29,3,0,D F M S,Inter,4,4.947721632197499,12.467628818005323,4.807820035144687,2020
1104,Leonardo Pavoletti,33,1576,4,7.449656173586845,3,1.4201166052371264,44,12,8,0,F S,Cagliari,4,7.449656173586845,8.04011956974864,1.02244539745152,2020
1122,Manuel Locatelli,34,2887,4,3.4977542236447334,2,3.2309505101293325,42,37,9,0,M S,Sassuolo,2,1.9751562979072332,14.7618638407439,11.357735937461257,2020
1178,Davide Zappacosta,25,2050,4,2.590171592310071,2,1.2276654206216335,41,12,3,0,D S,Genoa,4,2.590171592310071,7.9104263335466385,4.554353255778551,2020
1294,Paulo Dybala,20,1131,4,4.798610061407089,3,3.1582965375855565,51,30,0,0,F S,Juventus,4,4.798610061407089,12.577648527920246,6.718404222279787,2020
1406,Marco Sau,24,765,4,2.311332104727626,2,1.4944302886724472,11,19,1,1,F M S,Benevento,3,1.550114093348384,2.2915192218497396,0.4940705019980669,2020
1491,Alejandro Gomez,10,676,4,2.7268915865570307,2,1.6215687803924084,29,19,0,0,F M S,Atalanta,4,2.7268915865570307,6.293661892414093,3.8219358026981354,2020
1492,Jasmin Kurtic,34,2757,4,3.8416108563542366,0,2.576440706849098,35,23,5,0,M S,Parma Calcio 1913,4,3.8416108563542366,9.856576822698116,5.95142113417387,2020
1493,Andrea Petagna,26,944,4,4.297945894300938,3,3.2201106175780296,24,26,0,0,F S,Napoli,4,4.297945894300938,8.296622335910797,1.9273562766611576,2020
1605,Diego Farias,29,1500,4,2.98711727373302,2,4.02491994574666,32,32,5,0,F S,Spezia,4,2.98711727373302,8.71684094145894,3.8149530608206987,2020
1763,Stefano Okaka,22,1494,4,4.292408408597112,1,0.637026397511363,24,9,2,0,F S,Udinese,4,4.292408408597112,4.708408045582473,1.42727829515934,2020
1903,Kevin Lasagna,36,2372,4,11.374926904216409,1,3.2676928713917732,72,25,1,0,F M S,"Udinese,Verona",4,11.374926904216409,15.326310425065458,1.6668746955692768,2020
2711,Aleksey Miranchuk,25,641,4,1.58031090721488,2,2.1162484996020794,15,14,0,0,M S,Atalanta,4,1.58031090721488,7.139651561155915,4.501211099326611,2020
3259,Adam Ounas,22,1531,4,3.41816533356905,3,4.257230121642351,31,28,1,0,F M S,"Cagliari,Crotone",4,3.41816533356905,9.250545926392078,2.6765753915533423,2020
3291,Adrien Rabiot,34,2310,4,2.824279290623963,2,1.7733165388926864,33,10,5,1,M S,Juventus,4,2.824279290623963,13.158003605902195,9.66641240566969,2020
3544,Jeremie Boga,27,1785,4,4.477025544270873,2,1.1497488226741552,32,11,0,0,M S,Sassuolo,4,4.477025544270873,7.505355596542358,2.8865710580721498,2020
3978,Marco Faraoni,34,2902,4,3.4973345026373863,7,4.374068378470838,34,22,8,0,D S,Verona,4,3.4973345026373863,11.301356786862016,6.568547377362847,2020
6159,Gianluca Mancini,33,2857,4,2.6674883365631104,2,1.011853993870318,28,8,10,0,D,Roma,4,2.6674883365631104,11.487871080636978,10.009991316124797,2020
6421,Brahim Diaz,27,1254,4,3.5914513990283012,3,1.371114811860025,26,19,2,0,M S,AC Milan,4,3.5914513990283012,6.498391459695995,3.060224969871342,2020
6517,Charalampos Lykogiannis,31,2447,4,1.856371020898223,2,1.2530355658382177,28,13,6,2,D M S,Cagliari,4,1.856371020898223,7.418601369485259,5.596150033175945,2020
6691,Dejan Kulusevski,35,1917,4,3.334407329559326,3,6.333947457373142,34,52,7,0,D F M S,Juventus,4,3.334407329559326,16.382541242986917,8.5699807330966,2020
8913,Emmanuel Gyasi,37,2869,4,5.1168184243142605,6,4.33998222835362,29,28,4,0,F S,Spezia,4,5.1168184243142605,12.612692832946777,4.7773666102439165,2020
557,Matteo Darmian,29,1364,3,1.5930009987205267,3,1.0115788020193577,9,12,5,0,D M S,"Inter,Parma Calcio 1913",3,1.5930009987205267,4.924569606781006,3.017340525984764,2020
646,Christian Eriksen,26,1401,3,1.1810329062864184,0,2.388552320189774,29,30,1,0,M S,Inter,3,1.1810329062864184,8.246589144691825,6.635258220136166,2020
1106,Darko Lazovic,32,2504,3,3.1488935258239508,6,5.400699524208903,33,34,3,0,D M S,Verona,3,3.1488935258239508,13.290364865213633,7.499547304585576,2020
1121,Giacomo Bonaventura,34,2288,3,2.934243282303214,2,3.2226448114961386,44,24,5,0,M S,Fiorentina,3,2.934243282303214,8.71834739483893,4.811996717937291,2020
1223,Milan Skriniar,32,2782,3,2.330421901308,0,0.5906465966254473,15,9,1,0,D S,Inter,3,2.330421901308,14.714335069060326,14.53000407665968,2020
1383,Manolo Gabbiadini,16,879,3,2.6930760983377695,2,1.7783847842365503,29,11,1,0,F S,Sampdoria,2,1.93185811676085,5.177684051916003,1.998592121526599,2020
1409,Nicolò Barella,36,2912,3,2.443391202017665,7,5.978035720065236,36,47,5,0,M S,Inter,3,2.443391202017665,21.87855652719736,16.56250900030136,2020
1468,Gregoire Defrel,28,1340,3,2.3216728372499347,3,1.0106607005000114,22,19,1,0,F M S,Sassuolo,3,2.3216728372499347,6.303595399484038,3.7277060942724347,2020
1496,Roberto Gagliardini,28,1225,3,1.2104500085115433,2,1.8919878834858537,17,8,2,0,M S,Inter,3,1.2104500085115433,7.053184477612376,4.390997890383005,2020
1523,Danilo D&#039;Ambrosio,19,679,3,1.9678721204400063,0,0.20128939673304558,8,3,2,0,D S,Inter,3,1.9678721204400063,2.5919086262583733,2.3840271309018135,2020
1537,Sasa Lukic,32,2116,3,1.9488348923623562,0,1.265929302200675,19,23,4,0,M S,Torino,3,1.9488348923623562,5.519555784761906,3.236969107761979,2020
1569,Valerio Verre,27,994,3,2.1093882024288177,3,1.845645722001791,24,19,3,0,M S,Sampdoria,3,2.1093882024288177,6.0580498073250055,2.7010034956038,2020
1577,Marko Pjaca,35,1409,3,2.8198557626456022,2,2.1108866864815354,29,14,0,0,F M S,Genoa,3,2.8198557626456022,6.316301337443292,2.090122868306935,2020
1972,Gaetano Letizia,24,1567,3,0.4204477947205305,1,1.2012773863971233,13,14,2,0,D S,Benevento,3,0.4204477947205305,3.6646606102585793,2.8229006938636303,2020
2053,Martin Erlic,27,1786,3,1.4483483592048287,1,0.48531201481819153,9,1,6,0,D S,Spezia,3,1.4483483592048287,2.894431544467807,2.883175542578101,2020
2447,Fabián,33,2577,3,2.5515005122870207,1,1.8275385983288288,43,40,1,0,M S,Napoli,3,2.5515005122870207,16.61090026050806,13.181257657706738,2020
3821,Rolando Mandragora,27,1917,3,3.44558587949723,1,0.5977573031559587,35,19,3,1,M S,"Torino,Udinese",3,3.44558587949723,7.9884036015719175,4.565365490503609,2020
4348,Tolgay Arslan,30,1861,3,0.9118159711360931,0,0.5380894970148802,22,9,9,0,M S,Udinese,3,0.9118159711360931,5.48398669809103,4.289577286690474,2020
6174,Nikola Milenkovic,34,3038,3,3.9402421843260527,1,0.6531150862574577,22,7,7,1,D,Fiorentina,3,3.9402421843260527,8.420009296387434,6.181351875886321,2020
6201,Andrej Galabinov,12,411,3,2.9641175493597984,1,0.24163099378347397,8,3,0,0,F S,Spezia,3,2.2028185352683067,2.775692030787468,0.4455863004550338,2020
6978,Giovanni Di Lorenzo,36,3240,3,4.016951826401055,6,5.703631058335304,28,49,11,0,D,Napoli,3,4.016951826401055,18.725212382152677,14.58433054573834,2020
6997,Ignacio Pussetto,11,761,3,2.382127633318305,1,1.0900541935116053,17,8,2,0,F S,Udinese,3,2.382127633318305,3.6208870448172092,1.350266084074974,2020
7939,Morten Thorsby,33,2647,3,2.763800813816488,1,1.0206927522085607,22,18,10,0,M S,Sampdoria,3,2.763800813816488,6.600823299959302,4.00522723980248,2020
8856,Razvan Marin,37,2995,3,1.3309969920665026,6,3.8396775145083666,27,68,6,0,M S,Cagliari,3,1.3309969920665026,9.81831965688616,7.3142979657277465,2020
8944,Giulio Maggiore,33,2231,3,5.055751647800207,1,1.8861123118549585,40,13,3,0,M S,Spezia,3,5.055751647800207,9.435792101547122,4.309062648564577,2020
9226,Mihai Valentin Mihaila,16,679,3,2.942352283746004,0,0.35443119145929813,19,7,2,0,F S,Parma Calcio 1913,3,2.942352283746004,4.353971146047115,1.1078733913600445,2020
3,Luca Caldirola,25,1560,2,0.5324266981333494,0,0.15763569995760918,7,6,3,1,D S,Benevento,2,0.5324266981333494,2.1501892283558846,2.0367876263335347,2020
329,Franck Ribéry,29,2195,2,2.8616734594106674,6,5.521398767828941,21,35,6,1,F M S,Fiorentina,2,2.8616734594106674,12.207909174263477,5.99220235273242,2020
411,Albin Ekdal,32,2301,2,0.8595555052161217,1,0.97035978641361,14,11,9,0,M S,Sampdoria,2,0.8595555052161217,4.922457981854677,3.854887969791889,2020
504,Aaron Ramsey,22,1105,2,4.6512732077389956,4,3.7844073846936226,24,31,2,0,M S,Juventus,2,4.6512732077389956,12.456481852568686,4.7835573786869645,2020
1089,Juan Cuadrado,30,2185,2,2.4506933353841305,10,9.995604634284973,19,60,9,1,D M S,Juventus,1,1.6893945131450891,17.964841064065695,13.35302550252527,2020
1096,Armando Izzo,25,2025,2,0.8309765970334411,0,0.17215099930763245,14,3,3,0,D S,Torino,2,0.8309765970334411,4.837528046220541,4.579219114035368,2020
1098,Miguel Veloso,21,1312,2,1.782979435287416,2,0.6269579064100981,12,11,1,0,M S,Verona,0,0.26038140151649714,5.0719476118683815,4.508938180282712,2020
1193,Lorenzo De Silvestri,29,2160,2,2.058621011674404,0,0.7418593307957053,11,13,4,0,D S,Bologna,2,2.058621011674404,6.316065266728401,5.46388640627265,2020
1272,Ilija Nestorovski,22,666,2,5.143586440011859,2,1.8310516877099872,25,14,1,0,F S,Udinese,2,5.143586440011859,6.923712877556682,0.8404390029609203,2020
1287,Leonardo Bonucci,26,2037,2,3.6459212489426136,0,0.8696580231189728,16,3,3,0,D S,Juventus,2,3.6459212489426136,8.378458887338638,8.037177786231041,2020
1289,Alex Sandro,26,1857,2,1.7777638845145702,1,2.1029498018324375,13,18,2,0,D S,Juventus,2,1.7777638845145702,13.927043695002794,11.550258632749319,2020
1313,Riccardo Saponara,11,444,2,1.1849266961216927,0,0.7230107113718987,10,5,0,1,F M S,"Fiorentina,Spezia",2,1.1849266961216927,2.5703591853380203,0.8427336812019348,2020
1395,Vlad Chiriches,24,1859,2,0.9795929994434118,1,0.44063880294561386,12,8,6,0,D S,Sassuolo,2,0.9795929994434118,7.564029302448034,7.193960668519139,2020
1425,Nikola Kalinic,19,1077,2,4.222124848514795,0,0.4376765005290508,24,9,2,0,F S,Verona,2,4.222124848514795,6.133591469377279,1.9457604084163904,2020
1484,Rafael Toloi,31,2542,2,3.2922427598387003,0,0.8902786076068878,29,15,10,0,D S,Atalanta,2,3.2922427598387003,12.477381654083729,10.51220804080367,2020
1488,Remo Freuler,34,2726,2,2.0107771046459675,3,3.9535092376172543,20,30,5,0,M S,Atalanta,2,2.0107771046459675,16.836236514151096,13.417573034763336,2020
1500,Leonardo Spinazzola,27,2137,2,2.1796333799138665,4,6.562453407794237,22,37,0,0,D S,Roma,2,2.1796333799138665,14.653732663020492,6.960794975981116,2020
1511,Marcelo Brozovic,33,2592,2,1.047651493921876,6,4.67588902823627,25,44,7,1,M S,Inter,2,1.047651493921876,17.032296732068062,14.762919157743454,2020
1574,Davide Calabria,32,2652,2,1.9455424072220922,1,1.7728251907974482,24,21,7,0,D M S,AC Milan,2,1.9455424072220922,8.915329018607736,5.882050048559904,2020
1604,Artur Ionita,36,2861,2,1.4822782259434462,0,0.8480780068784952,23,14,6,0,F M S,Benevento,2,1.4822782259434462,4.376633610576391,3.2159969890490174,2020
1617,Roberto Insigne,30,1598,2,3.687783249653876,4,3.8503976045176387,39,40,2,0,F M S,Benevento,2,3.687783249653876,9.603484109044075,3.02728371322155,2020
1800,Kamil Glik,36,3208,2,3.273077243939042,1,0.3577795997262001,28,4,7,1,D,Benevento,2,3.273077243939042,4.954514551907778,4.544665501452982,2020
1826,Nicola Sansone,26,1163,2,4.247087912634015,2,2.5972266867756844,31,31,2,0,M S,Bologna,2,4.247087912634015,7.998279295861721,2.360999494791031,2020
1896,Riccardo Gagliolo,28,1953,2,3.4122065436095,2,0.923083808273077,19,17,6,0,D S,Parma Calcio 1913,2,3.4122065436095,5.224198034033179,3.52014053799212,2020
1942,Martín Cáceres,29,2241,2,1.8278060741722584,2,1.1568307830020785,15,10,4,0,D S,Fiorentina,2,1.8278060741722584,6.779382515698671,5.810165422037244,2020
1997,Andrea Favilli,11,330,2,1.8720825016498566,0,0.1120309978723526,13,2,1,0,F S,Verona,2,1.8720825016498566,2.8343565613031387,0.951764915138483,2020
2019,Federico Bonazzoli,22,661,2,1.7117889979854226,3,1.351937455125153,25,5,2,0,F S,"Sampdoria,Torino",2,1.7117889979854226,5.035987609066069,2.4764385148882866,2020
3429,Tiemoué Bakayoko,32,1985,2,1.3997347811236978,1,0.7084052842110395,16,11,4,1,M S,Napoli,2,1.3997347811236978,8.17393697425723,7.875646879896522,2020
3515,Valentin Eysseric,16,715,2,1.5534684099256992,0,0.8687177021056414,13,8,2,0,M S,Fiorentina,2,1.5534684099256992,2.502117373049259,1.034907728433609,2020
3772,Maxime Lopez,29,1876,2,1.568635893985629,0,1.0829927828162909,10,20,7,0,M S,Sassuolo,2,1.568635893985629,9.204742707312107,7.809499295428395,2020
4941,Hans Hateboer,22,1769,2,3.947500222362578,1,1.6636190991848707,27,20,3,0,D M S,Atalanta,2,3.947500222362578,16.0897221788764,11.722097210586071,2020
5246,Diego Demme,24,1606,2,1.419318387284875,3,2.165497714653611,14,20,6,0,M S,Napoli,2,1.419318387284875,10.83776898123324,8.236274916678667,2020
5700,Yann Karamoh,24,1313,2,4.817763242870569,1,1.6867865743115544,22,15,3,0,F M S,Parma Calcio 1913,2,4.817763242870569,8.143271040171385,2.2093026749789715,2020
6176,Adam Marusic,36,2963,2,2.1827358547598124,3,1.7551478734239936,27,29,2,0,D S,Lazio,2,2.1827358547598124,12.361074641346931,9.413670372217894,2020
6180,Manuel Lazzari,32,2627,2,2.2203272320330143,5,3.436184659600258,24,28,2,1,D S,Lazio,2,2.2203272320330143,12.539717439562082,7.618224423378706,2020
6203,Eddie Salcedo,21,746,2,3.781548044644296,0,0.352080998942256,22,5,3,0,F M S,Verona,2,3.781548044644296,3.8903852878138423,0.7474130932241678,2020
6262,Jens Stryger Larsen,33,2657,2,3.6712827486917377,0,1.1915196999907494,23,10,0,0,D M S,Udinese,2,3.6712827486917377,7.99351089913398,4.437161326408386,2020
6672,Riccardo Sottil,21,1184,2,1.3929962888360023,1,1.854310704395175,24,16,3,0,F M S,Cagliari,2,1.3929962888360023,4.750057179480791,1.7706769164651632,2020
7013,Matteo Pessina,28,1667,2,2.494797609746456,2,2.9365962110459805,22,27,2,0,M S,Atalanta,2,2.494797609746456,13.3569112746045,8.992734367959201,2020
7014,Arkadiusz Reca,30,2324,2,1.215120560489595,3,2.7286526253446937,30,27,7,0,D S,Crotone,2,1.215120560489595,5.255812922492623,2.4055885430425406,2020
7096,Omar Colley,29,2591,2,1.4386971294879913,0,0.08331959787756205,12,2,6,0,D S,Sampdoria,2,1.4386971294879913,4.171581226401031,4.117732426151633,2020
7218,Cristian Romero,31,2552,2,1.3579449690878391,2,0.843623697757721,14,9,10,0,D S,Atalanta,2,1.3579449690878391,11.660820599645376,10.999850563704967,2020
7609,Carles Pérez,21,742,2,2.882694434374571,1,1.297594577074051,23,15,0,0,F M S,Roma,2,2.882694434374571,5.875416722148657,2.460090836510062,2020
7912,Eljif Elmas,33,683,2,1.897449068725109,1,0.44290410727262497,14,11,2,0,M S,Napoli,2,1.897449068725109,5.030241088941693,2.8958823308348656,2020
7931,Takehiro Tomiyasu,31,2721,2,2.285686256363988,0,0.43029759638011456,16,8,4,0,D,Bologna,2,2.285686256363988,8.129145577549934,7.272032214328647,2020
7934,Andreas Skov Olsen,26,1170,2,3.8567912625148892,2,2.0574786365032196,30,19,1,0,D M S,Bologna,2,3.8567912625148892,7.769135056063533,2.634306313470006,2020
7953,Nahitan Nández,32,2747,2,3.0945187332108617,2,2.6288713170215487,32,30,8,1,D M S,Cagliari,2,3.0945187332108617,12.315670803189278,7.109253984875977,2020
8289,Gastón Pereiro,15,249,2,2.6935748644173145,2,1.2093717157840729,14,8,0,0,M S,Cagliari,2,2.6935748644173145,3.6499935388565063,1.1782001238316298,2020
8297,Alexis Saelemaekers,32,2065,2,3.0029871268197894,4,3.179093863815069,28,30,5,1,D M S,AC Milan,2,3.0029871268197894,12.024500304833055,6.440721970051527,2020
8607,Adolfo Gaich,15,771,2,2.716556226834655,0,0.42562589421868324,24,5,1,0,F S,Benevento,2,2.716556226834655,2.5296220928430557,0.15403790026903152,2020
8819,Mergim Vojvoda,24,1360,2,1.1738278046250343,2,0.8382813092321157,6,8,4,0,D M S,Torino,2,1.1738278046250343,3.858354961499572,2.3816215228289366,2020
8828,Ivan Ilic,29,1826,2,1.8746882807463408,0,0.5437297997996211,12,16,2,0,M S,Verona,2,1.8746882807463408,9.12428155168891,7.175515897572041,2020
8837,Vladimir Golemic,30,2331,2,1.2727310145273805,0,0.5185423018410802,6,6,4,1,D S,Crotone,1,0.5114320004358888,3.3588834954425693,3.269180097617209,2020
8859,Mikkel Damsgaard,35,1773,2,3.343836505897343,4,2.121301726438105,25,25,3,0,D F M S,Sampdoria,2,3.343836505897343,7.305473066866398,3.9241935685276985,2020
8870,Sam Lammers,15,269,2,1.383544459939003,0,0.38667021319270134,9,4,0,0,F S,Atalanta,2,1.383544459939003,3.308031089603901,2.372387921437621,2020
8963,Nahuel Molina,29,1808,2,1.2219682047143579,5,2.699252560734749,16,22,1,0,D S,Udinese,2,1.2219682047143579,8.575319174677134,5.599302962422371,2020
8974,Jens Petter Hauge,18,498,2,1.0031971856951714,0,1.320996379479766,7,11,0,0,M S,AC Milan,2,1.0031971856951714,3.3493784610182047,1.1419341955333948,2020
9303,Dennis Man,14,695,2,2.359842808917165,1,0.4924683850258589,19,5,1,0,F M S,Parma Calcio 1913,2,2.359842808917165,4.86066816188395,2.3481677770614624,2020
222,Arturo Vidal,23,1136,1,2.7572390288114548,1,0.8976629767566919,21,11,3,0,M S,Inter,1,2.7572390288114548,10.247399598360062,7.888573437929153,2020
591,Gerard Deulofeu,13,593,1,1.4934396520256996,1,0.8400336094200611,17,7,0,0,F M S,Udinese,1,1.4934396520256996,3.5614525750279427,1.3423758037388325,2020
631,Ashley Young,26,1435,1,1.52551771979779,4,2.1378756910562515,15,29,4,0,D M S,Inter,1,1.52551771979779,6.41377367079258,4.000718206167221,2020
703,Fikayo Tomori,17,1466,1,0.9769397769123316,0,0,5,0,0,0,D S,AC Milan,1,0.9769397769123316,4.998597530648112,4.998597530648112,2020
777,Emmanuel Rivière,21,625,1,1.3705002032220364,1,0.6213750019669533,12,5,2,0,F S,Crotone,1,1.3705002032220364,3.704567529261112,2.170122316107154,2020
841,Graziano Pellè,13,604,1,1.6020401045680046,2,2.1137641854584217,14,12,1,0,F S,Parma Calcio 1913,1,1.6020401045680046,4.31959318742156,2.2076491825282574,2020
845,Maya Yoshida,32,2275,1,1.5374410226941109,2,0.6980122923851013,11,6,5,0,D S,Sampdoria,1,1.5374410226941109,3.833266582340002,3.688500761985779,2020
922,Andreas Pereira,26,496,1,0.7673559691756964,2,1.3176194811239839,14,13,5,1,M S,Lazio,1,0.7673559691756964,2.3460544170811772,0.6580513054504991,2020
1000,Federico Fazio,6,409,1,0.07194980047643185,0,0.04167120158672333,3,1,2,0,D S,Roma,1,0.07194980047643185,1.0176700204610825,1.0176700204610825,2020
1030,Fernando Forestieri,19,532,1,1.6452004807069898,1,1.03226269595325,11,8,1,0,F S,Udinese,1,1.6452004807069898,2.6368389297276735,0.6623281920328736,2020
1099,Tomás Rincón,36,2881,1,1.3623398076742887,1,1.781950396951288,22,14,8,1,M S,Torino,1,1.3623398076742887,10.574309207033366,8.185174142941833,2020
1117,Andrea Poli,18,376,1,0.962770976126194,0,0.560308906249702,3,6,1,0,M S,Bologna,1,0.962770976126194,1.667701399885118,0.2704366948455572,2020
1119,Alessio Romagnoli,22,1905,1,2.8769351448863745,1,0.9673002753406763,15,3,7,0,D S,AC Milan,1,2.8769351448863745,3.9543325304985046,3.9300225228071213,2020
1142,Samir,30,2210,1,1.3209124691784382,0,0.894023691304028,11,9,6,0,D S,Udinese,1,1.3209124691784382,7.315221656113863,6.5204234048724174,2020
1164,Cristiano Biraghi,35,2821,1,1.8023664923384786,5,6.5923343654721975,26,49,8,0,D S,Fiorentina,1,1.8023664923384786,10.244553415104747,6.0561589282006025,2020
1165,Gastón Brugman,26,1634,1,0.9818943440914154,1,2.6005174797028303,18,26,7,0,M S,Parma Calcio 1913,1,0.9818943440914154,8.439416551962495,6.687709359452128,2020
1168,Bryan Cristante,34,2142,1,2.3669067304581404,3,1.7371876053512096,28,16,8,0,D M S,Roma,1,2.3669067304581404,12.023616772145033,8.874589961022139,2020
1185,Iago Falque,11,355,1,0.3678577970713377,1,0.7816795036196709,11,12,0,0,M S,Benevento,1,0.3678577970713377,1.669627197086811,0.8235453991219401,2020
1226,Karol Linetty,27,1846,1,1.04666368663311,0,1.1230370812118053,7,15,5,0,M S,Torino,1,1.04666368663311,5.747302250936627,3.7531141247600317,2020
1251,Radja Nainggolan,26,1887,1,1.2883627079427242,0,1.735215992666781,51,23,5,0,M S,"Cagliari,Inter",1,1.2883627079427242,8.388334600254893,6.008719939738512,2020
1252,Stephan El Shaarawy,10,564,1,1.4402230195701122,1,1.2021809071302414,16,17,1,0,M S,Roma,1,1.4402230195701122,4.652147993445396,2.196975577622652,2020
1281,Giuseppe Pezzella,24,1835,1,0.2045850045979023,4,3.4273591786623,7,20,7,0,D S,Parma Calcio 1913,1,0.2045850045979023,7.78886085562408,5.628050120547414,2020
1296,Stefano Sturaro,16,872,1,1.0139361824840307,0,0.24921429343521595,6,4,6,0,M S,"Genoa,Verona",1,1.0139361824840307,2.940386552363634,2.023802611976862,2020
1301,Daniele Rugani,16,1008,1,0.18430650234222412,1,0.6209089700132608,3,3,2,0,D S,Cagliari,1,0.18430650234222412,2.127025317400694,2.107306217774749,2020
1311,Rade Krunic,25,688,1,0.7124357912689447,2,1.2849788051098585,8,8,3,0,M S,AC Milan,1,0.7124357912689447,2.9975263103842735,1.9331392236053944,2020
1317,Andrés Tello,17,380,1,0.1986220981925726,0,0.04526279866695404,7,1,2,0,D S,Benevento,1,0.1986220981925726,0.6142909992486238,0.41190270241349936,2020
1380,Amadou Diawara,18,646,1,0.9297357946634293,0,0.28547900915145874,7,1,2,1,M S,Roma,1,0.9297357946634293,3.4258932061493397,2.496157217770815,2020
1394,Lorenzo Tonelli,23,1787,1,2.1580222602933645,0,0,13,0,11,0,D S,Sampdoria,1,2.1580222602933645,2.523954927921295,2.4647353254258633,2020
1399,Bruno Alves,19,1630,1,0.31255886424332857,0,0.11241120100021362,10,2,3,0,D S,Parma Calcio 1913,1,0.31255886424332857,3.2238670513033867,3.2158203814178705,2020
1423,Matías Vecino,8,278,1,0.8613553270697594,1,0.7116153985261917,6,4,0,0,M S,Inter,1,0.8613553270697594,2.488170988857746,0.9441120252013206,2020
1430,Milan Badelj,30,2419,1,0.7041420871391892,4,3.033674188889563,17,28,7,0,M S,Genoa,1,0.7041420871391892,9.15631151292473,6.086814202368259,2020
1445,Simone Verdi,33,1613,1,3.521899113431573,5,4.697265908122063,41,52,6,0,F M S,Torino,1,3.521899113431573,7.206543179228902,2.494845127686858,2020
1448,Erick Pulgar,31,1993,1,0.7277325075119734,3,2.100617717951536,16,23,8,0,M S,Fiorentina,1,0.7277325075119734,4.03116973862052,2.9135803394019604,2020
1458,Ibrahima Mbaye,8,427,1,0.5738170146942139,0,0.024622399359941483,1,1,2,0,D S,Bologna,1,0.5738170146942139,0.8330504894256592,0.23461000621318817,2020
1515,Cristian Ansaldi,31,1929,1,1.74539559148252,6,5.254378778859973,18,35,1,0,D M S,Torino,0,0.984096996486187,6.657869837246835,3.2433235216885805,2020
1541,Stefan de Vrij,32,2730,1,0.7699216064065695,0,0.25116209872066975,12,6,2,0,D S,Inter,1,0.7699216064065695,16.09696774557233,16.00625865533948,2020
1567,Bruno Peres,30,1402,1,1.247768897563219,2,4.322921263054013,12,28,6,0,D M S,Roma,1,1.247768897563219,9.766240935772657,6.725256685167551,2020
1710,Marten de Roon,35,3021,1,0.600591354072094,1,1.1421154122799635,17,19,8,1,M S,Atalanta,1,0.600591354072094,17.313041349872947,16.0276180524379,2020
1728,Fernando Llorente,17,762,1,1.8734220936894417,0,0.5758714936673641,13,12,2,0,F S,"Napoli,Udinese",1,1.8734220936894417,3.407828811556101,1.5666658524423838,2020
2143,Germán Pezzella,32,2749,1,1.2327898098155856,0,0.683429317548871,16,3,5,0,D,Fiorentina,1,1.2327898098155856,3.220572531223297,3.1588817313313484,2020
2244,Danilo,34,2922,1,1.8335020011290908,4,3.413798311725259,19,25,6,0,D M S,Juventus,1,1.8335020011290908,19.305436512455344,16.050811333581805,2020
2264,Diego Godín,28,2512,1,0.37258401326835155,0,0.9031310770660639,11,7,3,0,D,Cagliari,1,0.37258401326835155,5.613554682582617,5.5643537156283855,2020
2303,Samu Castillejo,28,1154,1,2.6576890870928764,0,0.8965471852570772,25,10,5,0,M S,AC Milan,1,2.6576890870928764,5.59050740301609,2.6902942564338446,2020
2437,Gonzalo Escalante,24,707,1,1.0710199316963553,1,0.37517969496548176,8,2,5,0,M S,Lazio,1,1.0710199316963553,2.286289713345468,1.3735252879559994,2020
3065,Domenico Criscito,23,1722,1,0.8687943164259195,0,0.4925195053219795,6,6,6,0,D S,Genoa,0,0.10749530233442783,4.235410718247294,3.8842790983617306,2020
3356,Adama Soumaoro,20,1752,1,1.278953162021935,0,0.03981267986819148,8,3,4,0,D S,Bologna,1,1.278953162021935,6.395035202614963,5.640587532427162,2020
3387,Nicolas N&#039;Koulou,18,1363,1,0.6929326876997948,0,0.069217499345541,3,2,5,0,D S,Torino,1,0.6929326876997948,2.5510990656912327,2.5334450639784336,2020
3550,Koffi Djidji,20,1517,1,0.35376428812742233,0,0.25519940443336964,4,4,4,0,D S,Crotone,1,0.35376428812742233,3.8973523396998644,3.631722653284669,2020
3739,Soualiho Meité,30,1492,1,0.8537727985531092,1,0.8431711932644248,15,13,2,0,M S,"AC Milan,Torino",1,0.8537727985531092,7.524185158312321,6.331333534792066,2020
3842,Claudio Terzi,25,1880,1,0.6255325106903911,1,0.7235097866505384,5,5,7,1,D S,Spezia,1,0.6255325106903911,3.1826001396402717,2.8888578368350863,2020
3989,Salvatore Molina,29,2336,1,0.756824592128396,4,2.424864591099322,15,25,1,0,D M S,Crotone,1,0.756824592128396,6.511597356759012,4.643257914111018,2020
4733,José Luis Palomino,36,2413,1,0.2742485976777971,2,1.120695799589157,5,8,3,0,D S,Atalanta,1,0.2742485976777971,8.496524963527918,7.404299661517143,2020
4895,Andrea Pinamonti,8,162,1,0.6968963071703911,0,0.05861409939825535,4,2,0,0,F S,Inter,1,0.6968963071703911,1.3502263762056828,0.5947167072445154,2020
4906,Alberto Cerri,24,343,1,2.6979602240025997,0,0.4341450948268175,16,6,1,0,F S,Cagliari,1,2.6979602240025997,3.61320823058486,1.2948719020932913,2020
4907,Bartosz Bereszynski,31,2602,1,0.16856340132653713,0,0.8436510022729635,3,9,2,0,D S,Sampdoria,1,0.16856340132653713,5.899455839768052,5.2811408545821905,2020
4917,Niccolò Zanellato,27,1643,1,0.5922184968367219,1,1.077050899155438,5,10,3,0,M S,Crotone,1,0.5922184968367219,3.410395580343902,2.8344518495723605,2020
4937,Miha Zajc,31,1879,1,2.248612191528082,3,2.2976276744157076,19,20,4,0,M S,Genoa,1,2.248612191528082,8.098871659487486,4.747185476124287,2020
4943,Emanuel Vignato,31,1180,1,1.5615506153553724,4,3.2943006521090865,23,26,4,0,M S,Bologna,1,1.5615506153553724,7.903249576687813,5.235997525975108,2020
5996,Adrien Tameze,33,2334,1,1.4005271373316646,0,1.3312490042299032,18,12,6,0,F M S,Verona,1,1.4005271373316646,6.444780208636075,4.355734622571617,2020
6156,Andreas Cornelius,29,1898,1,2.799827801063657,4,3.1750403651967645,30,24,4,0,F M S,Parma Calcio 1913,1,2.799827801063657,6.2580070327967405,1.7902092039585114,2020
6182,Pasquale Schiattarella,29,2257,1,0.6014219056814909,1,2.2552980314940214,11,25,13,1,M S,Benevento,1,0.6014219056814909,8.082545510493219,6.711748289875686,2020
6206,Bram Nuytinck,20,1645,1,0.46829293947666883,0,0.11466759815812111,4,3,1,0,D S,Udinese,1,0.46829293947666883,2.0252563217654824,1.9577207108959556,2020
6303,Marvin Zeegelaar,24,1774,1,1.2140242252498865,0,1.4033572115004063,9,10,6,0,D S,Udinese,1,1.2140242252498865,4.762895875610411,2.8939470034092665,2020
6324,Marash Kumbulla,21,1368,1,0.851187301799655,0,0.4616057928651571,6,4,8,0,D S,Roma,1,0.851187301799655,5.459870895370841,5.023548906669021,2020
6362,Rick Karsdorp,34,2552,1,1.1770907239988446,6,5.349184602499008,13,26,2,0,D S,Roma,1,1.1770907239988446,15.118667090311646,10.560320269316435,2020
6464,Adrien Silva,24,1612,1,0.4733195062726736,1,0.8784739095717669,6,10,6,1,M S,Sampdoria,1,0.4733195062726736,5.02322443574667,3.9297401029616594,2020
6806,Rodrigo Becão,35,2787,1,1.8541742395609617,0,0.21603453252464533,10,7,5,0,D S,Udinese,1,1.8541742395609617,6.156187633983791,5.986800102517009,2020
6942,Arthur,22,1154,1,0.15511830151081085,0,1.2139267399907112,3,17,3,0,M S,Juventus,1,0.15511830151081085,9.972213067114353,8.813323253765702,2020
6973,Nehuén Paz,6,358,1,0.47316619474440813,0,0.013097099959850311,2,1,0,0,D S,Bologna,1,0.47316619474440813,0.24919849913567305,0.23610139917582273,2020
7003,Mehdi Bourabia,15,502,1,0.374751104041934,0,0.11311679892241955,9,2,2,0,M S,Sassuolo,1,0.374751104041934,2.173492736183107,1.98475082218647,2020
7091,Christian Kouamé,33,966,1,3.5075705125927925,1,1.1993615850806236,17,12,4,0,F M S,Fiorentina,1,3.5075705125927925,4.358870219439268,0.49727509915828705,2020
7281,Diogo Dalot,21,1070,1,0.510491494089365,1,0.9577981140464544,10,9,5,0,D S,AC Milan,1,0.510491494089365,4.294027592986822,3.0490214973688126,2020
7472,Wilfried Stephane Singo,28,1855,1,1.1385453073307872,2,3.503697570413351,10,24,2,1,D M S,Torino,1,1.1385453073307872,7.574752674438059,5.378603741526604,2020
7902,Matthijs de Ligt,27,2220,1,0.9373436057940125,1,1.0053015174344182,19,9,4,0,D S,Juventus,1,0.9373436057940125,10.942042587324977,10.896848557516932,2020
7924,Amir Rrahmani,16,1086,1,0.5364986136555672,0,0,5,0,2,0,D S,Napoli,1,0.5364986136555672,2.7226266115903854,2.7226266115903854,2020
7933,Jerdy Schouten,34,2518,1,0.16803480312228203,1,2.569762498140335,9,24,8,1,M S,Bologna,1,0.16803480312228203,10.763233807869256,8.724704436957836,2020
7937,Julian Chabot,25,1651,1,0.8326523061841726,1,0.6921412069350481,9,5,9,1,D S,Spezia,1,0.8326523061841726,3.354884685948491,3.2395168896764517,2020
7938,Tommaso Augello,37,3225,1,0.3225634004920721,3,4.0103649608790874,8,30,2,1,D M,Sampdoria,1,0.3225634004920721,7.994397904723883,5.777278367429972,2020
7993,Ernesto Torregrossa,6,164,1,0.4610721096396446,0,0.16817319300025702,4,3,0,0,F S,Sampdoria,1,0.4610721096396446,0.35252559185028076,0.08946719765663147,2020
8010,Kevin Agudelo,29,1349,1,1.2943015089258552,2,1.203430088236928,19,12,4,0,F S,Spezia,1,1.2943015089258552,4.601859170012176,2.2041113823652267,2020
8029,Lisandro Magallán,28,2192,1,0.8408093214966357,2,0.34785529784858227,8,9,10,0,D S,Crotone,1,0.8408093214966357,4.786471351981163,4.12426027841866,2020
8034,Georgios Kyriakopoulos,23,1455,1,1.658354344777763,0,1.3868073876947165,24,15,1,1,D M S,Sassuolo,1,1.658354344777763,5.2300237119197845,2.635903175920248,2020
8161,Ebrima Colley,23,709,1,2.255906790494919,0,0.6599310953170061,17,8,1,0,F M S,Verona,1,2.255906790494919,4.452990390360355,2.380436085164547,2020
8252,Nicolás Domínguez,28,1248,1,1.187559929676354,0,1.569201661273837,18,20,8,0,M S,Bologna,1,1.187559929676354,4.240804923698306,2.474937330931425,2020
8298,Lennart Czyborra,17,1182,1,0.15618479810655117,0,0.22279299423098564,5,4,2,0,D S,Genoa,1,0.15618479810655117,1.728183003142476,1.4726813323795795,2020
8313,Pierre Kalulu Kyatengwa,13,725,1,0.7651956975460052,1,0.6814032876864076,3,6,1,0,D S,AC Milan,1,0.7651956975460052,2.8598673716187477,2.7183524519205093,2020
8839,Eduardo Henrique,18,906,1,0.9185777055099607,0,0.17516055889427662,9,6,4,0,M S,Crotone,1,0.9185777055099607,2.349689658731222,1.3663619002327323,2020
8883,Riccardo Improta,34,2329,1,1.7657607709988952,0,2.6739607667550445,35,22,7,0,D M S,Benevento,1,1.7657607709988952,6.814544703811407,3.4242297261953354,2020
8884,Alessandro Tuia,27,1766,1,0.4775644959881902,0,0.48687270004302263,8,3,6,0,D S,Benevento,1,0.4775644959881902,2.3737149881199002,2.2948022857308388,2020
8916,Simone Bastoni,22,1538,1,1.203152857720852,6,2.627112690359354,21,29,7,0,D S,Spezia,1,1.203152857720852,5.448463845998049,2.7633594553917646,2020
8926,Milos Vulic,25,1299,1,0.9432989126071334,1,1.4631507899612188,17,21,2,0,M S,Crotone,1,0.9432989126071334,3.3225217862054706,1.5683981962502003,2020
9002,Vedat Muriqi,27,809,1,3.2703423630446196,0,0.6183624006807804,31,9,1,0,F S,Lazio,1,3.2703423630446196,5.9164584800601006,2.1868573799729347,2020
9019,Lucas Martínez Quarta,21,1486,1,1.7068064901977777,0,0.28575219959020615,17,6,4,1,D S,Fiorentina,1,1.7068064901977777,3.2530735787004232,2.1412945855408907,2020
9022,Amer Gojak,15,466,1,0.7937223045155406,1,0.2250654986128211,8,7,1,0,F M S,Torino,1,0.7937223045155406,1.7585974503308535,0.9703707043081522,2020
9029,Simon Sohm,18,887,1,0.826208071783185,0,0.517564207315445,5,4,1,0,F M S,Parma Calcio 1913,1,0.826208071783185,2.6266357731074095,1.967375472187996,2020
9090,Ardian Ismajli,17,1294,1,0.668645323254168,1,0.6446983944624662,6,2,1,1,D S,Spezia,1,0.668645323254168,2.260973867960274,2.1473800279200077,2020
9104,Juan Brunetta,12,470,1,0.8289852887392044,2,0.8405392812564969,10,8,3,0,F M S,Parma Calcio 1913,1,0.8289852887392044,2.454838789999485,1.4182401821017265,2020
9334,Jayden Braaf,4,106,1,0.15314329788088799,0,0.018545599654316902,2,1,0,0,F S,Udinese,1,0.15314329788088799,0.250842098146677,0.09769919887185097,2020
257,Jeremy Toljan,26,1491,0,0.3657556027173996,1,0.8785571940243244,5,14,2,0,D M S,Sassuolo,0,0.3657556027173996,6.0852058082818985,5.302929624915123,2020
265,Ragnar Klavan,15,768,0,0.18025559931993484,0,0.028701700270175934,6,1,1,0,D S,Cagliari,0,0.18025559931993484,1.3084330577403307,1.292589757591486,2020
308,Ricardo Rodríguez,16,1261,0,0.5108492951840162,0,0.21885830350220203,13,5,1,0,D S,Torino,0,0.5108492951840162,2.742152003571391,2.54089224524796,2020
347,Kaan Ayhan,19,769,0,0.44814789295196533,0,0.06856240145862103,5,2,2,0,D S,Sassuolo,0,0.44814789295196533,3.0136316157877445,3.0136316157877445,2020
393,Douglas Costa,2,38,0,0,0,0.04837749898433685,0,1,0,0,S,Juventus,0,0,0.6014609932899475,0.6014609932899475,2020
475,Lucas Leiva,32,2175,0,0.3638604013249278,0,0.5465141087770462,12,7,10,0,M S,Lazio,0,0.3638604013249278,10.54898451641202,9.717118680477142,2020
505,David Ospina,16,1440,0,0,1,0.07061940059065819,0,2,2,0,GK,Napoli,0,0,4.088958190754056,4.018342124298215,2020
542,Pedro Obiang,33,1458,0,0.5482162935659289,1,1.032847898080945,16,12,4,1,M S,Sassuolo,0,0.5482162935659289,5.400156712159514,4.113886831328273,2020
570,Valon Behrami,26,875,0,0.549466909840703,0,0.09671949967741966,4,2,1,1,M S,Genoa,0,0.549466909840703,1.6837100014090538,1.0375237874686718,2020
621,Aleksandar Kolarov,7,384,0,0.10702819935977459,1,1.3366779834032059,6,6,0,0,D S,Inter,0,0.10702819935977459,4.709819935262203,4.3096719160676,2020
628,Chris Smalling,16,1102,0,0.2958590015769005,1,0.8814990222454071,7,2,3,0,D S,Roma,0,0.2958590015769005,5.433432197198272,5.433432197198272,2020
952,Gastón Ramírez,25,954,0,0.7901082024909556,4,2.4478802867233753,12,21,5,0,F M S,Sampdoria,0,0.7901082024909556,4.220691552385688,2.5902689397335052,2020
1093,Mattia Perin,32,2880,0,0,0,0.02126139961183071,0,1,1,1,GK,Genoa,0,0,3.272370293736458,3.251108894124627,2020
1114,Davide Biraschi,13,918,0,0.0724561009556055,0,0,2,0,2,0,D S,Genoa,0,0.0724561009556055,2.5854340475052595,2.512978255748749,2020
1116,Gianluigi Donnarumma,37,3330,0,0,0,0,0,0,1,0,GK,AC Milan,0,0,4.617560621351004,4.617560621351004,2020
1120,Mattia De Sciglio,1,23,0,0.03442449867725372,0,0,1,0,0,0,S,Juventus,0,0.03442449867725372,0.03442449867725372,0,2020
1133,Cristian Zapata,12,968,0,0.08409059979021549,0,0.023612799122929573,3,1,2,0,D,Genoa,0,0.08409059979021549,0.887014590203762,0.8738422896713018,2020
1140,Danilo,35,3132,0,0.9375772075727582,1,1.587674554437399,15,9,7,0,D S,Bologna,0,0.9375772075727582,7.381950527429581,6.595586201176047,2020
1153,Ryder Matos,1,11,0,0,0,0.030139600858092308,0,1,0,0,S,Udinese,0,0,0.046832598745822906,0.016692999750375748,2020
1158,Simone Scuffet,1,90,0,0,0,0,0,0,0,0,GK,Udinese,0,0,0,0,2020
1166,Ahmed Benali,18,1220,0,0.8533948063850403,1,1.1067885202355683,10,14,2,0,M S,Crotone,0,0.8533948063850403,3.2200447116047144,1.9694455843418837,2020
1181,Antonio Barreca,3,86,0,0.0728532001376152,0,0.04057219997048378,2,1,0,0,D S,Fiorentina,0,0.0728532001376152,0.1328554004430771,0.05965770035982132,2020
1182,Daniele Baselli,15,369,0,0.21827019937336445,0,0.7608736101537943,5,9,2,0,M S,Torino,0,0.21827019937336445,1.6164583154022694,0.9867002945393324,2020
1195,Daniele Padelli,1,42,0,0,0,0,0,0,0,0,S,Inter,0,0,0,0,2020
1200,Federico Marchetti,4,337,0,0,0,0,0,0,0,0,GK,Genoa,0,0,0.35959889739751816,0.35959889739751816,2020
1203,Wesley Hoedt,17,944,0,0.1337106004357338,0,0.10679090395569801,2,3,6,0,D S,Lazio,0,0.1337106004357338,1.7052014898508787,1.6849500890821218,2020
1204,Patric,25,1605,0,0.527248497121036,1,1.1129926745779812,7,11,8,0,D S,Lazio,0,0.527248497121036,6.558204300701618,5.445960342884064,2020
1205,Senad Lulic,16,713,0,0.4823397994041443,0,0.3633886054158211,6,4,1,0,D S,Lazio,0,0.4823397994041443,2.2808317840099335,1.5769148096442223,2020
1206,Danilo Cataldi,19,552,0,0.3220282020047307,0,0.2362210974097252,6,5,4,0,M S,Lazio,0,0.3220282020047307,3.09261591732502,2.6454606875777245,2020
1207,Marco Parolo,18,645,0,0.4395400080829859,2,0.8719108793884516,7,4,5,0,D M S,Lazio,0,0.4395400080829859,2.6637956770136952,1.6587087092921138,2020
1214,Thomas Strakosha,9,810,0,0,0,0,0,0,1,0,GK,Lazio,0,0,1.126893071923405,1.126893071923405,2020
1221,Jacopo Sala,6,383,0,0,0,0.8362630009651184,0,3,1,0,D S,Spezia,0,0,1.2708777748048306,0.43461480364203453,2020
1224,Vasco Regini,3,85,0,0,0,0.044204000383615494,0,1,0,0,D S,Sampdoria,0,0,0.044204000383615494,0,2020
1238,Luca Cigarini,14,957,0,0.5393778970465064,0,1.141917017288506,16,16,3,1,M S,Crotone,0,0.5393778970465064,2.9676894936710596,2.0670886132866144,2020
1241,Pedro Pereira,35,2571,0,0.9247750015929341,4,3.1479097194969654,14,21,6,0,D M S,Crotone,0,0.9247750015929341,6.3872065879404545,3.695689040236175,2020
1244,Wojciech Szczesny,30,2679,0,0,1,0.10835400223731995,0,1,0,0,GK,Juventus,0,0,7.218137696385384,7.218137696385384,2020
1246,Kostas Manolas,30,2306,0,0.9578735148534179,0,0.4959623161703348,8,6,5,0,D S,Napoli,0,0.9578735148534179,11.149810411036015,10.697534818202257,2020
1247,Juan Jesus,5,150,0,0,0,0,0,0,0,0,S,Roma,0,0,0.8360486216843128,0.8360486216843128,2020
1256,Kevin Strootman,18,1339,0,0.5849700579419732,4,3.277071014046669,6,23,7,0,M,Genoa,0,0.5849700579419732,6.190913684666157,3.3601933205500245,2020
1264,Edoardo Goldaniga,25,1852,0,0.40032009687274694,1,0.7094417009502649,8,7,8,0,D S,Genoa,0,0.40032009687274694,3.3649357724934816,2.914271755144,2020
1273,Mato Jajalo,1,29,0,0,0,0,0,0,0,0,S,Udinese,0,0,0,0,2020
1274,Andrea Rispoli,19,631,0,0.40186222782358527,0,0.5106201944872737,4,11,4,0,D M S,Crotone,0,0.40186222782358527,1.9568930994719267,1.245958723127842,2020
1285,Gianluigi Buffon,8,720,0,0,0,0,0,0,0,0,GK,Juventus,0,0,1.7219826616346836,1.7219826616346836,2020
1295,Mario Mandzukic,10,201,0,1.11394699010998,0,0.16888929903507233,5,3,1,0,F S,AC Milan,0,1.11394699010998,1.021451197564602,0.01775749959051609,2020
1302,Emil Audero,37,3330,0,0,1,0.27087798714637756,0,1,0,0,GK,Sampdoria,0,0,1.8251728769391775,1.5542948897928,2020
1305,Lukasz Skorupski,28,2520,0,0,0,0,0,0,1,0,GK,Bologna,0,0,3.5061707040295005,3.5061707040295005,2020
1306,Vincent Laurini,14,877,0,0.29928300715982914,0,0.04075369983911514,2,1,1,0,D S,Parma Calcio 1913,0,0.29928300715982914,2.4420977272093296,2.142814824357629,2020
1320,Federico Barba,32,2661,0,0.5403175037354231,2,1.5261480007320642,13,13,8,0,D S,Benevento,0,0.5403175037354231,4.6677513755857944,4.175875443965197,2020
1334,Perparim Hetemaj,31,2236,0,0.5941195506602526,2,1.1625242764130235,12,15,5,0,M S,Benevento,0,0.5941195506602526,3.0375230284407735,1.730568414554,2020
1340,Roberto Inglese,14,565,0,0.5732137197628617,2,1.671403020620346,8,4,2,0,F S,Parma Calcio 1913,0,0.5732137197628617,1.8665111176669598,0.3914647102355957,2020
1341,Ivan Radovanovic,33,2227,0,0.20088240131735802,0,0.14579060301184654,6,3,6,0,D M S,Genoa,0,0.20088240131735802,4.4961399007588625,4.439140798524022,2020
1348,Vittorio Parigini,4,45,0,0.014219899661839008,0,0,1,0,0,0,S,Genoa,0,0.014219899661839008,0,0,2020
1351,Alex Cordaz,36,3240,0,0,0,0.008935229852795601,0,1,1,0,GK,Crotone,0,0,2.749413521029055,2.740478320978582,2020
1354,Gianmarco Ferrari,34,3013,0,1.7151113944128156,4,1.660501136444509,25,14,7,0,D S,Sassuolo,0,1.7151113944128156,10.241914078593254,9.215900721028447,2020
1367,Marco Festa,1,90,0,0,0,0,0,0,0,0,GK,Crotone,0,0,0,0,2020
1370,Federico Ceccherini,28,2032,0,1.1119018122553825,0,0.47729649394750595,12,5,10,0,D S,"Fiorentina,Verona",0,1.1119018122553825,8.647550962865353,8.453702881932259,2020
1374,José Reina,29,2610,0,0,0,0.021209200844168663,0,1,1,0,GK,Lazio,0,0,4.282470690086484,4.26126149110496,2020
1375,Elseid Hysaj,24,1783,0,0.24451652308925986,2,1.7091953912749887,8,15,2,0,D S,Napoli,0,0.24451652308925986,8.22179314494133,6.798788700252771,2020
1376,Kalidou Koulibaly,26,2212,0,0.9780294075608253,0,0.2972740028053522,11,7,8,1,D S,Napoli,0,0.9780294075608253,9.899268742650747,9.789262767881155,2020
1377,Nikola Maksimovic,17,1206,0,0.5846246965229511,0,0.17627359926700592,5,3,1,0,D S,Napoli,0,0.5846246965229511,7.012158114463091,6.984631311148405,2020
1382,José Callejón,20,646,0,0.24606570601463318,1,1.4048179984092712,8,5,0,0,F M S,Fiorentina,0,0.24606570601463318,2.5057099163532257,1.585315428674221,2020
1387,Faouzi Ghoulam,11,273,0,0.1155938021838665,0,0.7508809007704258,3,7,1,0,D S,Napoli,0,0.1155938021838665,1.4422584865242243,1.308063292875886,2020
1390,Marko Rog,14,1171,0,0.19431040063500404,0,0.2716536931693554,8,8,2,0,M,Cagliari,0,0.19431040063500404,1.5822020769119263,1.2021498773247004,2020
1391,Christian Maggio,8,294,0,0.06327910162508488,0,0,2,0,2,0,D S,Benevento,0,0.06327910162508488,0.19220179971307516,0.19220179971307516,2020
1392,Luigi Sepe,36,3240,0,0,0,0,0,0,0,0,GK,Parma Calcio 1913,0,0,5.422759408131242,5.422759408131242,2020
1397,Fabio Pisacane,5,224,0,0,0,0,0,0,1,0,D S,Cagliari,0,0,0.038854099810123444,0.038854099810123444,2020
1400,Nicola Murru,14,574,0,0.4259517975151539,0,0.3851819932460785,5,3,0,0,D S,Torino,0,0.4259517975151539,1.5079008843749762,0.8329151012003422,2020
1410,Rafael,3,205,0,0,1,0.3084479868412018,0,1,0,0,GK S,Spezia,0,0,0.43130598962306976,0.12285800278186798,2020
1416,Ciprian Tatarusanu,1,90,0,0,0,0,0,0,0,0,GK,AC Milan,0,0,0,0,2020
1420,Maximiliano Olivera,2,91,0,0,0,0,0,0,0,0,D S,Fiorentina,0,0,0,0,2020
1422,Borja Valero,20,446,0,0.20813370123505592,0,0.03929710015654564,5,2,3,0,F M S,Fiorentina,0,0.20813370123505592,1.0571854822337627,0.8668891862034798,2020
1424,Federico Bernardeschi,27,945,0,1.6739853210747242,2,3.3103971257805824,13,24,3,0,D M S,Juventus,0,1.6739853210747242,6.390778796747327,3.2182795498520136,2020
1431,Sebastien De Maio,15,855,0,0.2958129961043596,0,0,6,0,1,0,D S,Udinese,0,0.2958129961043596,3.13002273067832,3.100876744836569,2020
1437,Ângelo Da Costa,6,540,0,0,0,0,0,0,2,0,GK,Bologna,0,0,0.0682027991861105,0.0682027991861105,2020
1454,Alex Ferrari,12,882,0,0,1,0.6388056110590696,0,4,3,0,D S,Sampdoria,0,0,2.3901481851935387,1.9151681754738092,2020
1460,Andrea Consigli,37,3330,0,0,0,0,0,0,1,0,GK,Sassuolo,0,0,4.477105824276805,4.477105824276805,2020
1461,Pol Lirola,12,481,0,0.12438919954001904,1,0.7172349877655506,2,7,3,0,D M S,Fiorentina,0,0.12438919954001904,1.544571964070201,0.8796967808157206,2020
1463,Francesco Acerbi,32,2814,0,1.0400611981749535,1,1.17975396476686,8,10,7,1,D,Lazio,0,1.0400611981749535,10.49756888858974,9.721277261152864,2020
1464,Federico Peluso,7,200,0,0,0,0,0,0,1,0,D S,Sassuolo,0,0,1.2759103775024414,1.2759103775024414,2020
1465,Stefano Sensi,18,580,0,1.3360764272511005,0,0.5460707172751427,18,11,1,1,M S,Inter,0,1.3360764272511005,3.84309658780694,2.874489162117243,2020
1466,Francesco Magnanelli,10,456,0,0.035934899002313614,0,0.20932219736278057,2,4,2,0,M S,Sassuolo,0,0.035934899002313614,2.1065679136663675,2.0007399264723063,2020
1470,Federico Ricci,1,1,0,0,0,0,0,0,0,0,S,Sassuolo,0,0,0,0,2020
1474,Alfred Duncan,23,1237,0,0.1837493982166052,1,1.3588686902076006,8,11,2,0,M S,"Cagliari,Fiorentina",0,0.1837493982166052,4.897094771265984,4.040179053321481,2020
1476,Cristian Dell&#039;Orco,8,259,0,0.07512179762125015,0,0,1,0,0,0,D S,Spezia,0,0.07512179762125015,0.6973264254629612,0.6222048290073872,2020
1480,Gianluca Pegolo,1,90,0,0,0,0,0,0,0,0,GK,Sassuolo,0,0,0,0,2020
1485,Andrea Masiello,30,2575,0,0.5528655890375376,0,0.26302226446568966,5,7,6,0,D,Genoa,0,0.5528655890375376,4.77356428001076,4.270529475994408,2020
1486,Mattia Caldara,6,105,0,0.42602501064538956,0,0,2,0,1,0,D S,Atalanta,0,0.42602501064538956,0.8450074046850204,0.8450074046850204,2020
1487,Andrea Conti,14,833,0,0.908635001629591,0,0.6681050974875689,5,8,3,0,D S,"AC Milan,Parma Calcio 1913",0,0.908635001629591,4.437388136982918,3.218573020771146,2020
1501,Marco Sportiello,15,1259,0,0,0,0,0,0,0,0,GK S,Atalanta,0,0,1.8804459311068058,1.8804459311068058,2020
1504,Alberto Grassi,23,1172,0,0.5227791965007782,0,0.34624331071972847,11,3,3,0,D M S,Parma Calcio 1913,0,0.5227791965007782,2.0141117982566357,1.3904136903584003,2020
1505,Samir Handanovic,37,3244,0,0,0,0,0,0,1,0,GK,Inter,0,0,6.667667277157307,6.667667277157307,2020
1509,Davide Santon,10,592,0,0.49586408771574497,1,0.8581862188875675,5,5,3,0,D S,Roma,0,0.49586408771574497,2.912956580519676,2.0915853902697563,2020
1510,Gary Medel,11,505,0,0,1,0.1360774040222168,0,2,1,0,D M S,Bologna,0,0,1.433360692113638,1.2972836904227734,2020
1522,Andrea Ranocchia,8,706,0,1.3842439725995064,1,0.9832956027239561,9,3,2,0,D,Inter,0,1.3842439725995064,3.368383005261421,3.350342944264412,2020
1542,Stefan Radu,31,2474,0,0.3382112057879567,3,1.5143011212348938,7,19,2,0,D S,Lazio,0,0.3382112057879567,11.124590134248137,9.872936693951488,2020
1544,Federico Ravaglia,4,360,0,0,0,0,0,0,0,0,GK,Bologna,0,0,0,0,2020
1546,Federico Mattiello,1,33,0,0,0,0,0,0,0,0,S,Spezia,0,0,0,0,2020
1550,Luca Ceppitelli,19,1474,0,0.5031189396977425,0,0.06747040152549744,7,2,3,0,D S,Cagliari,0,0.5031189396977425,3.8157841376960278,3.798690337687731,2020
1555,Bartlomiej Dragowski,36,3150,0,0,1,0.05113770067691803,0,1,0,0,GK,Fiorentina,0,0,2.2458462808281183,2.1947085801512003,2020
1576,Giorgio Chiellini,17,1391,0,0.5776768065989017,1,0.6716462206095457,6,2,4,0,D S,Juventus,0,0.5776768065989017,8.073977399617434,8.073977399617434,2020
1587,Kwadwo Asamoah,9,203,0,0.045883700251579285,0,0,2,0,0,0,D S,Cagliari,0,0.045883700251579285,0.4291853941977024,0.3833022005856037,2020
1591,Giuseppe Cuomo,13,796,0,0.39907100331038237,0,0,2,0,4,0,D S,Crotone,0,0.39907100331038237,0.5581721104681492,0.5581721104681492,2020
1595,Bastos,2,64,0,0,0,0,0,0,0,0,S,Lazio,0,0,0.06776440143585205,0.06776440143585205,2020
1601,Riccardo Marchizza,24,1557,0,0.4494059905409813,2,1.234259394928813,7,15,4,0,D S,Spezia,0,0.4494059905409813,3.044696416705847,2.131877701729536,2020
1609,Antonio Mirante,13,1156,0,0,0,0,0,0,2,0,GK,Roma,0,0,2.034162533469498,2.034162533469498,2020
1624,Fabio Depaoli,22,1399,0,0.34057809971272945,0,0.6326698958873749,10,12,2,0,D M S,"Atalanta,Benevento,Sampdoria",0,0.34057809971272945,2.2463076934218407,1.6851473189890385,2020
1634,Alessandro Deiola,24,965,0,0.46139049623161554,0,0.9202974922955036,11,15,3,0,M S,"Cagliari,Spezia",0,0.46139049623161554,3.0130991339683533,2.560769636183977,2020
1639,Sebastiano Luperto,23,1893,0,0.1820474686101079,0,0.16627780254930258,5,6,3,1,D S,Crotone,0,0.1820474686101079,2.0547642074525356,1.7726673018187284,2020
1643,Luca Marrone,21,1590,0,0.21538539975881577,0,0,4,0,8,0,D S,Crotone,0,0.21538539975881577,1.0895812967792153,1.044248298741877,2020
1792,Mário Rui,27,1655,0,0.6307689007371664,2,2.603211016394198,19,31,4,0,D S,Napoli,0,0.6307689007371664,10.393891347572207,8.887267366051674,2020
1830,Ionut Radu,2,134,0,0,0,0,0,0,0,0,GK S,Inter,0,0,0.4152569994330406,0.4152569994330406,2020
1841,Pierluigi Gollini,25,2158,0,0,0,0.04169920086860657,0,1,0,1,GK,Atalanta,0,0,2.0375364180654287,1.9958372171968222,2020
1846,Luca Siligardi,6,75,0,0.05987850110977888,0,0.1045673992484808,2,4,0,0,S,"Crotone,Parma Calcio 1913",0,0.05987850110977888,0.2675669975578785,0.21768129989504814,2020
1892,Alex Meret,22,1980,0,0,0,0.026366399601101875,0,1,0,0,GK,Napoli,0,0,2.1884330678731203,2.1620666682720184,2020
1894,Simone Colombi,2,180,0,0,0,0,0,0,0,0,GK,Parma Calcio 1913,0,0,0.014294600114226341,0.014294600114226341,2020
1927,Berat Gjimshiti,33,2623,0,1.7494038082659245,3,3.44494959898293,21,22,8,0,D S,Atalanta,0,1.7494038082659245,10.583781346678734,9.990927260369062,2020
1956,Mohamed Fares,21,1151,0,0.971191793680191,1,2.0086464062333107,14,14,5,0,D S,Lazio,0,0.971191793680191,4.598280865699053,2.507048617117107,2020
1998,Francesco Cassata,8,221,0,0.014175999909639359,0,0.07506489753723145,1,1,2,0,D M S,Genoa,0,0.014175999909639359,0.4721418097615242,0.382901806384325,2020
2003,Antonio La Gumina,9,337,0,0.665528204292059,0,0.03822319954633713,10,1,0,0,F S,Sampdoria,0,0.665528204292059,0.7223217003047466,0.10645899921655655,2020
2005,Jacopo Dezi,2,80,0,0.04947369918227196,0,0.13325899839401245,1,1,0,0,F S,Parma Calcio 1913,0,0.04947369918227196,0.5315496884286404,0.4820759892463684,2020
2010,Simone Edera,2,49,0,0.1340261958539486,0,0.2509779930114746,3,3,0,0,S,Torino,0,0.1340261958539486,0.020428400486707687,0,2020
2022,Samir Ujkani,1,90,0,0,0,0,0,0,0,0,GK,Torino,0,0,0.474373996257782,0.474373996257782,2020
2040,Paolo Ghiglione,23,1355,0,0.5510835153982043,4,2.1782823018729687,10,18,4,0,D M S,Genoa,0,0.5510835153982043,3.9511072114109993,1.8882415890693665,2020
2042,Lubomir Tupta,2,51,0,0.11819879710674286,0,0,2,0,0,0,M S,Verona,0,0.11819879710674286,0.11819879710674286,0,2020
2043,Kastriot Dermaku,2,98,0,0,0,0,0,0,0,0,D S,Parma Calcio 1913,0,0,0.6742910146713257,0.6742910146713257,2020
2107,Pau López,21,1814,0,0,0,0,0,0,0,0,GK S,Roma,0,0,4.276220675557852,4.276220675557852,2020
2495,Mateo Musacchio,5,260,0,0,0,0,0,0,2,0,D S,"AC Milan,Lazio",0,0,1.065111629664898,1.065111629664898,2020
2560,Cristiano Piccini,1,66,0,0.03509439900517464,0,0,1,0,0,0,S,Atalanta,0,0.03509439900517464,0.03509439900517464,0.03509439900517464,2020
3066,Aleksandr Kokorin,4,86,0,0,0,0,0,0,1,0,S,Fiorentina,0,0,0.08203930035233498,0.08203930035233498,2020
3209,Jean-Daniel Akpa-Akpro,32,1009,0,1.1854089982807636,1,0.7609771974384785,12,12,9,0,D M S,Lazio,0,1.1854089982807636,5.454455240629613,3.6036906177178025,2020
3295,Javier Pastore,5,72,0,0,0,0.7418193276971579,0,4,0,0,S,Roma,0,0,1.2081756126135588,0.8192479908466339,2020
3301,Salvatore Sirigu,32,2880,0,0,0,0,0,0,0,0,GK,Torino,0,0,1.7710515223443508,1.7710515223443508,2020
3340,Bryan Dabo,25,1113,0,0.7905927998945117,0,0.26746479980647564,12,7,5,0,M S,Benevento,0,0.7905927998945117,2.623601951636374,2.2165255965664983,2020
3536,Jean-Victor Makengo,17,505,0,0.08560429979115725,0,0.10589869879186153,4,2,1,0,M S,Udinese,0,0.08560429979115725,1.1856782166287303,1.1341283144429326,2020
3632,Kevin Malcuit,7,233,0,0.09976510144770145,0,0.07653159648180008,2,1,0,0,D S,"Fiorentina,Napoli",0,0.09976510144770145,0.4120168015360832,0.31225170008838177,2020
3893,Lukas Haraslin,14,317,0,0.824020417407155,0,0.5773632861673832,12,9,1,1,M S,Sassuolo,0,0.824020417407155,1.2904173154383898,0.08573880046606064,2020
3925,Gabriele Moncini,10,351,0,0.9753311853855848,0,0.1833563018590212,8,3,0,0,F S,Benevento,0,0.9753311853855848,1.353375194594264,0.28773269802331924,2020
3927,Alessio Cragno,34,3060,0,0,0,0,0,0,1,0,GK,Cagliari,0,0,2.2613115794956684,2.2613115794956684,2020
3951,Kevin Bonifazi,30,2476,0,1.190489836037159,0,0.16468599438667297,17,2,4,0,D S,Udinese,0,1.190489836037159,4.658437189646065,4.517773994244635,2020
3965,Arturo Calabresi,3,29,0,0,0,0,0,0,0,0,S,"Bologna,Cagliari",0,0,0,0,2020
3997,Antonio Mazzotta,2,54,0,0,0,0,0,0,1,0,M S,Crotone,0,0,0,0,2020
4699,Simon Kjaer,28,2403,0,1.0273185102269053,2,1.1877201180905104,16,7,3,0,D,AC Milan,0,1.0273185102269053,6.938273724168539,6.609566323459148,2020
4768,Wylan Cyprien,13,387,0,0.20678014028817415,0,0.15506210178136826,6,4,2,0,M S,Parma Calcio 1913,0,0.20678014028817415,1.1115154214203358,1.048010004684329,2020
4903,Mamadou Coulibaly,3,183,0,0.07546290010213852,0,0.14323000609874725,2,2,0,0,M S,Udinese,0,0.07546290010213852,0.7502769976854324,0.5315837962552905,2020
4912,Paolo Faragò,9,387,0,0.22906110249459743,0,0.7531459853053093,4,5,2,0,D S,"Bologna,Cagliari",0,0.22906110249459743,1.878459868952632,1.1783903073519468,2020
4918,Patrick Cutrone,11,170,0,0.18491169810295105,0,0,3,0,0,0,S,Fiorentina,0,0.18491169810295105,0.10829299688339233,0,2020
4920,Matteo Gabbia,8,556,0,0.7226849980652332,0,0,5,0,2,0,D S,AC Milan,0,0.7226849980652332,1.3648272454738617,1.346856251358986,2020
4939,Alessandro Bastoni,33,2932,0,0.9617054909467697,3,1.3292619064450264,11,12,6,0,D,Inter,0,0.9617054909467697,15.616489794105291,15.168988436460495,2020
4959,Filippo Melegoni,14,376,0,0.47402389347553253,0,0.33524850010871887,4,4,1,0,D M S,Genoa,0,0.47402389347553253,0.8327360954135656,0.2529061045497656,2020
4970,Luca Pellegrini,11,642,0,0.10237949900329113,1,2.2237990349531174,5,8,2,0,D M S,Genoa,0,0.10237949900329113,2.267120461910963,0.8205665871500969,2020
5015,Giacomo Vrioni,1,1,0,0,0,0.12483400106430054,0,1,0,0,S,Juventus,0,0,0.12483400106430054,0.12483400106430054,2020
5025,Alessandro Buongiorno,12,852,0,0.18140390515327454,0,0.013129199855029583,3,1,4,0,D S,Torino,0,0.18140390515327454,2.5986889228224754,2.5855599269270897,2020
5028,Gianluca Frabotta,15,672,0,0.301119901239872,1,0.935463011264801,5,4,5,0,D M S,Juventus,0,0.301119901239872,4.140794776380062,3.5482646450400352,2020
5056,Marlon Santos,24,1735,0,0.20098499953746796,0,0.06445220112800598,4,1,4,1,D M S,Sassuolo,0,0.20098499953746796,5.547495787963271,5.431351801380515,2020
5091,Alex Berenguer,2,138,0,0.4604762867093086,0,0,2,0,0,0,M,Torino,0,0.4604762867093086,0.7764029800891876,0.724839985370636,2020
5195,Nicolás Schiappacase,1,13,0,0,0,0,0,0,0,0,S,Sassuolo,0,0,0.05080939829349518,0.05080939829349518,2020
5226,Walace,30,2058,0,0.4704206734895706,0,0.23539555352181196,17,9,4,0,M S,Udinese,0,0.4704206734895706,6.267740024253726,5.870208662003279,2020
5825,Elio Capradossi,1,90,0,0.11450500041246414,0,0,1,0,0,0,D,Spezia,0,0.11450500041246414,0,0,2020
6021,Lukas Lerager,16,1166,0,0.1897280029952526,1,0.46137250401079655,4,8,0,0,M S,Genoa,0,0.1897280029952526,4.243461767211556,3.6626197267323732,2020
6107,Carlo Pinsoglio,1,21,0,0,0,0,0,0,0,0,S,Juventus,0,0,0.08963949978351593,0.08963949978351593,2020
6108,Rodrigo Bentancur,33,2340,0,0.5898599913343787,4,2.6785088181495667,15,29,6,1,M S,Juventus,0,0.5898599913343787,17.913821326568723,16.252492615953088,2020
6125,Stanislav Lobotka,15,122,0,0,0,0,0,0,2,0,S,Napoli,0,0,2.1125490069389343,2.1125490069389343,2020
6129,Nícolas,2,180,0,0,0,0,0,0,0,0,GK,Udinese,0,0,0.07753369957208633,0.07753369957208633,2020
6130,Daniel Bessa,18,588,0,1.2236584015190601,2,2.0011528097093105,8,15,1,0,M S,Verona,0,1.2236584015190601,4.169827524572611,1.2192576192319393,2020
6132,Marco Silvestri,34,3060,0,0,0,0,0,0,1,0,GK,Verona,0,0,2.1155164688825607,2.1155164688825607,2020
6167,Vanja Milinkovic-Savic,5,450,0,0,0,0,0,0,0,0,GK,Torino,0,0,0.6707821954041719,0.6707821954041719,2020
6169,Giovanni Crociata,2,21,0,0,0,0.09198310226202011,0,1,0,0,S,Crotone,0,0,0.09198310226202011,0,2020
6177,Luiz Felipe,14,911,0,0.15660109743475914,0,0.4233523905277252,4,3,5,0,D S,Lazio,0,0.15660109743475914,2.801659533753991,2.4093471243977547,2020
6181,Luca Mora,4,101,0,0.09990520030260086,0,0,1,0,0,0,M S,Spezia,0,0.09990520030260086,0.13577799871563911,0.035872798413038254,2020
6191,Lorenzo Venuti,28,1764,0,0.21814529597759247,1,2.109283024445176,4,15,3,0,D S,Fiorentina,0,0.21814529597759247,4.699141461402178,2.7387338932603598,2020
6194,Lorenzo Del Pinto,1,10,0,0,0,0,0,0,0,0,S,Benevento,0,0,0,0,2020
6211,Mehdi Leris,20,356,0,0.08020909875631332,0,0.534932788927108,2,8,1,0,D M S,Sampdoria,0,0.08020909875631332,1.6641717106103897,1.4374291896820068,2020
6212,Mattia Bani,26,2077,0,0.949423186480999,0,0.29422419518232346,11,4,10,0,D S,"Genoa,Parma Calcio 1913",0,0.949423186480999,3.6445014495402575,3.327989147976041,2020
6242,Johan Mojica,11,293,0,0.11167329922318459,0,0.6511004865169525,4,4,1,0,D M S,Atalanta,0,0.11167329922318459,1.4378258772194386,1.238687675446272,2020
6252,Lyanco,23,1954,0,1.5229801121167839,0,0.35983769595623016,12,4,8,0,D S,Torino,0,1.5229801121167839,5.26702548051253,4.748617064207792,2020
6277,Fabrizio Caligara,10,178,0,0,0,0.12636600155383348,0,2,2,0,M S,Cagliari,0,0,0.0922107994556427,0.0922107994556427,2020
6312,Rogerio,28,1881,0,0.44739240035414696,1,1.5888261999934912,16,12,4,0,D S,Sassuolo,0,0.44739240035414696,7.622546020895243,6.3305935226380825,2020
6375,Andrea Danzi,2,106,0,0.018912900239229202,0,0.058692000806331635,1,1,1,0,M S,Verona,0,0.018912900239229202,0.43740200996398926,0.378710001707077,2020
6399,Manuel Gasparini,1,1,0,0,0,0,0,0,0,0,S,Udinese,0,0,0,0,2020
6460,Vincenzo Millico,3,16,0,0,0,0.022706300020217896,0,1,0,0,S,Torino,0,0,0,0,2020
6649,Siriki Sanogo,1,9,0,0,0,0,0,0,0,0,S,Benevento,0,0,0,0,2020
6750,Gonzalo Villar,33,1855,0,0.5370636135339737,1,0.6603218019008636,10,8,7,0,M S,Roma,0,0.5370636135339737,10.297196271829307,9.287180525250733,2020
6963,Justin Kluivert,2,15,0,0.013501400128006935,0,0,1,0,0,0,S,Roma,0,0.013501400128006935,0,0,2020
6966,Daniel Fuzato,5,450,0,0,0,0,0,0,0,0,GK,Roma,0,0,0.34824099764227867,0.34824099764227867,2020
6971,Mitchell Dijks,20,1506,0,0.06295779906213284,0,0.23285140097141266,2,6,5,1,D S,Bologna,0,0.06295779906213284,4.442234739661217,4.146426843479276,2020
6972,Federico Santander,4,29,0,0.21346820145845413,1,0.37991300225257874,4,1,0,0,S,Bologna,0,0.21346820145845413,0.500760905444622,0,2020
6977,Pietro Terracciano,4,270,0,0,0,0,0,0,0,0,GK S,Fiorentina,0,0,0.08807280287146568,0.08807280287146568,2020
6981,Ismael Bennacer,21,1345,0,0.934214174747467,2,0.5300111938267946,12,5,4,0,M S,AC Milan,0,0.934214174747467,5.954824740998447,4.525978442281485,2020
6982,Ivan Provedel,29,2610,0,0,0,0,0,0,1,0,GK,Spezia,0,0,1.4688880778849125,1.4688880778849125,2020
6989,Simone Iacoponi,16,1191,0,0.11246329732239246,0,0,3,0,3,1,D S,Parma Calcio 1913,0,0.11246329732239246,1.7703474834561348,1.7703474834561348,2020
6993,Mattia Sprocati,1,20,0,0,0,0,0,0,0,0,S,Parma Calcio 1913,0,0,0,0,2020
7000,Hidde ter Avest,6,348,0,0,0,0,0,0,0,0,D S,Udinese,0,0,1.6470999596640468,1.6470999596640468,2020
7002,Giangiacomo Magnani,25,1491,0,0.6717619113624096,0,0.028655799105763435,13,1,8,0,D S,Verona,0,0.6717619113624096,3.007823120802641,2.9397138990461826,2020
7085,Tòfol Montiel,2,2,0,0,0,0,0,0,0,0,S,Fiorentina,0,0,0,0,2020
7092,Koray Günter,27,1780,0,0.21334540657699108,2,0.7406258173286915,6,6,4,0,D S,Verona,0,0.21334540657699108,4.777397189289331,4.640501705929637,2020
7095,Juan Musso,35,3150,0,0,0,0,0,0,5,0,GK,Udinese,0,0,2.012993946671486,2.012993946671486,2020
7097,Ronaldo Vieira,4,221,0,0.04595579952001572,0,0.0309836994856596,2,2,1,0,M S,Verona,0,0.04595579952001572,0.531884603202343,0.5009010061621666,2020
7203,Drissa Camara,1,14,0,0,0,0,0,0,0,0,S,Parma Calcio 1913,0,0,0.6190459728240967,0.6190459728240967,2020
7225,Petar Micin,1,13,0,0,0,0,0,0,0,0,S,Udinese,0,0,0,0,2020
7227,Matteo Scozzarella,3,156,0,0,0,0.27472040615975857,0,6,1,0,M,Parma Calcio 1913,0,0,0.5415633153170347,0.5163095127791166,2020
7263,Musa Juwara,5,39,0,0.018803900107741356,0,0,1,0,1,0,S,Bologna,0,0.018803900107741356,0.018803900107741356,0,2020
7379,Nicolo Fagioli,1,16,0,0,0,0,0,0,0,0,S,Juventus,0,0,0.03955259919166565,0.03955259919166565,2020
7405,Kiril Despodov,1,10,0,0,0,0,0,0,0,0,S,Cagliari,0,0,0,0,2020
7411,Nicolo Rovella,20,1186,0,0.7647367957979441,2,1.7760489657521248,11,16,4,0,M S,Genoa,0,0.7647367957979441,3.8358324728906155,2.8880311902612448,2020
7413,Ibañez,30,2405,0,1.1106233857572079,1,1.7421262580901384,16,13,5,1,D S,Roma,0,1.1106233857572079,12.241897764615715,11.537583897821605,2020
7416,Merih Demiral,15,931,0,0.7949282228946686,1,0.7834016010165215,6,4,1,0,D S,Juventus,0,0.7949282228946686,4.235526382923126,4.235526382923126,2020
7417,Christian Oliva,10,383,0,0,1,0.1145957000553608,0,2,2,0,M S,Cagliari,0,0,0.28529179841279984,0.2294657975435257,2020
7611,Nicolò Armini,1,3,0,0,0,0,0,0,0,0,S,Lazio,0,0,0,0,2020
7625,Manolo Portanova,5,132,0,0.5161371775902808,0,0,6,0,1,0,M S,"Genoa,Juventus",0,0.5161371775902808,0.7442463152110577,0.3092910870909691,2020
7901,Giacomo Ricci,3,60,0,0,0,0,0,0,0,0,S,Parma Calcio 1913,0,0,0.060913898050785065,0.060913898050785065,2020
7919,Léo Duarte,1,17,0,0,0,0,0,0,0,0,S,AC Milan,0,0,0,0,2020
7923,Pawel Dawidowicz,30,1866,0,1.1445166654884815,0,1.1501295790076256,15,6,9,0,D M S,Verona,0,1.1445166654884815,6.089082855731249,5.5612088814377785,2020
7927,Sofyan Amrabat,31,2458,0,0.4102070014923811,0,0.5757897030562162,10,13,7,0,M S,Fiorentina,0,0.4102070014923811,7.496986582875252,6.7767388839274645,2020
7929,Alan Empereur,4,222,0,0.0705035999417305,0,0,1,0,1,0,D,Verona,0,0.0705035999417305,0.7109025791287422,0.6403989791870117,2020
7930,Alessandro Berardi,1,25,0,0,0,0,0,0,0,0,S,Verona,0,0,0.04806939885020256,0.04806939885020256,2020
7932,Stefano Denswil,5,107,0,0,0,0,0,0,0,0,D S,Bologna,0,0,0.3803219897672534,0.3803219897672534,2020
7940,Denis Vavro,1,31,0,0,0,0,0,0,0,0,S,Lazio,0,0,0.05014970153570175,0.05014970153570175,2020
7943,Igor Julio,21,1155,0,0.5328999757766724,0,0.11961610242724419,1,3,5,0,D S,Fiorentina,0,0.5328999757766724,1.7743152789771557,1.7312702648341656,2020
7945,Karlo Letica,1,90,0,0,0,0,0,0,0,0,GK,Sampdoria,0,0,0.30997899174690247,0.30997899174690247,2020
7950,Mert Müldür,28,1680,0,0.6932144891470671,0,0.6348474081605673,15,9,2,0,D S,Sassuolo,0,0.6932144891470671,4.311802558600903,3.564317090436816,2020
7951,Alessandro Tripaldelli,10,295,0,0,0,0.2454109936952591,0,1,1,0,D S,Cagliari,0,0,0.6953709796071053,0.4499601870775223,2020
7958,Sandro Tonali,25,1342,0,0.434503803960979,0,1.2424729689955711,10,16,1,1,M S,AC Milan,0,0.434503803960979,5.086322391405702,4.761538976803422,2020
7971,Jacopo Petriccione,20,955,0,0.08452330250293016,0,0.3971592830494046,3,8,5,1,M S,Crotone,0,0.08452330250293016,2.9239434776827693,2.677449196577072,2020
8007,Yildirim Mert Cetin,6,417,0,0.10015519894659519,0,0,2,0,1,0,D S,Verona,0,0.10015519894659519,0.7221845965832472,0.6445135902613401,2020
8012,Yordan Osorio,23,1814,0,0.40635449811816216,0,0.11093970015645027,7,3,2,0,D S,Parma Calcio 1913,0,0.40635449811816216,4.368778061121702,4.3031924571841955,2020
8030,Sebastian Walukiewicz,19,1619,0,0.2326636929064989,1,0.7121649980545044,3,1,1,0,D S,Cagliari,0,0.2326636929064989,2.010296666994691,2.010296666994691,2020
8035,Samuel Di Carmine,22,985,0,2.5265612676739693,0,0.09471250046044588,15,4,2,0,F S,"Crotone,Verona",0,2.5265612676739693,4.419178595766425,2.4355903305113316,2020
8044,Joshua Zirkzee,4,104,0,0.04864859953522682,0,0.22915899753570557,1,1,0,0,S,Parma Calcio 1913,0,0.04864859953522682,0.7037915922701359,0.4259834960103035,2020
8124,Andri Fannar Baldursson,8,209,0,0.12871750444173813,0,0.058266498148441315,2,1,2,0,M S,Bologna,0,0.12871750444173813,0.8797483742237091,0.8214818760752678,2020
8127,Amad Diallo Traore,1,12,0,0.02770409919321537,0,0.04999769851565361,1,1,1,0,S,Atalanta,0,0.02770409919321537,0.09619220346212387,0.018490299582481384,2020
8129,Riccardo Calafiori,3,66,0,0,0,0,0,0,2,0,D S,Roma,0,0,0.04144769906997681,0.04144769906997681,2020
8130,Ebrima Darboe,5,330,0,0.06931949872523546,0,0.0309688001871109,3,2,2,0,M S,Roma,0,0.06931949872523546,0.8956250157207251,0.840572027489543,2020
8132,Andrea Adorante,1,8,0,0,0,0,0,0,0,0,S,Parma Calcio 1913,0,0,0,0,2020
8154,Edoardo Vergani,1,11,0,0,0,0,0,0,0,0,S,Bologna,0,0,0,0,2020
8163,Daniel Maldini,5,17,0,0.17796100676059723,0,0,1,0,0,0,S,AC Milan,0,0.17796100676059723,0.17796100676059723,0,2020
8165,Lucien Agoume,12,799,0,0.10568970069289207,0,0.10135850310325623,2,2,2,0,M S,Spezia,0,0.10568970069289207,1.4813132025301456,1.3267141915857792,2020
8221,Brian Oddei,5,33,0,0.14877599477767944,2,0.9651589691638947,2,2,0,0,S,Sassuolo,0,0.14877599477767944,1.137439664453268,0.023504700511693954,2020
8232,Andrea Carboni,15,1089,0,0.24086290039122105,1,1.299510270357132,5,4,2,0,D S,Cagliari,0,0.24086290039122105,2.5702295061200857,1.8231221865862608,2020
8259,Djavan Anderson,3,68,0,0,0,0,0,0,0,0,D S,Lazio,0,0,0,0,2020
8309,Kristoffer Askildsen,6,83,0,0.011477099731564522,0,0,1,0,2,0,S,Sampdoria,0,0.011477099731564522,0.16543509252369404,0.15395799279212952,2020
8475,Bosko Sutalo,7,228,0,0,0,0.16087980195879936,0,2,0,0,D S,Atalanta,0,0,1.8001200333237648,1.666147030889988,2020
8478,Lorenzo Colombo,4,89,0,0.41786298900842667,0,0,4,0,0,0,F S,AC Milan,0,0.41786298900842667,0.41786298900842667,0,2020
8487,Martin Palumbo,3,61,0,0,0,0,0,0,0,0,M S,Udinese,0,0,0.07174749672412872,0.07174749672412872,2020
8522,Matteo Lovato,24,1377,0,0.02185470052063465,0,0.17679589800536633,1,4,5,0,D M S,Verona,0,0.02185470052063465,3.0234288685023785,2.846633117645979,2020
8568,Márk Kosznovszky,1,90,0,0.2919920086860657,0,0,1,0,0,0,M,Parma Calcio 1913,0,0.2919920086860657,0.35214701294898987,0.06015489995479584,2020
8569,Botond Balogh,3,163,0,0,0,0,0,0,1,0,D S,Parma Calcio 1913,0,0,0,0,2020
8584,Raul Moro,1,9,0,0,0,0,0,0,0,0,S,Lazio,0,0,0,0,2020
8820,Jacopo Segre,9,176,0,0.2470023985952139,0,0.05713440105319023,4,1,1,0,M S,Torino,0,0.2470023985952139,1.0644759852439165,0.7603386919945478,2020
8827,Kevin Rüegg,7,186,0,0.023921199142932892,0,0,1,0,0,0,D S,Verona,0,0.023921199142932892,0.12331829965114594,0.09939710050821304,2020
8830,Ivor Pandur,4,335,0,0,0,0,0,0,0,0,GK,Verona,0,0,0.09560609608888626,0.09560609608888626,2020
8831,Iyenoma Destiny Udogie,6,160,0,0.4777649939060211,0,0.025652099400758743,1,1,1,0,S,Verona,0,0.4777649939060211,0.7093239985406399,0.7093239985406399,2020
8840,Denis Dragus,9,159,0,0.10983639769256115,0,0,4,0,1,0,F S,Crotone,0,0.10983639769256115,0.6928138975054026,0.6157904230058193,2020
8841,Tomislav Gomelt,2,14,0,0,0,0,0,0,0,0,S,Crotone,0,0,0.04495380073785782,0.04495380073785782,2020
8842,Augustus Kargbo,1,30,0,0,0,0,0,0,0,0,S,Crotone,0,0,0.018142299726605415,0.018142299726605415,2020
8844,Gian Marco Crespi,1,90,0,0,0,0,0,0,0,0,GK,Crotone,0,0,0,0,2020
8857,Gabriele Zappa,34,2401,0,0.42135509476065636,4,3.9483532905578613,11,28,3,0,D M S,Cagliari,0,0.42135509476065636,10.157191323116422,7.203059216961265,2020
8858,Guglielmo Vicario,4,360,0,0,0,0,0,0,0,0,GK,Cagliari,0,0,1.5896199941635132,1.5896199941635132,2020
8872,Matteo Ruggeri,6,210,0,0.06723189912736416,0,0.014003000222146511,2,1,0,0,D S,Atalanta,0,0.06723189912736416,1.0897170109674335,1.0500838113948703,2020
8880,Matteo Tramoni,6,65,0,0.02627040073275566,0,0,1,0,1,0,S,Cagliari,0,0.02627040073275566,0.02627040073275566,0,2020
8881,Lorenzo Montipò,37,3330,0,0,0,0,0,0,3,0,GK,Benevento,0,0,1.7345771035179496,1.7345771035179496,2020
8882,Daam Foulon,23,1014,0,0.009946020320057869,1,0.10688059963285923,1,4,4,0,D S,Benevento,0,0.009946020320057869,1.2767135770991445,1.186897792853415,2020
8885,Nicolò Manfredini,1,90,0,0,0,0,0,0,0,0,GK,Benevento,0,0,0.07069540023803711,0.07069540023803711,2020
8887,Christian Pastina,3,118,0,0,1,0.37067800760269165,0,1,1,0,S,Benevento,0,0,0.3907198067754507,0.020041799172759056,2020
8888,Giuseppe Di Serio,16,253,0,0.5616411902010441,0,0.010304899886250496,4,1,1,0,F S,Benevento,0,0.5616411902010441,0.7440971927717328,0.17215109895914793,2020
8908,Jeroen Zoet,7,605,0,0,0,0,0,0,1,0,GK,Spezia,0,0,0.6374385301023722,0.6374385301023722,2020
8909,Juan Ramos,6,288,0,0.01579499989748001,0,0.21731459349393845,1,4,1,0,D S,Spezia,0,0.01579499989748001,1.0098505020141602,0.9172285199165344,2020
8910,Paolo Bartolomei,6,321,0,0.1310662031173706,1,0.26805009692907333,4,5,1,0,M S,Spezia,0,0.1310662031173706,0.5010830126702785,0.2659289985895157,2020
8911,Matteo Ricci,29,2244,0,0.8800480235368013,2,1.929901596158743,21,22,5,0,M S,Spezia,0,0.8800480235368013,6.969308665022254,5.750298013910651,2020
8914,Salvador Ferrer,18,1183,0,0.09670150093734264,1,1.0900608245283365,3,14,4,0,D S,Spezia,0,0.09670150093734264,3.7974207401275635,3.043474465608597,2020
8915,Luca Vignali,21,1602,0,0.13351300079375505,0,0.7010582154616714,4,10,4,1,D S,Spezia,0,0.13351300079375505,2.4606996355578303,1.8423687424510717,2020
8922,Thomas Ouwejan,15,396,0,0.13754889834672213,2,1.4767006197944283,6,10,0,0,D S,Udinese,0,0.13754889834672213,1.7889746129512787,1.446834814734757,2020
8942,Aaron Hickey,11,766,0,0.038923799991607666,0,0.04680180177092552,2,2,3,1,D S,Bologna,0,0.038923799991607666,1.8491151966154575,1.780365500599146,2020
8953,Antonio Palumbo,1,5,0,0.02740819938480854,0,0,1,0,0,0,S,Sampdoria,0,0.02740819938480854,0.02740819938480854,0,2020
8967,Lautaro Valenti,11,495,0,0.10073959920555353,0,0.017657799646258354,4,1,0,0,D S,Parma Calcio 1913,0,0.10073959920555353,1.7206192910671234,1.6574486903846264,2020
8975,Gennaro Acampora,14,420,0,0.2586810998618603,0,0.008392469957470894,9,1,2,0,F M S,Spezia,0,0.2586810998618603,1.2876731175929308,1.1130159236490726,2020
9009,Luis Rojas,7,86,0,0.03247949853539467,0,0.013136100023984909,1,1,1,0,S,Crotone,0,0.03247949853539467,0.04561559855937958,0,2020
9036,Nicola Zalewski,1,8,0,0,1,0.07754980027675629,0,1,0,0,S,Roma,0,0,0.07754980027675629,0,2020
9043,Steeve-Mike Eboa Ebongue,3,49,0,0,1,0.3888748721219599,0,2,0,0,S,Genoa,0,0,0.3888748721219599,0,2020
9044,Alberto Paleari,3,203,0,0,0,0,0,0,0,0,GK S,Genoa,0,0,0.19047829508781433,0.19047829508781433,2020
9046,Giuseppe Caso,2,51,0,0,0,0,0,0,0,0,S,Genoa,0,0,0,0,2020
9059,Simone Rabbi,4,30,0,0,1,0.02218095026910305,0,2,0,0,S,Bologna,0,0,0.02218095026910305,0,2020
9065,Nahuel Estévez,27,1781,0,2.0454933205619454,3,2.4279490718618035,26,28,7,0,M S,Spezia,0,2.0454933205619454,6.8107709707692266,3.98781294003129,2020
9103,Léo Sena,16,869,0,0.035663701593875885,0,0.14682400226593018,2,2,0,0,M S,Spezia,0,0.035663701593875885,4.8894116804003716,4.720732770860195,2020
9105,Radu Dragusin,1,1,0,0,0,0,0,0,0,0,S,Juventus,0,0,0,0,2020
9123,Omar Khailoti,1,27,0,0,0,0,0,0,0,0,S,Bologna,0,0,0.20201200246810913,0.20201200246810913,2020
9124,Mattia Pagliuca,1,10,0,0,0,0.012972500175237656,0,1,0,0,S,Bologna,0,0,0.012972500175237656,0,2020
9134,Alessandro Di Pardo,4,7,0,0,0,0.021143199875950813,0,1,0,0,S,Juventus,0,0,0.021143199875950813,0,2020
9140,Maxime Busi,24,1176,0,0.3338103052228689,1,0.9543758854269981,7,7,3,0,D S,Parma Calcio 1913,0,0.3338103052228689,3.271355589851737,2.4470139034092426,2020
9177,Giuseppe Mastinu,3,31,0,0,0,0,0,0,0,0,S,Spezia,0,0,0.02339719980955124,0.02339719980955124,2020
9189,Emmanuel Gyabuaa,1,1,0,0,0,0,0,0,0,0,S,Atalanta,0,0,0,0,2020
9200,Philip Yeboah Ankrah,1,9,0,0,0,0,0,0,0,0,S,Verona,0,0,0,0,2020
9225,Antonio Cioffi,1,9,0,0,0,0.09847629815340042,0,1,0,0,S,Napoli,0,0,0.1532920002937317,0.1532920002937317,2020
9233,Joakim Maehle,20,1208,0,1.3440522979944944,2,1.5805515814572573,21,14,0,0,D M S,Atalanta,0,1.3440522979944944,6.884743075817823,4.478144384920597,2020
9234,Daan Dierckx,7,476,0,0,0,0,0,0,1,0,D S,Parma Calcio 1913,0,0,0.7092978954315186,0.7092978954315186,2020
9259,Isaac Karamoko,1,1,0,0,0,0,0,0,0,0,S,Sassuolo,0,0,0,0,2020
9260,Chaka Traorè,3,12,0,0.08240939676761627,0,0,1,0,0,0,S,Parma Calcio 1913,0,0.08240939676761627,0.08240939676761627,0,2020
9262,Jérôme Onguéné,4,177,0,0,0,0,0,0,0,0,D S,Genoa,0,0,0.15946300327777863,0.15946300327777863,2020
9304,Vasilios Zagaritis,2,62,0,0,0,0.05330260097980499,0,1,0,0,S,Parma Calcio 1913,0,0,0.17608460038900375,0.17608460038900375,2020
9325,Davide Ghislandi,1,3,0,0,0,0,0,0,0,0,S,Atalanta,0,0,0,0,2020
9337,Valentin Antov,5,229,0,0.013850999996066093,0,0.015782000496983528,1,1,1,0,D S,Bologna,0,0.013850999996066093,0.4312012940645218,0.41735030710697174,2020
9344,Viktor Kovalenko,1,2,0,0,0,0,0,0,0,0,S,Atalanta,0,0,0,0,2020
9360,Amadou Diambo,1,2,0,0,0,0,0,0,0,0,S,Benevento,0,0,0,0,2020
9419,Bryan Reynolds,5,283,0,0,0,0.02681880071759224,0,1,0,0,D S,Roma,0,0,0.9330739974975586,0.9062550067901611,2020
9444,Felix Correia,1,6,0,0,0,0,0,0,0,0,S,Juventus,0,0,0,0,2020
9495,Wisdom Amey,1,1,0,0,0,0,0,0,0,0,S,Bologna,0,0,0.008916660211980343,0.008916660211980343,2020
9503,Kacper Urbanski,1,1,0,0,0,0,0,0,0,0,S,Bologna,0,0,0,0,2020
9518,Edoardo Bove,1,8,0,0,0,0,0,0,0,0,S,Roma,0,0,0.07754980027675629,0.07754980027675629,2020
9539,Antonio Raimondo,1,1,0,0,0,0,0,0,0,0,S,Bologna,0,0,0,0,2020
9550,Yayah Kallon,1,42,0,0.12206199765205383,0,0.021998200565576553,2,1,0,0,S,Genoa,0,0.12206199765205383,0.27573999762535095,0.13167999684810638,2020
9559,Marco Bertini,1,3,0,0,0,0,0,0,0,0,S,Lazio,0,0,0,0,2020
1209,Ciro Immobile,31,2731,27,22.364816416054964,2,2.5868874872103333,118,27,4,0,F,Lazio,20,15.513127692043781,20.604711312800646,4.54159916844219,2021
7084,Dusan Vlahovic,36,2948,24,18.232162565924227,3,3.117640297859907,119,29,4,0,F S,"Fiorentina,Juventus",19,13.664370813407004,19.078370563685894,5.176782550290227,2021
7006,Lautaro Martínez,35,2334,21,24.57045882754028,3,3.6040150886401534,118,28,6,0,F M S,Inter,18,20.002661837264895,24.541737204417586,5.153754536062479,2021
702,Tammy Abraham,37,3122,17,20.966689297929406,4,4.464711452834308,94,37,9,0,F S,Roma,14,18.68278823234141,20.722925942391157,2.7717350060120225,2021
1102,Giovanni Simeone,36,2690,17,11.989408922381699,5,3.3666056245565414,70,23,8,0,F S,"Cagliari,Verona",17,11.228109908290207,18.44293099269271,4.705601567402482,2021
6253,Gianluca Scamacca,36,2166,16,11.125879927538335,0,2.1559393731877208,79,25,7,0,F S,Sassuolo,15,10.364581308327615,15.934039829298854,5.106660965830088,2021
1612,Domenico Berardi,33,2867,15,12.496549953706563,15,9.718380948528647,110,83,9,0,F M,Sassuolo,9,7.9288422437384725,23.20406873524189,10.173858169466257,2021
865,Marko Arnautovic,33,2712,14,15.744558840990067,1,3.620817095041275,91,43,6,0,F S,Bologna,12,13.460662811994553,18.33075999096036,5.7628194922581315,2021
5322,Victor Osimhen,27,1983,14,12.61024273186922,2,2.2337573962286115,91,18,5,1,F S,Napoli,14,12.61024273186922,14.784393921494484,2.4785416275262833,2021
591,Gerard Deulofeu,34,2653,13,9.105165492743254,5,7.805356757715344,78,82,9,0,F M S,Udinese,12,8.343866478651762,16.60325688496232,5.253807193599641,2021
1134,Mario Pasalic,37,2021,13,10.01475265622139,6,5.651005703955889,50,39,3,0,F M S,Atalanta,13,10.01475265622139,18.69374257326126,5.48329041339457,2021
1253,Edin Dzeko,36,2478,13,16.463176418095827,5,4.338647693395615,87,37,2,0,F S,Inter,13,16.463176418095827,23.870775816962123,7.590861413627863,2021
1592,João Pedro,37,3330,13,12.936732159927487,4,3.6051437789574265,91,28,9,0,F,Cagliari,10,9.891542108729482,15.291696224361658,4.556440118700266,2021
4895,Andrea Pinamonti,36,2871,13,12.275352196767926,2,3.373107163235545,89,29,4,0,F S,Empoli,9,9.230156244710088,13.560798598453403,3.3956189434975386,2021
1170,Gianluca Caprari,35,2777,12,7.1541948756203055,7,6.8226932836696506,67,63,4,0,F M S,Verona,10,5.631596862338483,23.104433193802834,13.380763500928879,2021
502,Olivier Giroud,29,1927,11,11.489900324493647,3,2.901090707629919,63,26,4,0,F S,AC Milan,9,9.967302296310663,12.086555399000645,3.4983242135494947,2021
1384,Dries Mertens,30,1377,11,5.347360905259848,1,3.3490750901401043,45,33,2,0,F M S,Napoli,10,4.586061920970678,10.522610567510128,4.893699029460549,2021
1393,Lorenzo Insigne,32,2322,11,15.739551635459065,9,6.324579296633601,94,63,2,0,F M S,Napoli,2,5.842783646658063,14.984550166875124,7.264441855251789,2021
1543,Sergej Milinkovic-Savic,37,3121,11,8.492887605912983,11,7.113518685102463,75,52,4,1,M S,Lazio,11,8.492887605912983,18.034987832419574,11.111050514504313,2021
6208,Antonin Barak,29,2355,11,10.653817124664783,4,3.3490537218749523,51,28,4,0,F M S,Verona,7,7.6086201295256615,16.00180507078767,8.335449521429837,2021
6980,Francesco Caputo,38,2964,11,11.48486315831542,6,4.324103958904743,58,43,1,0,F S,"Sampdoria,Sassuolo",11,10.723564144223928,16.39677121862769,3.2675846144557,2021
7193,Rafael Leão,34,2649,11,9.124194806441665,8,7.430774804204702,97,45,4,0,F M S,AC Milan,11,9.124194806441665,18.031454913318157,3.521644489839673,2021
9983,Beto,28,2180,11,13.282656040042639,0,1.7648195903748274,64,19,1,0,F M S,Udinese,11,13.282656040042639,16.065473101101816,3.909915925003588,2021
1148,Duván Zapata,24,1739,10,15.456983227282763,4,4.204067397862673,82,38,3,0,F S,Atalanta,7,13.173129219561815,17.641933143138885,3.8781870417296886,2021
1294,Paulo Dybala,29,2079,10,8.141843285411596,5,5.419801661744714,99,38,3,0,F M S,Juventus,9,6.619241151958704,16.03753306157887,6.974124785512686,2021
2019,Federico Bonazzoli,32,1871,10,7.837845912203193,0,0.9701058827340603,58,10,6,0,F M S,Salernitana,8,6.31524789147079,7.324637366458774,1.5100651662796736,2021
7500,Giacomo Raspadori,36,2777,10,8.068627785891294,5,4.398538985289633,71,44,7,1,F M S,Sassuolo,10,8.068627785891294,16.796999979764223,6.349780878983438,2021
687,Pedro,32,2048,9,4.05756788700819,5,3.8734197160229087,36,28,5,0,F S,Lazio,9,4.05756788700819,13.376773338764906,6.06186394020915,2021
1229,Luis Muriel,27,1545,9,7.264559049159288,8,6.058354191482067,57,59,1,0,F M S,Atalanta,7,5.741964045912027,13.198637582361698,4.924136057496071,2021
1471,Lorenzo Pellegrini,28,2321,9,9.255893664434552,5,8.095763454213738,92,68,5,1,F M S,Roma,7,6.971999416127801,13.354318222030997,5.618137615732849,2021
1580,Mattia Destro,27,1763,9,8.294493262656033,1,0.9615510031580925,54,11,4,0,F S,Genoa,9,8.294493262656033,8.683049862273037,0.4125673994421959,2021
1804,Álvaro Morata,35,2326,9,9.878891909494996,7,6.9221428241580725,61,44,5,0,F M S,Juventus,8,9.117592895403504,16.754406172782183,4.392625104635954,2021
3751,Thomas Henry,33,2138,9,7.637231107801199,3,2.6388353034853935,51,20,4,1,F S,Venezia,9,7.637231107801199,8.767545774579048,0.9426808916032314,2021
448,Ivan Perisic,35,2860,8,4.645239282399416,7,9.093384258449078,44,57,4,0,D M,Inter,7,3.88394008949399,21.975545128807425,13.473395837470889,2021
1186,Andrea Belotti,22,1393,8,7.67530857026577,1,0.6532213129103184,58,10,1,0,F S,Torino,5,5.391415640711784,5.3385946452617645,1.2071225112304091,2021
1741,Zlatan Ibrahimovic,23,986,8,7.344693657010794,3,2.3740153945982456,51,23,2,0,F S,AC Milan,8,6.583394642919302,10.178349889814854,2.173675924539566,2021
2044,Daniele Verde,33,1964,8,5.547374838963151,6,4.835838243365288,53,39,2,0,F M S,Spezia,7,4.024776631966233,9.32103265915066,3.875827464275062,2021
189,Hakan Calhanoglu,34,2550,7,6.000108636915684,12,8.4635193310678,65,88,11,0,M S,Inter,4,3.716212470084429,18.553644260391593,14.091983556747437,2021
1383,Manolo Gabbiadini,18,1152,7,3.957473713904619,2,1.5494944285601377,44,18,3,0,F M S,Sampdoria,7,3.957473713904619,4.927627079188824,0.9509927956387401,2021
1517,Antonio Candreva,36,3154,7,6.305500783026218,10,8.692489482462406,74,79,6,1,F M,Sampdoria,6,4.782902881503105,14.684136310592294,6.70742198638618,2021
1566,Mattia Aramu,32,2123,7,6.246447209268808,5,4.522364687174559,59,35,6,0,F M S,Venezia,4,3.2012508921325207,7.375948952510953,3.119507599622011,2021
2447,Fabián,32,2415,7,1.517354005947709,4,3.542400922626257,39,32,2,0,M S,Napoli,7,1.517354005947709,14.418762916699052,11.848705461248755,2021
5353,Josip Brekalo,32,2305,7,5.653077032417059,2,6.5102324318140745,44,62,1,0,F M S,Torino,7,5.653077032417059,13.894884820096195,5.849664398469031,2021
6986,Hamed Junior Traore,31,1786,7,5.885027231648564,2,4.181170254945755,51,36,3,0,F M S,Sassuolo,7,5.885027231648564,14.383027093484998,7.439503617584705,2021
7074,Nicolás González,33,2370,7,10.300649482756853,6,4.320275987498462,72,37,2,1,F M S,Fiorentina,4,8.016752913594246,14.800732970237732,5.517761059105396,2021
8963,Nahuel Molina,35,2662,7,4.134758328087628,2,4.4521033968776464,44,39,5,1,D M S,Udinese,7,4.134758328087628,13.160006137564778,8.308312718756497,2021
9905,David Okereke,32,2073,7,5.30778388492763,0,0.8920550048351288,40,13,5,1,F M S,Venezia,7,5.30778388492763,7.601597452536225,2.460304057225585,2021
1208,Felipe Anderson,38,2930,6,6.128228355199099,8,6.424979998730123,44,51,2,0,F M S,Lazio,6,6.128228355199099,17.280533079057932,7.419308198615909,2021
1386,Piotr Zielinski,35,2114,6,3.2195579186081886,5,4.047316421754658,43,50,1,0,M S,Napoli,6,3.2195579186081886,12.053123546764255,6.3499706499278545,2021
1445,Simone Verdi,18,895,6,3.572904674336314,0,1.32294141035527,38,20,3,0,F M S,"Salernitana,Torino",5,2.8116062823683023,4.0747452564537525,1.3288622172549367,2021
1489,Franck Kessié,31,2313,6,4.8313945308327675,0,1.9243412632495165,35,28,2,0,M S,AC Milan,4,2.5474942084401846,12.66595740430057,9.775877108797431,2021
1809,Joaquín Correa,26,1016,6,5.485465031117201,1,2.136276498436928,34,19,2,0,F S,Inter,6,5.485465031117201,9.905831446871161,3.4060542173683643,2021
1958,Mattia Zaccagni,31,2061,6,5.092445960268378,5,4.353458316065371,37,32,6,0,F M S,"Lazio,Verona",5,4.331146975979209,9.649489598348737,2.430202417075634,2021
2217,Antonio Sanabria,29,1819,6,9.605160135775805,2,2.0967248138040304,49,18,3,0,F S,Torino,6,9.605160135775805,12.331686846911907,2.427141521126032,2021
3065,Domenico Criscito,20,1624,6,5.659400465898216,1,1.1352527039125562,24,9,4,0,D S,Genoa,0,0.3303490085527301,3.5783867314457893,2.4358856435865164,2021
6160,Riccardo Orsolini,29,1805,6,6.185829905793071,3,1.8711954271420836,53,21,2,0,D F M S,Bologna,4,4.6632312554866076,8.36709070391953,3.6613301811739802,2021
6512,Musa Barrow,34,2162,6,5.113576100207865,6,5.713012685067952,71,45,0,0,F M S,Bologna,6,5.113576100207865,12.335330325178802,5.3069821409881115,2021
7910,Szymon Zurkowski,35,2333,6,4.342889392748475,2,1.4273242931813002,47,20,5,0,M S,Empoli,6,4.342889392748475,8.15306318551302,4.178383056074381,2021
7947,Ruslan Malinovskiy,30,1594,6,3.4002093067392707,4,6.823017729446292,57,44,10,0,F M S,Atalanta,6,3.4002093067392707,11.134864263236523,5.051349565386772,2021
8913,Emmanuel Gyasi,36,3058,6,6.512755231931806,0,1.5619996874593198,39,22,10,0,D F M S,Spezia,6,6.512755231931806,12.731076292693615,5.665695047006011,2021
9851,Nedim Bajrami,35,2066,6,5.870812386274338,5,4.049058185890317,53,54,3,0,F M S,Empoli,3,3.5869160778820515,9.353304831311107,5.065708925947547,2021
317,Henrikh Mkhitaryan,31,2517,5,3.798752173781395,6,4.610723761841655,55,41,2,1,M S,Roma,5,3.798752173781395,14.547935903072357,7.445382701233029,2021
498,Alexis Sánchez,27,833,5,4.878856215626001,2,2.0303698731586337,33,20,0,0,F S,Inter,5,4.878856215626001,11.383177321404219,5.921029094606638,2021
1104,Leonardo Pavoletti,33,1486,5,5.7842292077839375,1,0.9834561040624976,36,16,9,0,F S,Cagliari,5,5.7842292077839375,7.990887112915516,1.8904141783714294,2021
1219,Luis Alberto,34,2374,5,4.228031841106713,10,8.957732898183167,47,65,5,0,M S,Lazio,5,4.228031841106713,16.61635478772223,9.552706542424858,2021
1227,Lucas Torreira,31,2224,5,5.709578160196543,1,1.8750208765268326,29,23,8,1,M S,Fiorentina,5,5.709578160196543,14.754625149071217,9.283899176865816,2021
1287,Leonardo Bonucci,24,2003,5,5.713716873899102,1,0.7871844824403524,17,11,1,0,D S,Juventus,2,3.4298158083111048,5.81349428370595,5.336602035909891,2021
1304,Moise Kean,32,1078,5,6.978520222008228,1,0.19321529939770699,28,5,5,0,F S,Juventus,5,6.978520222008228,6.677115347236395,0.7944269105792046,2021
1449,Federico Di Francesco,26,1382,5,2.3233558228239417,0,0.9368596132844687,26,14,2,0,F M S,Empoli,5,2.3233558228239417,4.729467221535742,1.648453602567315,2021
1537,Sasa Lukic,35,2989,5,4.582884450443089,4,3.609650371596217,32,33,10,0,D M S,Torino,2,2.2989853816106915,15.198339115828276,11.042404601350427,2021
1570,Rey Manaj,30,1767,5,7.00483207218349,0,1.0220881067216396,53,13,9,0,F S,Spezia,3,4.72097603790462,5.862568072974682,1.788854107260704,2021
2547,Theo Hernández,32,2716,5,5.300136870704591,6,5.6615872997790575,42,51,5,2,D S,AC Milan,4,3.7775378888472915,13.639706024900079,8.629744665697217,2021
3856,Milan Djuric,33,2182,5,6.134144303388894,3,3.858933803625405,50,33,6,0,F M S,Salernitana,4,5.372845289297402,8.649833120405674,2.116908172145486,2021
7958,Sandro Tonali,36,2623,5,4.595865771174431,2,4.482516514137387,38,44,9,0,M S,AC Milan,5,4.595865771174431,13.69593345746398,6.915457342751324,2021
7999,Hirving Lozano,30,1629,5,6.3509385120123625,5,2.94363378174603,50,28,3,0,F M S,Napoli,5,6.3509385120123625,11.324782793410122,3.457860976457596,2021
8831,Iyenoma Destiny Udogie,35,2504,5,3.5196279156953096,4,2.0613310504704714,27,27,4,0,D M S,Udinese,5,3.5196279156953096,10.377966351807117,6.397308325394988,2021
8838,Junior Messias,26,1430,5,4.3204378969967365,2,2.0571427065879107,44,21,2,0,F M S,AC Milan,5,4.3204378969967365,7.882113374769688,2.6812446918338537,2021
8942,Aaron Hickey,36,2853,5,0.7283982993103564,1,1.6348064858466387,21,18,8,0,D M S,Bologna,5,0.7283982993103564,7.785434980876744,6.30835332069546,2021
9840,Denzel Dumfries,33,2029,5,6.442715089768171,4,4.683003788813949,37,28,3,0,D S,Inter,5,6.442715089768171,16.912156362086535,7.212721174582839,2021
677,Jordan Veretout,36,2333,4,4.342313530854881,8,5.976176615804434,29,54,6,0,M S,Roma,3,2.8197152009233832,10.861570870038122,6.663243593182415,2021
1089,Juan Cuadrado,33,2503,4,2.4366768915206194,4,6.2659034337848425,36,59,9,0,D M S,Juventus,4,2.4366768915206194,15.234529078006744,11.088610474020243,2021
1121,Giacomo Bonaventura,31,2315,4,5.091505756601691,5,2.506272815167904,46,33,7,1,F M S,Fiorentina,4,5.091505756601691,12.182951670140028,5.761594878509641,2021
1164,Cristiano Biraghi,37,3189,4,3.619678331539035,1,5.800182914361358,38,72,3,1,D,Fiorentina,3,2.0970803033560514,11.877435680478811,9.23878980986774,2021
1230,Fabio Quagliarella,33,1652,4,4.045809737406671,3,2.183782573789358,58,19,2,0,F S,Sampdoria,3,3.284510693512857,6.7600684724748135,2.7587168477475643,2021
1425,Nikola Kalinic,14,401,4,3.859073329716921,1,0.98288350738585,13,6,3,1,F S,Verona,4,3.859073329716921,5.132114226929843,0.3818766977638006,2021
1463,Francesco Acerbi,30,2535,4,3.0176734970882535,0,0.28330920450389385,15,5,2,1,D S,Lazio,4,3.0176734970882535,8.441426385194063,7.780984997749329,2021
1634,Alessandro Deiola,33,2171,4,2.422464856877923,1,1.0202068211510777,26,13,5,0,F M S,Cagliari,4,2.422464856877923,6.981275981292129,4.186528934165835,2021
3978,Marco Faraoni,32,2590,4,3.282987938262522,6,2.502896271646023,30,21,6,1,D M S,Verona,4,3.282987938262522,11.109295264817774,7.831730371341109,2021
4981,Davide Frattesi,36,2930,4,6.166343607008457,3,4.109432274475694,67,30,6,0,M S,Sassuolo,4,6.166343607008457,15.25243592262268,7.941451409831643,2021
5996,Adrien Tameze,38,2566,4,1.0459253005683422,2,2.211693619377911,23,28,4,0,D M S,Verona,4,1.0459253005683422,8.862158961594105,6.9611577140167356,2021
6997,Ignacio Pussetto,28,1197,4,5.16472989320755,4,2.1387301068753004,32,15,4,0,F M S,Udinese,3,4.403430879116058,5.4847604762762785,1.5184124745428562,2021
7924,Amir Rrahmani,33,2928,4,3.779182890430093,0,0.20724409725517035,22,5,5,0,D,Napoli,4,3.779182890430093,10.400804363191128,10.192653741687536,2021
8289,Gastón Pereiro,29,946,4,1.662855040282011,2,1.942568888887763,21,20,1,0,F M S,Cagliari,4,1.662855040282011,5.1209034798666835,1.957453891634941,2021
8912,Tommaso Pobega,33,2237,4,4.021135346032679,3,2.3431426296010613,48,24,11,0,M S,Torino,4,4.021135346032679,7.618985480628908,4.309158304706216,2021
9969,Teun Koopmeiners,30,2126,4,1.7746983347460628,1,5.729096874594688,28,48,4,0,M S,Atalanta,4,1.7746983347460628,14.866731949150562,10.212420664727688,2021
628,Chris Smalling,27,2087,3,2.3404948115348816,0,0.5236679911613464,10,2,0,0,D S,Roma,3,2.3404948115348816,2.785542894154787,2.7134358771145344,2021
1122,Manuel Locatelli,31,2167,3,2.310969188809395,4,1.612101472914219,21,18,6,0,M S,Juventus,3,2.310969188809395,10.789089791476727,7.525343533605337,2021
1193,Lorenzo De Silvestri,31,2303,3,2.258099691942334,2,1.8261708561331034,16,21,7,0,D M S,Bologna,3,2.258099691942334,5.992909419350326,4.015247808769345,2021
1210,Keita,26,1229,3,4.300736788660288,1,1.0805567875504494,27,10,2,0,F M S,Cagliari,3,4.300736788660288,5.399024486541748,0.7015772964805365,2021
1223,Milan Skriniar,35,3150,3,3.517575876787305,0,0.7227815082296729,25,9,3,0,D,Inter,3,3.517575876787305,18.105836808681488,17.797514781355858,2021
1252,Stephan El Shaarawy,27,1013,3,2.625521967187524,0,3.1635252563282847,39,31,1,0,D M S,Roma,3,2.625521967187524,9.494787137955427,5.1957365637645125,2021
1313,Riccardo Saponara,29,1278,3,1.8271919153630733,3,3.0783209651708603,37,20,1,0,F S,Fiorentina,3,1.8271919153630733,8.965371562168002,4.878452951088548,2021
1376,Kalidou Koulibaly,27,2411,3,1.471498486585915,3,1.3828816898167133,10,11,5,1,D,Napoli,3,1.471498486585915,6.921498553827405,6.220785945653915,2021
1409,Nicolò Barella,36,2953,3,4.975241807289422,12,9.138775686733425,68,63,9,0,M,Inter,3,4.975241807289422,28.95583648979664,17.51832997240126,2021
1426,Josip Ilicic,20,838,3,2.9847458228468895,4,3.4685606509447098,32,34,1,0,F M S,Atalanta,3,2.223447762429714,8.963821962475777,4.900751121342182,2021
1473,Matteo Politano,33,1685,3,3.3503240030258894,4,3.5206699147820473,42,31,3,0,F M S,Napoli,3,3.3503240030258894,6.552543696016073,2.0759000331163406,2021
1493,Andrea Petagna,24,571,3,1.5750812068581581,1,1.9776682406663895,13,10,1,0,F S,Napoli,3,1.5750812068581581,4.176177851855755,0.7809197027236223,2021
1577,Marko Pjaca,24,1134,3,1.678245804272592,0,0.9949818048626184,21,15,0,0,F M S,Torino,3,1.678245804272592,4.349434349685907,2.5192093048244715,2021
1710,Marten de Roon,30,2546,3,1.8891233876347542,0,0.5755767002701759,23,7,5,1,D M S,Atalanta,3,1.8891233876347542,12.556700319051743,11.181222027167678,2021
1723,Roberto Pereyra,24,1809,3,5.212978841736913,5,3.967154074460268,30,25,8,1,F M S,Udinese,2,3.6903828401118517,12.44491534307599,5.711876440793276,2021
4918,Patrick Cutrone,28,1395,3,4.375115068629384,0,0.623331293463707,50,9,1,0,F S,Empoli,3,4.375115068629384,6.377214223146439,1.5220669945701957,2021
5360,Weston McKennie,21,1367,3,3.0620887018740177,0,1.2541380934417248,23,20,1,0,M S,Juventus,3,3.0620887018740177,5.111866511404514,2.322309710085392,2021
5954,Eldor Shomurodov,28,716,3,4.569236539304256,4,2.9085294511169195,31,20,2,0,F M S,Roma,3,4.569236539304256,8.52180878072977,1.4449653150513768,2021
6180,Manuel Lazzari,31,1643,3,0.8267302997410297,3,2.6580290626734495,12,13,3,0,D S,Lazio,3,0.8267302997410297,6.8734574699774384,4.7139779487624764,2021
6296,Abdelhamid Sabiri,14,887,3,1.3711888827383518,2,1.5663550645112991,17,12,3,0,F M S,Sampdoria,3,1.3711888827383518,4.545894552022219,2.351181011646986,2021
6421,Brahim Diaz,31,1900,3,4.575269402004778,3,2.4926864113658667,30,31,4,0,M S,AC Milan,3,4.575269402004778,11.33105681836605,4.679222115315497,2021
6672,Riccardo Sottil,24,1238,3,2.6474025044590235,2,2.3392727766186,22,14,2,1,F S,Fiorentina,3,2.6474025044590235,5.6838271878659725,2.2516087349504232,2021
6960,Bremer,33,2897,3,5.608282057568431,1,0.3790193032473326,27,7,7,0,D,Torino,3,5.608282057568431,8.537619937211275,7.63502833712846,2021
6974,Mattias Svanberg,36,2586,3,2.1038274988532066,3,2.5496029248461127,39,36,7,0,M S,Bologna,3,2.1038274988532066,7.921926019713283,5.115311663597822,2021
7090,Krzysztof Piatek,14,733,3,3.731518991291523,0,1.1165439113974571,23,6,0,0,F S,Fiorentina,3,2.9702249839901924,4.045874094590545,0.32494589127600193,2021
7413,Ibañez,34,2884,3,1.7617766056209803,0,0.44692470133304596,20,10,9,0,D M S,Roma,3,1.7617766056209803,8.214743846096098,8.069559161551297,2021
7472,Wilfried Stephane Singo,35,2634,3,2.9030109457671642,4,2.645374685525894,41,23,5,1,D M S,Torino,3,2.9030109457671642,11.567621937021613,7.48501567915082,2021
7902,Matthijs de Ligt,31,2680,3,2.3989725010469556,1,1.7362264841794968,20,9,2,1,D S,Juventus,3,2.3989725010469556,8.804609082639217,8.173653170466423,2021
7912,Eljif Elmas,37,1572,3,4.0122050335630774,5,1.91029520239681,33,24,3,0,F M S,Napoli,3,4.0122050335630774,9.56366575602442,5.332091439515352,2021
7939,Morten Thorsby,35,2965,3,3.724992673844099,1,1.076538598164916,26,15,10,0,F M,Sampdoria,3,3.724992673844099,6.246266532689333,2.891974128782749,2021
8010,Kevin Agudelo,23,1235,3,2.3456376176327467,1,0.8608496896922588,21,10,2,1,F M S,Spezia,3,2.3456376176327467,4.952984344214201,2.360916718840599,2021
8916,Simone Bastoni,31,2305,3,1.7832793220877647,3,4.567909301258624,28,47,5,1,D M S,Spezia,3,1.7832793220877647,8.112965440377593,5.33487554686144,2021
9903,Domen Crnigoj,34,1902,3,2.116329695098102,1,1.147607086226344,31,11,3,0,D M S,Venezia,3,2.116329695098102,5.285825802013278,3.0110707134008408,2021
557,Matteo Darmian,25,1496,2,0.9904801808297634,1,2.527653716504574,8,21,4,0,D S,Inter,2,0.9904801808297634,9.062125224620104,6.339729204773903,2021
845,Maya Yoshida,26,1820,2,1.0005159974098206,3,1.5789927216246724,9,6,2,0,D S,Sampdoria,2,1.0005159974098206,2.7498509101569653,2.383829802274704,2021
1030,Fernando Forestieri,4,47,2,1.1122449934482574,1,0.059410300105810165,3,1,1,0,S,Udinese,2,1.1122449934482574,0.3081220015883446,0.16871299594640732,2021
1168,Bryan Cristante,34,2669,2,1.8115983959287405,0,2.413126166909933,40,24,9,0,M S,Roma,2,1.8115983959287405,11.10853104479611,9.520198186859488,2021
1233,Filip Djuricic,12,682,2,2.5707365702837706,1,1.6718682702630758,17,10,1,0,M S,Sassuolo,2,2.5707365702837706,4.971472512930632,1.7546755243092775,2021
1234,Dennis Praet,23,1554,2,2.245230732485652,2,4.877946125343442,23,25,3,0,F M S,Torino,2,2.245230732485652,9.26905883103609,3.6860799863934517,2021
1254,Alessandro Florenzi,24,1141,2,0.8204992981627584,0,0.8673962187021971,22,11,1,0,D M S,AC Milan,2,0.8204992981627584,3.8113998249173164,3.0480838883668184,2021
1324,Federico Dimarco,32,1416,2,3.7895215693861246,2,5.9087175484746695,39,48,1,0,D S,Inter,2,3.0282275024801493,12.155453836545348,8.421477161347866,2021
1433,Federico Chiesa,14,867,2,2.4671006333082914,2,1.070226013660431,28,17,0,0,F M S,Juventus,2,2.4671006333082914,4.272592857480049,1.2171736918389797,2021
1468,Gregoire Defrel,38,1313,2,4.325272677466273,2,2.305159918963909,27,23,3,0,F M S,Sassuolo,2,4.325272677466273,7.3384270668029785,1.8265823889523745,2021
1474,Alfred Duncan,33,1939,2,1.3117801044136286,2,1.5431972965598106,11,26,3,0,M S,Fiorentina,2,1.3117801044136286,6.6759349182248116,5.204780815169215,2021
1496,Roberto Gagliardini,18,622,2,1.3104225173592567,2,1.503927756100893,8,6,2,0,M S,Inter,2,1.3104225173592567,6.51380317658186,4.831018768250942,2021
1511,Marcelo Brozovic,35,2970,2,1.2476579081267118,1,2.19460560195148,32,35,7,0,M,Inter,2,1.2476579081267118,25.06638278439641,23.181413363665342,2021
1574,Davide Calabria,26,2135,2,3.8962747203186154,3,1.8661153744906187,36,19,2,0,D S,AC Milan,2,3.8962747203186154,10.811166292056441,6.948578773997724,2021
1724,Isaac Success,22,904,2,2.4817703664302826,7,4.072918459773064,25,17,1,1,F M S,Udinese,2,2.4817703664302826,8.361803176812828,2.7333126636222005,2021
1826,Nicola Sansone,27,861,2,2.5898786038160324,3,2.9918263889849186,24,16,6,0,F M S,Bologna,2,2.5898786038160324,6.031712083145976,1.280070411041379,2021
1852,Ante Rebic,24,839,2,2.8852354921400547,2,5.084753226488829,31,30,2,0,F M S,AC Milan,2,2.8852354921400547,7.626595288515091,1.264818500727415,2021
1903,Kevin Lasagna,28,1151,2,4.082619896158576,4,2.256361113861203,39,15,1,0,F M S,Verona,2,4.082619896158576,6.622586751356721,1.104822295717895,2021
1956,Mohamed Fares,9,585,2,1.2060296945273876,1,0.5327054001390934,13,5,2,0,D M S,Genoa,2,1.2060296945273876,1.6634873636066914,0.8971742875874043,2021
1971,Simone Romagnoli,19,1497,2,1.82380997762084,0,0.7224666131660342,5,5,3,0,D S,Empoli,2,1.82380997762084,3.388994824141264,3.266041239723563,2021
2053,Martin Erlic,30,2588,2,2.7529046311974525,0,0.45166180841624737,15,5,5,0,D,Spezia,2,2.7529046311974525,3.6600474109873176,3.509313840419054,2021
2711,Aleksey Miranchuk,19,764,2,1.7168884854763746,5,3.3207482807338238,15,22,0,0,F M S,Atalanta,2,1.7168884854763746,6.799352668225765,2.266952410340309,2021
3772,Maxime Lopez,35,2948,2,1.1034241821616888,2,2.7828104868531227,16,49,14,0,M S,Sassuolo,2,1.1034241821616888,18.984110444784164,16.37692205235362,2021
4903,Mamadou Coulibaly,12,815,2,1.2275791745632887,0,0.22825269773602486,10,6,1,0,M S,Salernitana,2,1.2275791745632887,4.662415133789182,3.3129183780401945,2021
5719,Sérgio Oliveira,14,923,2,1.2768276687711477,1,1.5947089679539204,12,15,5,0,M S,Roma,1,0.5155286993831396,2.9338142927736044,1.6772239301353693,2021
6686,Nicolo Zaniolo,28,1998,2,6.105673047713935,2,2.6092645106837153,70,28,10,2,F M S,Roma,2,6.105673047713935,10.662388724274933,4.457509411498904,2021
6806,Rodrigo Becão,35,3137,2,1.575258007273078,1,0.7927104057744145,19,10,10,0,D,Udinese,2,1.575258007273078,7.808268630877137,6.754554154351354,2021
6981,Ismael Bennacer,31,1517,2,0.6863203123211861,1,1.5997094241902232,16,22,7,0,M S,AC Milan,2,0.6863203123211861,6.6711605582386255,5.333130116574466,2021
6991,Leo Stulac,23,821,2,0.25510210264474154,2,0.36894224351271987,9,9,1,0,M S,Empoli,2,0.25510210264474154,2.464198775589466,2.1697920691221952,2021
7925,Liam Henderson,38,2021,2,2.0114509826526046,3,3.2801365656778216,42,39,4,0,F M S,Empoli,2,2.0114509826526046,6.743226437829435,3.9819438327103853,2021
7972,Andrea La Mantia,18,469,2,1.617861251346767,1,0.8075840044766665,17,8,0,0,F S,Empoli,2,1.617861251346767,1.662772187963128,0.44857329968363047,2021
8341,Lazar Samardzic,22,433,2,1.0052106007933617,2,1.9058370813727379,17,19,0,0,M S,Udinese,2,1.0052106007933617,2.7064291182905436,1.5407200017943978,2021
8380,Pablo Marí,15,1343,2,0.6438029929995537,0,0.961790781468153,10,4,2,1,D,Udinese,2,0.6438029929995537,2.3780332878232002,1.9920960739254951,2021
8944,Giulio Maggiore,35,2869,2,4.147889089770615,3,2.7553426874801517,42,31,9,0,M S,Spezia,2,4.147889089770615,10.856729865074158,5.369235405698419,2021
9018,M&#039;Bala Nzola,21,1048,2,2.8226694967597723,1,1.4887998849153519,22,11,2,0,F S,Spezia,2,2.8226694967597723,5.653891663998365,1.8495345003902912,2021
9850,Filippo Bandinelli,35,1985,2,1.9755111169070005,3,4.346691346727312,35,33,10,0,M S,Empoli,2,1.9755111169070005,8.5200664550066,3.8003486823290586,2021
9878,Pietro Ceccaroni,35,3123,2,2.264233836904168,1,0.7693423237651587,19,6,7,1,D,Venezia,2,2.264233836904168,4.838703699409962,4.59632308781147,2021
9893,Youssef Maleh,28,998,2,2.4064495591446757,3,1.68216123431921,21,14,5,0,M S,Fiorentina,2,2.4064495591446757,6.695532388985157,3.0059035811573267,2021
9999,Arthur Theate,31,2429,2,1.4129153927788138,1,0.30333489552140236,21,6,6,0,D S,Bologna,2,1.4129153927788138,6.562617155723274,6.188433948904276,2021
10077,Felix Afena-Gyan,17,654,2,1.9060104163363576,0,0.7781295217573643,17,6,3,1,F M S,Roma,2,1.9060104163363576,3.3265008367598057,1.0174039714038372,2021
10377,Arthur Cabral,14,756,2,3.9245373383164406,2,0.40658919885754585,23,7,1,0,F S,Fiorentina,2,3.9245373383164406,3.45070394128561,0.7404077053070068,2021
10404,Éderson,15,1158,2,2.3069997299462557,1,0.8870255053043365,21,9,5,0,M S,Salernitana,2,2.3069997299462557,3.4610904678702354,1.5044848918914795,2021
222,Arturo Vidal,28,674,1,1.679434584453702,2,2.4484543576836586,18,12,3,0,M S,Inter,1,1.679434584453702,10.25845055654645,6.365300580859184,2021
347,Kaan Ayhan,23,1332,1,0.23393800482153893,0,0.034077998250722885,5,2,2,1,D S,Sassuolo,1,0.23393800482153893,6.0152672175318,5.99929721839726,2021
411,Albin Ekdal,26,1641,1,0.7434319024905562,0,0.3357443995773792,14,7,9,1,M S,Sampdoria,1,0.7434319024905562,1.718633497133851,1.0710626021027565,2021
1000,Federico Fazio,16,1438,1,1.2470704838633537,0,0.3984856018796563,16,8,1,1,D,Salernitana,1,1.2470704838633537,2.2875931737944484,2.026590800844133,2021
1106,Darko Lazovic,34,2794,1,3.52612460963428,7,7.322475480847061,47,44,2,0,D M S,Verona,1,3.52612460963428,15.119365394115448,6.496314923278987,2021
1119,Alessio Romagnoli,19,1404,1,0.788194801658392,0,0.08683469984680414,12,3,4,1,D S,AC Milan,1,0.788194801658392,3.6132355369627476,3.573712032288313,2021
1120,Mattia De Sciglio,20,1154,1,0.46097010653465986,2,2.6100465757772326,6,19,2,0,D S,Juventus,1,0.46097010653465986,5.210814825259149,3.0884424350224435,2021
1178,Davide Zappacosta,34,2356,1,2.2183882165700197,5,4.727506060153246,37,34,6,0,D M S,Atalanta,1,2.2183882165700197,14.888363100588322,10.697135623544455,2021
1204,Patric,24,1658,1,1.0303372321650386,1,0.5391825959086418,6,6,4,1,D S,Lazio,1,1.0303372321650386,5.5381163796409965,4.867778389714658,2021
1206,Danilo Cataldi,32,1725,1,0.3089275015518069,2,3.3425218733027577,12,25,8,0,M S,Lazio,1,0.3089275015518069,6.359654291532934,5.4568830374628305,2021
1221,Jacopo Sala,18,904,1,0.0787321999669075,0,0.43080900236964226,4,7,3,0,M S,Spezia,1,0.0787321999669075,1.8232486806809902,1.4009810965508223,2021
1247,Juan Jesus,21,1268,1,0.26342579908668995,0,0.20737939700484276,4,4,1,0,D S,Napoli,1,0.26342579908668995,3.7314483076334,3.6290034186095,2021
1272,Ilija Nestorovski,7,178,1,0.879819892346859,1,0.7708290070295334,5,4,1,0,F S,Udinese,1,0.879819892346859,2.183413177728653,0.5327630043029785,2021
1341,Ivan Radovanovic,14,1058,1,1.0300748124718666,1,1.001551978290081,18,5,4,0,D M S,Salernitana,1,1.0300748124718666,2.798787172883749,1.8365805558860302,2021
1354,Gianmarco Ferrari,36,3132,1,2.405354703310877,0,1.02183788549155,25,6,4,1,D S,Sassuolo,1,2.405354703310877,13.342466469854116,12.972087185829878,2021
1362,Simy,19,839,1,2.9548276644200087,1,0.7397667169570923,20,8,0,0,F S,Salernitana,1,2.9548276644200087,3.8042191192507744,0.7839427869766951,2021
1370,Federico Ceccherini,34,2402,1,2.0795692075043917,0,0.5069551896303892,11,7,10,1,D S,Verona,1,2.0795692075043917,7.011363685131073,4.9527583085000515,2021
1375,Elseid Hysaj,29,2034,1,0.5768290990963578,0,0.9398706033825874,4,12,3,0,D S,Lazio,1,0.5768290990963578,6.940342787653208,6.142318584024906,2021
1382,José Callejón,30,1302,1,1.7190160173922777,2,2.838598871603608,17,21,0,0,F M S,Fiorentina,1,1.7190160173922777,7.333181716501713,3.8755257222801447,2021
1400,Nicola Murru,22,994,1,0.18704330176115036,0,0.7699706424027681,3,7,5,0,D M S,Sampdoria,1,0.18704330176115036,1.3847946505993605,0.5415044147521257,2021
1423,Matías Vecino,17,353,1,1.095955915749073,0,1.1627250239253044,7,5,2,0,M S,Inter,1,1.095955915749073,5.829170849174261,4.42627727240324,2021
1424,Federico Bernardeschi,28,1489,1,1.4562089014798403,2,1.7460077907890081,33,17,5,0,D F M S,Juventus,1,1.4562089014798403,6.263498036190867,3.9682532381266356,2021
1430,Milan Badelj,34,2868,1,0.8287825016304851,0,2.1334838792681694,21,28,4,0,M,Genoa,1,0.8287825016304851,7.525627419352531,5.242304222658277,2021
1454,Alex Ferrari,23,1657,1,0.5144586134701967,0,0.023469300009310246,4,2,4,0,D S,Sampdoria,1,0.5144586134701967,2.910162595100701,2.839660012163222,2021
1465,Stefano Sensi,20,923,1,2.009885663166642,0,0.955834399908781,12,13,1,0,M S,"Inter,Sampdoria",1,2.009885663166642,4.288930509239435,1.410019401460886,2021
1484,Rafael Toloi,20,1441,1,1.2492660954594612,1,0.569868303835392,12,8,6,0,D S,Atalanta,1,1.2492660954594612,6.210437618196011,5.213432343676686,2021
1486,Mattia Caldara,31,2703,1,1.8033107947558165,0,0.09723399672657251,15,3,9,0,D S,Venezia,1,1.8033107947558165,3.300024898722768,2.9486567042768,2021
1487,Andrea Conti,8,231,1,0.3991139084100723,0,0,3,0,1,0,M S,"AC Milan,Sampdoria",1,0.3991139084100723,0.10953070223331451,0.05576980113983154,2021
1488,Remo Freuler,29,2398,1,1.4876473927870393,3,1.6494187097996473,20,23,9,0,M S,Atalanta,1,1.4876473927870393,13.139166425913572,11.136592184193432,2021
1523,Danilo D&#039;Ambrosio,20,973,1,1.9922331124544144,1,0.09986669942736626,14,2,2,0,D S,Inter,1,1.9922331124544144,6.770738296210766,5.579721055924892,2021
1550,Luca Ceppitelli,24,1440,1,0.29654649272561073,1,0.1067993976175785,6,2,3,0,D S,Cagliari,1,0.29654649272561073,3.2828829744830728,3.155674177221954,2021
1624,Fabio Depaoli,24,792,1,0.6785360956564546,1,0.5527023114264011,10,6,4,0,D M S,"Sampdoria,Verona",1,0.6785360956564546,2.8235078137367964,2.021035793237388,2021
1927,Berat Gjimshiti,31,2250,1,1.7930147163569927,1,2.370840087532997,16,13,6,0,D S,Atalanta,1,1.7930147163569927,6.512713640928268,5.740067478269339,2021
1942,Martín Cáceres,14,827,1,0.23093700595200062,1,1.0318253999575973,7,5,3,1,D S,Cagliari,1,0.23093700595200062,2.629693580791354,2.0052684228867292,2021
2116,Felipe Caicedo,12,289,1,1.267576428130269,2,0.9076989963650703,12,7,1,0,F S,"Genoa,Inter",1,1.267576428130269,2.0813899356871843,0.014479599893093109,2021
2244,Danilo,22,1895,1,0.8573665861040354,1,1.3285114672034979,13,14,6,0,D M,Juventus,1,0.8573665861040354,8.310253189876676,7.8383340034633875,2021
2418,Álvaro Odriozola,25,1731,1,1.5371434390544891,1,3.0621530786156654,4,26,4,1,D S,Fiorentina,1,1.5371434390544891,9.694873411208391,6.680299870669842,2021
3536,Jean-Victor Makengo,33,2364,1,3.075115140527487,3,2.194401397369802,32,26,5,1,M S,Udinese,1,3.075115140527487,9.388578641228378,4.821591094136238,2021
3785,Kelvin Adou,32,2656,1,3.004674978554249,1,1.3244880940765142,25,12,7,2,D S,Spezia,1,3.004674978554249,7.065598696004599,4.179351165425032,2021
4348,Tolgay Arslan,30,1689,1,1.1575385853648186,1,1.5047527067363262,23,15,9,0,M S,Udinese,1,1.1575385853648186,5.036288759671152,3.000266748480499,2021
4733,José Luis Palomino,34,2677,1,1.6755345957353711,0,0.2782709002494812,14,4,9,0,D S,Atalanta,1,1.6755345957353711,10.058068193495274,9.851314388215542,2021
4932,Pietro Pellegri,15,322,1,0.4889841955155134,0,0.21851370111107826,8,4,1,0,F S,"AC Milan,Torino",1,0.4889841955155134,0.8994472026824951,0.3606466092169285,2021
4939,Alessandro Bastoni,31,2338,1,0.21923119761049747,3,2.3262839131057262,8,14,4,0,D S,Inter,1,0.21923119761049747,13.273063968867064,12.759306952357292,2021
4942,Sofian Kiyine,26,1236,1,1.8619300378486514,0,2.7978722900152206,21,20,8,1,F M S,Venezia,1,1.1006340039893985,5.186787010170519,3.5997082851827145,2021
4951,Grigoris Kastanos,27,1343,1,1.4573867125436664,1,1.5414842888712883,28,28,4,1,M S,Salernitana,1,1.4573867125436664,4.457929014228284,2.923941431567073,2021
4959,Filippo Melegoni,25,951,1,0.5405196035280824,0,1.1774064851924777,13,16,1,0,M S,Genoa,1,0.5405196035280824,2.3177625108510256,1.1824755100533366,2021
4968,Giorgio Altare,19,1477,1,1.28025989420712,0,0.632922999560833,18,8,5,0,D S,Cagliari,1,1.28025989420712,2.9669230673462152,2.6951259141787887,2021
5103,Martin Hongla,18,641,1,1.6069288924336433,0,0.08417049795389175,9,2,3,0,M S,Verona,1,1.6069288924336433,4.012651929631829,2.36746771261096,2021
5226,Walace,36,2980,1,1.2438313206657767,0,2.226630668155849,47,30,6,1,M S,Udinese,1,1.2438313206657767,11.38927761092782,9.404915602877736,2021
5246,Diego Demme,19,688,1,0.7853630902245641,0,0.3567287027835846,2,5,4,0,M S,Napoli,1,0.7853630902245641,2.674134785309434,1.5858118031173944,2021
5661,Jonathan Ikone,17,641,1,1.7504971865564585,1,1.9796790331602097,16,9,1,0,F S,Fiorentina,1,1.7504971865564585,4.358890797942877,0.8323722891509533,2021
6125,Stanislav Lobotka,23,1693,1,0.08125890046358109,0,0.7957296967506409,2,15,2,0,M S,Napoli,1,0.08125890046358109,6.577915087342262,5.923180963844061,2021
6130,Daniel Bessa,24,742,1,0.31256310548633337,1,0.7907028906047344,10,11,3,1,M S,Verona,1,0.31256310548633337,3.907101195305586,3.0972462370991707,2021
6147,Denis Zakaria,9,596,1,1.3900226689875126,1,0.14112619776278734,9,3,1,0,M S,Juventus,1,1.3900226689875126,1.9673024751245975,0.46195709332823753,2021
6155,Robin Gosens,13,619,1,1.5688585042953491,1,1.0674740932881832,18,7,3,0,D M S,"Atalanta,Inter",1,1.5688585042953491,4.557620592415333,3.336175438016653,2021
6174,Nikola Milenkovic,34,2941,1,1.491188301704824,0,0.5219579972326756,23,2,8,1,D,Fiorentina,1,1.491188301704824,8.216583410277963,8.14823735691607,2021
6175,Petko Hristov,17,1241,1,0.4949679970741272,1,0.7218432109802961,2,3,3,0,D S,Spezia,1,0.4949679970741272,2.7847846038639545,2.7708465941250324,2021
6176,Adam Marusic,33,2730,1,0.23039320018142462,1,0.5671647004783154,8,8,4,1,D S,Lazio,1,0.23039320018142462,7.77238810248673,7.1120892353355885,2021
6206,Bram Nuytinck,27,2044,1,1.1187280975282192,0,0.35231327917426825,10,3,2,0,D S,Udinese,1,1.1187280975282192,5.248267093673348,4.982411095872521,2021
6412,Raoul Bellanova,31,2512,1,1.8451987896114588,2,3.8565796818584204,23,32,3,0,D M S,Cagliari,1,1.8451987896114588,8.85400214791298,3.9720057118684053,2021
6517,Charalampos Lykogiannis,28,1820,1,0.9490609792992473,0,1.0042838994413614,22,12,2,0,D M S,Cagliari,1,0.9490609792992473,3.286148661747575,2.903364951722324,2021
6691,Dejan Kulusevski,20,758,1,2.578633788973093,3,1.5339280180633068,18,10,1,0,F M S,Juventus,1,2.578633788973093,5.610760862007737,1.741172606125474,2021
6696,Luca Ranieri,27,2142,1,1.1382296802476048,0,1.149532852228731,9,11,9,0,D M S,Salernitana,1,1.1382296802476048,5.155003025196493,2.9994365805760026,2021
6972,Federico Santander,7,58,1,0.4983201902359724,0,0.131864994764328,2,1,1,0,S,Bologna,1,0.4983201902359724,0.9532290101051331,0.3297570049762726,2021
6978,Giovanni Di Lorenzo,33,2876,1,0.9446245860308409,5,3.1449034959077835,20,33,3,0,D,Napoli,1,0.9446245860308409,12.126671373844147,9.97975343465805,2021
7003,Mehdi Bourabia,8,265,1,0.017899900674819946,0,0.04561537131667137,1,2,1,0,M S,Spezia,1,0.017899900674819946,1.2430179193615913,1.2164600268006325,2021
7013,Matteo Pessina,27,1442,1,2.280635805800557,1,1.395274292677641,28,24,0,0,F M S,Atalanta,1,2.280635805800557,9.607328966259956,6.697830958291888,2021
7375,Roberto Piccoli,17,384,1,1.8910643868148327,0,0.28946010023355484,7,8,0,0,F S,"Atalanta,Genoa",1,1.8910643868148327,2.358865076676011,0.1783406976610422,2021
7416,Merih Demiral,28,1914,1,2.5986907612532377,2,0.6976325884461403,24,4,8,0,D S,Atalanta,1,2.5986907612532377,5.928534297272563,4.060410477221012,2021
7530,Samuele Ricci,33,2263,1,0.6083244583569467,1,0.7998980944976211,12,11,2,1,M S,"Empoli,Torino",1,0.6083244583569467,6.671492205932736,5.992406753823161,2021
7609,Carles Pérez,19,510,1,1.4078603996895254,1,1.2061645584180951,27,15,2,0,M S,Roma,1,1.4078603996895254,3.5909228064119816,1.5406413692981005,2021
7625,Manolo Portanova,24,1348,1,3.688354975078255,0,0.49914210103452206,29,9,5,0,M S,Genoa,1,3.688354975078255,4.190576751250774,0.36989459581673145,2021
7909,Gaetano Castrovilli,23,1399,1,1.1326025947928429,1,0.8773934002965689,15,14,4,0,M S,Fiorentina,1,1.1326025947928429,6.9780978336930275,5.405743759125471,2021
7927,Sofyan Amrabat,23,900,1,0.12679249979555607,0,0.19811470061540604,4,8,6,0,M S,Fiorentina,1,0.12679249979555607,1.5737239103764296,1.3870945181697607,2021
7933,Jerdy Schouten,17,1398,1,0.15131260082125664,1,0.8317093048244715,6,12,2,1,M S,Bologna,1,0.15131260082125664,6.800445258617401,6.48873795568943,2021
7938,Tommaso Augello,36,2387,1,0.5382193811237812,1,2.1438152994960546,7,17,0,0,D M S,Sampdoria,1,0.5382193811237812,6.738634587265551,5.915148356929421,2021
8163,Daniel Maldini,8,142,1,0.5494755879044533,0,0.05020759999752045,3,1,1,0,M S,AC Milan,1,0.5494755879044533,0.713204987347126,0.1135220006108284,2021
8297,Alexis Saelemaekers,36,1866,1,3.180294256657362,3,4.113712633028626,39,38,2,0,F M S,AC Milan,1,3.180294256657362,14.044270288199186,8.275666370987892,2021
8311,Janis Antiste,18,798,1,1.22020323574543,0,0.29318455373868346,11,6,0,0,F M S,Spezia,1,1.22020323574543,1.5382812852039933,0.3680864693596959,2021
8313,Pierre Kalulu Kyatengwa,28,1936,1,0.40486850403249264,2,0.9083080850541592,5,7,4,0,D S,AC Milan,1,0.40486850403249264,5.9071091348305345,5.14138310495764,2021
8589,Flavio Junior Bianchi,7,320,1,0.8268589004874229,0,0.10605619847774506,10,3,0,0,F S,Genoa,1,0.8268589004874229,1.3699676170945168,0.4752371050417423,2021
8828,Ivan Ilic,32,2544,1,2.436852065846324,4,1.610640867613256,22,19,5,1,M S,Verona,1,2.436852065846324,10.802346589975059,8.275647551752627,2021
9019,Lucas Martínez Quarta,20,1431,1,1.37527428381145,0,0.5826911982148886,16,5,8,0,D S,Fiorentina,1,1.37527428381145,5.396032679826021,5.226887412369251,2021
9071,Matteo Cancellieri,12,202,1,0.3565588854253292,0,0.19913189858198166,4,4,1,0,M S,Verona,1,0.3565588854253292,0.30747369676828384,0.062311701476573944,2021
9107,Giorgio Scalvini,18,763,1,1.8677612878382206,0,0.8144824262708426,15,5,1,0,D M S,Atalanta,1,1.8677612878382206,2.716971142217517,2.027929523959756,2021
9233,Joakim Maehle,26,1466,1,2.485087465494871,1,1.1485345046967268,21,16,2,0,D M S,Atalanta,1,2.485087465494871,8.260542530566454,5.316079888492823,2021
9344,Viktor Kovalenko,26,1313,1,0.32066620141267776,4,1.4791243812069297,9,17,4,0,F M S,Spezia,1,0.32066620141267776,4.2041265135630965,3.162253500893712,2021
9518,Edoardo Bove,11,56,1,0.016656700521707535,0,0,1,0,0,0,S,Roma,1,0.016656700521707535,0.3930920884013176,0.3930920884013176,2021
9841,Andrea Cambiaso,26,1799,1,0.6484461026266217,4,2.0022331327199936,14,15,3,1,D M S,Genoa,1,0.6484461026266217,3.506264320574701,1.1781919058412313,2021
9843,Caleb Ekuban,30,1712,1,3.9616252947598696,2,2.6464822944253683,38,17,2,0,F M S,Genoa,1,3.9616252947598696,6.922296969220042,1.4489000923931599,2021
9849,Petar Stojanovic,33,2748,1,0.5318412985652685,1,2.4451792165637016,11,34,9,1,D S,Empoli,1,0.5318412985652685,8.422318620607257,6.5711854957044125,2021
9852,Leonardo Mancuso,8,432,1,1.8772080391645432,0,0.13707619905471802,12,3,0,0,F S,Empoli,1,1.8772080391645432,2.262929528951645,0.3229048028588295,2021
9854,Kristjan Asllani,23,1334,1,0.7426949171349406,1,0.9284102972596884,17,6,2,0,M S,Empoli,1,0.7426949171349406,3.2731244610622525,2.3955240547657013,2021
9865,Andrea Schiavone,14,552,1,0.47470391541719437,0,0.5141424993053079,2,11,1,0,M S,Salernitana,1,0.47470391541719437,1.0916390903294086,0.49419450014829636,2021
9866,Nadir Zortea,29,1383,1,0.5093186926096678,2,1.558291520923376,16,16,3,0,D M S,Salernitana,1,0.5093186926096678,3.9414324797689915,2.8364300904795527,2021
9882,Dennis Johnsen,27,1458,1,1.7242124937474728,2,3.240261210128665,15,24,2,0,F M S,Venezia,1,1.7242124937474728,5.408687021583319,1.0643508043140173,2021
9883,Francesco Forte,12,394,1,1.265053890645504,0,0.4483823999762535,11,4,3,0,F S,Venezia,1,1.265053890645504,1.3781151003204286,0.10123571334406734,2021
9904,Gianluca Busio,29,1961,1,0.7105171512812376,2,1.5203611855395138,14,15,8,0,M S,Venezia,1,0.7105171512812376,4.38904176466167,3.1134350541979074,2021
9952,Ridgeciano Haps,25,2070,1,0.5123381335288286,1,0.6422964530065656,11,13,6,0,D M S,Venezia,1,0.5123381335288286,4.064136115834117,3.1790486983954906,2021
9985,Johan Vásquez,28,2292,1,0.9442784925922751,0,0.09273569751530886,15,4,7,0,D S,Genoa,1,0.9442784925922751,3.77454925281927,3.4447634476237,2021
10008,Cedric Gondo,14,716,1,1.5368833667598665,0,0.6315701045095921,19,12,1,0,F S,Salernitana,1,1.5368833667598665,1.9584856606088579,0.8101498037576675,2021
10023,David Strelec,10,512,1,0.2832682989537716,0,0.8686305768787861,4,7,0,0,F M S,Spezia,1,0.2832682989537716,1.9697608165442944,0.8178627975285053,2021
10084,Cristian Volpato,3,31,1,0.0682625025510788,0,0.02338089980185032,1,1,0,0,S,Roma,1,0.0682625025510788,0.16575400531291962,0.16575400531291962,2021
10366,Albert Gudmundsson,12,604,1,1.186206005513668,0,0.82218898832798,9,13,3,0,M S,Genoa,1,1.186206005513668,3.084912228398025,1.5265162205323577,2021
10378,Jovane Cabral,3,198,1,0.8664800133556128,0,0.03923970088362694,6,1,0,0,F S,Lazio,1,0.8664800133556128,1.2300002127885818,0.4138472005724907,2021
10505,Moustapha Cissé,3,28,1,0.4606040045619011,0,0,3,0,0,0,S,Atalanta,1,0.4606040045619011,0.42309440672397614,0,2021
82,Nadiem Amiri,13,689,0,0.8248426914215088,1,1.908687002491206,16,20,0,0,M S,Genoa,0,0.8248426914215088,2.942048020195216,0.6934649194590747,2021
257,Jeremy Toljan,20,1394,0,0.0898963026702404,0,1.2423426304012537,3,14,2,0,D S,Sassuolo,0,0.0898963026702404,6.638183988630772,5.525183925405145,2021
308,Ricardo Rodríguez,34,2480,0,0.29899670369923115,1,1.965804842300713,9,21,3,0,D S,Torino,0,0.29899670369923115,5.962701324373484,5.698368975892663,2021
329,Franck Ribéry,23,1422,0,0.89850870706141,3,3.7509189788252115,12,30,3,0,F M S,Salernitana,0,0.89850870706141,5.683315388858318,2.9311634823679924,2021
451,Matija Nastasic,5,209,0,0.07294020056724548,0,0.03308970108628273,1,1,1,0,D S,Fiorentina,0,0.07294020056724548,0.3383122868835926,0.3052225857973099,2021
475,Lucas Leiva,35,1688,0,0.0946264024823904,1,0.33982880413532257,3,6,9,0,M S,Lazio,0,0.0946264024823904,6.712816031649709,6.398229727521539,2021
504,Aaron Ramsey,3,97,0,0,0,0.15081000328063965,0,2,0,0,M S,Juventus,0,0,0.9046973958611488,0.7538869976997375,2021
505,David Ospina,31,2790,0,0,0,0,0,0,1,0,GK,Napoli,0,0,3.2416265718638897,3.2416265718638897,2021
560,Sergio Romero,16,1440,0,0,0,0.09384769946336746,0,1,2,0,GK,Venezia,0,0,0.6044665966182947,0.5106188971549273,2021
570,Valon Behrami,10,287,0,0.07484260201454163,0,0.14452800154685974,1,1,3,0,M S,Genoa,0,0.07484260201454163,0.3581676036119461,0.13879700005054474,2021
621,Aleksandar Kolarov,3,38,0,0.013042500242590904,0,0,1,0,0,0,S,Inter,0,0.013042500242590904,0.5067075081169605,0.4936650078743696,2021
703,Fikayo Tomori,31,2722,0,1.9482456389814615,0,0.05771327065303922,12,4,4,0,D S,AC Milan,0,1.9482456389814615,9.618878487497568,9.56257788464427,2021
725,Ola Aina,21,1443,0,0.34425629675388336,0,1.7560260985046625,10,16,4,0,D M S,Torino,0,0.34425629675388336,4.156057491898537,2.476152328774333,2021
934,Axel Tuanzebe,1,7,0,0,0,0,0,0,0,0,S,Napoli,0,0,0.08473429828882217,0.08473429828882217,2021
1093,Mattia Perin,5,409,0,0,0,0,0,0,0,0,GK,Juventus,0,0,0.025746800005435944,0.025746800005435944,2021
1096,Armando Izzo,11,528,0,1.1593852136284113,0,0,5,0,4,0,D S,Torino,0,1.1593852136284113,0.5061224848031998,0.5061224848031998,2021
1098,Miguel Veloso,22,1347,0,0.5521616050973535,3,1.9493830800056458,17,26,5,1,M S,Verona,0,0.5521616050973535,6.228239044547081,5.0611922442913055,2021
1099,Tomás Rincón,24,1332,0,0.1758349984884262,0,0.11146389972418547,2,6,5,0,M S,"Sampdoria,Torino",0,0.1758349984884262,2.3455941630527377,2.0708911791443825,2021
1105,Riccardo Fiamozzi,10,627,0,0,1,1.107400394976139,0,6,1,0,D S,Empoli,0,0,2.241429228335619,1.8455160073935986,2021
1114,Davide Biraschi,14,938,0,0.07617250923067331,0,0.11348500289022923,3,3,4,0,D M S,Genoa,0,0.07617250923067331,0.887327903881669,0.7308453097939491,2021
1115,Goran Pandev,20,820,0,0.49071860685944557,1,0.9130786843597889,7,10,1,0,F S,Genoa,0,0.49071860685944557,2.16896840184927,0.9140897784382105,2021
1142,Samir,17,1430,0,1.144122315570712,0,0.09820829890668392,7,3,5,0,D,Udinese,0,1.144122315570712,3.225586051121354,3.117192044854164,2021
1175,Vincenzo Fiorillo,1,90,0,0,0,0,0,0,0,0,GK,Salernitana,0,0,0,0,2021
1182,Daniele Baselli,15,402,0,1.5297614578157663,1,0.8354044994339347,6,9,1,0,M S,"Cagliari,Torino",0,1.5297614578157663,2.5276450365781784,0.5174034088850021,2021
1183,Marco Benassi,18,505,0,0.9258521292358637,0,0.596231184899807,10,5,2,0,D M S,"Empoli,Fiorentina",0,0.9258521292358637,2.86757880076766,1.6132632549852133,2021
1190,Joel Obi,21,1145,0,1.7912557609379292,1,1.5770796854048967,10,14,4,0,D M S,Salernitana,0,1.7912557609379292,3.7201914116740227,0.8556295000016689,2021
1195,Daniele Padelli,3,270,0,0,0,0,0,0,0,0,GK,Udinese,0,0,0.08786919713020325,0.08786919713020325,2021
1214,Thomas Strakosha,23,2070,0,0,0,0.0246869008988142,0,1,2,0,GK,Lazio,0,0,2.3877945225685835,2.3877945225685835,2021
1226,Karol Linetty,16,907,0,0.7249437030404806,1,1.2237114701420069,13,16,2,0,F M S,Torino,0,0.7249437030404806,2.5725089088082314,1.4102649968117476,2021
1244,Wojciech Szczesny,33,2970,0,0,0,0.08960097702220082,0,3,2,0,GK,Juventus,0,0,4.171329610049725,4.09042302146554,2021
1246,Kostas Manolas,4,312,0,0,0,0,0,0,1,0,D S,Napoli,0,0,0.683130294084549,0.683130294084549,2021
1256,Kevin Strootman,10,641,0,0.022640500217676163,0,0.13708540052175522,1,3,4,0,M S,Cagliari,0,0.022640500217676163,1.5190749000757933,1.3819897938519716,2021
1264,Edoardo Goldaniga,12,941,0,0.7447349084541202,0,0.14908719807863235,5,4,3,0,D S,"Cagliari,Sassuolo",0,0.7447349084541202,1.4442505985498428,1.1334620080888271,2021
1273,Mato Jajalo,22,605,0,0.29065159894526005,1,1.1888845320791006,5,8,2,0,M S,Udinese,0,0.29065159894526005,3.2163876444101334,2.601545611396432,2021
1281,Giuseppe Pezzella,21,1070,0,0.49907630681991577,2,0.8740832135081291,9,9,3,0,D M S,Atalanta,0,0.49907630681991577,4.727848378941417,3.587828394025564,2021
1289,Alex Sandro,28,1777,0,1.0741782924160361,1,1.8968807011842728,9,23,3,0,D S,Juventus,0,1.0741782924160361,7.677789393812418,5.464324567466974,2021
1296,Stefano Sturaro,25,1802,0,0.3811079990118742,0,0.9531399104744196,9,8,11,0,F M S,Genoa,0,0.3811079990118742,3.92455318197608,2.6455230321735144,2021
1301,Daniele Rugani,12,876,0,0.14300750195980072,0,0.014195299707353115,2,1,2,0,D S,Juventus,0,0.14300750195980072,2.0401200875639915,2.0401200875639915,2021
1302,Emil Audero,29,2567,0,0,0,0.3043194077908993,0,2,2,0,GK,Sampdoria,0,0,2.5390619160607457,2.234742329455912,2021
1305,Lukasz Skorupski,36,3240,0,0,0,0,0,0,4,0,GK,Bologna,0,0,4.630526144057512,4.630526144057512,2021
1311,Rade Krunic,28,1407,0,0.6930702179670334,2,2.0759631283581257,10,17,2,0,M S,AC Milan,0,0.6930702179670334,4.754886619746685,3.326757125556469,2021
1316,Frederic Veseli,9,607,0,0.013187499716877937,0,0,1,0,1,1,D S,Salernitana,0,0.013187499716877937,0.19615449849516153,0.1829669987782836,2021
1358,Leonardo Capezzi,5,172,0,0,0,0,0,0,0,0,M S,Salernitana,0,0,0.19139359891414642,0.19139359891414642,2021
1360,Diego Falcinelli,6,59,0,0.24223099648952484,0,0,5,0,0,0,S,Bologna,0,0.24223099648952484,0.13793659955263138,0.06272689998149872,2021
1374,José Reina,15,1350,0,0,1,0.25456899404525757,0,1,3,0,GK,Lazio,0,0,2.1695396844297647,1.9149702955037355,2021
1377,Nikola Maksimovic,14,1115,0,0.08808539900928736,0,0.05432960018515587,3,2,2,0,D S,Genoa,0,0.08808539900928736,1.554725892841816,1.554725892841816,2021
1380,Amadou Diawara,4,169,0,0.0216389000415802,0,0.01571580022573471,1,1,0,0,M S,Roma,0,0.0216389000415802,0.40562319941818714,0.38990739919245243,2021
1387,Faouzi Ghoulam,14,313,0,0.11994539946317673,0,0.23742999881505966,3,7,1,0,D S,Napoli,0,0.11994539946317673,1.3477056063711643,1.3230045102536678,2021
1390,Marko Rog,8,302,0,0.2535246051847935,1,0.12697320245206356,7,4,0,0,M S,Cagliari,0,0.2535246051847935,0.7108764126896858,0.38733828999102116,2021
1392,Luigi Sepe,16,1398,0,0,0,0,0,0,2,0,GK,Salernitana,0,0,1.3489932045340538,1.3489932045340538,2021
1394,Lorenzo Tonelli,14,858,0,0.6913956087082624,0,0.311770997941494,7,6,4,0,D S,Empoli,0,0.6913956087082624,1.8676618076860905,1.7504743095487356,2021
1395,Vlad Chiriches,29,2311,0,0.509023817256093,0,0.02318600006401539,9,2,4,0,D S,Sassuolo,0,0.509023817256093,7.574807983823121,7.524773389101028,2021
1416,Ciprian Tatarusanu,6,540,0,0,0,0,0,0,0,0,GK,AC Milan,0,0,0.07135549932718277,0.07135549932718277,2021
1431,Sebastien De Maio,2,180,0,0,0,0.2945779860019684,0,1,0,0,D,Udinese,0,0,0.38779584877192974,0.093218257650733,2021
1432,Luca Lezzerini,6,499,0,0,0,0,0,0,2,0,GK,Venezia,0,0,0.6447939872741699,0.6447939872741699,2021
1448,Erick Pulgar,6,345,0,0.07352050207555294,1,0.666297709569335,3,7,2,0,M S,Fiorentina,0,0.07352050207555294,1.1571896970272064,0.9210153073072433,2021
1458,Ibrahima Mbaye,6,101,0,0,0,0,0,0,0,0,D S,Bologna,0,0,0,0,2021
1460,Andrea Consigli,37,3325,0,0,0,0.062084998935461044,0,1,2,0,GK,Sassuolo,0,0,7.084045751951635,7.021960756741464,2021
1464,Federico Peluso,2,6,0,0,0,0,0,0,0,0,S,Sassuolo,0,0,0,0,2021
1466,Francesco Magnanelli,12,253,0,0.032394660636782646,0,0.009372400119900703,2,1,1,0,M S,Sassuolo,0,0.032394660636782646,2.2858413085341454,2.2769290059804916,2021
1480,Gianluca Pegolo,1,90,0,0,0,0,0,0,0,0,GK,Sassuolo,0,0,0,0,2021
1483,Etrit Berisha,10,900,0,0,0,0,0,0,1,0,GK,Torino,0,0,0.2374525023624301,0.2374525023624301,2021
1485,Andrea Masiello,7,521,0,0.050185199826955795,0,0.0295282993465662,2,1,3,0,D S,Genoa,0,0.050185199826955795,0.7174411062151194,0.7174411062151194,2021
1500,Leonardo Spinazzola,3,135,0,0.03592899814248085,0,0.1006689965724945,2,1,1,0,D M S,Roma,0,0.03592899814248085,0.3970690071582794,0.36114001274108887,2021
1501,Marco Sportiello,5,450,0,0,0,0,0,0,0,0,GK,Atalanta,0,0,0.4756461977958679,0.4756461977958679,2021
1504,Alberto Grassi,30,2200,0,0.9566601058468223,2,1.8989892406389117,24,15,4,1,M S,Cagliari,0,0.9566601058468223,5.920044085010886,3.972688978537917,2021
1505,Samir Handanovic,37,3330,0,0,0,0,0,0,1,0,GK,Inter,0,0,8.01733011007309,8.01733011007309,2021
1510,Gary Medel,33,2837,0,0.4289099872112274,1,0.38647609762847424,2,3,8,1,D S,Bologna,0,0.4289099872112274,7.45470514614135,7.409620163030922,2021
1515,Cristian Ansaldi,19,671,0,0.27956870198249817,3,2.760784862563014,7,17,2,0,D S,Torino,0,0.27956870198249817,2.6532164216041565,1.8015333656221628,2021
1522,Andrea Ranocchia,6,337,0,0.8782170116901398,0,0,2,0,1,0,D S,Inter,0,0.8782170116901398,2.3562569618225098,2.3562569618225098,2021
1539,Diego Perotti,11,254,0,1.5596918929368258,0,0.23298079799860716,10,5,1,0,M S,Salernitana,0,0.7983929011970758,1.6529399203136563,0.7433447949588299,2021
1541,Stefan de Vrij,30,2413,0,2.257809321396053,0,0,21,0,3,0,D S,Inter,0,2.257809321396053,13.359213259071112,13.179013293236494,2021
1542,Stefan Radu,10,553,0,0.05281120166182518,0,0,2,0,2,0,D S,Lazio,0,0.05281120166182518,1.119432583451271,1.100082591176033,2021
1555,Bartlomiej Dragowski,7,556,0,0,0,0,0,0,0,1,GK,Fiorentina,0,0,1.219416406005621,1.219416406005621,2021
1569,Valerio Verre,19,726,0,1.5020008776336908,1,0.7400472164154053,20,13,2,1,M S,"Empoli,Sampdoria",0,1.5020008776336908,5.775079570710659,4.063151307404041,2021
1576,Giorgio Chiellini,21,1345,0,0.8362672217190266,0,0.41007330641150475,4,7,2,0,D S,Juventus,0,0.8362672217190266,3.0758681651204824,2.7377726659178734,2021
1597,Cristian Molinaro,8,549,0,0,1,0.2662232965230942,0,5,0,0,D S,Venezia,0,0,1.0676009953022003,0.895210687071085,2021
1599,Norbert Gyömbér,31,2577,0,0.6787880966439843,0,0.7209518067538738,9,7,9,0,D S,Salernitana,0,0.6787880966439843,2.9463126799091697,2.79034907463938,2021
1601,Riccardo Marchizza,19,1355,0,0.33188899233937263,1,1.6436256654560566,8,12,4,0,D S,Empoli,0,0.33188899233937263,3.6504641138017178,2.9439468318596482,2021
1605,Diego Farias,4,59,0,0.03161169961094856,0,0,1,0,0,0,S,Cagliari,0,0.03161169961094856,0.0680432990193367,0.03643159940838814,2021
1639,Sebastiano Luperto,24,1963,0,0.7671998981386423,2,0.31627029832452536,9,9,6,1,D S,Empoli,0,0.7671998981386423,3.503214285708964,3.3580684773623943,2021
1642,Simone Zaza,10,102,0,1.1122219264507294,0,0,8,0,1,0,S,Torino,0,1.1122219264507294,1.1754547208547592,0.1311269998550415,2021
1748,Lys Mousset,6,156,0,0.07716069743037224,1,0.2179717980325222,2,3,2,0,F M S,Salernitana,0,0.07716069743037224,0.4801206961274147,0.23687969893217087,2021
1750,Ainsley Maitland-Niles,8,500,0,0.2670712936669588,0,0.35093370638787746,3,5,0,0,D M S,Roma,0,0.2670712936669588,2.0108485724776983,1.4937861803919077,2021
1763,Stefano Okaka,2,17,0,0.044648900628089905,1,0.34975799918174744,1,1,1,0,S,Udinese,0,0.044648900628089905,0.42321830429136753,0.028811300173401833,2021
1792,Mário Rui,34,3016,0,1.7086689919233322,6,4.273376990109682,32,41,7,0,D,Napoli,0,1.7086689919233322,14.523830845952034,10.532133573666215,2021
1810,Roberto Soriano,35,2654,0,2.627323974855244,4,4.633131613023579,23,48,5,2,M S,Bologna,0,2.627323974855244,13.154801623895764,8.288509642705321,2021
1830,Ionut Radu,1,90,0,0,0,0,0,0,0,0,GK,Inter,0,0,0.32020100951194763,0.32020100951194763,2021
1886,Giacomo Satalino,1,5,0,0,0,0,0,0,0,0,S,Sassuolo,0,0,0,0,2021
1892,Alex Meret,7,630,0,0,0,0,0,0,0,0,GK,Napoli,0,0,1.0703408867120743,1.0703408867120743,2021
1896,Riccardo Gagliolo,17,1128,0,0.3534891987219453,1,0.46781593654304743,8,2,2,0,D S,Salernitana,0,0.3534891987219453,2.7531115179881454,2.0739719923585653,2021
1898,Stefano Sabelli,7,352,0,0.16777099668979645,0,0.10651499778032303,3,2,3,0,D S,Genoa,0,0.16777099668979645,0.9534814208745956,0.6791955083608627,2021
1908,Vid Belec,23,1932,0,0,0,0,0,0,1,0,GK S,Salernitana,0,0,0.9733434906229377,0.9733434906229377,2021
1926,Boris Radunovic,3,270,0,0,0,0,0,0,0,0,GK,Cagliari,0,0,0.03128119930624962,0.03128119930624962,2021
1989,Francesco Bardi,2,179,0,0,0,0,0,0,0,0,GK,Bologna,0,0,0.0749066025018692,0.0749066025018692,2021
1997,Andrea Favilli,1,33,0,0,0,0,0,0,0,0,S,Genoa,0,0,0,0,2021
1998,Francesco Cassata,1,5,0,0,0,0,0,0,0,0,S,Genoa,0,0,0,0,2021
2005,Jacopo Dezi,1,14,0,0.011213799938559532,0,0.018220199272036552,1,1,0,0,S,Venezia,0,0.011213799938559532,0.029433999210596085,0,2021
2040,Paolo Ghiglione,13,589,0,0.3559934999793768,1,0.9425588175654411,8,7,3,0,D S,Genoa,0,0.3559934999793768,1.7940595354884863,0.5793926082551479,2021
2252,Borja Mayoral,5,89,0,0.14179399609565735,0,0,1,0,0,0,F S,Roma,0,0.14179399609565735,0.16395839676260948,0.022164400666952133,2021
2264,Diego Godín,11,820,0,0.2729056002572179,1,0.1548978015780449,7,2,3,0,D S,Cagliari,0,0.2729056002572179,0.6229694038629532,0.36922599747776985,2021
2303,Samu Castillejo,5,123,0,0.12445150315761566,0,0.1841271072626114,2,2,1,0,M S,AC Milan,0,0.12445150315761566,0.5269022062420845,0.2542951051145792,2021
2371,Cristiano Ronaldo,1,28,0,0.20496900379657745,0,0.03537699952721596,1,1,1,0,S,Juventus,0,0.20496900379657745,0.05131009966135025,0.015933100134134293,2021
2437,Gonzalo Escalante,1,8,0,0,0,0,0,0,0,0,S,Lazio,0,0,0,0,2021
3014,Stefan Strandberg,11,933,0,0.38650590740144253,0,0.4394097104668617,9,2,0,1,D,Salernitana,0,0.38650590740144253,1.6413101945072412,1.2730201873928308,2021
3066,Aleksandr Kokorin,6,40,0,0,0,0,0,0,1,0,S,Fiorentina,0,0,0.06694599986076355,0.06694599986076355,2021
3209,Jean-Daniel Akpa-Akpro,10,310,0,0.22260170057415962,0,0.025791999883949757,3,2,1,0,M S,Lazio,0,0.22260170057415962,0.19914789590984583,0.08696720097213984,2021
3259,Adam Ounas,15,296,0,0.58317069709301,0,0.7548049874603748,13,12,1,0,M S,Napoli,0,0.58317069709301,2.071938708424568,1.1636446984484792,2021
3291,Adrien Rabiot,32,2303,0,1.6153665278106928,2,2.410898270085454,26,21,5,0,M S,Juventus,0,1.6153665278106928,7.945747874677181,5.336479272693396,2021
3301,Salvatore Sirigu,37,3330,0,0,0,0,0,0,0,0,GK,Genoa,0,0,1.9620794896036386,1.9620794896036386,2021
3334,Lassana Coulibaly,31,2355,0,1.0383487017825246,0,0.21805849485099316,22,10,3,0,M S,Salernitana,0,1.0383487017825246,4.34406553208828,3.266938244458288,2021
3356,Adama Soumaoro,28,2261,0,1.4297180324792862,0,0,8,0,6,2,D S,Bologna,0,1.4297180324792862,6.943343936465681,6.54607695247978,2021
3429,Tiemoué Bakayoko,14,482,0,0.49394899792969227,0,0.4099559858441353,4,3,3,0,M S,AC Milan,0,0.49394899792969227,2.4602309186011553,1.9682861976325512,2021
3544,Jeremie Boga,27,1429,0,2.454997547902167,2,2.474126199260354,36,27,0,0,F M S,"Atalanta,Sassuolo",0,2.454997547902167,7.190248288214207,3.2172809094190598,2021
3550,Koffi Djidji,25,1753,0,0.9496477162465453,0,0.06553429923951626,10,3,4,1,D S,Torino,0,0.9496477162465453,4.114658735692501,3.94366554915905,2021
3586,Jean-Pierre Nsamé,11,221,0,0.6355701759457588,1,0.4312663897871971,5,4,0,0,F S,Venezia,0,0.6355701759457588,0.8857215940952301,0.10280720144510269,2021
3632,Kevin Malcuit,8,284,0,0.036075301468372345,1,0.40054991096258163,1,2,3,0,D S,Napoli,0,0.036075301468372345,0.8234610836952925,0.3868351932615042,2021
3674,Abdoulaye Touré,8,448,0,0.12363509181886911,0,0.0774196982383728,4,2,1,0,M S,Genoa,0,0.12363509181886911,0.5355324121192098,0.34445820935070515,2021
3737,Mike Maignan,32,2880,0,0,1,0.23241499811410904,0,2,1,0,GK,AC Milan,0,0,4.1196687035262585,3.887254100292921,2021
3821,Rolando Mandragora,21,1316,0,0.9883431065827608,2,3.088746013119817,23,31,5,1,M S,Torino,0,0.9883431065827608,6.372006334364414,4.3899502996355295,2021
3927,Alessio Cragno,35,3150,0,0,0,0,0,0,3,0,GK,Cagliari,0,0,0.9792421106249094,0.9792421106249094,2021
3951,Kevin Bonifazi,22,1202,0,0.8662743829190731,0,0.8927247822284698,9,4,2,1,D S,Bologna,0,0.8662743829190731,3.330414302647114,3.242019385099411,2021
3985,Sebastian Giovinco,2,34,0,0.06130329892039299,0,0,1,0,0,0,S,Sampdoria,0,0.06130329892039299,0.06130329892039299,0,2021
4536,Nani,10,276,0,0.0812763012945652,1,0.6885989997535944,3,6,1,0,F M S,Venezia,0,0.0812763012945652,0.8816940002143383,0.5243286024779081,2021
4699,Simon Kjaer,11,803,0,0.4025834947824478,0,0.37776198983192444,5,2,2,0,D S,AC Milan,0,0.4025834947824478,1.9413573993369937,1.5635959906503558,2021
4897,Zinho Vanheusden,14,991,0,0.1878612982109189,0,0.1197040006518364,7,1,3,0,D S,Genoa,0,0.1878612982109189,1.3728188341483474,1.3308900743722916,2021
4907,Bartosz Bereszynski,35,2965,0,0.6542012002319098,3,1.851365259848535,6,21,12,0,D M,Sampdoria,0,0.6542012002319098,5.2022155513986945,4.298130807466805,2021
4912,Paolo Faragò,1,15,0,0.4427419900894165,0,0,2,0,0,0,S,Cagliari,0,0.4427419900894165,0.4427419900894165,0,2021
4920,Matteo Gabbia,8,545,0,0.012990100309252739,0,0.05674640089273453,1,1,3,0,D S,AC Milan,0,0.012990100309252739,1.1197961047291756,1.0630500987172127,2021
4940,Francesco Rossi,1,36,0,0,0,0,0,0,0,0,S,Atalanta,0,0,0,0,2021
4941,Hans Hateboer,21,1398,0,1.8160647405311465,0,0.9317462146282196,17,13,1,0,D M S,Atalanta,0,1.8160647405311465,6.6851221807301044,5.302837373688817,2021
4943,Emanuel Vignato,24,556,0,0.2738804966211319,1,1.2379210032522678,5,11,2,0,M S,Bologna,0,0.2738804966211319,2.4479132806882262,1.2102777985855937,2021
4952,Filippo Delli Carri,5,330,0,0.18574079871177673,0,0.06588929891586304,4,1,1,0,D S,Salernitana,0,0.18574079871177673,0.16556695010513067,0.0859794532880187,2021
4970,Luca Pellegrini,18,1122,0,0.19473899621516466,1,1.5964845232665539,6,13,6,0,D M S,Juventus,0,0.19473899621516466,4.225424867123365,3.352605666965246,2021
4984,Wladimiro Falcone,10,851,0,0,0,0,0,0,2,0,GK S,Sampdoria,0,0,0.18242490105330944,0.18242490105330944,2021
5025,Alessandro Buongiorno,23,1174,0,0.4119126945734024,2,0.6689928993582726,6,5,5,0,D S,Torino,0,0.4119126945734024,2.976537872105837,2.3514509461820126,2021
5028,Gianluca Frabotta,2,16,0,0,0,0,0,0,0,0,S,Verona,0,0,0,0,2021
5509,Hernani,18,667,0,0.45492799766361713,0,0.4201340079307556,10,2,0,0,F M S,Genoa,0,0.45492799766361713,0.6017846073955297,0.06447790004312992,2021
5699,Dalbert,28,2117,0,1.2533789714798331,2,1.9178116079419851,10,29,9,0,D F M S,Cagliari,0,1.2533789714798331,4.961004918441176,2.711892871186137,2021
5803,Fode Toure,10,435,0,0.27218160778284073,0,0.159680699929595,2,5,2,0,D S,AC Milan,0,0.27218160778284073,0.8058351892977953,0.6461544930934906,2021
6053,Niki Mäenpää,17,1481,0,0,1,0.2603220045566559,0,1,1,0,GK S,Venezia,0,0,0.8747111912816763,0.6143894027918577,2021
6107,Carlo Pinsoglio,1,41,0,0,0,0,0,0,0,0,S,Juventus,0,0,0,0,2021
6108,Rodrigo Bentancur,19,1164,0,0.49625380616635084,2,0.8821825888007879,8,11,1,0,M S,Juventus,0,0.49625380616635084,6.5250401850789785,5.512392750009894,2021
6132,Marco Silvestri,35,3150,0,0,0,0.04113980010151863,0,2,1,0,GK,Udinese,0,0,1.9815212152898312,1.9403815101832151,2021
6148,Michaël Cuisance,13,948,0,0.6864330172538757,0,1.065630091354251,6,10,2,0,F M,Venezia,0,0.6864330172538757,2.9593493323773146,1.459435110911727,2021
6159,Gianluca Mancini,33,2900,0,3.182947098277509,0,0.5458457041531801,24,7,14,1,D,Roma,0,3.182947098277509,7.001297898590565,6.823169715702534,2021
6161,Nicolas Haas,16,1010,0,0.575326593592763,2,0.9834335073828697,7,13,3,0,M S,Empoli,0,0.575326593592763,3.0378732169047,2.0251610288396478,2021
6167,Vanja Milinkovic-Savic,27,2430,0,0.07930489629507065,0,0,1,0,3,0,GK,Torino,0,0.07930489629507065,4.184856506064534,4.184856506064534,2021
6169,Giovanni Crociata,1,14,0,0.12483599781990051,0,0,1,0,0,0,S,Empoli,0,0.12483599781990051,0.14327700436115265,0.018441399559378624,2021
6177,Luiz Felipe,31,2501,0,0.3730597756803036,0,0.15466260351240635,5,3,9,1,D S,Lazio,0,0.3730597756803036,5.45508424192667,5.300421942025423,2021
6191,Lorenzo Venuti,23,1589,0,0.21361790038645267,0,0.3296801056712866,7,8,4,0,D S,Fiorentina,0,0.21361790038645267,4.044431060552597,3.682244658470154,2021
6196,Nicolas Viola,6,100,0,0.018610600382089615,0,0,1,0,0,0,M S,Bologna,0,0.018610600382089615,0.018610600382089615,0,2021
6203,Eddie Salcedo,12,417,0,1.5511547736823559,0,0.18320880457758904,16,5,1,0,F M S,Spezia,0,1.5511547736823559,2.4536580462008715,1.0881956983357668,2021
6212,Mattia Bani,17,1207,0,0.9018031880259514,0,0.07107080146670341,8,3,1,0,D S,Genoa,0,0.9018031880259514,1.5460465913638473,1.0435093073174357,2021
6213,Pawel Jaroszynski,13,497,0,0.06214570067822933,0,0.5457022916525602,2,6,2,0,D S,Salernitana,0,0.06214570067822933,1.0084436126053333,0.6393336094915867,2021
6262,Jens Stryger Larsen,11,692,0,0.7249360084533691,1,0.8821040447801352,9,10,0,0,D S,Udinese,0,0.7249360084533691,2.0988864144310355,0.6537574175745249,2021
6303,Marvin Zeegelaar,14,631,0,0.16979480348527431,0,0.012276699766516685,3,1,3,0,D S,Udinese,0,0.16979480348527431,2.066951597109437,1.9572131931781769,2021
6312,Rogerio,23,1730,0,0.3894277960062027,1,1.7737911017611623,14,27,5,0,D S,Sassuolo,0,0.3894277960062027,7.108499303460121,6.370468644425273,2021
6316,Panagiotis Retsos,5,44,0,0,0,0.03458140045404434,0,1,0,0,D S,Verona,0,0,0.04466250166296959,0.010081100277602673,2021
6324,Marash Kumbulla,17,1040,0,0.7125899009406567,0,0.0920515968464315,7,3,6,0,D S,Roma,0,0.7125899009406567,1.7081426903605461,1.659832388162613,2021
6362,Rick Karsdorp,36,2901,0,0.039058160968124866,2,4.935753049328923,2,43,7,1,D M S,Roma,0,0.039058160968124866,12.112335225567222,9.895939745008945,2021
6369,Ethan Ampadu,29,2296,0,0.2230439968407154,3,1.4638674054294825,7,15,11,2,D M S,Venezia,0,0.2230439968407154,6.175230481661856,4.751330646686256,2021
6387,Luca Gagliano,2,9,0,0,0,0,0,0,0,0,S,Cagliari,0,0,0,0,2021
6434,Franck Zambo,25,1915,0,1.1511383997276425,2,1.5084892958402634,20,23,5,0,M S,Napoli,0,1.1511383997276425,7.551826101727784,6.094429315067828,2021
6443,Ben Kone,1,83,0,0,0,0.11775100231170654,0,2,0,0,S,Torino,0,0,0.4153270125389099,0.33413198590278625,2021
6464,Adrien Silva,17,1082,0,0.2697491953149438,1,0.32926310505717993,8,8,3,1,M S,Sampdoria,0,0.2697491953149438,5.165899973362684,4.802823064848781,2021
6551,Damir Ceter,1,4,0,0,0,0,0,0,0,0,S,Cagliari,0,0,0,0,2021
6704,Kingsley Michael,2,81,0,0.01072620041668415,0,0,1,0,0,0,M S,Bologna,0,0.01072620041668415,0.1095143985003233,0.0987881999462843,2021
6849,Rui Patrício,38,3420,0,0,0,0,0,0,2,0,GK,Roma,0,0,3.9625793946906924,3.9625793946906924,2021
6902,Toma Basic,29,953,0,1.5776849826797843,2,1.048076719045639,16,6,3,0,M S,Lazio,0,1.5776849826797843,4.117382510565221,2.0730490935966372,2021
6929,Adrian Semper,1,90,0,0,0,0,0,0,0,0,GK,Genoa,0,0,0,0,2021
6941,Davide Marfella,1,1,0,0,0,0,0,0,0,0,S,Napoli,0,0,0,0,2021
6942,Arthur,20,938,0,0.11946699768304825,0,0.4900059914216399,2,6,3,0,M S,Juventus,0,0.11946699768304825,5.789945802651346,5.263425547629595,2021
6971,Mitchell Dijks,16,685,0,0.6686185710132122,1,1.2283749794587493,4,7,2,0,D M S,Bologna,0,0.6686185710132122,3.318991585634649,2.421639535576105,2021
6977,Pietro Terracciano,32,2861,0,0,0,0.037460800260305405,0,1,0,0,GK S,Fiorentina,0,0,6.7265789825469255,6.68911818228662,2021
6982,Ivan Provedel,31,2772,0,0.006714929826557636,0,0,1,0,2,0,GK,Spezia,0,0.006714929826557636,3.684324742294848,3.6776098124682903,2021
6985,Samuel Mráz,2,47,0,0.012762299738824368,0,0,1,0,0,0,S,Spezia,0,0.012762299738824368,0.012762299738824368,0,2021
7002,Giangiacomo Magnani,18,754,0,0.42048410326242447,0,0,5,0,3,1,D S,"Sampdoria,Verona",0,0.42048410326242447,2.018507200293243,2.018507200293243,2021
7014,Arkadiusz Reca,25,1776,0,0.5132035929709673,2,2.299255669116974,8,13,3,0,D S,Spezia,0,0.5132035929709673,5.807302979752421,3.5813954323530197,2021
7092,Koray Günter,30,2422,0,0.23192029912024736,0,0.7994436770677567,6,7,11,0,D S,Verona,0,0.23192029912024736,5.924870283342898,5.7795066917315125,2021
7095,Juan Musso,33,2932,0,0,0,0,0,0,1,1,GK,Atalanta,0,0,2.588194193318486,2.588194193318486,2021
7096,Omar Colley,32,2752,0,1.2040945645421743,0,0,11,0,6,1,D S,Sampdoria,0,1.2040945645421743,4.464564238674939,3.9366877200081944,2021
7097,Ronaldo Vieira,14,472,0,0.0803242027759552,0,0,1,0,3,0,M S,Sampdoria,0,0.0803242027759552,0.9706855928525329,0.8903613900765777,2021
7136,Arnór Sigurdsson,9,160,0,0.10580900311470032,0,0.03492671065032482,1,2,0,0,S,Venezia,0,0.10580900311470032,0.21597480587661266,0.07523954752832651,2021
7324,Luca Gemello,1,90,0,0,0,0,0,0,0,0,GK,Torino,0,0,0,0,2021
7387,Dimitris Nikolaou,36,3240,0,0.1232165964320302,0,0.15045049786567688,3,2,7,0,D,Spezia,0,0.1232165964320302,6.956143254414201,6.864680148661137,2021
7393,Simone Trimboli,5,56,0,0,0,0.4173028990626335,0,2,1,0,S,Sampdoria,0,0,0.5636885026469827,0.14638570044189692,2021
7411,Nicolo Rovella,21,1471,0,0.5444885035976768,3,3.0253406148403883,16,30,5,0,M S,Genoa,0,0.5444885035976768,3.427753939293325,2.231569893658161,2021
7417,Christian Oliva,4,42,0,0,0,0,0,0,0,0,S,Cagliari,0,0,0,0,2021
7507,Gianluca Gaetano,2,17,0,0,0,0,0,0,0,0,S,Napoli,0,0,0,0,2021
7516,Nehuén Pérez,20,1695,0,1.1221680482849479,1,0.6087151952087879,10,6,6,0,D S,Udinese,0,1.1221680482849479,3.073169058188796,2.3409945778548717,2021
7911,Aleksa Terzic,14,237,0,0,1,0.6666677221655846,0,5,1,0,D S,Fiorentina,0,0,0.9477820117026567,0.3875107057392597,2021
7923,Pawel Dawidowicz,17,1186,0,0.5892601013183594,0,0.22367279790341854,6,6,3,0,D S,Verona,0,0.5892601013183594,3.276966944336891,3.2098670713603497,2021
7930,Alessandro Berardi,1,90,0,0,0,0,0,0,0,0,GK,Verona,0,0,0,0,2021
7931,Takehiro Tomiyasu,1,6,0,0,0,0.08209879696369171,0,1,0,0,S,Bologna,0,0,0.08209879696369171,0.08209879696369171,2021
7934,Andreas Skov Olsen,18,732,0,1.289031982421875,2,0.2816924061626196,7,8,0,0,D M S,Bologna,0,1.289031982421875,3.4357371982187033,2.2166203698143363,2021
7937,Julian Chabot,11,477,0,0.04605670087039471,0,0,3,0,5,0,D S,Sampdoria,0,0.04605670087039471,0.28686199709773064,0.28686199709773064,2021
7940,Denis Vavro,1,5,0,0,0,0,0,0,0,0,S,Lazio,0,0,0.03739729896187782,0.03739729896187782,2021
7941,André Anderson,4,56,0,0.1357080042362213,0,0,1,0,1,0,S,Lazio,0,0.1357080042362213,0.1357080042362213,0,2021
7943,Igor Julio,30,2224,0,0.42681919410824776,0,0.7489906940609217,7,6,3,0,D S,Fiorentina,0,0.42681919410824776,6.953881897032261,6.824186898767948,2021
7950,Mert Müldür,31,2049,0,0.5145382955670357,1,0.8852286012843251,9,13,5,0,D M S,Sassuolo,0,0.5145382955670357,9.504096132703125,8.245286758057773,2021
7953,Nahitan Nández,21,1516,0,0.9003147603943944,2,2.53823110088706,20,22,4,0,D F M S,Cagliari,0,0.9003147603943944,5.459222175180912,2.8322286903858185,2021
7993,Ernesto Torregrossa,10,99,0,0,0,0.06963030248880386,0,2,1,0,S,Sampdoria,0,0,0.18593130260705948,0.1362622007727623,2021
7994,Ales Mateju,9,739,0,0.1863000988960266,1,1.2702162377536297,2,7,3,0,D,Venezia,0,0.1863000988960266,2.0452349931001663,1.8719002977013588,2021
8007,Yildirim Mert Cetin,2,42,0,0,0,0,0,0,0,0,S,Verona,0,0,0,0,2021
8030,Sebastian Walukiewicz,7,305,0,0.5875319838523865,0,0.018917100504040718,1,1,1,0,D S,Cagliari,0,0.5875319838523865,0.05663120001554489,0.05663120001554489,2021
8034,Georgios Kyriakopoulos,29,1973,0,1.2535113673657179,5,3.974140614271164,30,36,6,0,D M S,Sassuolo,0,1.2535113673657179,9.310140245594084,6.712688433006406,2021
8035,Samuel Di Carmine,1,31,0,0.018341999500989914,0,0,1,0,1,0,S,Verona,0,0.018341999500989914,0,0,2021
8037,Marley Aké,4,67,0,0,0,0,0,0,1,0,S,Juventus,0,0,0.1191750019788742,0.1191750019788742,2021
8129,Riccardo Calafiori,9,251,0,0.05354849994182587,1,0.6805030107498169,1,1,3,0,D S,"Genoa,Roma",0,0.05354849994182587,1.0381587818264961,0.9846102818846703,2021
8130,Ebrima Darboe,1,65,0,0.0630452036857605,0,0,1,0,0,0,M,Roma,0,0.0630452036857605,0.11433599889278412,0.05129089951515198,2021
8154,Edoardo Vergani,6,84,0,0,0,0,0,0,0,0,M S,Salernitana,0,0,0.23960190266370773,0.23960190266370773,2021
8161,Ebrima Colley,11,388,0,0.7421110942959785,0,1.7311744131147861,12,5,1,0,F M S,Spezia,0,0.7421110942959785,3.4478340707719326,1.0251386146992445,2021
8221,Brian Oddei,2,7,0,0.15015600621700287,0,0,1,0,0,0,S,Sassuolo,0,0.15015600621700287,0.17584260553121567,0.17584260553121567,2021
8232,Andrea Carboni,30,2220,0,0.6184507980942726,0,0.10917810071259737,10,4,6,0,D S,Cagliari,0,0.6184507980942726,3.8889032807201147,3.714585004374385,2021
8238,Filip Benkovic,2,2,0,0.04163850098848343,0,0,1,0,0,0,S,Udinese,0,0.04163850098848343,0,0,2021
8252,Nicolás Domínguez,28,2025,0,0.9261136036366224,3,2.414311516098678,21,27,7,0,M S,Bologna,0,0.9261136036366224,7.825958494096994,5.847233111038804,2021
8309,Kristoffer Askildsen,19,746,0,0.33384430781006813,0,0.127532497048378,8,2,5,0,M S,Sampdoria,0,0.33384430781006813,1.8212938010692596,1.560652006417513,2021
8429,Luka Romero,8,61,0,0.014615300111472607,0,0.061856500804424286,1,1,0,0,S,Lazio,0,0.014615300111472607,0.14053949899971485,0.1259240973740816,2021
8475,Bosko Sutalo,24,891,0,0.09521529823541641,0,0.06910330057144165,4,1,0,0,D M S,Verona,0,0.09521529823541641,2.131026329472661,2.0291904099285603,2021
8487,Martin Palumbo,1,11,0,0,0,0,0,0,0,0,S,Juventus,0,0,0,0,2021
8512,Filippo Terracciano,1,6,0,0,0,0,0,0,0,0,S,Verona,0,0,0,0,2021
8522,Matteo Lovato,22,1543,0,0.3941189041361213,1,0.28107759542763233,7,6,5,0,D S,"Atalanta,Cagliari",0,0.3941189041361213,3.2364262230694294,2.9453389272093773,2021
8584,Raul Moro,11,175,0,0.2032729983329773,1,0.2323821010068059,2,6,0,0,F S,Lazio,0,0.2032729983329773,0.539667702279985,0.32154259644448757,2021
8639,Brandon Soppy,28,741,0,0.420774407684803,0,0.2742531932890415,6,6,4,0,D M S,Udinese,0,0.420774407684803,1.361160491593182,0.8348646881058812,2021
8819,Mergim Vojvoda,29,1987,0,1.1955074965953827,3,2.5762801617383957,18,21,3,0,D S,Torino,0,1.1955074965953827,9.67037783190608,6.21023943182081,2021
8829,Nicolò Casale,36,2606,0,0.5773273911327124,2,1.0186066050082445,10,11,10,0,D S,Verona,0,0.5773273911327124,5.74027282372117,4.7650231420993805,2021
8830,Ivor Pandur,3,270,0,0,0,0,0,0,0,0,GK,Verona,0,0,0.17755090072751045,0.17755090072751045,2021
8856,Razvan Marin,36,2818,0,1.8042722065001726,5,5.883034013211727,41,68,4,1,F M S,Cagliari,0,1.8042722065001726,11.021743698045611,7.452119631692767,2021
8857,Gabriele Zappa,25,1124,0,0.2858276991173625,0,0.6607157168909907,6,7,2,1,D M S,Cagliari,0,0.2858276991173625,2.633573261089623,2.1435143491253257,2021
8858,Guglielmo Vicario,38,3420,0,0,0,0.01197030022740364,0,1,1,0,GK,Empoli,0,0,6.050675278529525,6.038704281672835,2021
8859,Mikkel Damsgaard,11,573,0,0.5251408033072948,0,0.5429018875584006,12,11,1,0,M S,Sampdoria,0,0.5251408033072948,2.403517924249172,1.6756899803876877,2021
8860,Nicola Ravaglia,1,2,0,0,0,0,0,0,0,0,S,Sampdoria,0,0,0,0,2021
8870,Sam Lammers,2,34,0,0,0,0,0,0,0,0,S,Atalanta,0,0,0.058579400181770325,0.058579400181770325,2021
8872,Matteo Ruggeri,14,680,0,0.1295975986868143,0,0.28930510208010674,3,4,1,0,D S,Salernitana,0,0.1295975986868143,1.4435505773872137,1.2521012742072344,2021
8881,Lorenzo Montipò,34,3060,0,0,0,0,0,0,1,0,GK,Verona,0,0,1.6116502797231078,1.6116502797231078,2021
8908,Jeroen Zoet,7,630,0,0,0,0,0,0,0,0,GK,Spezia,0,0,0.12392739672213793,0.12392739672213793,2021
8914,Salvador Ferrer,27,1485,0,0.2125976588577032,2,1.5608881805092096,6,15,3,0,D M S,Spezia,0,0.2125976588577032,5.639910189434886,4.7243458945304155,2021
8915,Luca Vignali,2,87,0,0,0,0,0,0,0,0,D S,Spezia,0,0,0.06694649811834097,0.06694649811834097,2021
9001,Martín Satriano,4,30,0,0,0,0.03613340109586716,0,1,0,0,S,Inter,0,0,0,0,2021
9002,Vedat Muriqi,11,186,0,0.807509783655405,0,0,4,0,1,0,F S,Lazio,0,0.807509783655405,0.8750349255278707,0.06752560008317232,2021
9036,Nicola Zalewski,16,806,0,0.4583437768742442,0,0.5917420908808708,9,10,1,0,D M S,Roma,0,0.4583437768742442,2.3517606146633625,1.7570281140506268,2021
9090,Ardian Ismajli,20,1259,0,0.2098650997504592,0,0.11433819867670536,5,3,7,0,D S,Empoli,0,0.2098650997504592,3.9800751730799675,3.928584661334753,2021
9096,Suf Podgoreanu,5,102,0,0.03538389876484871,1,0.032275401055812836,1,1,0,0,M S,Spezia,0,0.03538389876484871,0.5508767925202847,0.4832174926996231,2021
9105,Radu Dragusin,20,1088,0,0.1282120030373335,0,0.1605165023356676,3,4,2,0,D S,"Salernitana,Sampdoria",0,0.1282120030373335,1.2914952766150236,1.2157789766788483,2021
9226,Mihai Valentin Mihaila,5,67,0,0.03374280035495758,0,0,1,0,0,0,S,Atalanta,0,0.03374280035495758,0.13492019847035408,0.1011773981153965,2021
9329,Riccardo Ciervo,10,213,0,0.0729760006070137,0,0.1595843005925417,3,3,0,0,M S,Sampdoria,0,0.0729760006070137,0.3073363956063986,0.07477630116045475,2021
9410,Ebenezer Annan,1,23,0,0,0,0,0,0,0,0,S,Bologna,0,0,0,0,2021
9419,Bryan Reynolds,1,1,0,0,0,0,0,0,0,0,S,Roma,0,0,0,0,2021
9425,Emil Bohinen,11,701,0,0.12250779755413532,1,0.44018199387937784,4,10,5,0,M S,Salernitana,0,0.12250779755413532,0.7967053968459368,0.5477024987339973,2021
9440,Luca Stanga,1,2,0,0,0,0,0,0,0,0,S,AC Milan,0,0,0,0,2021
9486,Luigi Samele,2,2,0,0,1,0.3299809992313385,0,1,0,0,S,Sassuolo,0,0,0.3586460053920746,0.028665000572800636,2021
9495,Wisdom Amey,1,73,0,0,0,0,0,0,0,0,D,Bologna,0,0,0.039763499051332474,0.039763499051332474,2021
9503,Kacper Urbanski,1,43,0,0,0,0,0,0,0,0,S,Bologna,0,0,0,0,2021
9539,Antonio Raimondo,1,76,0,0.1111299991607666,0,0,2,0,0,0,F,Bologna,0,0.1111299991607666,0.21548500657081604,0.10435499995946884,2021
9550,Yayah Kallon,15,615,0,1.2289267797023058,1,1.1878676237538457,11,11,3,0,F M S,Genoa,0,1.2289267797023058,2.2930717822164297,0.7397116012871265,2021
9561,Nicolò Bertola,2,20,0,0.014251000247895718,0,0,1,0,0,0,S,Spezia,0,0.014251000247895718,0.30353499110788107,0.28928399085998535,2021
9842,Laurens Serpe,1,41,0,0,0,0,0,0,0,0,S,Genoa,0,0,0.16717900335788727,0.16717900335788727,2021
9844,Aleksander Buksa,4,57,0,0,0,0,0,0,0,0,S,Genoa,0,0,0,0,2021
9848,Magnus Warming,4,50,0,0,0,0,0,0,0,0,S,Torino,0,0,0.1377911977469921,0.1377911977469921,2021
9855,Mattia Viti,20,1482,0,0.4776530899107456,0,0.06274492014199495,4,2,1,1,D S,Empoli,0,0.4776530899107456,1.6064391136169434,1.488777369260788,2021
9862,Sydney van Hooijdonk,4,32,0,0,0,0,0,0,0,0,S,Bologna,0,0,0.07931990176439285,0.07931990176439285,2021
9863,Wajdi Kechrida,17,950,0,0.2648331932723522,1,0.5940725039690733,6,13,0,0,D M S,Salernitana,0,0.2648331932723522,1.339312482625246,0.8538906835019588,2021
9864,Luka Bogdan,6,393,0,0.024909299798309803,0,0,2,0,0,0,D S,Salernitana,0,0.024909299798309803,0.06125859823077917,0.06125859823077917,2021
9867,Ramzi Aya,2,137,0,0.019746800884604454,0,0,1,0,1,0,D,Salernitana,0,0.019746800884604454,0.14635300636291504,0.1266070008277893,2021
9868,Julian Kristoffersen,1,5,0,0.034136299043893814,0,0,1,0,0,0,S,Salernitana,0,0.034136299043893814,0.034136299043893814,0.034136299043893814,2021
9872,Kaio Jorge,9,111,0,0.531188003718853,0,0.5476000010967255,5,2,0,0,S,Juventus,0,0.531188003718853,1.01472570002079,0.09522750228643417,2021
9876,Alessandro Zanoli,12,447,0,0,0,0.07193739712238312,0,2,2,0,D S,Napoli,0,0,0.5441959034651518,0.47225830145180225,2021
9877,Tyronne Ebuehi,19,1139,0,0.44080769643187523,0,0.5406170971691608,7,5,1,1,D S,Venezia,0,0.44080769643187523,2.6024926863610744,1.7319371812045574,2021
9879,Daan Heymans,7,250,0,0.054987797513604164,1,0.14478687988594174,3,3,4,0,M S,Venezia,0,0.054987797513604164,0.6882788767106831,0.6206424087285995,2021
9880,Dor Peretz,18,556,0,0.7757031917572021,1,0.1221357025206089,5,4,2,0,M S,Venezia,0,0.7757031917572021,1.0802861861884594,0.9452200848609209,2021
9881,Luca Fiordilino,15,657,0,0.31718861497938633,0,0.2664670208469033,3,7,2,0,M S,Venezia,0,0.31718861497938633,1.637385282665491,1.2224850058555603,2021
9884,Francesco Di Mariano,1,65,0,0,0,0.018081599846482277,0,1,0,0,F,Venezia,0,0,0.04679889976978302,0.028717299923300743,2021
9885,Tanner Tessmann,20,652,0,0.5620827917009592,0,0.2254335042089224,8,5,1,1,M S,Venezia,0,0.5620827917009592,1.0263835098594427,0.5720698572695255,2021
9886,Nicolas Galazzi,1,14,0,0,0,0,0,0,0,0,S,Venezia,0,0,0.018220199272036552,0.018220199272036552,2021
9887,Michael Svoboda,18,1228,0,1.0276450216770172,0,0,7,0,2,1,D S,Venezia,0,1.0276450216770172,3.050303192809224,3.050303192809224,2021
9888,David Schnegg,4,145,0,0,0,0.008537010289728642,0,1,1,0,D S,Venezia,0,0,0.0930459015071392,0.0930459015071392,2021
9889,Bjarki Steinn Bjarkason,1,2,0,0,0,0,0,0,0,0,S,Venezia,0,0,0,0,2021
9892,Matias Viña,26,1568,0,0.706680117174983,1,1.2115511214360595,12,11,2,0,D M S,Roma,0,0.706680117174983,5.32582931406796,3.620474682189524,2021
9896,Petar Zovko,1,18,0,0,0,0,0,0,0,0,S,Spezia,0,0,0.3320940136909485,0.3320940136909485,2021
9902,Pasquale Mazzocchi,33,2534,0,0.39282539300620556,2,2.8321463838219643,11,24,5,0,D S,"Salernitana,Venezia",0,0.39282539300620556,5.06040255073458,2.6046312181279063,2021
9906,Antonio Vacca,21,1077,0,0.01391180045902729,1,0.42111510038375854,1,5,5,0,M S,Venezia,0,0.01391180045902729,3.7194354701787233,3.645137684419751,2021
9907,Marco Modolo,6,388,0,0.04027450084686279,0,0,1,0,2,0,D S,Venezia,0,0.04027450084686279,0.5930823888629675,0.5930823888629675,2021
9921,Luis Binks,15,641,0,0.06580810062587261,0,0.012972899712622166,2,1,3,0,D S,Bologna,0,0.06580810062587261,0.9175411984324455,0.8995161987841129,2021
9924,Fabiano Parisi,25,1467,0,0.9512948878109455,1,0.35899459663778543,16,9,5,0,D S,Empoli,0,0.9512948878109455,4.2646248219534755,3.264774678274989,2021
9936,Matheus Henrique,25,1051,0,0.27652920223772526,1,1.041296012699604,8,14,3,0,M S,Sassuolo,0,0.27652920223772526,5.177204950712621,4.096510992385447,2021
9939,Francesco Di Tacchio,18,1262,0,0.42596896179020405,0,0.15535519644618034,14,4,3,0,M S,Salernitana,0,0.42596896179020405,1.148084007203579,0.7957506999373436,2021
9951,Tommaso Baldanzi,1,15,0,0,0,0.016216399148106575,0,1,0,0,S,Empoli,0,0,0.042295198887586594,0.02607879973948002,2021
9965,Matìas Soulè Malvano,2,2,0,0.07796599715948105,0,0,2,0,0,0,S,Juventus,0,0.07796599715948105,0.013689300045371056,0,2021
9966,Fabio Miretti,6,327,0,0.15658900141716003,0,0.33570239692926407,2,5,0,0,M S,Juventus,0,0.15658900141716003,0.8382008224725723,0.602271780371666,2021
9982,David Zima,20,1294,0,0.5990720018744469,1,0.8710350096225739,5,5,3,0,D S,Torino,0,0.5990720018744469,4.004388849250972,2.805021744221449,2021
9996,Abdou Harroui,22,408,0,0.5821896074339747,0,0.210375658236444,13,5,2,0,M S,Sassuolo,0,0.5821896074339747,2.0183600801974535,1.3915284825488925,2021
10012,Jakub Kiwior,22,1964,0,0.3575120931491256,0,0.817838491871953,8,8,6,0,D M S,Spezia,0,0.3575120931491256,2.9284051465801895,2.7561081992462277,2021
10034,Pablo Galdames,19,1034,0,0.39099879655987024,0,1.230580497533083,12,13,2,0,M S,Genoa,0,0.39099879655987024,2.0053182700648904,1.242883026599884,2021
10039,Nicola Bagnolini,1,1,0,0,0,0,0,0,0,0,S,Bologna,0,0,0,0,2021
10042,Aimar Sher,1,41,0,0,0,0,0,0,0,0,S,Spezia,0,0,0.0476468987762928,0.0476468987762928,2021
10059,Gerard Yepes,4,17,0,0,0,0,0,0,0,0,S,Sampdoria,0,0,0.06725019961595535,0.06725019961595535,2021
10073,Adam Obert,6,277,0,0,0,0,0,0,0,0,D S,Cagliari,0,0,0.052995698526501656,0.052995698526501656,2021
10088,Niklas Pyyhtia,1,17,0,0,0,0,0,0,0,0,S,Bologna,0,0,0,0,2021
10110,Aurélien Nguiamba,3,32,0,0,0,0,0,0,1,0,S,Spezia,0,0,0.08938410133123398,0.08938410133123398,2021
10123,Filippo Distefano,1,1,0,0,0,0,0,0,0,0,S,Fiorentina,0,0,0,0,2021
10139,Mattia Zanotti,1,7,0,0,0,0.12359199672937393,0,1,0,0,S,Inter,0,0,0.12359199672937393,0.12359199672937393,2021
10169,Diego Coppola,4,247,0,0.11560499668121338,0,0,1,0,0,0,D S,Verona,0,0.11560499668121338,0.7128623891621828,0.7128623891621828,2021
10232,Ruan,10,194,0,0,0,0.10077819786965847,0,2,1,0,S,Sassuolo,0,0,0.5578839033842087,0.47205420583486557,2021
10236,Silvan Hefti,16,1293,0,0.19862330332398415,0,0.6189385950565338,5,10,1,0,D S,Genoa,0,0.19862330332398415,4.908678361214697,4.265501462854445,2021
10237,Leo Østigard,15,1170,0,0.2581785963848233,0,0.15319959819316864,7,2,2,2,D S,Genoa,0,0.2581785963848233,2.0285778963007033,1.879304498899728,2021
10268,Giorgio Cittadini,2,2,0,0,0,0,0,0,0,0,S,Atalanta,0,0,0,0,2021
10278,Alessandro Russo,1,25,0,0,0,0,0,0,0,0,S,Salernitana,0,0,0,0,2021
10279,Andrei Motoc,1,90,0,0.018939800560474396,0,0,1,0,0,0,D,Salernitana,0,0.018939800560474396,0,0,2021
10281,Mario Perrone,1,12,0,0,0,0,0,0,0,0,S,Salernitana,0,0,0.05107849836349487,0.05107849836349487,2021
10283,Riccardo Stivanello,1,43,0,0,0,0,0,0,0,0,S,Bologna,0,0,0,0,2021
10297,Riccardo Pinzi,1,1,0,0,0,0,0,0,0,0,S,Udinese,0,0,0,0,2021
10313,Dimitrios Keramitsis,1,1,0,0,0,0,0,0,0,0,S,Roma,0,0,0,0,2021
10318,Kelvin Yeboah,17,844,0,1.880277900956571,1,1.3397816708311439,16,13,2,0,F M S,Genoa,0,1.880277900956571,4.522822818718851,2.1026789071038365,2021
10329,Maximilian Ullmann,5,236,0,0,0,0,0,0,0,0,D S,Venezia,0,0,0.19255979731678963,0.19255979731678963,2021
10331,Issa Bah,1,7,0,0,0,0,0,0,0,0,S,Venezia,0,0,0,0,2021
10335,Alasanne Sidibe,1,5,0,0,0,0,0,0,0,0,S,Atalanta,0,0,0,0,2021
10336,Tommaso De Nipoti,1,5,0,0,0,0,0,0,0,0,S,Atalanta,0,0,0,0,2021
10339,Christos Kourfalidis,2,16,0,0.34181898832321167,0,0,1,0,0,0,S,Cagliari,0,0.34181898832321167,0.4038369953632355,0.062017299234867096,2021
10365,Morten Frendrup,10,694,0,0.43772929534316063,0,0.5373643040657043,4,4,1,0,D M S,Genoa,0,0.43772929534316063,1.684065017849207,0.708971306681633,2021
10383,Michel Aebischer,12,429,0,0.10350599884986877,0,0.3480665981769562,2,6,1,0,M S,Bologna,0,0.10350599884986877,0.7290716040879488,0.4747462049126625,2021
10384,Denso Kasius,7,171,0,0.10086999833583832,0,0.7928976193070412,2,5,0,0,M S,Bologna,0,0.10086999833583832,1.4654040187597275,0.6938290037214756,2021
10385,Liberato Cacace,10,469,0,0.06517809629440308,0,0.016651900485157967,1,1,1,0,D S,Empoli,0,0.06517809629440308,0.7815602943301201,0.716382198035717,2021
10392,Vladyslav Supryaha,1,28,0,0,0,0,0,0,0,0,S,Sampdoria,0,0,0,0,2021
10393,Emil Ceïde,6,36,0,0,0,0,0,0,0,0,S,Sassuolo,0,0,0.23416030406951904,0.23416030406951904,2021
10396,Demba Seck,6,135,0,0.5434693889692426,0,0,4,0,0,0,M S,Torino,0,0.5434693889692426,0.6952237142249942,0.15175429545342922,2021
10398,Mateusz Praszelik,2,22,0,0.014816200360655785,0,0,1,0,0,0,S,Verona,0,0.014816200360655785,0.014816200360655785,0,2021
10403,Mikael,7,60,0,0.17579110339283943,0,0,3,0,0,0,S,Salernitana,0,0.17579110339283943,0.20224500261247158,0.02645389921963215,2021
10409,Dimitrije Kamenovic,1,40,0,0.6101920008659363,0,0,1,0,0,0,S,Lazio,0,0.6101920008659363,0,0,2021
10596,Simone Pafundi,1,17,0,0.06384210288524628,0,0,1,0,0,0,S,Udinese,0,0.06384210288524628,0.2604750096797943,0.1966329962015152,2021
10622,Patrick Leal,1,1,0,0,0,0,0,0,0,0,S,Venezia,0,0,0,0,2021
10623,Hilmir Rafn Mikaelsson,1,14,0,0,0,0,0,0,0,0,S,Venezia,0,0,0,0,2021
5322,Victor Osimhen,32,2609,26,26.626029931008816,4,2.6485694460570812,134,33,4,0,F S,Napoli,24,24.34213351458311,23.06260520219803,2.083378940820694,2022
7006,Lautaro Martínez,38,2566,21,19.81596491392702,6,6.042775368317962,126,46,4,0,F S,Inter,20,18.293364918790758,25.248869486153126,5.3684976901859045,2022
7224,Boulaye Dia,33,2532,16,9.1223160084337,6,2.565659542568028,48,35,3,0,F M S,Salernitana,15,8.361017173156142,12.285983518697321,2.865780700929463,2022
7193,Rafael Leão,35,2453,15,12.850501528009772,8,8.666536897420883,92,49,5,1,M S,AC Milan,15,12.850501528009772,25.837798319756985,7.709507210180163,2022
502,Olivier Giroud,33,2166,13,15.180027283728123,5,5.839565250091255,81,24,6,1,F S,AC Milan,10,12.896135553717613,18.150510312989354,5.017484482377768,2022
5556,Ademola Lookman,31,1745,13,10.577641425654292,6,5.73071956448257,52,40,3,0,F M S,Atalanta,10,8.293747257441282,16.509120712056756,3.689325923100114,2022
9018,M&#039;Bala Nzola,31,2659,13,12.467133812606335,2,2.651182981207967,63,28,8,0,F S,Spezia,10,10.183236673474312,13.539749652147293,2.6491533778607845,2022
1209,Ciro Immobile,31,2239,12,14.894521465525031,5,2.36814247071743,77,26,2,0,F S,Lazio,8,11.08803047798574,17.061955170705914,4.235991571098566,2022
1294,Paulo Dybala,25,1763,12,9.707531973719597,6,7.352878376841545,65,53,4,0,F M S,Roma,7,5.901039339601994,11.511710653081536,3.6964484434574842,2022
1612,Domenico Berardi,26,1894,12,11.07066909968853,7,6.496799468994141,83,45,8,0,F M S,Sassuolo,5,4.980279427021742,15.024806343019009,6.569302596151829,2022
2217,Antonio Sanabria,33,2457,12,11.509437082335353,4,3.662014912813902,69,24,4,0,F S,Torino,11,10.748136101290584,17.375103471800685,5.374319806694984,2022
7453,Khvicha Kvaratskhelia,34,2575,12,8.062930300831795,10,8.784897561185062,85,54,1,0,F M S,Napoli,10,6.5403321124613285,20.764383366331458,8.34783404506743,2022
6160,Riccardo Orsolini,32,2121,11,10.20327328890562,4,3.219342499040067,92,44,6,2,F M S,Bologna,8,7.91937767714262,11.650514734908938,3.26077987998724,2022
594,Romelu Lukaku,25,1675,10,9.806708738207817,6,4.254219243302941,51,32,1,0,F S,Inter,8,8.284114763140678,15.382605358958244,4.906544785946608,2022
865,Marko Arnautovic,21,1556,10,8.071489023044705,0,2.5909547666087747,31,22,5,0,F S,Bologna,7,5.787593238987029,10.896913611330092,3.1932739103212953,2022
1958,Mattia Zaccagni,35,2812,10,8.35121201723814,6,5.7771584670990705,57,36,9,0,F M S,Lazio,9,7.589912839233875,19.419666165485978,7.7913031075149775,2022
7084,Dusan Vlahovic,27,1947,10,10.7628720626235,2,3.777619262225926,68,21,1,0,F S,Juventus,8,8.478968940675259,10.126459673047066,2.499461960978806,2022
9969,Teun Koopmeiners,33,2860,10,8.450882591307163,4,6.544764361344278,59,57,7,0,M S,Atalanta,8,5.405682601034641,14.013550275936723,6.516538642346859,2022
9983,Beto,33,2131,10,10.855348506942391,1,2.8929035430774093,61,23,2,0,F S,Udinese,9,10.0940504912287,13.431891795247793,1.8604375552386045,2022
1208,Felipe Anderson,38,2986,9,6.816264293156564,2,4.966810274869204,41,47,3,0,F M S,Lazio,9,6.816264293156564,19.7677051872015,9.3158711604774,2022
1253,Edin Dzeko,33,1707,9,10.615746980533004,3,3.140127930790186,74,23,2,0,F S,Inter,9,10.615746980533004,14.459573529660702,2.8057876229286194,2022
1543,Sergej Milinkovic-Savic,36,3044,9,7.642115520313382,8,7.669951910153031,64,42,10,0,M S,Lazio,9,7.642115520313382,18.009869592264295,9.168152891099453,2022
11055,Rasmus Højlund,32,1846,9,10.287494648247957,2,1.9006175007671118,54,24,1,0,F S,Atalanta,9,10.287494648247957,13.84284788928926,2.6389122121036053,2022
702,Tammy Abraham,38,2199,8,12.646193861961365,3,4.972163491882384,61,33,2,0,F S,Roma,8,12.646193861961365,14.22906332835555,1.6856992188841105,2022
1868,Daniel Ciofani,32,1030,8,6.3114085383713245,0,0.6939694732427597,32,10,1,0,F S,Cremonese,5,3.26621325686574,3.270833982154727,0.8133191857486963,2022
3291,Adrien Rabiot,32,2756,8,7.234948273748159,4,2.161040493287146,48,31,9,0,M S,Juventus,8,7.234948273748159,10.3733021132648,6.57682091742754,2022
7944,Gabriel Strefezza,35,2490,8,6.200784156098962,4,4.351724906824529,69,49,5,0,F M S,Lecce,6,3.9168875012546778,10.515463771298528,3.9286852329969406,2022
10377,Arthur Cabral,28,1415,8,7.451762327924371,1,0.6834547482430935,54,14,4,0,F S,Fiorentina,6,5.929164515808225,7.932477874681354,2.603195808827877,2022
1252,Stephan El Shaarawy,29,1509,7,5.4267995450645685,2,1.4734784085303545,42,28,3,0,D F M S,Roma,7,5.4267995450645685,10.21113669872284,5.769225145690143,2022
1383,Manolo Gabbiadini,35,2374,7,6.77249563112855,2,4.582458201795816,72,27,6,0,F M S,Sampdoria,7,6.77249563112855,11.017689177766442,2.68714477494359,2022
1517,Antonio Candreva,35,2767,7,3.934708485379815,4,4.215999730862677,46,58,1,1,D F M S,Salernitana,7,3.934708485379815,10.367786642163992,5.832567253150046,2022
1583,Arkadiusz Milik,27,1592,7,7.238381337374449,1,2.1515015535987914,43,17,1,1,F S,Juventus,7,6.477082502096891,7.983711875975132,2.689224686473608,2022
4981,Davide Frattesi,36,2930,7,7.4161416962742805,0,1.8945508040487766,64,29,4,0,M S,Sassuolo,7,7.4161416962742805,12.5463175624609,4.618593320250511,2022
6697,Armand Lauriente,28,2222,7,4.168140156194568,6,5.566640891134739,56,61,8,1,F M S,Sassuolo,6,3.4068411719053984,11.235810805112123,4.972771760076284,2022
9905,David Okereke,33,2277,7,5.145014280453324,0,1.0039336625486612,61,21,4,0,F M S,Cremonese,6,4.3837156649678946,7.210744492709637,2.4906121771782637,2022
11039,Lewis Ferguson,32,2340,7,4.275031054392457,0,0.8662050403654575,43,17,4,0,F M S,Bologna,7,4.275031054392457,7.4421565849334,4.644125227816403,2022
1219,Luis Alberto,35,2446,6,4.823557456955314,7,6.157469410449266,47,66,4,0,M S,Lazio,5,3.3009556103497744,16.062379522249103,10.72712817043066,2022
1304,Moise Kean,28,974,6,7.225995548069477,0,1.26984928175807,38,8,5,1,F S,Juventus,6,7.225995548069477,8.10914070904255,0.7151638697832823,2022
1409,Nicolò Barella,35,2643,6,2.842068800702691,6,4.794698579236865,33,56,6,0,M S,Inter,6,2.842068800702691,19.134255908429623,13.142524007707834,2022
5329,Stefan Posch,30,2556,6,3.613351857289672,2,1.8442015927284956,27,23,6,0,D,Bologna,6,3.613351857289672,7.942548343911767,5.251040143892169,2022
6228,Luka Jovic,31,1526,6,8.5522336717695,3,1.9561818754300475,57,23,3,0,F S,Fiorentina,6,7.790934542194009,7.8561458038166165,1.1509785745292902,2022
6421,Brahim Diaz,33,1999,6,7.092134211212397,7,6.145714866928756,35,41,3,0,M S,AC Milan,6,7.092134211212397,20.576036393642426,8.90387449413538,2022
6980,Francesco Caputo,36,2847,6,10.01583743840456,4,3.3661519289016724,61,28,1,0,F M S,"Empoli,Sampdoria",4,8.49323957413435,10.890727439895272,3.452291378751397,2022
7074,Nicolás González,24,1338,6,7.058677390217781,1,1.6205474324524403,60,20,3,0,F M S,Fiorentina,4,5.536081410944462,9.070842418819666,3.8874121829867363,2022
7576,Nicolò Cambiaghi,28,1268,6,3.473333427682519,1,0.925581406801939,35,14,3,1,F M S,Empoli,6,3.473333427682519,7.218042183667421,3.2655900018289685,2022
7912,Eljif Elmas,36,1595,6,3.9718787744641304,3,2.542299951892346,33,27,5,0,F M S,Napoli,5,3.210579790174961,9.261734258383512,4.413638584315777,2022
10891,Carlos Augusto,35,3094,6,4.301485530100763,5,3.992013055831194,42,25,4,0,D M,Monza,6,4.301485530100763,15.283206144347787,10.429481476545334,2022
10894,Patrick Ciurria,36,2765,6,4.573930906131864,6,5.45413625985384,50,36,4,0,D M S,Monza,6,4.573930906131864,15.049956364557147,9.158613251522183,2022
10905,Assan Ceesay,34,1824,6,5.534616737626493,0,0.7234046012163162,43,8,2,0,F S,Lecce,5,4.773317902348936,6.192364240065217,1.1731435935944319,2022
10937,Cyriel Dessers,26,1598,6,6.505328755825758,2,2.111249329522252,50,23,3,0,F S,Cremonese,6,5.744029771536589,7.769972678273916,1.177916144952178,2022
1121,Giacomo Bonaventura,30,1915,5,4.329681234434247,1,3.3441189378499985,49,34,4,0,M S,Fiorentina,5,4.329681234434247,8.122741304337978,3.1415931154042482,2022
1134,Mario Pasalic,32,1811,5,5.7575409188866615,2,2.1342951357364655,32,16,3,0,F M S,Atalanta,5,5.7575409188866615,10.421540008857846,4.981488577090204,2022
1170,Gianluca Caprari,37,2513,5,4.922926725819707,2,2.0288445204496384,51,30,7,0,F M S,Monza,4,4.161626698449254,14.902799094095826,9.932715085335076,2022
1445,Simone Verdi,24,1094,5,2.7258943542838097,0,2.139064395800233,30,20,3,0,F M S,Verona,4,1.9645955339074135,3.984639930538833,1.2706529526039958,2022
1723,Roberto Pereyra,34,2869,5,5.2156464494764805,7,5.528812682256103,42,48,6,0,D F M S,Udinese,5,4.454347640275955,16.398319467902184,9.139579737558961,2022
4895,Andrea Pinamonti,32,2191,5,6.853078670799732,0,1.8465160559862852,67,17,3,1,F S,Sassuolo,4,6.09177964925766,10.495561668649316,3.510547287762165,2022
6276,Nikola Vlasic,34,2740,5,5.871993156149983,6,4.171200027689338,53,63,1,0,F M S,Torino,5,5.871993156149983,15.104950850829482,7.149665737524629,2022
7013,Matteo Pessina,35,2958,5,4.65973300114274,3,2.254064967855811,28,22,6,0,F M S,Monza,2,2.3758363742381334,13.934903036803007,10.935007290914655,2022
8341,Lazar Samardzic,37,1847,5,2.082535940222442,4,3.911521703004837,50,49,1,0,M S,Udinese,5,2.082535940222442,8.17041178792715,6.202445788308978,2022
8478,Lorenzo Colombo,33,1521,5,6.120212663896382,2,2.099439567886293,45,17,4,0,F S,Lecce,4,4.597614844329655,8.333452368155122,2.4184894198551774,2022
8838,Junior Messias,25,1534,5,2.508316047489643,2,1.262839213013649,32,14,3,0,D M S,AC Milan,5,2.508316047489643,7.202105224132538,4.201584496535361,2022
10878,Sandi Lovric,37,2375,5,3.895120724104345,6,3.1141071068122983,71,46,4,0,M S,Udinese,5,3.895120724104345,9.186829634010792,4.413520187139511,2022
10895,Dany Mota,29,1933,5,6.046952214092016,1,1.8663542829453945,29,27,2,0,F M S,Monza,5,6.046952214092016,10.082033520564437,2.9128061961382627,2022
687,Pedro,36,1880,4,3.0722561981528997,3,2.825445529073477,42,23,1,0,F S,Lazio,4,3.0722561981528997,8.645088771358132,4.437204111367464,2022
1102,Giovanni Simeone,25,361,4,1.888841100037098,1,1.2880924381315708,14,5,1,0,F S,Napoli,4,1.888841100037098,3.638606633991003,0.8214001283049583,2022
1106,Darko Lazovic,30,2284,4,4.059942938387394,5,7.554521513171494,43,45,0,0,D M S,Verona,4,4.059942938387394,10.59328169748187,2.088784934952855,2022
1178,Davide Zappacosta,21,1485,4,1.1971252392977476,2,1.7962093967944384,25,15,4,0,D M S,Atalanta,4,1.1971252392977476,7.259060664102435,5.382886305451393,2022
1313,Riccardo Saponara,29,1199,4,3.788430626504123,3,3.0325667643919587,37,20,4,0,F M S,Fiorentina,4,3.788430626504123,9.441763827577233,3.961196823976934,2022
1324,Federico Dimarco,33,2117,4,3.5055956137366593,3,7.459965920075774,48,60,0,0,D S,Inter,4,3.5055956137366593,14.572408670559525,7.553523785434663,2022
1471,Lorenzo Pellegrini,32,2574,4,8.053180754184723,5,7.2595742754638195,65,70,5,0,F M S,Roma,2,5.769288748502731,14.073090083897114,7.648170256987214,2022
1493,Andrea Petagna,31,1669,4,5.077138273976743,5,3.9212328121066093,36,29,2,0,F S,Monza,3,4.3158392598852515,9.593134500086308,2.257819278165698,2022
1826,Nicola Sansone,18,719,4,3.45839299634099,2,1.0477161314338446,22,8,2,0,F M S,Bologna,4,3.45839299634099,4.445462932810187,0.8368712309747934,2022
2547,Theo Hernández,32,2781,4,4.210004132241011,3,2.9274483611807227,52,37,7,0,D,AC Milan,3,3.448705457150936,13.797861007973552,9.388505255803466,2022
2711,Aleksey Miranchuk,29,2122,4,2.4004165213555098,5,3.6098214853554964,40,42,0,0,F M S,Torino,4,2.4004165213555098,10.164356952533126,6.428497981280088,2022
3553,Ángel Di María,26,1375,4,2.9102833797223866,4,5.504749771207571,38,41,1,1,F M S,Juventus,3,2.148984365630895,6.952870347071439,3.997522162273526,2022
5661,Jonathan Ikone,33,2013,4,5.154328202828765,4,4.882002828642726,51,29,4,0,F M S,Fiorentina,4,5.154328202828765,12.84212164580822,4.613184731453657,2022
5700,Yann Karamoh,21,697,4,3.4552986482158303,0,0.8007040470838547,21,10,2,0,M S,Torino,4,3.4552986482158303,4.442580696195364,2.0093821389600635,2022
6718,Andrea Colpani,27,920,4,2.059443517588079,1,2.3543422631919384,24,17,1,0,M S,Monza,4,2.059443517588079,4.2922855615615845,2.150717295706272,2022
6960,Bremer,30,2649,4,5.598378501832485,1,1.9023838061839342,32,9,6,0,D,Juventus,4,5.598378501832485,4.92352030146867,4.237124695442617,2022
7090,Krzysztof Piatek,33,2155,4,7.470751442015171,5,2.11982680298388,58,22,5,0,F S,Salernitana,3,6.709452472627163,10.982484368607402,3.1498346216976643,2022
7091,Christian Kouamé,28,1882,4,5.886039672419429,4,3.905181766487658,41,39,5,0,F M S,Fiorentina,4,5.886039672419429,11.305318854749203,3.7474167672917247,2022
7648,Tonny Vilhena,33,2300,4,2.3256809203885496,1,1.8035403965041041,31,19,5,0,D M S,Salernitana,4,2.3256809203885496,6.9135199170559645,3.9586191112175584,2022
9936,Matheus Henrique,30,1958,4,3.8044561445713043,1,1.5404881350696087,25,27,4,0,M S,Sassuolo,4,3.8044561445713043,8.338156580924988,3.2832372095435858,2022
9951,Tommaso Baldanzi,26,1809,4,2.289933668449521,0,1.853117823600769,33,23,2,0,M S,Empoli,4,2.289933668449521,4.875221950933337,1.906174630858004,2022
3,Luca Caldirola,31,2376,3,1.3623706893995404,0,0.642099117860198,10,5,6,0,D S,Monza,3,1.3623706893995404,6.609772840514779,5.94411027058959,2022
64,Filip Kostic,37,2618,3,2.674445512704551,8,7.505734614096582,37,66,3,0,D F M S,Juventus,3,2.674445512704551,12.439018220640719,3.293163353577256,2022
189,Hakan Calhanoglu,33,2390,3,2.911560695618391,6,4.5331272557377815,56,70,3,0,M S,Inter,2,2.150262078270316,13.082031950354576,10.034150578081608,2022
317,Henrikh Mkhitaryan,31,2003,3,2.8225445495918393,2,2.4785092379897833,35,19,4,0,M S,Inter,3,2.8225445495918393,14.569757852703333,10.76952838152647,2022
628,Chris Smalling,32,2812,3,2.247501654550433,1,0.57327432744205,17,7,7,0,D S,Roma,3,2.247501654550433,7.683304813690484,7.316817824728787,2022
1229,Luis Muriel,29,1047,3,2.59260356426239,3,3.9207702483981848,34,36,0,2,F M S,Atalanta,2,1.8313045650720596,7.61418541893363,3.157275542616844,2022
1233,Filip Djuricic,32,2212,3,2.4797603050246835,0,1.680413001216948,26,33,9,0,M S,Sampdoria,3,2.4797603050246835,7.397339068353176,3.782193936407566,2022
1386,Piotr Zielinski,37,2324,3,2.871987667866051,8,8.54276185669005,53,83,3,0,M S,Napoli,3,2.871987667866051,15.071963913738728,10.260666150599718,2022
1465,Stefano Sensi,28,1644,3,1.1833414314314723,1,1.9892846830189228,18,24,8,0,M S,Monza,3,1.1833414314314723,8.968694441020489,7.108810056000948,2022
1473,Matteo Politano,27,1168,3,4.119986202567816,3,4.3015157375484705,33,34,1,0,F M S,Napoli,1,1.8360893912613392,8.443118538707495,3.883892772719264,2022
1511,Marcelo Brozovic,28,1771,3,2.0772709641605616,5,2.104796350002289,25,23,9,0,M S,Inter,3,2.0772709641605616,12.804172411561012,10.28125450387597,2022
1710,Marten de Roon,35,2972,3,1.2715321807190776,1,1.869557256810367,19,20,7,0,D M S,Atalanta,3,1.2715321807190776,13.787289805710316,11.084044065326452,2022
1809,Joaquín Correa,26,947,3,3.674687035381794,1,1.396730151027441,22,14,1,0,F S,Inter,3,3.674687035381794,7.067165929824114,2.922502463683486,2022
1852,Ante Rebic,23,950,3,3.349504828453064,2,2.2224357798695564,27,13,4,0,F M S,AC Milan,3,3.349504828453064,6.193686028942466,1.037875447422266,2022
2044,Daniele Verde,25,998,3,2.6684047318995,0,1.2946078954264522,32,18,1,0,F M S,Spezia,2,1.9071059115231037,4.133883338421583,1.9374918900430202,2022
2244,Danilo,37,3174,3,2.4913169471547008,3,2.8802092587575316,32,19,5,0,D S,Juventus,3,2.4913169471547008,10.750188367441297,9.792166873812675,2022
3334,Lassana Coulibaly,35,2922,3,1.100285050459206,3,1.870213680434972,17,20,12,0,M S,Salernitana,3,1.100285050459206,7.79218075890094,5.591252405196428,2022
6155,Robin Gosens,32,1158,3,2.4085089517757297,0,2.2555409371852875,26,16,2,0,D M S,Inter,3,2.4085089517757297,8.326732456684113,4.6852144710719585,2022
6434,Franck Zambo,36,3077,3,4.412529512308538,5,2.4473402444273233,50,32,3,0,M,Napoli,3,4.412529512308538,17.83548359386623,14.038029104471207,2022
6512,Musa Barrow,32,2003,3,2.8277981989085674,8,4.834678950719535,66,43,3,0,F M S,Bologna,3,2.8277981989085674,8.612221229821444,3.147979063913226,2022
6558,Frank Tsadjout,20,1060,3,2.0377023220062256,1,0.3423418952152133,26,10,1,0,F M S,Cremonese,3,2.0377023220062256,2.509815964847803,0.6242934679612517,2022
6807,Jaka Bijol,32,2732,3,2.505442278459668,2,1.848342938348651,20,10,9,0,D,Udinese,3,2.505442278459668,5.394275683909655,4.509136389940977,2022
6884,Remi Oudin,31,1296,3,1.7650826815515757,0,1.5305240098387003,38,30,3,0,F M S,Lecce,3,1.7650826815515757,3.74467608705163,2.0155476918444037,2022
6978,Giovanni Di Lorenzo,37,3257,3,2.6962118204683065,4,5.269235385581851,30,46,2,0,D S,Napoli,3,2.6962118204683065,16.064462546259165,12.648516599088907,2022
7379,Nicolo Fagioli,26,1523,3,1.8505884343758225,3,0.9258906226605177,13,15,3,0,M S,Juventus,3,1.8505884343758225,4.298062361776829,1.9208921734243631,2022
7413,Ibañez,33,2800,3,4.266787363216281,0,0.7104894034564495,29,6,9,1,D S,Roma,3,4.266787363216281,7.562260813079774,6.8809112729504704,2022
7999,Hirving Lozano,32,1619,3,5.589612953364849,3,3.4673529155552387,42,30,3,0,F M S,Napoli,2,4.828313939273357,10.249174367636442,2.7791140656918287,2022
8252,Nicolás Domínguez,31,2317,3,2.1117189154028893,2,3.4680905528366566,42,36,10,0,F M S,Bologna,3,2.1117189154028893,10.857748687267303,6.553773415274918,2022
8831,Iyenoma Destiny Udogie,33,2726,3,3.5052479449659586,4,3.221463406458497,27,34,5,0,D S,Udinese,3,3.5052479449659586,14.62338532321155,9.417170340195298,2022
9233,Joakim Maehle,34,2228,3,3.037317520007491,3,2.7065567234531045,26,37,5,1,D M S,Atalanta,3,3.037317520007491,12.563739145174623,8.522735869511962,2022
10902,Federico Baschirotto,37,3330,3,2.203796305693686,0,0.46259677689522505,21,8,6,0,D,Lecce,3,2.203796305693686,2.1448944099247456,1.9154890906065702,2022
11306,Cyril Ngonge,14,761,3,1.9918924188241363,1,0.461322370916605,27,11,2,0,F M S,Verona,3,1.9918924188241363,2.9980382174253464,1.3163010571151972,2022
484,Divock Origi,27,981,2,3.5613942109048367,1,1.0239905305206776,29,11,1,0,F M S,AC Milan,2,3.5613942109048367,4.875426270999014,0.5985912540927529,2022
591,Gerard Deulofeu,16,1230,2,5.724186077713966,6,3.6979857590049505,44,48,2,0,F S,Udinese,2,5.724186077713966,10.325862884521484,3.731167707592249,2022
697,Nemanja Matic,35,1795,2,0.9273053091019392,2,2.7092387108132243,11,24,5,0,M S,Roma,2,0.9273053091019392,9.620611350983381,8.346469797194004,2022
771,Georginio Wijnaldum,14,783,2,2.100455414503813,0,0.9348020404577255,20,8,0,0,M S,Roma,2,2.100455414503813,5.346709575504065,2.8767043836414814,2022
1119,Alessio Romagnoli,34,2926,2,0.7252986384555697,0,0.3194321133196354,13,2,6,0,D S,Lazio,2,0.7252986384555697,6.62292773462832,6.594446735456586,2022
1148,Duván Zapata,25,1383,2,3.8310011429712176,2,0.8498213132843375,41,17,1,0,F S,Atalanta,2,3.8310011429712176,9.120864622294903,4.9479127917438745,2022
1164,Cristiano Biraghi,33,2572,2,1.8572904411703348,4,5.168609849177301,25,82,1,0,D S,Fiorentina,2,1.0959914270788431,8.636553605087101,6.67611073795706,2022
1272,Ilija Nestorovski,21,599,2,1.449692104011774,1,0.6359671503305435,14,2,3,0,F S,Udinese,2,1.449692104011774,2.8219575379043818,0.8675671946257353,2022
1370,Federico Ceccherini,22,1437,2,0.7514250995591283,0,0.1448488449677825,7,5,9,1,D S,Verona,2,0.7514250995591283,2.4430637806653976,2.3092733481898904,2022
1423,Matías Vecino,32,1669,2,2.786401204764843,0,0.4745106063783169,26,9,6,0,M S,Lazio,2,2.786401204764843,6.403920682147145,4.3888915199786425,2022
1433,Federico Chiesa,21,829,2,1.7492536343634129,5,2.71993594430387,26,20,2,0,D F M S,Juventus,2,1.7492536343634129,3.9383579194545746,0.7597077917307615,2022
1441,Adam Masina,14,781,2,0.07026657462120056,0,0.13103077560663223,2,2,2,0,D S,Udinese,2,0.07026657462120056,4.223866701126099,4.113302305340767,2022
1449,Federico Di Francesco,36,2051,2,3.6530117858201265,2,3.4439872670918703,40,26,6,0,F M S,Lecce,2,3.6530117858201265,6.8861882127821445,0.8109445990994573,2022
1468,Gregoire Defrel,27,1165,2,4.214329432696104,1,0.7431206181645393,16,9,3,0,F S,Sassuolo,2,4.214329432696104,6.25639446079731,1.6751456148922443,2022
1484,Rafael Toloi,32,2805,2,2.8180209705606103,1,0.9576087854802608,29,17,8,0,D,Atalanta,2,2.8180209705606103,10.394732123240829,9.495708509348333,2022
1537,Sasa Lukic,16,1194,2,1.9514448940753937,0,1.3393727149814367,16,17,4,0,M S,Torino,1,1.190145879983902,5.453935984522104,4.022419776767492,2022
1624,Fabio Depaoli,34,2300,2,1.634648784995079,2,1.2304359637200832,19,19,8,0,D M S,"Sampdoria,Verona",2,1.634648784995079,6.317136710509658,3.7930689081549644,2022
1639,Sebastiano Luperto,36,3144,2,1.6596418600529432,0,0.3278897926211357,18,3,2,2,D,Empoli,2,1.6596418600529432,3.901606610044837,3.7736216094344854,2022
2019,Federico Bonazzoli,24,1094,2,2.2892312798649073,1,0.9725895980373025,32,8,1,0,F M S,Salernitana,2,2.2892312798649073,4.849526531994343,1.960826063528657,2022
3544,Jeremie Boga,23,759,2,1.5423539131879807,5,3.054135125130415,13,34,0,0,F M S,Atalanta,2,1.5423539131879807,6.9394093453884125,4.329142197966576,2022
3751,Thomas Henry,16,1047,2,2.1148635437712073,0,1.166583752259612,18,13,4,0,F S,Verona,2,2.1148635437712073,4.558824530802667,1.7198138618841767,2022
3978,Marco Faraoni,23,1496,2,3.0212370781227946,3,1.4803453888744116,20,11,7,0,D M S,Verona,2,3.0212370781227946,3.723571352660656,0.9191488036885858,2022
4932,Pietro Pellegri,18,448,2,1.2020395696163177,0,0.6623884867876768,10,4,3,0,F S,Torino,2,1.2020395696163177,1.3042188733816147,0.7546784654259682,2022
4951,Grigoris Kastanos,28,1266,2,1.4287495510652661,1,0.6296804463490844,30,13,4,0,D M S,Salernitana,2,1.4287495510652661,3.951666227541864,2.284349365159869,2022
6174,Nikola Milenkovic,27,2128,2,1.6608780026435852,1,0.9129180051386356,19,6,4,0,D S,Fiorentina,2,1.6608780026435852,6.518136855214834,6.446478094905615,2022
6208,Antonin Barak,31,1837,2,1.8024325957521796,0,1.468632542528212,32,22,4,0,F M S,"Fiorentina,Verona",2,1.8024325957521796,5.7673686016350985,3.5789689579978585,2022
6296,Abdelhamid Sabiri,18,1064,2,3.4315860448405147,0,1.4997573867440224,33,14,5,0,M S,Sampdoria,1,1.908983069472015,3.190128283575177,1.979356275871396,2022
6368,Mathías Olivera,30,1619,2,0.8582777390256524,2,2.697699408978224,9,23,2,0,D S,Napoli,2,0.8582777390256524,7.0582501869648695,5.0670151468366385,2022
6517,Charalampos Lykogiannis,21,1101,2,0.8298310851678252,0,1.0536920437589288,19,18,3,0,D M S,Bologna,2,0.8298310851678252,3.5345039619132876,2.7031446108594537,2022
6806,Rodrigo Becão,28,2493,2,0.9555203001946211,1,0.8977981172502041,19,9,11,0,D,Udinese,2,0.9555203001946211,6.234292130917311,5.903175052255392,2022
6981,Ismael Bennacer,28,2034,2,1.1096757957711816,2,3.7845559045672417,16,43,5,0,M S,AC Milan,2,1.1096757957711816,11.547161312773824,8.96064480021596,2022
7004,Leonardo Sernicola,32,2328,2,1.0741685228422284,2,2.183116588741541,25,25,11,0,D M S,Cremonese,2,1.0741685228422284,5.674621271900833,3.124750909395516,2022
7160,Nemanja Radonjic,28,1450,2,5.508393680676818,2,3.1016088826581836,52,16,1,0,F M S,Torino,2,5.508393680676818,9.876190239563584,2.197630139067769,2022
7375,Roberto Piccoli,20,684,2,1.9568387884646654,0,0.30511294305324554,16,5,0,0,F S,"Empoli,Verona",2,1.9568387884646654,2.3786171320825815,0.11666540242731571,2022
7472,Wilfried Stephane Singo,31,2072,2,3.652390486560762,1,1.9418844040483236,33,23,8,0,D M S,Torino,2,3.652390486560762,7.952180841937661,4.87803422473371,2022
7500,Giacomo Raspadori,26,926,2,3.877549836412072,2,1.8889904711395502,40,18,1,0,F M S,"Napoli,Sassuolo",2,3.877549836412072,7.600788619369268,3.470124702900648,2022
7516,Nehuén Pérez,34,2843,2,1.2962315510958433,0,0.4050666019320488,16,10,7,1,D S,Udinese,2,1.2962315510958433,8.594809338450432,8.217632677406073,2022
7530,Samuele Ricci,28,2070,2,2.303225079551339,1,2.2518239337950945,21,16,6,0,M S,Torino,2,2.303225079551339,10.326330281794071,7.514573078602552,2022
7628,Lameck Banda,36,1639,2,2.9594708010554314,1,1.367088827304542,36,14,6,0,F M S,Lecce,2,2.9594708010554314,4.827993106096983,1.026559923775494,2022
7785,Kingsley Ehizibue,27,1532,2,2.261686308309436,0,1.3037571012973785,13,8,7,0,D S,Udinese,2,2.261686308309436,8.353812238201499,5.425531340762973,2022
7909,Gaetano Castrovilli,15,713,2,1.2098406441509724,1,0.7275023739784956,18,8,3,0,M S,Fiorentina,2,1.2098406441509724,2.2207628414034843,0.6794594954699278,2022
7924,Amir Rrahmani,29,2446,2,1.6289535565301776,1,1.1339828222990036,21,12,2,0,D S,Napoli,2,1.6289535565301776,9.056689281016588,8.126257918775082,2022
7938,Tommaso Augello,37,3084,2,1.1427788324654102,5,4.302606251090765,11,43,3,0,D M S,Sampdoria,2,1.1427788324654102,9.085540952160954,5.596424685791135,2022
7958,Sandro Tonali,34,2720,2,2.3448675805702806,7,6.739804450422525,32,62,7,0,M S,AC Milan,2,2.3448675805702806,15.118916081264615,10.164697060361505,2022
8044,Joshua Zirkzee,19,776,2,3.40135763771832,2,1.2531945845112205,29,16,2,0,F S,Bologna,2,3.40135763771832,5.4993154136464,2.2934227301739156,2022
8163,Daniel Maldini,18,594,2,1.147613437846303,0,0.32674165442585945,15,4,1,0,F M S,Spezia,2,1.147613437846303,1.7195454966276884,0.42241401597857475,2022
8245,Lorenzo Pirola,26,1969,2,1.2849187701940536,0,0.2516706958413124,13,3,4,0,D S,Salernitana,2,1.2849187701940536,1.6136387651786208,1.5539294248446822,2022
8297,Alexis Saelemaekers,30,1382,2,3.149984228424728,3,4.600698339752853,35,23,1,0,D M S,AC Milan,2,3.149984228424728,11.890944784507155,4.84562626387924,2022
8607,Adolfo Gaich,16,733,2,2.92927485704422,0,0.2794104479253292,24,5,2,0,F S,Verona,2,2.92927485704422,3.222578141838312,0.3580698221921921,2022
8828,Ivan Ilic,25,2050,2,0.6122278096154332,3,2.349258441478014,14,29,4,0,M S,"Torino,Verona",2,0.6122278096154332,8.439980059862137,7.252860890701413,2022
8856,Razvan Marin,33,2544,2,1.0682404497638345,4,4.677402602508664,33,56,7,0,M S,Empoli,2,1.0682404497638345,6.430321495980024,4.61075883358717,2022
8870,Sam Lammers,33,2012,2,5.550631994381547,2,2.0068675288930535,51,23,1,0,F S,"Empoli,Sampdoria",2,5.550631994381547,8.124749667942524,1.7731469571590424,2022
8912,Tommaso Pobega,19,864,2,1.5570877902209759,0,0.2637979704886675,20,5,4,0,M S,AC Milan,2,1.5570877902209759,4.128367939032614,2.697307800874114,2022
8913,Emmanuel Gyasi,35,2875,2,4.137508027255535,0,1.6554115992039442,34,22,10,0,D F M,Spezia,2,4.137508027255535,8.667093068361282,3.6003370406106114,2022
8916,Simone Bastoni,19,1219,2,0.9478605585172772,4,1.814117493107915,22,18,7,0,D M S,Spezia,2,0.9478605585172772,4.247494320385158,2.1587811075150967,2022
9001,Martín Satriano,31,1716,2,4.59474659524858,1,1.2629989050328732,37,14,4,0,F S,Empoli,2,4.59474659524858,6.828195720911026,1.8346428144723177,2022
9036,Nicola Zalewski,33,2222,2,1.3671502182260156,1,1.173217786476016,29,12,3,0,D M S,Roma,2,1.3671502182260156,6.551069766283035,4.458879033103585,2022
9107,Giorgio Scalvini,32,2369,2,1.405716024339199,2,1.0461288644000888,17,10,7,0,D M S,Atalanta,2,1.405716024339199,7.998526664450765,6.918269321322441,2022
9850,Filippo Bandinelli,35,2316,2,1.433782471343875,0,2.5123917683959007,24,31,10,0,M S,Empoli,2,1.433782471343875,5.64882539305836,2.687806284055114,2022
9851,Nedim Bajrami,37,1730,2,2.7671024557203054,1,2.4118204340338707,44,29,1,0,F M S,"Empoli,Sassuolo",2,2.7671024557203054,7.799383405596018,4.825964016839862,2022
9876,Alessandro Zanoli,23,1539,2,2.952789666131139,2,1.2039675945416093,16,13,3,0,D M S,"Napoli,Sampdoria",2,2.952789666131139,5.940300062298775,2.4410025849938393,2022
9877,Tyronne Ebuehi,26,1942,2,3.1933015547692776,4,1.9935089210048318,19,12,0,0,D S,Empoli,2,3.1933015547692776,4.917498379014432,3.341418521478772,2022
9902,Pasquale Mazzocchi,27,1968,2,1.3250192208215594,3,2.2945157941430807,18,30,2,0,D S,Salernitana,2,1.3250192208215594,4.722527238540351,1.790064763277769,2022
9924,Fabiano Parisi,33,2842,2,1.8837269730865955,0,1.8162786290049553,21,21,10,1,D,Empoli,2,1.8837269730865955,8.0690455166623,5.201673832722008,2022
9996,Abdou Harroui,23,609,2,1.7168548423796892,0,0.4761662185192108,14,6,2,0,M S,Sassuolo,2,1.7168548423796892,3.361668565310538,1.231395784765482,2022
10986,Kim Min-Jae,35,3070,2,1.6666917279362679,2,1.8716905051842332,8,10,5,0,D,Napoli,2,1.6666917279362679,10.52649396751076,10.340098449960351,2022
10994,Kristian Thorstvedt,31,1112,2,2.017801232635975,1,1.5006314874626696,20,10,5,0,M S,Sassuolo,2,2.017801232635975,6.487498443573713,3.186978831887245,2022
11023,Josh Doig,22,1358,2,1.2285026982426643,3,1.4402790255844593,18,12,1,0,D M S,Verona,2,1.2285026982426643,4.475398714654148,2.1143422881141305,2022
11027,Emanuele Valeri,37,2796,2,2.5298722153529525,3,4.336974482983351,39,54,3,0,D M S,Cremonese,2,2.5298722153529525,8.256239663809538,3.3098297901451588,2022
193,Giulio Donati,8,414,1,0.5670123249292374,0,0.0766734704375267,2,1,2,1,D S,Monza,1,0.5670123249292374,1.576125469058752,0.9455099739134312,2022
557,Matteo Darmian,31,2048,1,1.1914836382493377,2,2.808740334585309,7,19,3,0,D S,Inter,1,1.1914836382493377,11.325903963297606,9.905488630756736,2022
703,Fikayo Tomori,33,2775,1,1.8003495261073112,1,0.7087417002767324,9,9,5,0,D S,AC Milan,1,1.8003495261073112,8.678818094544113,7.956129631958902,2022
725,Ola Aina,19,867,1,0.8156625367701054,1,2.0749858282506466,8,12,5,0,D S,Torino,1,0.8156625367701054,4.918829470872879,3.8775984197854996,2022
1000,Federico Fazio,14,1071,1,0.7743347994983196,0,0.07406990136951208,11,3,2,1,D S,Salernitana,1,0.7743347994983196,1.7065561702474952,1.5531975766643882,2022
1089,Juan Cuadrado,31,2097,1,1.2184922704473138,3,3.6429902967065573,32,41,6,1,D F M S,Juventus,1,1.2184922704473138,8.404903832823038,6.403009252622724,2022
1096,Armando Izzo,30,2490,1,2.002038322389126,0,0.9619825631380081,16,14,10,0,D S,Monza,1,2.002038322389126,8.68965814076364,6.739318694919348,2022
1168,Bryan Cristante,36,2951,1,2.512648600153625,1,1.6987187564373016,29,15,8,0,D M S,Roma,1,1.7513495115563273,9.792703222483397,7.998822149820626,2022
1193,Lorenzo De Silvestri,15,654,1,0.9660742599517107,0,0.2580923065543175,5,6,1,0,D M S,Bologna,1,0.9660742599517107,1.7905581630766392,1.0593322310596704,2022
1226,Karol Linetty,32,1885,1,1.0267626643180847,0,0.8224842958152294,16,21,8,0,M S,Torino,1,1.0267626643180847,7.398998703807592,6.066998152062297,2022
1230,Fabio Quagliarella,23,773,1,2.7348157353699207,1,0.5374465249478817,36,7,2,0,F S,Sampdoria,1,2.7348157353699207,3.8421101830899715,0.925620548427105,2022
1247,Juan Jesus,15,920,1,0.5846714824438095,0,0.038296500220894814,5,2,2,0,D S,Napoli,1,0.5846714824438095,5.001702159643173,4.962621260434389,2022
1248,Leandro Paredes,25,943,1,0.5949164545163512,0,1.7278349669650197,16,21,7,0,M S,Juventus,1,0.5949164545163512,3.782791016623378,3.390579277649522,2022
1287,Leonardo Bonucci,16,871,1,1.4053347297012806,0,0.25054841488599777,5,4,1,0,D S,Juventus,1,0.6440337188541889,3.644719149917364,3.4630457498133183,2022
1354,Gianmarco Ferrari,33,2204,1,0.8958863206207752,0,0.3556445948779583,8,4,5,0,D S,Sassuolo,1,0.8958863206207752,6.3666478600353,6.15894447080791,2022
1375,Elseid Hysaj,34,1981,1,0.4519660770893097,1,1.00193031411618,4,12,3,0,D S,Lazio,1,0.4519660770893097,7.701023015193641,6.946240042336285,2022
1474,Alfred Duncan,25,1112,1,0.36543874721974134,0,0.7536100428551435,9,14,3,0,M S,Fiorentina,1,0.36543874721974134,3.5608885241672397,2.939039021730423,2022
1500,Leonardo Spinazzola,26,1647,1,0.7339273989200592,4,2.770621247589588,10,21,3,0,D M S,Roma,1,0.7339273989200592,9.112710250541568,6.619755249470472,2022
1541,Stefan de Vrij,27,1938,1,1.4950995575636625,0,0.1354600042104721,19,1,4,0,D S,Inter,1,1.4950995575636625,6.461610049009323,6.428733482956886,2022
1574,Davide Calabria,25,1704,1,0.9684418588876724,4,2.1136664152145386,16,19,6,0,D S,AC Milan,1,0.9684418588876724,10.044177370145917,7.798883041366935,2022
1580,Mattia Destro,17,546,1,1.9058445431292057,0,0.5060577057301998,20,4,3,0,F S,Empoli,1,1.9058445431292057,1.8893419038504362,0.08367089927196503,2022
1724,Isaac Success,30,1844,1,3.408071112819016,6,3.680428732186556,35,31,4,0,F S,Udinese,1,3.408071112819016,9.639216328039765,4.826852985657752,2022
1741,Zlatan Ibrahimovic,4,146,1,1.00799161195755,0,0.6018450260162354,6,1,0,0,F S,AC Milan,0,0.2466924972832203,1.2219187896698713,0.4222663026303053,2022
1810,Roberto Soriano,27,1323,1,0.649980103597045,3,2.383828504011035,13,20,1,0,F M S,Bologna,1,0.649980103597045,6.227694340981543,3.7024496225640178,2022
1843,Matteo Bianchetti,25,2128,1,1.231351524591446,0,0.5340379662811756,7,5,5,0,D S,Cremonese,1,1.231351524591446,2.9574700109660625,2.4676188193261623,2022
1903,Kevin Lasagna,26,1573,1,5.461292044725269,2,1.4358546994626522,52,17,2,0,F M S,Verona,1,5.461292044725269,7.121251796837896,1.3984330389648676,2022
2040,Paolo Ghiglione,15,713,1,0.6312382444739342,1,0.6070749275386333,7,12,4,0,D M S,Cremonese,1,0.6312382444739342,2.2866541631519794,1.4051702516153455,2022
2256,Jesé,11,187,1,0.3715038886293769,1,0.6771304253488779,3,2,0,0,F S,Sampdoria,1,0.3715038886293769,1.0550859132781625,0.02715500071644783,2022
3207,Alexis Blin,35,2376,1,2.975117596797645,0,0.995334199629724,23,15,8,0,D M S,Lecce,1,2.975117596797645,6.872414098121226,4.275244216434658,2022
3209,Jean-Daniel Akpa-Akpro,24,1387,1,1.6303711291402578,1,1.3280059713870287,14,6,7,2,M S,Empoli,1,1.6303711291402578,3.646242944523692,2.0158139765262604,2022
3550,Koffi Djidji,34,2425,1,0.4592540077865124,0,0.1384010035544634,7,2,3,0,D S,Torino,1,0.4592540077865124,6.189252130687237,5.961742024868727,2022
3821,Rolando Mandragora,29,1955,1,1.2391245793551207,4,4.4398750849068165,38,33,8,0,M S,Fiorentina,1,1.2391245793551207,9.166681533679366,6.165831116959453,2022
3856,Milan Djuric,28,1350,1,1.7081730850040913,1,1.5691761393100023,16,21,3,0,F S,Verona,1,1.7081730850040913,4.016929781064391,1.7139493357390165,2022
4348,Tolgay Arslan,36,1160,1,1.9336891658604145,0,1.644153157249093,25,15,3,0,M S,Udinese,1,1.9336891658604145,6.354634867981076,4.71965997479856,2022
4733,José Luis Palomino,15,746,1,0.9203133378177881,0,0.3698740005493164,6,2,4,0,D S,Atalanta,1,0.9203133378177881,4.134903479367495,3.845037780702114,2022
4941,Hans Hateboer,17,1411,1,1.9936813805252314,1,1.661960014142096,13,13,7,0,D M,Atalanta,1,1.9936813805252314,6.937320256605744,4.254499001428485,2022
4943,Emanuel Vignato,13,260,1,0.15692170336842537,2,0.5896291695535183,3,5,1,0,M S,"Bologna,Empoli",1,0.15692170336842537,1.5182087454013526,0.8341726041398942,2022
5025,Alessandro Buongiorno,34,2733,1,2.264299060218036,2,1.7444551941007376,21,8,8,0,D S,Torino,1,2.264299060218036,8.713905170559883,8.09122883901,2022
5360,Weston McKennie,15,1068,1,0.6379169821739197,1,1.5675778184086084,8,8,0,0,D M S,Juventus,1,0.6379169821739197,3.6511223763227463,1.7335574850440025,2022
5803,Fode Toure,10,513,1,1.386620882898569,0,0.6515411213040352,5,4,0,0,D M S,AC Milan,1,1.386620882898569,2.830296166241169,1.159484624862671,2022
5954,Eldor Shomurodov,21,898,1,2.44668161123991,1,1.352383241057396,24,11,2,0,F S,"Roma,Spezia",1,2.44668161123991,4.928926013410091,1.5285497512668371,2022
5962,Tanguy NDombele Alvaro,30,772,1,1.0766875464469194,0,0.8301978725939989,16,9,5,0,M S,Napoli,1,1.0766875464469194,4.4469167198985815,3.4202999230474234,2022
6125,Stanislav Lobotka,38,3117,1,0.5055775418877602,1,1.1335803046822548,11,17,2,0,M S,Napoli,1,0.5055775418877602,16.427517177537084,14.99005044810474,2022
6159,Gianluca Mancini,35,2883,1,2.146700669080019,2,1.417543638497591,22,15,7,0,D S,Roma,1,2.146700669080019,7.184761974960566,6.477900270372629,2022
6161,Nicolas Haas,24,1158,1,1.1215432491153479,1,0.9257133156061172,8,9,2,0,M S,Empoli,1,1.1215432491153479,2.567320127040148,0.7479743994772434,2022
6211,Mehdi Leris,32,2471,1,4.025223387870938,1,1.7723574917763472,30,20,13,0,D M S,Sampdoria,1,4.025223387870938,7.815881265327334,2.8350184792652726,2022
6303,Marvin Zeegelaar,7,359,1,0.48940175771713257,0,0.13313135039061308,3,4,1,1,D S,Udinese,1,0.48940175771713257,2.0341156413778663,1.6196615025401115,2022
6671,Salvatore Esposito,15,962,1,0.6986130904406309,0,1.3112847432494164,14,12,3,1,M S,Spezia,1,0.6986130904406309,3.0282194279134274,2.91070756316185,2022
6686,Nicolo Zaniolo,13,906,1,4.032715069130063,0,0.8956218883395195,28,8,4,0,F M S,Roma,1,4.032715069130063,7.047851322218776,2.4075421690940857,2022
6902,Toma Basic,25,458,1,1.3812793558463454,0,0.3819729760289192,11,8,2,0,M S,Lazio,1,1.3812793558463454,1.8115047793835402,0.5725897885859013,2022
6996,William Troost-Ekong,9,432,1,0.6184431239962578,0,0,2,0,1,0,D S,Salernitana,1,0.6184431239962578,0.7516812887042761,0.18690730445086956,2022
7003,Mehdi Bourabia,37,2833,1,1.535386499017477,3,4.140788058750331,33,36,3,0,M S,Spezia,1,1.535386499017477,7.5168958911672235,4.082218916155398,2022
7014,Arkadiusz Reca,30,2179,1,0.955912496894598,1,2.0483037270605564,22,23,5,0,D M S,Spezia,1,0.955912496894598,4.22505446523428,2.1398162823170424,2022
7092,Koray Günter,23,1779,1,0.8211378576233983,1,0.843394273892045,10,10,5,0,D S,"Sampdoria,Verona",1,0.8211378576233983,2.355384662747383,2.144068866968155,2022
7096,Omar Colley,16,1383,1,1.4193593338131905,0,0.09602619707584381,6,1,5,0,D S,Sampdoria,1,1.4193593338131905,2.0833404902368784,2.02595048584044,2022
7387,Dimitris Nikolaou,36,2968,1,0.7340699713677168,0,0.6055432399734855,10,10,9,1,D S,Spezia,1,0.7340699713677168,3.3915833812206984,2.9809367321431637,2022
7411,Nicolo Rovella,28,1769,1,1.3208413319662213,2,2.0849048728123307,23,23,6,1,M S,"Juventus,Monza",1,1.3208413319662213,11.923506755381823,10.56555624678731,2022
7416,Merih Demiral,28,1509,1,0.8050409089773893,0,0.21903650555759668,7,4,5,0,D S,Atalanta,1,0.8050409089773893,5.0357479229569435,4.831730909645557,2022
7483,Hans Nicolussi Caviglia,12,569,1,0.15554177202284336,0,0.03367700055241585,5,2,2,0,M S,Salernitana,1,0.15554177202284336,0.9259967505931854,0.754391498863697,2022
7507,Gianluca Gaetano,8,62,1,1.0837101936340332,1,0.11024200171232224,7,1,0,0,S,Napoli,1,1.0837101936340332,1.2415314018726349,0.38309817388653755,2022
7911,Aleksa Terzic,22,902,1,0.7028216775506735,1,1.8126036245375872,9,25,2,0,D S,Fiorentina,1,0.7028216775506735,3.6827908903360367,2.1551080718636513,2022
7923,Pawel Dawidowicz,23,1634,1,1.3483541049063206,1,1.07888999953866,11,6,6,1,D S,Verona,1,1.3483541049063206,2.0729481941089034,1.752435921691358,2022
7947,Ruslan Malinovskiy,15,525,1,0.6601994037628174,2,2.1708236187696457,19,12,2,0,M S,Atalanta,1,0.6601994037628174,3.5258130449801683,2.3853710126131773,2022
8034,Georgios Kyriakopoulos,24,1492,1,1.105657061561942,3,2.3017012756317854,20,23,5,0,D F M S,"Bologna,Sassuolo",1,1.105657061561942,6.108640197664499,3.5679040756076574,2022
8311,Janis Antiste,2,47,1,0.06282489746809006,0,0,1,0,0,0,S,Sassuolo,1,0.06282489746809006,0.5022460222244263,0.43942099809646606,2022
8313,Pierre Kalulu Kyatengwa,34,2530,1,1.9987561404705048,0,1.3354435665532947,11,10,4,0,D S,AC Milan,1,1.9987561404705048,8.837405312806368,7.330242587253451,2022
8380,Pablo Marí,30,2492,1,0.66630186047405,0,0.11141728982329369,10,3,4,0,D S,Monza,1,0.66630186047405,7.20591345243156,7.185781447216868,2022
8429,Luka Romero,6,142,1,0.858429592102766,0,0.036485299468040466,5,2,0,0,F S,Lazio,1,0.858429592102766,0.9074546955525875,0.21506250649690628,2022
8626,Nikola Moro,26,1217,1,0.7285135164856911,5,2.094493269920349,21,18,1,0,M S,Bologna,1,0.7285135164856911,6.6719771064817905,4.0365089774131775,2022
8829,Nicolò Casale,29,2439,1,0.5068234950304031,1,0.345090102404356,8,4,6,0,D S,Lazio,1,0.5068234950304031,7.858438242226839,7.858438242226839,2022
9019,Lucas Martínez Quarta,27,2183,1,2.4740157946944237,1,0.6966417208313942,28,8,6,0,D S,Fiorentina,1,2.4740157946944237,5.283590657636523,4.252664199098945,2022
9041,Bruno Amione,27,2164,1,0.62246676068753,1,0.2905903086066246,12,3,9,1,D S,"Sampdoria,Verona",1,0.62246676068753,3.0451868064701557,3.0451868064701557,2022
9263,Filippo Ranocchia,14,512,1,1.52137160487473,0,0.2889857031404972,19,7,1,0,F M S,Monza,1,1.52137160487473,2.324698530137539,1.0368639016523957,2022
9518,Edoardo Bove,22,987,1,1.1490710098296404,0,1.0293413177132607,7,7,2,0,D M S,Roma,1,1.1490710098296404,4.400389613583684,2.659473629668355,2022
9550,Yayah Kallon,22,843,1,1.8392358804121614,1,1.3198289605788887,20,13,1,0,M S,Verona,1,1.8392358804121614,3.720855683553964,0.9802096113562584,2022
9840,Denzel Dumfries,34,2236,1,4.177253388799727,4,6.743637535721064,33,32,4,0,D M S,Inter,1,4.177253388799727,13.965870510786772,8.083874214440584,2022
9849,Petar Stojanovic,27,1505,1,0.33567021135240793,1,1.0338689126074314,11,19,3,0,D S,Empoli,1,0.33567021135240793,3.835922986268997,3.000236105173826,2022
9866,Nadir Zortea,19,853,1,0.34387960098683834,1,1.3147465959191322,9,10,5,0,D S,"Atalanta,Sassuolo",1,0.34387960098683834,3.682670559734106,2.2604520730674267,2022
9965,Matìas Soulè Malvano,13,400,1,1.556844947859645,0,0.3733214298263192,10,9,0,0,D M S,Juventus,1,1.556844947859645,2.363260150887072,0.6936877677217126,2022
9985,Johan Vásquez,25,1801,1,0.5733857955783606,0,0.24621210061013699,12,6,7,0,D S,Cremonese,1,0.5733857955783606,3.217744057998061,3.1105768624693155,2022
10034,Pablo Galdames,13,740,1,0.2628095764666796,2,0.6943611539900303,7,10,2,0,M S,Cremonese,1,0.2628095764666796,2.1372707411646843,1.4562242049723864,2022
10084,Cristian Volpato,7,217,1,0.2115446962416172,1,1.0610079625621438,4,4,0,0,M S,Roma,1,0.2115446962416172,1.2275730036199093,0.8931019902229309,2022
10383,Michel Aebischer,32,1547,1,1.4208158934488893,0,0.4532312052324414,15,15,4,0,D F M S,Bologna,1,1.4208158934488893,3.3640725556761026,2.358331148047,2022
10404,Éderson,35,2234,1,2.0256630228832364,1,2.3305274434387684,36,21,4,0,F M S,Atalanta,1,2.0256630228832364,10.553431549109519,7.528883051127195,2022
10616,Samuel Iling-Junior,12,282,1,0.7174938870593905,1,0.20239446125924587,4,5,1,0,D S,Juventus,1,0.7174938870593905,2.7305680476129055,1.9230435155332088,2022
10893,Christian Gytkjær,22,520,1,3.3448120653629303,0,0.24016530066728592,13,3,0,0,F S,Monza,1,2.583513230085373,3.212352268397808,0.48274050280451775,2022
10904,Joan Gonzàlez,35,2229,1,1.8161845924332738,3,1.6023670099675655,17,15,8,0,M S,Lecce,1,1.8161845924332738,4.9751027608290315,3.0367706203833222,2022
10932,Marcos Antônio,16,576,1,0.8832344114780426,1,0.42983430437743664,3,3,2,0,M S,Lazio,1,0.8832344114780426,4.065091667696834,3.1606449764221907,2022
10935,Dodô,33,2335,1,0.5400554221123457,3,2.113130444660783,11,28,3,1,D S,Fiorentina,1,0.5400554221123457,8.634122780524194,6.984755381941795,2022
10936,Charles Pickel,33,2510,1,2.030045371502638,0,1.1359755769371986,23,20,8,1,D F M S,Cremonese,1,2.030045371502638,5.679394750855863,3.1487753745168447,2022
10939,Cristian Buonaiuto,29,957,1,2.8947981540113688,0,1.5597253199666739,43,17,3,0,F M S,Cremonese,0,2.1334993224591017,4.385597541928291,1.850079108029604,2022
10956,Emil Holm,20,1403,1,0.8877306086942554,1,1.8249831153079867,15,14,4,0,D F M S,Spezia,1,0.8877306086942554,3.8496303409337997,2.356549009680748,2022
10963,Erik Botheim,28,842,1,0.3710021488368511,3,1.588100902736187,7,8,2,0,F M S,Salernitana,1,0.3710021488368511,2.7513319104909897,1.0519604459404945,2022
10995,Agustín Álvarez Martínez,22,322,1,1.2612699996680021,1,0.42093198746442795,14,2,1,0,F S,Sassuolo,1,1.2612699996680021,1.5799549892544746,0.3441750109195709,2022
11026,Luka Lochoshvili,25,1878,1,0.9533305000513792,2,1.1276969406753778,9,5,4,0,D S,Cremonese,1,0.9533305000513792,1.8814018331468105,1.3135414430871606,2022
11289,Ola Solbakken,14,517,1,1.0562524497509003,2,1.4002538360655308,9,11,2,0,F M S,Roma,1,1.0562524497509003,2.4018823951482773,0.15839840099215508,2022
11334,Przemyslaw Wisniewski,14,995,1,1.2363750925287604,0,0.5738783143460751,6,3,3,0,D S,Spezia,1,1.2363750925287604,2.800093926489353,2.336135394871235,2022
257,Jeremy Toljan,31,2672,0,0.439777709543705,1,2.3516004299744964,5,22,3,0,D S,Sassuolo,0,0.439777709543705,9.746492493897676,8.348285891115665,2022
308,Ricardo Rodríguez,35,2664,0,0.4302843315526843,0,1.552736910060048,11,29,3,0,D S,Torino,0,0.4302843315526843,8.315714631229639,7.561104258522391,2022
329,Franck Ribéry,1,35,0,0,0,0,0,0,0,0,S,Salernitana,0,0,0,0,2022
347,Kaan Ayhan,10,536,0,0.009091160260140896,0,0,1,0,1,0,D S,Sassuolo,0,0.009091160260140896,1.4374095126986504,1.428317479789257,2022
411,Albin Ekdal,31,1731,0,2.713478404097259,2,1.6115819476544857,19,10,4,1,M S,Spezia,0,2.713478404097259,7.085847626440227,4.310975861735642,2022
542,Pedro Obiang,17,881,0,0.27737134974449873,1,0.15840337797999382,7,3,2,0,M S,Sassuolo,0,0.27737134974449873,1.8345816805958748,1.568485014140606,2022
942,Florian Thauvin,16,529,0,0.48005909845232964,0,1.401131272315979,10,9,1,0,F M S,Udinese,0,0.48005909845232964,2.3328343220055103,1.1886625215411186,2022
971,Harry Winks,20,1721,0,0.4215813269838691,0,0.9793751584365964,14,15,2,0,M S,Sampdoria,0,0.4215813269838691,4.353261454030871,3.6766641922295094,2022
1093,Mattia Perin,11,948,0,0,0,0,0,0,0,0,GK S,Juventus,0,0,1.137996718287468,1.137996718287468,2022
1098,Miguel Veloso,22,1169,0,0.7964164614677429,0,1.9433974456042051,16,19,6,0,M S,Verona,0,0.7964164614677429,2.4799762051552534,1.4090361073613167,2022
1099,Tomás Rincón,34,2574,0,0.6065906286239624,2,1.3521954249590635,11,21,7,1,M S,Sampdoria,0,0.6065906286239624,4.380091402679682,3.3188716899603605,2022
1120,Mattia De Sciglio,17,1053,0,0.0694234985858202,0,0.43850479274988174,4,8,0,0,D S,Juventus,0,0.0694234985858202,1.8555711787194014,1.4864619858562946,2022
1122,Manuel Locatelli,32,2478,0,1.3309556283056736,2,1.64612689986825,29,22,8,0,M S,Juventus,0,1.3309556283056736,10.380102315917611,8.26999706402421,2022
1157,Samuele Perisan,7,630,0,0,0,0,0,0,0,0,GK,Empoli,0,0,0.1536227986216545,0.1536227986216545,2022
1175,Vincenzo Fiorillo,1,90,0,0,0,0,0,0,0,0,GK,Salernitana,0,0,0,0,2022
1183,Marco Benassi,17,1095,0,0.875769380480051,0,0.5209657028317451,19,8,0,0,D M S,"Cremonese,Fiorentina",0,0.875769380480051,2.394029103219509,1.6071797981858253,2022
1186,Andrea Belotti,31,1126,0,4.827383181080222,2,1.1833526026457548,20,14,0,0,F S,Roma,0,4.06608416698873,7.311474138870835,2.660383466631174,2022
1200,Federico Marchetti,1,66,0,0,0,0,0,0,0,0,S,Spezia,0,0,0.10599400103092194,0.10599400103092194,2022
1204,Patric,18,1423,0,0.06850714981555939,0,0.0418150220066309,2,2,1,0,D S,Lazio,0,0.06850714981555939,7.53627740778029,7.53627740778029,2022
1206,Danilo Cataldi,29,1986,0,0.17275079805403948,1,1.0014556162059307,6,16,5,0,M S,Lazio,0,0.17275079805403948,7.759812088683248,7.513631049543619,2022
1221,Jacopo Sala,6,99,0,0,0,0.0074864900670945644,0,1,1,0,M S,Spezia,0,0,0.015077900141477585,0.015077900141477585,2022
1223,Milan Skriniar,21,1772,0,0.8666743142530322,0,0.2703970018774271,9,6,3,1,D S,Inter,0,0.8666743142530322,8.847016740590334,8.610958311706781,2022
1244,Wojciech Szczesny,28,2472,0,0,0,0,0,0,1,0,GK,Juventus,0,0,2.7998320488259196,2.7998320488259196,2022
1254,Alessandro Florenzi,6,194,0,0.8870779722929001,0,0.38944249600172043,5,6,1,0,D S,AC Milan,0,0.8870779722929001,2.123231992125511,1.141822911798954,2022
1273,Mato Jajalo,3,53,0,0.0445358008146286,0,0.15505260229110718,2,2,0,0,S,Udinese,0,0.0445358008146286,0.09948950260877609,0.01771010085940361,2022
1281,Giuseppe Pezzella,16,925,0,0.1325980592519045,1,0.7635912243276834,4,7,2,0,D S,Lecce,0,0.1325980592519045,1.534914162941277,1.2127532428130507,2022
1289,Alex Sandro,25,1789,0,0.3904890790581703,1,1.097965708002448,5,12,5,1,D S,Juventus,0,0.3904890790581703,6.71926186606288,6.097039581276476,2022
1301,Daniele Rugani,9,562,0,0.7166097518056631,0,0,4,0,0,0,D S,Juventus,0,0.7166097518056631,1.2152474112808704,1.2152474112808704,2022
1302,Emil Audero,25,2250,0,0,0,0,0,0,1,0,GK,Sampdoria,0,0,1.527403388172388,1.527403388172388,2022
1305,Lukasz Skorupski,37,3330,0,0,0,0,0,0,4,0,GK,Bologna,0,0,3.2067777095362544,3.2067777095362544,2022
1311,Rade Krunic,23,1675,0,1.150306936353445,1,1.608954580500722,14,15,8,0,M S,AC Milan,0,1.150306936353445,7.770425774157047,5.433331428095698,2022
1341,Ivan Radovanovic,10,672,0,0.17455241968855262,0,0.016620200127363205,7,1,1,1,D M S,Salernitana,0,0.17455241968855262,0.9609579956158996,0.7989900140091777,2022
1351,Alex Cordaz,1,24,0,0,0,0,0,0,0,0,S,Inter,0,0,0.09769969433546066,0.09769969433546066,2022
1372,Andrea Barberis,9,322,0,0.08430249989032745,1,0.5153444074094296,2,4,0,0,M S,Monza,0,0.08430249989032745,1.1535618007183075,1.0732642002403736,2022
1392,Luigi Sepe,17,1530,0,0,0,0,0,0,3,0,GK,Salernitana,0,0,1.234130217693746,1.234130217693746,2022
1394,Lorenzo Tonelli,1,16,0,0,0,0,0,0,0,0,S,Empoli,0,0,0.0946665108203888,0.0946665108203888,2022
1395,Vlad Chiriches,16,991,0,0,0,0.04809730127453804,0,1,2,0,D S,Cremonese,0,0,0.7115270011126995,0.7115270011126995,2022
1400,Nicola Murru,20,742,0,0.0270105991512537,0,0.0800662119872868,2,2,3,0,D S,Sampdoria,0,0.0270105991512537,0.8131302823312581,0.7330644689500332,2022
1416,Ciprian Tatarusanu,16,1440,0,0,1,0.4113050028681755,0,2,0,0,GK,AC Milan,0,0,2.344731856137514,2.2349026519805193,2022
1453,Marios Oikonomou,6,221,0,0.2493060752749443,0,0,3,0,3,0,D S,Sampdoria,0,0.2493060752749443,0,0,2022
1454,Alex Ferrari,28,1891,0,0.136252298951149,0,0.5059699043631554,5,5,6,0,D S,"Cremonese,Sampdoria",0,0.136252298951149,2.028401341289282,1.8511371444910765,2022
1459,Mouhamadou Sarr,2,180,0,0,0,0,0,0,0,0,GK,Cremonese,0,0,0.07975593395531178,0.07975593395531178,2022
1460,Andrea Consigli,35,3150,0,0,0,0,0,0,0,0,GK,Sassuolo,0,0,6.53013426437974,6.53013426437974,2022
1463,Francesco Acerbi,31,2413,0,0.8353180605918169,2,0.8874063957482576,18,16,4,0,D S,Inter,0,0.8353180605918169,9.115808375179768,8.285163655877113,2022
1480,Gianluca Pegolo,2,180,0,0,0,0,0,0,0,0,GK,Sassuolo,0,0,0.1445981003344059,0.1445981003344059,2022
1486,Mattia Caldara,20,1241,0,0.7644212944433093,0,0.01655299961566925,10,1,6,0,D S,Spezia,0,0.7644212944433093,1.652215232141316,1.4099697284400463,2022
1487,Andrea Conti,1,18,0,0,0,0,0,0,0,0,S,Sampdoria,0,0,0,0,2022
1496,Roberto Gagliardini,19,758,0,0.8066553119570017,0,0.28357699885964394,16,5,3,1,M S,Inter,0,0.8066553119570017,3.67355315387249,3.0768402721732855,2022
1501,Marco Sportiello,15,1342,0,0,0,0,0,0,0,0,GK S,Atalanta,0,0,1.0988748334348202,1.0988748334348202,2022
1502,Marco D&#039;Alessandro,8,278,0,0.21319649554789066,0,0.13550979644060135,4,3,2,0,D M S,Monza,0,0.21319649554789066,0.9871394969522953,0.6852767951786518,2022
1504,Alberto Grassi,25,1186,0,0.4959374535828829,0,0.27171636559069157,10,6,3,0,M S,Empoli,0,0.4959374535828829,1.7717564776539803,1.3973325937986374,2022
1505,Samir Handanovic,14,1236,0,0,0,0.051763687282800674,0,1,0,0,GK,Inter,0,0,3.6937343031167984,3.6937343031167984,2022
1508,Jeison Murillo,20,1072,0,0.11634480021893978,0,0.040066834539175034,3,2,4,1,D S,Sampdoria,0,0.11634480021893978,1.1539763621985912,1.113909626379609,2022
1510,Gary Medel,29,1474,0,0.06837129779160023,1,0.6096254736185074,2,7,5,0,D M S,Bologna,0,0.06837129779160023,5.25151233933866,4.573514459654689,2022
1522,Andrea Ranocchia,1,51,0,0,0,0,0,0,0,0,D,Monza,0,0,0,0,2022
1523,Danilo D&#039;Ambrosio,15,721,0,0.3231622837483883,2,1.1159177795052528,3,7,3,1,D S,Inter,0,0.3231622837483883,2.828417155891657,2.275546859949827,2022
1542,Stefan Radu,1,1,0,0,0,0,0,0,0,0,S,Lazio,0,0,0,0,2022
1555,Bartlomiej Dragowski,34,2946,0,0,1,0.46976399421691895,0,1,1,0,GK,Spezia,0,0,1.643395529128611,1.643395529128611,2022
1569,Valerio Verre,18,664,0,0.38655079901218414,0,1.046878706663847,14,13,5,0,M S,Sampdoria,0,0.38655079901218414,2.3559910226613283,1.1640450172126293,2022
1577,Marko Pjaca,17,506,0,0.6486202981323004,0,0.458277203142643,15,11,1,0,F M S,Empoli,0,0.6486202981323004,1.9323869366198778,1.3920416831970215,2022
1598,Manuel De Luca,2,37,0,0,0,0,0,0,0,0,S,Sampdoria,0,0,0,0,2022
1599,Norbert Gyömbér,27,1772,0,0.7806354649364948,1,0.529931552708149,8,3,5,0,D S,Salernitana,0,0.7806354649364948,3.3167254868894815,3.144677074626088,2022
1601,Riccardo Marchizza,10,277,0,0,1,0.1988411583006382,0,3,1,0,D S,Sassuolo,0,0,0.7481032907962799,0.5492614358663559,2022
1609,Antonio Mirante,1,1,0,0,0,0,0,0,0,0,S,AC Milan,0,0,0,0,2022
1631,Luca Zanimacchia,15,756,0,0.9467373881489038,0,0.6613525087013841,18,13,2,0,M S,Cremonese,0,0.9467373881489038,2.4599271416664124,1.292407626286149,2022
1643,Luca Marrone,2,140,0,0.05372469872236252,0,0,1,0,0,0,D,Monza,0,0.05372469872236252,0.30062879621982574,0.30062879621982574,2022
1740,Paul Pogba,6,99,0,0.49182533472776413,0,0.357405636459589,5,2,0,0,M S,Juventus,0,0.49182533472776413,0.949359942227602,0.11097313277423382,2022
1792,Mário Rui,22,1781,0,0.6809892188757658,6,3.1221845080144703,11,46,2,1,D S,Napoli,0,0.6809892188757658,12.43525730073452,11.270306251943111,2022
1830,Ionut Radu,9,810,0,0,0,0.19556960836052895,0,2,0,0,GK,Cremonese,0,0,0.3690148126333952,0.1734452024102211,2022
1841,Pierluigi Gollini,7,630,0,0,0,0,0,0,0,0,GK,"Fiorentina,Napoli",0,0,0.44138978980481625,0.44138978980481625,2022
1892,Alex Meret,34,3060,0,0,0,0,0,0,0,0,GK,Napoli,0,0,2.406762942671776,2.406762942671776,2022
1927,Berat Gjimshiti,24,1791,0,0.5439124777913094,1,0.18765262886881828,4,4,3,0,D S,Atalanta,0,0.5439124777913094,6.08601988106966,5.937966920435429,2022
1946,Pepín,25,1116,0,0.2993223574012518,2,1.117618684656918,10,9,4,0,M S,Monza,0,0.2993223574012518,6.295967036858201,5.163393458351493,2022
1970,Jaime Báez,2,92,0,0.07110530138015747,0,0.12485520355403423,2,2,0,0,M S,Cremonese,0,0.07110530138015747,0.18957330286502838,0.010418299585580826,2022
1971,Simone Romagnoli,7,153,0,0.012195849791169167,0,0,1,0,0,0,D S,Lecce,0,0.012195849791169167,0.007064579986035824,0.007064579986035824,2022
1989,Francesco Bardi,1,90,0,0,0,0,0,0,0,0,GK,Bologna,0,0,0,0,2022
2022,Samir Ujkani,1,6,0,0,0,0,0,0,0,0,S,Empoli,0,0,0,0,2022
2043,Kastriot Dermaku,1,31,0,0,0,0,0,0,0,0,S,Lecce,0,0,0,0,2022
2053,Martin Erlic,28,2329,0,0.19895491562783718,0,0.36902589350938797,4,2,2,0,D S,Sassuolo,0,0.19895491562783718,5.9080091416835785,5.9080091416835785,2022
2058,Filippo Romagna,2,44,0,0,0,0,0,0,0,0,S,Sassuolo,0,0,0.05952318385243416,0.05952318385243416,2022
2163,Diego Llorente,9,563,0,0.2525744028389454,0,0.09437569230794907,5,1,0,0,D S,Roma,0,0.2525744028389454,1.6798717100173235,1.6798717100173235,2022
2330,Guillermo Ochoa,20,1800,0,0,0,0,0,0,1,0,GK,Salernitana,0,0,1.8554285671561956,1.8554285671561956,2022
2437,Gonzalo Escalante,9,556,0,0.18323999643325806,1,0.21034890040755272,6,4,0,1,M S,Cremonese,0,0.18323999643325806,0.6173969991505146,0.3278623968362808,2022
3259,Adam Ounas,2,7,0,0.042177099734544754,0,0,1,0,0,0,S,Napoli,0,0.042177099734544754,0.042177099734544754,0,2022
3301,Salvatore Sirigu,1,90,0,0,0,0,0,0,0,0,GK,Fiorentina,0,0,0.13533300161361694,0.13533300161361694,2022
3356,Adama Soumaoro,23,1880,0,0.1942603960633278,0,0.016320500522851944,2,1,3,1,D S,Bologna,0,0.1942603960633278,3.8511825585737824,3.8511825585737824,2022
3429,Tiemoué Bakayoko,3,29,0,0,0,0,0,0,0,0,S,AC Milan,0,0,0.036088600754737854,0.036088600754737854,2022
3536,Jean-Victor Makengo,16,826,0,0.34307990223169327,1,0.3785401061177254,7,5,2,0,M S,Udinese,0,0.34307990223169327,3.139482531696558,2.618910687044263,2022
3567,Samuel Umtiti,25,2118,0,0.6503426562994719,0,0.07256474625319242,12,3,8,0,D S,Lecce,0,0.6503426562994719,2.8460891265422106,2.745433152653277,2022
3737,Mike Maignan,22,1980,0,0,1,0.020574431866407394,0,1,0,0,GK,AC Milan,0,0,3.1444975389167666,3.1239231070503592,2022
3739,Soualiho Meité,31,2383,0,0.41543175652623177,2,0.5776339061558247,17,14,5,0,M S,Cremonese,0,0.41543175652623177,4.274687374010682,3.672938199713826,2022
3772,Maxime Lopez,30,2298,0,0.9523587413132191,0,1.9877909943461418,16,32,11,0,M S,Sassuolo,0,0.9523587413132191,11.739112887531519,9.894963650032878,2022
3785,Kelvin Adou,30,2374,0,2.771627183072269,1,1.937776466831565,26,18,5,1,D S,Spezia,0,2.771627183072269,4.843680538237095,2.765018640086055,2022
3899,Mattia Valoti,16,434,0,0.11034080013632774,0,0.059662748128175735,2,3,1,0,F M S,Monza,0,0.11034080013632774,1.2629075217992067,1.2208103742450476,2022
3927,Alessio Cragno,1,90,0,0,0,0,0,0,0,0,GK,Monza,0,0,0.11983399838209152,0.11983399838209152,2022
3951,Kevin Bonifazi,13,894,0,0.15755949541926384,0,0.015031400602310896,2,2,2,0,D S,Bologna,0,0.15755949541926384,2.918904958758503,2.910178987774998,2022
3989,Salvatore Molina,5,214,0,0.04519379884004593,0,0.10757900029420853,1,2,1,0,D S,Monza,0,0.04519379884004593,0.4131043031811714,0.28517530113458633,2022
4699,Simon Kjaer,17,1020,0,0,0,0,0,0,4,0,D S,AC Milan,0,0,2.7921066749840975,2.7921066749840975,2022
4896,Andrew Gravillon,7,312,0,0.014631399884819984,0,0,1,0,2,0,D S,Torino,0,0.014631399884819984,1.1307533793151379,1.1161223836243153,2022
4907,Bartosz Bereszynski,18,1384,0,0.12090139836072922,1,0.4474230855703354,3,5,2,0,D M S,"Napoli,Sampdoria",0,0.12090139836072922,1.6474014781415462,1.1104292646050453,2022
4911,Alessio Zerbin,10,184,0,0.295865748077631,0,0,5,0,1,0,F M S,Napoli,0,0.295865748077631,0.6070655155926943,0.3111997824162245,2022
4920,Matteo Gabbia,12,605,0,0.011826099827885628,0,0,1,0,2,0,D S,AC Milan,0,0.011826099827885628,1.0931802652776241,1.0931802652776241,2022
4939,Alessandro Bastoni,29,2173,0,1.223291590809822,2,3.0262933168560266,12,15,3,0,D S,Inter,0,1.223291590809822,13.362329319119453,12.049552643671632,2022
4940,Francesco Rossi,1,1,0,0,0,0,0,0,0,0,S,Atalanta,0,0,0,0,2022
4956,Michele Cerofolini,5,450,0,0,0,0,0,0,0,0,GK,Fiorentina,0,0,0.2834375575184822,0.2834375575184822,2022
4970,Luca Pellegrini,7,167,0,0.1127314642071724,0,0.14145461097359657,3,4,3,0,D S,Lazio,0,0.1127314642071724,0.6133130639791489,0.41745397448539734,2022
4984,Wladimiro Falcone,38,3420,0,0,0,0.08812078647315502,0,3,2,0,GK,Lecce,0,0,0.8154107015579939,0.7272898014634848,2022
5056,Marlon Santos,28,1585,0,0.13730218540877104,0,0.47025200724601746,5,1,7,1,D S,Monza,0,0.13730218540877104,4.036570514552295,4.008282112888992,2022
5103,Martin Hongla,9,535,0,0.11539170145988464,0,0.6656009946018457,5,3,4,0,M S,Verona,0,0.11539170145988464,1.543292697519064,0.7622974030673504,2022
5226,Walace,37,3215,0,0.833811528980732,1,1.4189815446734428,32,18,6,0,M,Udinese,0,0.833811528980732,10.0751379635185,8.777721581980586,2022
5240,Ondrej Duda,15,1068,0,0.9412492299452424,0,0.4823623951524496,13,5,4,0,M S,Verona,0,0.9412492299452424,2.0484263030812144,1.1105312947183847,2022
5246,Diego Demme,7,144,0,0,0,0.01380079984664917,0,1,0,0,M S,Napoli,0,0,0.6965457871556282,0.6965457871556282,2022
5353,Josip Brekalo,6,221,0,0.4959100456908345,0,0.6673551648855209,5,7,1,0,M S,Fiorentina,0,0.4959100456908345,1.9713034965097904,1.0028591863811016,2022
5996,Adrien Tameze,37,3060,0,1.4208861012011766,0,0.9434823310002685,12,22,3,0,D M S,Verona,0,1.4208861012011766,5.653988944366574,3.569359024055302,2022
6132,Marco Silvestri,38,3420,0,0,0,0,0,0,0,0,GK,Udinese,0,0,3.887898661196232,3.887898661196232,2022
6147,Denis Zakaria,2,121,0,0,0,0,0,0,0,0,M S,Juventus,0,0,0.19222299754619598,0.19222299754619598,2022
6148,Michaël Cuisance,12,632,0,0.5691805090755224,0,0.5811482891440392,10,6,1,0,M S,Sampdoria,0,0.5691805090755224,1.699144508689642,0.7969156838953495,2022
6167,Vanja Milinkovic-Savic,38,3420,0,0,0,0.29288968443870544,0,1,4,0,GK,Torino,0,0,4.955102677457035,4.6622130228206515,2022
6175,Petko Hristov,9,363,0,0.03492800146341324,0,0,1,0,0,0,D S,Spezia,0,0.03492800146341324,0.3713291957974434,0.3713291957974434,2022
6176,Adam Marusic,33,2776,0,0.9903630316257477,2,1.5662768110632896,17,9,8,0,D S,Lazio,0,0.9903630316257477,11.722129197791219,10.488246468827128,2022
6180,Manuel Lazzari,28,1896,0,0.3667462859302759,0,0.6922378353774548,6,10,8,0,D S,Lazio,0,0.3667462859302759,7.964702799916267,7.375273931771517,2022
6191,Lorenzo Venuti,17,931,0,0.5875107198953629,1,0.4400019682943821,7,8,2,0,D S,Fiorentina,0,0.5875107198953629,2.3133576307445765,1.4372521732002497,2022
6206,Bram Nuytinck,25,1898,0,0.20572990737855434,1,0.591020505875349,5,3,5,0,D S,"Sampdoria,Udinese",0,0.20572990737855434,2.6773003060370684,2.5682002920657396,2022
6239,Junior Sambia,22,687,0,0.6149396263062954,1,1.5165317878127098,13,7,3,0,D S,Salernitana,0,0.6149396263062954,2.4719428047537804,1.538977125659585,2022
6289,Santiago Ascacibar,13,719,0,0.32454109750688076,0,0.23948379792273045,14,8,1,0,M S,Cremonese,0,0.32454109750688076,1.6430711932480335,1.2236735001206398,2022
6312,Rogerio,36,3007,0,0.4667069837450981,3,2.333991654217243,15,30,5,1,D S,Sassuolo,0,0.4667069837450981,11.647275881841779,9.810082569718361,2022
6316,Panagiotis Retsos,2,118,0,0.06625080108642578,0,0.021411199122667313,1,1,0,0,D S,Verona,0,0.06625080108642578,0.021411199122667313,0,2022
6324,Marash Kumbulla,7,262,0,0.012832099571824074,0,0.06422209739685059,1,1,1,1,D S,Roma,0,0.012832099571824074,1.0130746439099312,1.0130746439099312,2022
6352,Valentino Lazaro,23,1388,0,0.4718340002000332,3,2.9764944091439247,7,30,4,0,D M S,Torino,0,0.4718340002000332,4.73222528398037,2.8800638541579247,2022
6362,Rick Karsdorp,13,714,0,0.10560799762606621,0,0.9117363914847374,2,6,0,0,D S,Roma,0,0.10560799762606621,2.1953178122639656,1.9626926854252815,2022
6369,Ethan Ampadu,31,2670,0,1.311162226833403,1,0.9822897519916296,16,13,8,1,D M,Spezia,0,1.311162226833403,5.243450621142983,4.331619447097182,2022
6412,Raoul Bellanova,18,464,0,0.8140232898294926,0,0.7876065224409103,4,3,0,0,D S,Inter,0,0.8140232898294926,3.0176055133342743,1.5821847803890705,2022
6585,Kristijan Bistrovic,11,464,0,0.4617681000381708,0,0.36791860312223434,8,6,0,0,M S,Lecce,0,0.4617681000381708,0.8901818115264177,0.7162699028849602,2022
6672,Riccardo Sottil,18,840,0,0.8892761254683137,2,1.0911845155060291,21,15,1,0,F M S,Fiorentina,0,0.8892761254683137,3.5060180760920048,1.825381588190794,2022
6696,Luca Ranieri,9,502,0,0.06276130676269531,0,0.014254000037908554,1,1,1,0,D S,Fiorentina,0,0.06276130676269531,2.577674798667431,2.577674798667431,2022
6706,Ndary Adopo,9,246,0,0.08465209975838661,0,0.03467309847474098,2,1,1,0,D M S,Torino,0,0.08465209975838661,0.22217769641429186,0.14880589302629232,2022
6750,Gonzalo Villar,15,689,0,0.01955989934504032,0,0,1,0,2,0,M S,Sampdoria,0,0.01955989934504032,1.1865397496148944,1.1865397496148944,2022
6762,Yacine Adli,6,137,0,0.16355990804731846,0,0.16803161427378654,2,2,1,0,M S,AC Milan,0,0.16355990804731846,0.5369165036827326,0.3245677091181278,2022
6849,Rui Patrício,35,3150,0,0,0,0,0,0,1,0,GK,Roma,0,0,3.0333296917378902,3.0333296917378902,2022
6872,Mehmet Zeki Çelik,24,1487,0,0.3334616655483842,1,2.079883361235261,5,15,5,1,D M S,Roma,0,0.3334616655483842,7.367225928232074,5.809961840510368,2022
6977,Pietro Terracciano,29,2610,0,0,0,0,0,0,1,0,GK,Fiorentina,0,0,3.923118846490979,3.923118846490979,2022
6982,Ivan Provedel,38,3413,0,0,0,0.030830800533294678,0,1,1,0,GK S,Lazio,0,0,6.038887968286872,6.008057167753577,2022
6986,Hamed Junior Traore,11,588,0,0.9046565983444452,3,1.490077380090952,8,17,1,0,F M S,Sassuolo,0,0.9046565983444452,2.9361763671040535,1.5744380056858063,2022
6997,Ignacio Pussetto,5,140,0,0.18906079977750778,0,0.31737281009554863,2,2,1,0,M S,Sampdoria,0,0.18906079977750778,0.44963301718235016,0.030026700347661972,2022
7002,Giangiacomo Magnani,24,1538,0,0.26229368802160025,1,0.15777188446372747,7,5,7,1,D S,Verona,0,0.26229368802160025,0.8947161510586739,0.7755732219666243,2022
7095,Juan Musso,24,2077,0,0,0,0.07228939980268478,0,1,1,0,GK,Atalanta,0,0,5.629459688439965,5.557170387357473,2022
7097,Ronaldo Vieira,18,833,0,0.6341766137629747,0,0,6,0,3,0,M S,"Sampdoria,Torino",0,0.6341766137629747,1.915165711659938,1.3187218983657658,2022
7243,Alessandro Russo,1,90,0,0,0,0,0,0,0,0,GK,Sassuolo,0,0,0.05952318385243416,0.05952318385243416,2022
7333,Caleb Okoli,17,944,0,0.7267578430473804,0,0,7,0,2,0,D S,Atalanta,0,0.7267578430473804,2.9623250141739845,2.679384171962738,2022
7508,Karim Zedadka,3,15,0,0,0,0,0,0,0,0,S,Napoli,0,0,0,0,2022
7742,Valentin Gendrey,37,3111,0,0.8668723739683628,2,2.6427145758643746,10,27,4,0,D S,Lecce,0,0.8668723739683628,7.145823913626373,4.896775901317596,2022
7755,Domagoj Bradaric,31,2246,0,0.16739380080252886,3,2.1315212892368436,7,17,5,0,D M S,Salernitana,0,0.16739380080252886,5.198137263767421,3.404341778717935,2022
7910,Szymon Zurkowski,12,437,0,0.8852673880755901,0,0,9,0,1,0,M S,"Fiorentina,Spezia",0,0.8852673880755901,1.2932447809726,0.43632950633764267,2022
7925,Liam Henderson,25,989,0,0.4745572470128536,1,2.013968663290143,12,18,9,0,M S,Empoli,0,0.4745572470128536,4.68303988315165,3.968433963134885,2022
7927,Sofyan Amrabat,29,2016,0,0.39908898528665304,1,0.8093137331306934,13,13,11,0,M S,Fiorentina,0,0.39908898528665304,6.862615097314119,6.0074623469263315,2022
7933,Jerdy Schouten,33,2537,0,0.2933905953541398,2,1.721301943063736,8,19,3,0,M S,Bologna,0,0.2933905953541398,7.8111078934744,7.151580695994198,2022
7943,Igor Julio,27,2054,0,0.3714955039322376,0,0.37766479700803757,7,4,8,1,D S,Fiorentina,0,0.3714955039322376,4.296716351993382,3.9920226158574224,2022
7950,Mert Müldür,2,11,0,0,0,0,0,0,0,0,D S,Sassuolo,0,0,0,0,2022
8007,Yildirim Mert Cetin,1,20,0,0,0,0,0,0,0,0,D,Lecce,0,0,0,0,2022
8009,Antonino Gallo,32,2483,0,0.518067067489028,1,1.8089760625734925,10,38,3,1,D S,Lecce,0,0.518067067489028,4.689418321475387,2.707048837095499,2022
8010,Kevin Agudelo,34,2147,0,1.3218162693083286,1,2.9985636109486222,28,27,5,0,F M S,Spezia,0,1.3218162693083286,5.306148409843445,1.6180650666356087,2022
8030,Sebastian Walukiewicz,11,593,0,0.20788981020450592,0,0.06734400242567062,2,1,0,0,D S,Empoli,0,0.20788981020450592,0.6240466572344303,0.5567026548087597,2022
8035,Samuel Di Carmine,2,23,0,0.053939301520586014,0,0,1,0,0,0,S,Cremonese,0,0.053939301520586014,0.053939301520586014,0,2022
8232,Andrea Carboni,4,161,0,0.0696823000907898,0,0.31784600019454956,1,1,0,0,D S,Monza,0,0.0696823000907898,0.35392990056425333,0.03608390036970377,2022
8244,Dylan Bronn,24,1689,0,0.41633089631795883,0,0.28431509621441364,8,5,4,1,D S,Salernitana,0,0.41633089631795883,2.7686516465619206,2.6985116275027394,2022
8303,Marin Pongracic,9,794,0,0.013778099790215492,0,0.11336819641292095,1,2,2,0,D,Lecce,0,0.013778099790215492,1.320097791031003,1.2067287843674421,2022
8309,Kristoffer Askildsen,21,710,0,0.41414483916014433,0,0.5065091382712126,10,7,3,0,M S,Lecce,0,0.41414483916014433,1.502536976709962,1.1428260076791048,2022
8359,Oliver Abildgaard,13,564,0,0.06141820643097162,0,0.27165310084819794,3,6,2,0,M S,Verona,0,0.06141820643097162,0.8223571963608265,0.671891126781702,2022
8378,Malick Thiaw,20,1359,0,1.1181033849716187,0,0.13660759665071964,8,2,5,0,D S,AC Milan,0,1.1181033849716187,7.309786159545183,7.064704983495176,2022
8512,Filippo Terracciano,20,797,0,0.08906437316909432,1,1.2977416329085827,5,8,2,0,D M S,Verona,0,0.08906437316909432,1.383052436169237,0.7783350646495819,2022
8522,Matteo Lovato,17,787,0,0.022106600925326347,0,0,1,0,2,0,D S,Salernitana,0,0.022106600925326347,1.436126945540309,1.4140203446149826,2022
8632,Enzo Ebosse,20,904,0,0.06466300133615732,0,0.020490799099206924,3,1,3,0,D S,Udinese,0,0.06466300133615732,2.7276640869677067,2.7071732878684998,2022
8639,Brandon Soppy,16,738,0,0.3829770162701607,3,2.0403787503018975,9,13,3,0,D M S,"Atalanta,Udinese",0,0.3829770162701607,3.9426916679367423,2.0717943208292127,2022
8663,Flavius Daniliuc,27,2198,0,0.7919763494282961,2,0.5269937962293625,10,7,10,0,D S,Salernitana,0,0.7919763494282961,3.522017750889063,3.121614780277014,2022
8805,Deyovaisio Zeefuik,1,9,0,0,0,0,0,0,0,0,S,Verona,0,0,0,0,2022
8819,Mergim Vojvoda,29,1704,0,1.622195415198803,5,4.022884428501129,23,23,3,0,D M S,Torino,0,1.622195415198803,8.919946549460292,5.675688931718469,2022
8820,Jacopo Segre,1,19,0,0,0,0,0,0,0,0,S,Torino,0,0,0,0,2022
8858,Guglielmo Vicario,31,2784,0,0,0,0,0,0,3,0,GK,Empoli,0,0,2.2249075658619404,2.2249075658619404,2022
8860,Nicola Ravaglia,9,810,0,0,0,0,0,0,0,0,GK,Sampdoria,0,0,1.0679433960467577,1.0679433960467577,2022
8871,Marco Carnesecchi,27,2430,0,0,1,0.41157571971416473,0,2,1,0,GK,Cremonese,0,0,1.3965469785034657,1.0035979934036732,2022
8872,Matteo Ruggeri,15,812,0,0.41005480103194714,1,1.1226284988224506,10,10,3,0,D M S,Atalanta,0,0.41005480103194714,4.268800996243954,3.154544737190008,2022
8881,Lorenzo Montipò,37,3330,0,0,0,0,0,0,1,0,GK,Verona,0,0,1.144203602336347,1.144203602336347,2022
8884,Alessandro Tuia,7,515,0,0.08242890238761902,0,0.016248999163508415,2,1,1,0,D S,Lecce,0,0.08242890238761902,0.1842466965317726,0.1679976973682642,2022
8908,Jeroen Zoet,5,335,0,0,0,0,0,0,1,0,GK S,Spezia,0,0,0.0699850395321846,0.0699850395321846,2022
8914,Salvador Ferrer,5,125,0,0,0,0.02643680013716221,0,1,0,0,S,Spezia,0,0,0.17563866451382637,0.14920186437666416,2022
8944,Giulio Maggiore,16,888,0,0.3336095353588462,0,0.7266896851360798,6,3,2,0,M S,Salernitana,0,0.3336095353588462,3.280711437575519,3.2585934503003955,2022
8979,Sergiño Dest,8,312,0,0.37978628650307655,0,0.290605703368783,2,4,0,0,D S,AC Milan,0,0.37978628650307655,2.2431370578706264,1.6795950569212437,2022
9023,Ajdin Hrustic,6,228,0,0.20804700255393982,0,0.5612438954412937,3,3,0,0,M S,Verona,0,0.20804700255393982,0.6015086993575096,0.35326380655169487,2022
9057,Franco Ezequiel Carboni,3,57,0,0.09043300151824951,0,0.020423900336027145,1,1,0,0,S,Monza,0,0.09043300151824951,0.11085690185427666,0,2022
9071,Matteo Cancellieri,20,203,0,0.32208190113306046,0,0.5077834129333496,6,3,4,0,F S,Lazio,0,0.32208190113306046,0.8203036114573479,0.07639319822192192,2022
9085,Martin Turk,4,360,0,0,0,0,0,0,0,0,GK,Sampdoria,0,0,0.267400324344635,0.267400324344635,2022
9090,Ardian Ismajli,25,2092,0,0.5891123935580254,0,0.23248989880084991,9,5,3,0,D S,Empoli,0,0.5891123935580254,3.007446203380823,2.906486313790083,2022
9138,Tommaso Milanese,2,20,0,0,0,0.13127990067005157,0,3,0,0,S,Cremonese,0,0,0.09080000221729279,0,2022
9322,Alessandro Bianco,7,148,0,0.05339269898831844,0,0.009255819953978062,2,1,1,0,M S,Fiorentina,0,0.05339269898831844,0.3219158798456192,0.2592680901288986,2022
9334,Jayden Braaf,6,274,0,0.775022067129612,0,0.11224985495209694,9,2,1,0,M S,Verona,0,0.775022067129612,1.0284518152475357,0.1411793939769268,2022
9337,Valentin Antov,9,292,0,0,0,0.02324659936130047,0,1,2,0,D S,Monza,0,0,1.328463532961905,1.3052175426855683,2022
9344,Viktor Kovalenko,18,545,0,1.2806629575788975,0,0.6360156089067459,11,6,1,0,M S,Spezia,0,1.2806629575788975,1.8382552526891232,0.4223183551803231,2022
9425,Emil Bohinen,24,815,0,0.11505133006721735,0,0.5488790143281221,4,12,0,0,M S,Salernitana,0,0.11505133006721735,1.7971084481105208,1.4295776318758726,2022
9539,Antonio Raimondo,2,7,0,0,0,0,0,0,0,0,S,Bologna,0,0,0,0,2022
9559,Marco Bertini,1,1,0,0,0,0,0,0,0,0,S,Lazio,0,0,0,0,2022
9841,Andrea Cambiaso,32,2171,0,0.8140921071171761,3,2.368232011795044,17,28,2,0,D M S,Bologna,0,0.8140921071171761,6.691830372437835,4.884805609472096,2022
9847,Luís Maximiano,1,5,0,0,0,0,0,0,0,1,GK,Lazio,0,0,0,0,2022
9854,Kristjan Asllani,20,567,0,0.44141157157719135,0,0.6525243744254112,11,11,2,0,M S,Inter,0,0.44141157157719135,3.365250429138541,3.189974507316947,2022
9856,Emmanuel Ekong,2,17,0,0.018692899495363235,0,0,1,0,0,0,S,Empoli,0,0.018692899495363235,0.018692899495363235,0,2022
9868,Julian Kristoffersen,1,16,0,0,0,0,0,0,0,0,S,Salernitana,0,0,0,0,2022
9878,Pietro Ceccaroni,2,35,0,0.05922909826040268,0,0.03975878655910492,2,1,0,0,S,Lecce,0,0.05922909826040268,0.012397998943924904,0,2022
9892,Matias Viña,3,56,0,0,0,0.08921249955892563,0,1,0,0,D S,Roma,0,0,0.08921249955892563,0,2022
9893,Youssef Maleh,24,980,0,0.8603933043777943,1,0.6259836331009865,13,12,5,0,M S,"Fiorentina,Lecce",0,0.8603933043777943,2.60530786216259,1.3491609003394842,2022
9896,Petar Zovko,1,73,0,0,0,0,0,0,0,0,S,Spezia,0,0,0,0,2022
9903,Domen Crnigoj,7,300,0,0.05876449868083,0,0.20077960193157196,1,2,1,0,M S,Salernitana,0,0.05876449868083,0.5329606104642153,0.3780906070023775,2022
9935,Aster Vranckx,9,222,0,0.035172101110219955,0,0.36065998673439026,2,1,1,0,M S,AC Milan,0,0.035172101110219955,0.8675524443387985,0.4717204421758652,2022
9964,Koni de Winter,14,1019,0,0,0,0.08327840082347393,0,2,3,0,D S,Empoli,0,0,0.48063889890909195,0.48063889890909195,2022
9966,Fabio Miretti,27,1224,0,2.226631075143814,2,1.8929376434534788,20,17,2,0,M S,Juventus,0,2.226631075143814,6.620300171896815,4.467609850689769,2022
9982,David Zima,9,400,0,0.6360754910856485,0,0.09018309786915779,4,2,0,0,D S,Torino,0,0.6360754910856485,0.6495340913534164,0.5794433150440454,2022
10012,Jakub Kiwior,17,1452,0,0.6478291042149067,0,0.603023998439312,9,4,3,0,D M,Spezia,0,0.6478291042149067,1.3383745020255446,0.8842264069244266,2022
10023,David Strelec,7,165,0,0.573248490691185,0,0.11548600345849991,3,1,0,0,F S,Spezia,0,0.573248490691185,0.2473404984921217,0.06521170027554035,2022
10059,Gerard Yepes,5,191,0,0.06509850174188614,0,0.01955989934504032,1,1,2,0,M S,Sampdoria,0,0.06509850174188614,0.173515098169446,0.10841630212962627,2022
10076,Filippo Missori,3,181,0,0,0,0,0,0,1,0,D S,Roma,0,0,0.7619778290390968,0.7619778290390968,2022
10077,Felix Afena-Gyan,23,794,0,1.573454374447465,0,0.13653730228543282,21,3,4,0,F M S,Cremonese,0,1.573454374447465,2.2429215647280216,0.9630447197705507,2022
10088,Niklas Pyyhtia,6,88,0,0.3497706949710846,1,0.16574937850236893,3,2,0,0,S,Bologna,0,0.3497706949710846,0.5518059656023979,0.036285899579524994,2022
10139,Mattia Zanotti,2,25,0,0,0,0.10716299712657928,0,1,0,0,S,Inter,0,0,0.10716299712657928,0,2022
10169,Diego Coppola,19,1154,0,0.2697019949555397,0,0,3,0,5,0,D S,Verona,0,0.2697019949555397,1.550330376252532,1.449889374896884,2022
10232,Ruan,23,1734,0,0.945482486858964,0,0.019350040704011917,5,1,9,3,D S,Sassuolo,0,0.945482486858964,2.46853306889534,2.46853306889534,2022
10237,Leo Østigard,7,412,0,0.06350997276604176,0,0,3,0,1,0,D S,Napoli,0,0.06350997276604176,2.3383982833474874,2.3280232902616262,2022
10265,Nicolò Cocetta,1,29,0,0,0,0,0,0,0,0,S,Udinese,0,0,0.009854878298938274,0.009854878298938274,2022
10303,Jacopo Fazzini,21,812,0,0.9704465474933386,0,0.7732232045382261,14,9,4,0,M S,Empoli,0,0.9704465474933386,2.3094176799058914,1.0170093085616827,2022
10336,Tommaso De Nipoti,1,1,0,0,0,0,0,0,0,0,S,Atalanta,0,0,0,0,2022
10343,Antonio Iervolino,1,1,0,0,0,0,0,0,0,0,S,Salernitana,0,0,0.6687952876091003,0.6687952876091003,2022
10376,Marko Lazetic,1,7,0,0.05758669972419739,0,0,1,0,1,0,S,AC Milan,0,0.05758669972419739,0.05758669972419739,0,2022
10384,Denso Kasius,7,341,0,0.12694119662046432,2,1.1126399785280228,4,5,1,0,D M S,Bologna,0,0.12694119662046432,1.8289993647485971,0.6912096012383699,2022
10385,Liberato Cacace,12,573,0,0.3184853848069906,0,0.7195627372711897,7,7,1,0,D S,Empoli,0,0.3184853848069906,1.0453370325267315,0.8732879441231489,2022
10393,Emil Ceïde,19,479,0,1.1233562361449003,1,1.4800910614430904,10,8,0,0,F S,Sassuolo,0,1.1233562361449003,3.2437249831855297,0.7564365416765213,2022
10396,Demba Seck,19,501,0,0.8866260163486004,0,0.6646369472146034,10,6,0,0,F M S,Torino,0,0.8866260163486004,2.6749619841575623,1.1236978275701404,2022
10425,Daniele Montevago,6,232,0,0.5798349939286709,0,0.19556473847478628,7,4,1,0,F S,Sampdoria,0,0.5798349939286709,0.7314657140523195,0,2022
10577,Mario Gila,4,73,0,0,0,0,0,0,0,0,S,Lazio,0,0,1.0836139619350433,1.0836139619350433,2022
10596,Simone Pafundi,8,54,0,0.01817449927330017,0,0.10994109883904457,1,3,0,0,S,Udinese,0,0.01817449927330017,0.10307079739868641,0.07031659781932831,2022
10615,Duccio Degli Innocenti,1,1,0,0,0,0,0,0,0,0,S,Empoli,0,0,0,0,2022
10877,Charles De Ketelaere,32,1071,0,2.647942738607526,1,2.665880348533392,19,20,2,0,M S,AC Milan,0,2.647942738607526,9.00316684693098,4.739595953375101,2022
10879,Festy Ebosele,17,385,0,0.21065199933946133,1,0.832483746111393,4,5,4,0,D S,Udinese,0,0.21065199933946133,1.10084555670619,0.1728477030992508,2022
10880,Axel Guessand,1,82,0,0,0,0,0,0,0,0,D,Udinese,0,0,0,0,2022
10881,James Abankwah,2,62,0,0,0,0,0,0,0,0,D S,Udinese,0,0,0,0,2022
10882,Lorenzo Malagrida,6,99,0,0.15081725269556046,0,0.06995078176259995,2,2,2,0,S,Sampdoria,0,0.15081725269556046,0.3057148214429617,0.15489756874740124,2022
10890,Michele Di Gregorio,37,3330,0,0,1,0.1993340104818344,0,1,0,0,GK,Monza,0,0,3.494345225393772,3.295011229813099,2022
10892,Samuele Birindelli,31,1385,0,1.1182987736538053,1,1.7004088154062629,14,18,8,0,D M S,Monza,0,1.1182987736538053,5.152582303620875,3.239078818820417,2022
10897,Samuele Vignato,5,47,0,0.034041713923215866,1,0.3808075487613678,1,2,0,0,S,Monza,0,0.034041713923215866,1.2584771364927292,0.8436278998851776,2022
10898,Warren Bondo,4,50,0,0.046109601855278015,0,0,1,0,1,0,S,Monza,0,0.046109601855278015,0.046109601855278015,0.046109601855278015,2022
10899,Emirhan Ilkhan,12,186,0,0.044055890291929245,0,0.08149616047739983,3,2,1,0,M S,"Sampdoria,Torino",0,0.044055890291929245,1.1882013641297817,1.1441452763974667,2022
10900,Brian Bayeye,2,58,0,0,0,0.012273493222892284,0,1,0,0,M S,Torino,0,0,0.12279249262064695,0.11051899939775467,2022
10903,Morten Hjulmand,35,2967,0,0.491272771731019,4,1.794936815276742,17,25,9,1,M S,Lecce,0,0.491272771731019,7.8714766800403595,6.6831129267811775,2022
10906,Thórir Helgason,12,200,0,0.05256977956742048,0,0.5119712520390749,2,4,0,0,M S,Lecce,0,0.05256977956742048,0.1699342830106616,0.16286970302462578,2022
10907,Marcin Listkowski,5,63,0,0.07146249711513519,0,0,1,0,0,0,S,Lecce,0,0.07146249711513519,0.09119339659810066,0.01973089948296547,2022
10909,Joel Voelkerling Persson,9,75,0,0.03487385809421539,0,0.0231029000133276,1,1,0,0,S,Lecce,0,0.03487385809421539,0.17474209517240524,0.139868238940835,2022
10911,Pablo Rodríguez,4,42,0,0,0,0.014759600162506104,0,1,0,0,S,Lecce,0,0,0.031315699219703674,0.01655610091984272,2022
10913,André Onana,24,2160,0,0,0,0.09796197339892387,0,3,1,0,GK,Inter,0,0,5.456124410033226,5.393919620662928,2022
10938,Emanuel Aiwu,23,1637,0,0.07586623169481754,0,0.1516227712854743,3,4,3,0,D S,Cremonese,0,0.07586623169481754,1.7030266216024756,1.5427827052772045,2022
10940,Giacomo Quagliata,20,679,0,0.3579525062814355,1,0.705325985327363,9,13,0,1,D M S,Cremonese,0,0.3579525062814355,1.285959213040769,0.7513819970190525,2022
10941,Christian Acella,1,13,0,0,0,0,0,0,0,0,S,Cremonese,0,0,0,0,2022
10957,Mikael Ellertsson,11,138,0,0.10697200149297714,0,0.021323900669813156,2,1,3,0,M S,Spezia,0,0.10697200149297714,0.3444938063621521,0.21619800478219986,2022
10964,Diego Valencia,12,203,0,0.040850598365068436,0,0.09622399881482124,1,2,1,0,S,Salernitana,0,0.040850598365068436,0.24931550212204456,0.11224119924008846,2022
10967,Mile Svilar,3,270,0,0,0,0,0,0,1,0,GK,Roma,0,0,0.3965464234352112,0.3965464234352112,2022
10984,Alessandro Cortinovis,1,5,0,0,0,0,0,0,0,0,S,Verona,0,0,0.031080899760127068,0.031080899760127068,2022
10985,Sulemana,16,627,0,0.23869432043284178,0,0.20535702910274267,9,5,4,0,M S,Verona,0,0.23869432043284178,1.0529716918244958,0.838945783674717,2022
10993,Federico Gatti,18,1443,0,0.4284385833889246,0,1.033487942069769,13,6,4,0,D S,Juventus,0,0.4284385833889246,3.0658586639910936,2.8941859770566225,2022
10996,Luca D&#039;Andrea,5,330,0,0.3176851961761713,1,0.7022525891661644,7,10,0,0,F,Sassuolo,0,0.3176851961761713,1.0461333151906729,0.05266889929771423,2022
11008,Perr Schuurs,30,2334,0,0.9287161212414503,2,1.0663854666054249,14,7,5,0,D S,Torino,0,0.9287161212414503,7.2775363605469465,6.548052653670311,2022
11012,Leandro Sanca,4,23,0,0,0,0,0,0,0,0,S,Spezia,0,0,0,0,2022
11021,Joaquín Sosa,10,682,0,0.038117313757538795,0,0,3,0,2,0,D S,Bologna,0,0.038117313757538795,0.8887905506417155,0.882485150359571,2022
11022,Simone Perilli,1,90,0,0,0,0,0,0,0,0,GK,Verona,0,0,0.05028050020337105,0.05028050020337105,2022
11036,Michele Castagnetti,27,1402,0,0.47357001155614853,1,1.772659558802843,12,25,2,0,M S,Cremonese,0,0.47357001155614853,4.723732424899936,3.4107125028967857,2022
11038,Jhon Lucumí,33,2906,0,0.597507655620575,1,0.3969262149184942,11,9,8,0,D,Bologna,0,0.597507655620575,7.856628499925137,7.647861702367663,2022
11040,Julius Beck,1,8,0,0,0,0,0,0,0,0,S,Spezia,0,0,0.05703429877758026,0.05703429877758026,2022
11052,Telasco Segovia,1,1,0,0,0,0,0,0,0,0,S,Sampdoria,0,0,0.01705707423388958,0.01705707423388958,2022
11053,Isak Hien,32,2601,0,0.20339818112552166,0,0.07128220051527023,3,2,9,0,D S,Verona,0,0.20339818112552166,2.1519743874669075,2.0806921888142824,2022
11054,Juan Cabal,11,437,0,0.014430150389671326,0,0.1298690978437662,1,2,3,0,D S,Verona,0,0.014430150389671326,0.7122534289956093,0.6704411786049604,2022
11080,Valentín Carboni,5,16,0,0,0,0.01511939987540245,0,1,0,0,S,Inter,0,0,0.11192820221185684,0.09680870175361633,2022
11096,Vivaldo Semedo,5,23,0,0.057865243405103683,0,0,1,0,0,0,S,Udinese,0,0.057865243405103683,0.057865243405103683,0,2022
11097,Mady Camara,15,709,0,0.3677240628749132,0,0.4072929732501507,11,3,3,0,M S,Roma,0,0.3677240628749132,2.4740569461137056,1.818588824942708,2022
11117,Jack Hendry,4,217,0,0,0,0.039395298808813095,0,1,1,0,D S,Cremonese,0,0,0.22653089836239815,0.18713559955358505,2022
11139,Tommaso Barbieri,3,110,0,0,0,0,0,0,0,0,D S,Juventus,0,0,0.017402879893779755,0.017402879893779755,2022
11140,Enzo Barrenechea,3,164,0,0.045237401500344276,0,0.021872099488973618,2,1,0,0,M,Juventus,0,0.045237401500344276,0.17425920069217682,0.1523870974779129,2022
11178,Benjamin Tahirovic,11,349,0,0,0,0.10594697017222643,0,4,1,0,M S,Roma,0,0,0.9603355508297682,0.9206289798021317,2022
11187,Leonardo Buta,2,9,0,0,0,0,0,0,0,0,S,Udinese,0,0,0.15147338807582855,0.15147338807582855,2022
11220,Lukas Vorlicky,3,18,0,0.04043630138039589,0,0,1,0,0,0,S,Atalanta,0,0.04043630138039589,0.10735400021076202,0.06691820174455643,2022
11274,Flavio Paoletti,12,261,0,0,0,0.0294646006077528,0,1,1,0,M S,Sampdoria,0,0,0.5179407801479101,0.5179407801479101,2022
11276,João Moutinho,4,46,0,0,0,0.021666500717401505,0,1,0,0,S,Spezia,0,0,0.021666500717401505,0,2022
11278,Gvidas Gineitis,3,137,0,0.016109000891447067,0,0,1,0,2,0,M S,Torino,0,0.016109000891447067,0.5595239996910095,0.5434149950742722,2022
11280,Jordan Majchrzak,1,7,0,0,0,0,0,0,0,0,S,Roma,0,0,0,0,2022
11308,Tommaso Cassandro,1,12,0,0,0,0,0,0,0,0,S,Lecce,0,0,0,0,2022
11326,Raimonds Krollis,4,27,0,0.07790227234363556,0,0.021069439128041267,2,1,0,0,S,Spezia,0,0.07790227234363556,0.1557604745030403,0.07785789668560028,2022
11327,Tio Cipot,8,120,0,0.03038400039076805,0,0.18731337040662766,2,3,0,0,S,Spezia,0,0.03038400039076805,0.12486754357814789,0.07287364453077316,2022
11329,Herculano Nabian,1,1,0,0,0,0,0,0,0,0,S,Empoli,0,0,0,0,2022
11398,Mihailo Ivanovic,1,2,0,0,0,0,0,0,0,0,S,Sampdoria,0,0,0,0,2022
11470,Niccolò Pisilli,1,1,0,0,0,0,0,0,0,0,S,Roma,0,0,0,0,2022
11482,Alberto Basso,1,11,0,0.06753109395503998,0,0,1,0,0,0,S,Cremonese,0,0.06753109395503998,0.06753109395503998,0,2022
11627,Samuel Ntanda,1,1,0,0.052893705666065216,0,0,1,0,0,0,S,Sampdoria,0,0.052893705666065216,0.052893705666065216,0.052893705666065216,2022
7006,Lautaro Martínez,33,2688,24,19.917103573679924,3,4.22837570309639,109,36,5,0,F S,Inter,22,17.633207097649574,29.067481845617294,11.011354323476553,2023
7084,Dusan Vlahovic,33,2346,16,18.15998312085867,4,2.7414223439991474,110,29,6,1,F S,Juventus,14,15.114787809550762,15.924202740192413,3.548745024949312,2023
502,Olivier Giroud,35,2397,15,15.56334208138287,8,5.820083811879158,77,32,1,1,F S,AC Milan,11,11.756847977638245,15.760634485632181,2.256007954478264,2023
5322,Victor Osimhen,25,2015,15,17.077908156439662,3,3.6298218183219433,90,24,4,1,F S,Napoli,12,13.271414129063487,17.016105957329273,3.5706963166594505,2023
10366,Albert Gudmundsson,35,3034,14,10.58288561925292,4,5.503198656253517,56,79,4,0,F M S,Genoa,10,6.776391487568617,11.851484376937151,3.6251121954992414,2023
189,Hakan Calhanoglu,32,2618,13,9.97734544146806,3,4.402719554491341,62,51,5,0,M,Inter,3,2.3643571361899376,21.514875929802656,18.073472432792187,2023
594,Romelu Lukaku,32,2665,13,11.805389358662069,3,2.7021777480840683,65,29,5,1,F S,Roma,13,11.044090582989156,16.639348335564137,3.6604051254689693,2023
1148,Duván Zapata,37,3036,13,12.924597828648984,4,3.023106226697564,104,29,2,0,F S,"Atalanta,Torino",13,12.924597828648984,16.45599003881216,6.094204256311059,2023
1294,Paulo Dybala,28,2011,13,10.748245939612389,9,5.363411068916321,59,50,3,0,F M S,Roma,6,5.419154184870422,13.225863721221685,8.160132974386215,2023
5992,Marcus Thuram,35,2750,13,15.489109393209219,7,4.38146791793406,77,30,3,0,F S,Inter,13,15.489109393209219,25.697542982175946,8.535633765161037,2023
2662,Christian Pulisic,36,2658,12,8.112775510177016,8,5.247536565177143,65,45,2,0,F M S,AC Milan,12,8.112775510177016,19.75232334434986,8.28600705601275,2023
6253,Gianluca Scamacca,29,1445,12,8.273879911750555,6,3.8059695661067963,60,33,1,0,F S,Atalanta,12,8.273879911750555,13.530910216271877,4.084158739075065,2023
7074,Nicolás González,29,1915,12,10.854810073971748,2,2.028881089761853,85,22,1,0,M S,Fiorentina,11,8.570913629606366,10.353842929005623,3.5413291305303574,2023
8044,Joshua Zirkzee,34,2802,12,9.106743048876524,4,6.0383808510378,86,43,8,0,F S,Bologna,10,7.584145395085216,16.887928269803524,6.857426970265806,2023
9969,Teun Koopmeiners,34,2641,12,6.477179829031229,5,6.847522427327931,54,59,5,0,F M S,Atalanta,10,4.954582165926695,18.902232628315687,11.484685834497213,2023
4895,Andrea Pinamonti,38,3161,11,10.101071687415242,1,1.9918804159387946,84,18,4,0,F S,Sassuolo,9,7.817175218835473,12.745142171159387,4.147701982408762,2023
5556,Ademola Lookman,31,1930,11,11.020978674292564,7,6.360278395935893,67,49,4,0,F M S,Atalanta,11,11.020978674292564,19.686111683025956,5.54826701618731,2023
7453,Khvicha Kvaratskhelia,34,2774,11,12.988513953983784,6,6.76034078001976,129,63,8,0,F M S,Napoli,11,12.988513953983784,24.399165177717805,8.898299863561988,2023
9965,Matìas Soulè Malvano,36,3173,11,11.002136468887329,3,6.402062648907304,84,81,4,0,F M,Frosinone,6,6.434343488886952,18.089630898088217,9.64729354903102,2023
6160,Riccardo Orsolini,33,1795,10,8.406649756245315,2,5.7234551049768925,59,36,2,0,M S,Bologna,8,6.1227931855246425,10.48891113139689,2.694749374873936,2023
10877,Charles De Ketelaere,35,2064,10,7.576863840222359,8,7.673456937074661,45,49,1,0,F M S,Atalanta,9,6.815564997494221,17.62094940803945,7.474469909444451,2023
1433,Federico Chiesa,33,2220,9,8.021589172072709,2,7.339922096580267,74,54,1,0,F M S,Juventus,8,7.260290336795151,18.357803158462048,6.64956908300519,2023
1612,Domenico Berardi,17,1448,9,6.615158909931779,3,3.4691362250596285,51,28,6,0,F M,Sassuolo,4,2.808664860203862,7.928557217121124,3.124533172696829,2023
3856,Milan Djuric,37,2479,9,7.573165649548173,2,2.5195388458669186,51,21,4,0,F S,"Monza,Verona",8,5.289269166998565,9.16340547800064,3.656920501962304,2023
7193,Rafael Leão,34,2534,9,9.509692578576505,9,10.24364968854934,70,59,5,0,F M S,AC Milan,9,9.509692578576505,22.979722768068314,8.597919277846813,2023
1121,Giacomo Bonaventura,31,2325,8,5.703772021457553,3,3.079216778278351,52,40,6,0,M S,Fiorentina,8,4.9424731861799955,11.38205629400909,5.078366011381149,2023
1471,Lorenzo Pellegrini,29,1878,8,5.22588387876749,3,2.8655528174713254,47,36,7,0,M S,Roma,7,4.464585058391094,8.608983617275953,4.905187401920557,2023
1473,Matteo Politano,37,2436,8,7.065327040851116,7,8.613974200561643,75,70,2,1,F M S,Napoli,6,4.781430587172508,19.03964001312852,10.029942949302495,2023
6718,Andrea Colpani,38,2751,8,5.195591009221971,4,6.015339965000749,65,57,1,0,F M S,Monza,8,5.195591009221971,16.83323433622718,8.72997466288507,2023
11306,Cyril Ngonge,32,1750,8,5.592625975608826,2,2.7090163761749864,59,30,6,0,F M S,"Napoli,Verona",8,5.592625975608826,8.655464269220829,2.435427289456129,2023
11936,Lorenzo Lucca,37,2624,8,9.097997449338436,4,1.4457896761596203,61,20,6,0,F S,Udinese,8,9.097997449338436,10.78939988091588,1.7023183298297226,2023
1209,Ciro Immobile,31,1675,7,10.90908194705844,1,2.2230643928050995,49,17,8,0,F S,Lazio,3,7.863886579871178,12.374241132289171,3.2814318612217903,2023
11898,Mateo Retegui,29,2235,7,7.062236865982413,2,0.9539305465295911,63,12,5,0,F S,Genoa,6,6.300938048399985,7.494548461399972,2.6804171930998564,2023
11989,Walid Cheddira,36,2150,7,9.744923711754382,1,1.1241850014775991,60,16,0,0,F M S,Frosinone,6,8.983624876476824,11.387159596197307,2.7390568777918816,2023
12008,Nikola Krstovic,35,2401,7,12.602945871651173,1,2.69566588755697,92,40,4,1,F S,Lecce,6,10.31904935836792,13.926026972942054,3.3291308879852295,2023
688,Ruben Loftus-Cheek,29,2111,6,3.9880196638405323,1,2.216939765959978,41,25,5,0,M S,AC Milan,6,3.9880196638405323,11.732238488271832,6.346873274073005,2023
1126,M&#039;Baye Niang,14,692,6,5.77756480500102,1,0.9350745789706707,24,8,1,0,F S,Empoli,2,2.7323695365339518,3.5163778346031904,0.9474569149315357,2023
1134,Mario Pasalic,34,2039,6,7.9482899978756905,6,5.14187899697572,40,31,3,0,F M S,Atalanta,4,6.425692372024059,16.404161186888814,7.419036481529474,2023
1186,Andrea Belotti,29,1626,6,7.542850721627474,2,2.6303337272256613,47,13,1,0,F S,"Fiorentina,Roma",6,7.542850721627474,10.188461167737842,3.0120172183960676,2023
1423,Matías Vecino,31,1100,6,4.235215881839395,1,0.4754638131707907,33,7,8,0,M S,Lazio,6,4.235215881839395,8.142204336822033,5.13212438300252,2023
1517,Antonio Candreva,34,2769,6,4.409524447284639,6,5.322269272059202,65,60,5,0,F M S,Salernitana,5,3.6482256120070815,9.028309136629105,2.9924242617562413,2023
1958,Mattia Zaccagni,28,2001,6,5.531386425718665,1,2.13460570666939,42,29,8,0,D F M S,Lazio,6,5.531386425718665,10.956559710204601,4.790194280445576,2023
4981,Davide Frattesi,32,877,6,8.650838863104582,3,2.203672669827938,32,10,1,0,M S,Inter,6,8.650838863104582,12.41026128269732,3.0905153434723616,2023
6228,Luka Jovic,23,844,6,5.654392594471574,1,1.2098798044025898,22,11,2,1,F S,AC Milan,6,5.654392594471574,6.618622664362192,0.5274116210639477,2023
7013,Matteo Pessina,37,3243,6,6.191244266927242,3,1.2209580885246396,28,27,3,1,M,Monza,2,2.3847501277923584,13.443852856755257,10.650530990213156,2023
8341,Lazar Samardzic,34,2393,6,3.7648583436384797,2,5.842832416296005,57,61,3,0,M S,Udinese,5,3.0035595083609223,7.7469049682840705,5.526285901665688,2023
10404,Éderson,36,2888,6,4.507856946438551,1,1.5685449875891209,38,18,8,0,M S,Atalanta,6,4.507856946438551,16.61496058665216,12.260867228731513,2023
10994,Kristian Thorstvedt,34,2439,6,4.5744799710810184,1,1.9406943339854479,42,37,7,0,M S,Sassuolo,6,4.5744799710810184,8.221251201815903,3.5456812102347612,2023
11039,Lewis Ferguson,31,2725,6,6.609099584631622,3,3.129140879958868,60,33,8,0,M,Bologna,6,6.609099584631622,14.554992412216961,7.731563315726817,2023
11900,Lucas Beltrán,32,1712,6,3.8111711302772164,2,2.241196360439062,31,25,6,0,F M S,Fiorentina,5,3.0498723248019814,6.6004968136549,2.8438814617693424,2023
11966,Noah Okafor,28,837,6,4.565763399004936,2,1.1466773133724928,22,8,1,0,F M S,AC Milan,6,4.565763399004936,6.369675822556019,1.8827040195465088,2023
865,Marko Arnautovic,27,748,5,5.603070825338364,3,2.8958673030138016,17,16,0,0,F S,Inter,5,5.603070825338364,9.66440336406231,2.5932205468416214,2023
942,Florian Thauvin,29,1717,5,5.913654111325741,3,5.4384216740727425,48,38,4,0,F M S,Udinese,4,5.152355298399925,12.571636833250523,4.254050675779581,2023
1208,Felipe Anderson,38,2812,5,5.540468875318766,6,6.976992512121797,43,42,3,0,D F M S,Lazio,5,5.540468875318766,19.132974019274116,9.109817018732429,2023
1219,Luis Alberto,33,2341,5,5.471688620746136,7,6.289189122617245,56,64,7,0,M S,Lazio,5,5.471688620746136,16.42470671236515,8.889257160015404,2023
1324,Federico Dimarco,30,2166,5,3.2087074536830187,6,9.558618923649192,50,63,0,0,D S,Inter,5,3.2087074536830187,18.552083106711507,12.900610843673348,2023
1477,Luca Mazzitelli,29,2229,5,2.2706282678991556,0,1.240358730778098,49,12,4,1,M S,Frosinone,5,2.2706282678991556,8.944092478603125,6.5332458689808846,2023
2217,Antonio Sanabria,35,2156,5,10.537829289212823,0,1.1701391767710447,54,15,2,0,F M S,Torino,3,9.015231618657708,12.769075983203948,5.5119775626808405,2023
2547,Theo Hernández,32,2804,5,5.673698761500418,4,5.116860808804631,57,44,11,1,D S,AC Milan,4,4.151101096533239,19.027444131672382,14.887238096445799,2023
3291,Adrien Rabiot,31,2650,5,3.885295913554728,3,4.415788423269987,38,26,8,0,M S,Juventus,5,3.885295913554728,12.9052067771554,7.400138486176729,2023
6196,Nicolas Viola,26,1183,5,3.5457330187782645,2,4.302946716547012,38,33,3,0,F M S,Cagliari,5,2.7844342133030295,5.8647221913561225,2.6549284905195236,2023
6697,Armand Lauriente,37,2972,5,6.066018413752317,4,4.80344538576901,84,47,5,0,F M S,Sassuolo,5,6.066018413752317,11.795659732073545,3.543833694420755,2023
7375,Roberto Piccoli,37,1366,5,6.9257432240992785,0,1.3456403650343418,58,10,5,0,F M S,"Empoli,Lecce",4,6.164444388821721,7.418892973102629,2.8612514436244965,2023
7500,Giacomo Raspadori,37,1546,5,6.702579943463206,3,4.483555294573307,61,36,0,0,F M S,Napoli,5,5.941281167790294,13.592910822480917,5.701834740117192,2023
7507,Gianluca Gaetano,20,910,5,2.4068917855620384,1,2.226691184565425,22,21,2,1,F M S,"Cagliari,Napoli",4,1.645592950284481,3.9419873282313347,1.3649292774498463,2023
9019,Lucas Martínez Quarta,29,2290,5,2.6196879521012306,1,1.475505298934877,24,14,9,0,D S,Fiorentina,5,2.6196879521012306,7.482435021549463,6.212520699948072,2023
11877,Michael Folorunsho,34,2827,5,4.301565490663052,1,1.3998309317976236,47,18,5,0,F M S,Verona,5,4.301565490663052,6.740188028663397,2.493741159327328,2023
11964,Giovanni Fabbian,27,1044,5,4.738078761845827,2,1.9500266648828983,28,16,4,0,F M S,Bologna,5,4.738078761845827,5.781427254900336,1.8028524331748486,2023
12378,Tijjani Noslin,17,1368,5,3.635997879318893,4,1.871297030709684,36,26,2,0,F M,Verona,5,3.635997879318893,7.412537131458521,2.347518300637603,2023
703,Fikayo Tomori,26,2133,4,3.608174130320549,0,0.11083202064037323,17,4,6,1,D S,AC Milan,4,3.608174130320549,8.231157934293151,8.09448311291635,2023
1104,Leonardo Pavoletti,19,595,4,3.134023245424032,1,0.6250302419066429,25,7,4,0,F S,Cagliari,4,3.134023245424032,3.2340850811451674,1.0611830335110426,2023
1583,Arkadiusz Milik,32,858,4,5.394047812558711,1,3.4170331433415413,36,15,2,1,F S,Juventus,4,5.394047812558711,8.824270950630307,1.2191411405801773,2023
1723,Roberto Pereyra,27,1873,4,4.360814411193132,3,2.3164268862456083,28,25,6,0,D F M S,Udinese,3,3.5995155163109303,6.5326724629849195,2.878888551145792,2023
5733,Houssem Aouar,16,743,4,3.0930567290633917,0,0.36387334018945694,12,10,3,0,F M S,Roma,4,3.0930567290633917,4.6208417396992445,1.4368452914059162,2023
6159,Gianluca Mancini,36,2881,4,2.5976381422951818,1,0.9861035160720348,19,10,9,0,D S,Roma,4,2.5976381422951818,9.495561430230737,9.208332350477576,2023
7224,Boulaye Dia,17,1134,4,4.597895558923483,0,0.5252823103219271,29,10,1,0,F M S,Salernitana,3,3.8365967236459255,4.8020573407411575,0.8395658656954765,2023
7284,Marco Brescianini,36,2324,4,2.032998721115291,2,2.1246125996112823,31,22,1,0,D F M S,Frosinone,4,2.032998721115291,7.01019527669996,3.680753684602678,2023
7910,Szymon Zurkowski,13,879,4,1.4531914927065372,0,0.1119957510381937,16,4,4,0,M S,Empoli,4,1.4531914927065372,2.1714146435260773,0.6975974515080452,2023
7947,Ruslan Malinovskiy,28,1551,4,0.9845063956454396,1,0.5905360467731953,39,11,7,0,F M S,Genoa,4,0.9845063956454396,3.0354270953685045,2.2007417865097523,2023
8163,Daniel Maldini,18,568,4,1.8159770425409079,1,0.97320815641433,21,12,1,0,F M S,"Empoli,Monza",4,1.8159770425409079,3.545224618166685,1.6822674944996834,2023
8297,Alexis Saelemaekers,30,1909,4,2.824991188943386,2,3.0194268077611923,29,44,4,1,F M S,Bologna,4,2.824991188943386,8.58481384627521,4.7481407187879086,2023
8478,Lorenzo Colombo,25,1351,4,4.194637024775147,1,0.43353664642199874,37,8,3,0,F S,Monza,4,4.194637024775147,6.460399262141436,1.996957939118147,2023
8944,Giulio Maggiore,27,1826,4,3.3743705889210105,2,0.9672145377844572,23,11,7,1,M S,Salernitana,4,3.3743705889210105,5.2626653630286455,3.6049116821959615,2023
9071,Matteo Cancellieri,36,1772,4,5.752293495461345,2,3.437209785915911,40,17,7,0,D F M S,Empoli,4,5.752293495461345,8.570779743604362,1.7997431829571724,2023
9840,Denzel Dumfries,31,1648,4,3.9370638355612755,4,4.1486883871257305,24,27,2,1,D S,Inter,4,3.9370638355612755,10.218461418524384,5.086537055671215,2023
9843,Caleb Ekuban,29,1104,4,3.069615147076547,1,1.6045123357325792,26,15,0,0,F S,Genoa,4,3.069615147076547,4.363434009253979,0.6763226184993982,2023
9977,Loum Tchaouna,33,2096,4,2.7410695469006896,3,2.286348751746118,44,22,4,0,F M S,Salernitana,4,2.7410695469006896,6.495509563945234,2.617133552208543,2023
10380,Zito,30,1942,4,4.575773281976581,5,2.9460809966549277,51,25,6,0,F M S,Cagliari,4,4.575773281976581,9.082523783668876,2.4096630979329348,2023
10895,Dany Mota,34,2084,4,5.251721445471048,3,3.44157709274441,38,34,3,0,D F M S,Monza,4,5.251721445471048,11.03209387511015,5.333640689961612,2023
10948,Valentín Castellanos,35,1650,4,6.691938574425876,3,1.9540263283997774,54,19,2,0,F S,Lazio,4,6.691938574425876,10.104372954927385,3.248108034953475,2023
10993,Federico Gatti,32,2654,4,6.301926800981164,0,2.331916820257902,35,10,7,0,D S,Juventus,4,6.301926800981164,9.019049543887377,6.176881054416299,2023
1106,Darko Lazovic,32,1965,3,3.126208140514791,2,3.6228156751021743,34,31,0,1,D F M S,Verona,2,2.364909335039556,7.023141970857978,2.464788753539324,2023
1136,Gianluca Lapadula,23,1203,3,4.980033218860626,1,1.3644028156995773,35,19,3,0,F S,Cagliari,2,4.218734428286552,5.2574767880141735,0.951296066865325,2023
1168,Bryan Cristante,37,3300,3,4.356771616265178,4,3.065107261762023,54,29,8,0,D M,Roma,3,4.356771616265178,16.0614797398448,12.43504716642201,2023
1248,Leandro Paredes,34,2680,3,3.0285770436748862,5,2.5797851774841547,32,27,15,1,M S,Roma,0,0.744680586270988,12.670357435941696,11.149565836414695,2023
1252,Stephan El Shaarawy,33,1732,3,2.4553019870072603,4,2.535477615892887,40,20,2,0,D F M S,Roma,3,2.4553019870072603,8.6091322414577,5.056028000079095,2023
1362,Simy,15,679,3,3.1081032380461693,0,0.4330064160749316,13,5,0,0,F S,Salernitana,3,3.1081032380461693,3.4764763563871384,0.6693851845338941,2023
1386,Piotr Zielinski,28,1979,3,2.7691213600337505,2,3.8941668095067143,30,48,1,0,M S,Napoli,2,2.007822524756193,11.810004824772477,9.097011776641011,2023
1463,Francesco Acerbi,29,2381,3,1.4171453770250082,1,1.5421600556001067,15,7,1,0,D S,Inter,3,1.4171453770250082,14.983083475381136,14.750613091513515,2023
2019,Federico Bonazzoli,24,997,3,2.0861231544986367,1,1.164365341886878,27,8,2,0,F S,Verona,3,2.0861231544986367,4.569867891259491,2.4164443155750632,2023
2711,Aleksey Miranchuk,27,1168,3,7.988960333168507,5,5.325843313708901,38,45,1,0,F M S,Atalanta,3,7.988960333168507,13.763345999643207,3.9943138379603624,2023
2774,Sardar Azmoun,23,528,3,2.55787324719131,0,1.477016143500805,16,8,4,0,F M S,Roma,3,2.55787324719131,3.882671419531107,1.145880326628685,2023
3751,Thomas Henry,18,287,3,3.1893111262470484,0,0.08848279807716608,14,3,2,2,F S,Verona,3,2.4280122984200716,2.4909921092912555,0.3665539622306824,2023
3821,Rolando Mandragora,33,1563,3,3.8466990552842617,3,1.4808170050382614,30,13,5,0,M S,Fiorentina,3,3.8466990552842617,4.725248294882476,2.650852335616946,2023
4951,Grigoris Kastanos,26,1504,3,2.4107249891385436,3,2.1585450284183025,30,28,5,0,D M S,Salernitana,3,2.4107249891385436,5.4913522163406014,2.433546317741275,2023
5025,Alessandro Buongiorno,29,2531,3,2.133894484490156,0,0.16513498965650797,13,4,7,0,D,Torino,3,2.133894484490156,6.109036276116967,5.352526945993304,2023
5661,Jonathan Ikone,28,1666,3,6.106528326869011,1,2.0917009208351374,39,15,5,0,M S,Fiorentina,3,6.106528326869011,10.085613992065191,2.236844953149557,2023
5954,Eldor Shomurodov,22,924,3,3.2875718157738447,3,1.9538291282951832,21,10,1,0,F M S,Cagliari,3,3.2875718157738447,5.609471465460956,1.1483166310936213,2023
6276,Nikola Vlasic,33,2630,3,3.2144442331045866,2,3.407337000593543,46,35,3,0,F M S,Torino,3,3.2144442331045866,13.114470873959363,7.353357671760023,2023
6884,Remi Oudin,31,1839,3,1.3559500183910131,2,5.604622139595449,34,58,3,0,F M S,Lecce,3,1.3559500183910131,7.771999806165695,4.81767800450325,2023
6960,Bremer,36,3235,3,2.3432549545541406,0,0.3624123577028513,18,7,9,0,D,Juventus,3,2.3432549545541406,10.726232182234526,10.57403377816081,2023
6980,Francesco Caputo,20,1296,3,3.818636681884527,0,0.8588490802794695,23,10,0,0,F S,Empoli,2,3.0573378540575504,5.464836820960045,2.0299771204590797,2023
7160,Nemanja Radonjic,10,370,3,1.1274005435407162,0,0.4384387284517288,12,3,1,0,M S,Torino,3,1.1274005435407162,1.6060902811586857,0.09777303598821163,2023
7924,Amir Rrahmani,30,2612,3,3.4071608036756516,0,0.7616675207391381,25,13,5,0,D,Napoli,3,3.4071608036756516,13.804005013778806,13.218144295737147,2023
8828,Ivan Ilic,31,2097,3,2.571698747575283,2,5.4198929220438,27,47,3,0,M S,Torino,3,2.571698747575283,7.87908730097115,4.572807356715202,2023
9018,M&#039;Bala Nzola,33,1526,3,4.340571399778128,3,1.8532288521528244,32,21,2,0,F M S,Fiorentina,2,3.5792725570499897,5.830465029925108,1.898510018363595,2023
9872,Kaio Jorge,20,791,3,7.668177828192711,0,0.24698295164853334,27,8,2,0,F S,Frosinone,2,6.145580217242241,4.4298127219080925,0.44582086987793446,2023
9996,Abdou Harroui,18,1041,3,3.397505425848067,3,1.7014152370393276,33,16,2,0,F M S,Frosinone,2,2.6362065905705094,4.9546966245397925,1.3505783751606941,2023
11951,Gustav Isaksen,28,1061,3,1.645481524989009,1,2.6048705708235502,23,19,3,0,D F M S,Lazio,3,1.645481524989009,6.753309216350317,3.515850380063057,2023
11965,Tijjani Reijnders,36,2843,3,4.087502425536513,3,3.8570072669535875,44,50,8,0,M S,AC Milan,3,4.087502425536513,20.718899864703417,14.411027738824487,2023
12095,Tomás Suslov,32,2105,3,3.3827812066301703,5,3.2258242769166827,53,28,7,0,M S,Verona,2,2.6214823788031936,5.601638951338828,2.192126054316759,2023
317,Henrikh Mkhitaryan,36,2847,2,3.4876577770337462,8,5.048100844025612,39,40,4,0,M S,Inter,2,3.4876577770337462,26.45776951685548,19.62764586508274,2023
498,Alexis Sánchez,23,716,2,2.6577158421278,5,4.303511302918196,18,18,0,0,F S,Inter,1,1.8964170068502426,8.540967049077153,5.72641428001225,2023
557,Matteo Darmian,33,2436,2,1.5660245101898909,1,1.6902962233871222,10,23,2,0,D S,Inter,2,1.5660245101898909,16.104429135099053,13.302629305049777,2023
1164,Cristiano Biraghi,29,2366,2,1.541363311931491,5,4.970447704195976,17,45,8,0,D S,Fiorentina,2,0.7800644766539335,6.196250403299928,5.446145296096802,2023
1178,Davide Zappacosta,31,1888,2,3.113600242882967,1,2.0843700440600514,37,17,5,0,D M S,Atalanta,2,3.113600242882967,9.883850516751409,5.854753114283085,2023
1193,Lorenzo De Silvestri,15,668,2,0.20100543275475502,0,0,4,0,0,0,D S,Bologna,2,0.20100543275475502,1.1438260460272431,1.0947870099917054,2023
1204,Patric,20,1606,2,1.4115280732512474,0,0.18650460056960583,6,4,4,0,D S,Lazio,2,1.4115280732512474,6.1765273828059435,6.022996557876468,2023
1229,Luis Muriel,18,364,2,1.206673363223672,1,1.2441264912486076,23,14,0,0,F S,Atalanta,2,1.206673363223672,2.4164356645196676,0.7658611461520195,2023
1301,Daniele Rugani,17,1195,2,2.4401188790798187,0,0.3670960031449795,8,3,2,0,D S,Juventus,2,2.4401188790798187,3.885229654610157,3.630960177630186,2023
1409,Nicolò Barella,37,2896,2,5.040394342504442,3,3.771154088899493,41,42,7,0,M S,Inter,2,5.040394342504442,25.446581311523914,19.667141154408455,2023
1461,Pol Lirola,25,1557,2,1.1706221904605627,1,1.459252922795713,9,13,1,0,D S,Frosinone,2,1.1706221904605627,6.2088695503771305,4.397105786949396,2023
1474,Alfred Duncan,30,1922,2,1.7479003816843033,5,1.8096561208367348,23,36,2,0,M S,Fiorentina,2,1.7479003816843033,7.860188426449895,5.145171854645014,2023
1826,Nicola Sansone,25,714,2,3.139332728460431,2,1.1634612744674087,23,17,4,0,F M S,Lecce,2,3.139332728460431,5.156079547479749,2.677779865451157,2023
4920,Matteo Gabbia,18,1273,2,1.5995576912537217,1,0.4694472812116146,11,3,5,0,D S,AC Milan,2,1.5995576912537217,5.304741024971008,5.206781357526779,2023
5226,Walace,37,3260,2,0.5665851011872292,0,1.0140040703117847,27,21,7,0,M,Udinese,2,0.5665851011872292,7.691468658857048,6.657536955550313,2023
5759,Matteo Guendouzi,33,2378,2,1.3498496962711215,3,3.3368871798738837,26,23,3,1,M S,Lazio,2,1.3498496962711215,9.756979374215007,7.1318379221484065,2023
6145,Daichi Kamada,29,1552,2,1.770090764388442,2,3.275326691567898,29,24,3,0,M S,Lazio,2,1.770090764388442,9.194597266614437,6.055140949785709,2023
6208,Antonin Barak,21,784,2,2.33964005112648,3,3.230741411447525,20,15,2,0,F M S,Fiorentina,2,2.33964005112648,7.536964239552617,3.2750527299940586,2023
6212,Mattia Bani,27,2313,2,1.6134519381448627,0,0.10385746322572231,9,2,9,0,D,Genoa,2,1.6134519381448627,1.4570695161819458,1.4570695161819458,2023
6414,Yann Bisseck,16,880,2,0.8390006460249424,0,0.49121755361557007,12,1,0,0,D S,Inter,2,0.8390006460249424,8.877967856824398,8.467975687235594,2023
6517,Charalampos Lykogiannis,22,882,2,1.2336327023804188,1,1.362388264387846,15,9,3,0,D S,Bologna,2,1.2336327023804188,5.77699127048254,4.214210208505392,2023
6521,Yerry Mina,18,1261,2,1.4102719314396381,0,0,4,0,5,0,D S,"Cagliari,Fiorentina",1,0.6489730961620808,2.1174535155296326,2.1174535155296326,2023
6672,Riccardo Sottil,22,1116,2,2.646036193706095,3,2.7609818801283836,34,13,1,0,M S,Fiorentina,2,2.646036193706095,7.369942061603069,3.5621309839189053,2023
6696,Luca Ranieri,26,2066,2,1.441001696512103,1,0.5041802749037743,10,7,14,0,D S,Fiorentina,2,1.441001696512103,4.79611973837018,4.0650772750377655,2023
6942,Arthur,33,2030,2,1.0155868381261826,3,1.9102045139297843,12,34,2,0,M S,Fiorentina,1,0.25428800471127033,9.552368685603142,8.295249164104462,2023
6981,Ismael Bennacer,20,1158,2,1.8503064960241318,2,2.435472975485027,12,17,2,0,M S,AC Milan,1,1.0890076607465744,8.583248920738697,5.898235939443111,2023
7005,Jens Odgaard,10,430,2,1.2369104344397783,0,0.11001264676451683,11,2,1,0,F M S,Bologna,2,1.2369104344397783,1.4135567136108875,0.06663363054394722,2023
7091,Christian Kouamé,23,1073,2,2.1881829909980297,1,2.137999728322029,24,12,0,0,F M S,Fiorentina,2,2.1881829909980297,6.242273487150669,2.5009691528975964,2023
7628,Lameck Banda,21,1381,2,4.250229399651289,4,2.862423125654459,50,24,5,1,F M S,Lecce,2,4.250229399651289,8.565378371626139,2.568667955696583,2023
7742,Valentin Gendrey,37,3054,2,1.349260602146387,3,1.8709439719095826,17,24,5,0,D S,Lecce,2,1.349260602146387,7.326979896984994,5.636754522100091,2023
7912,Eljif Elmas,11,326,2,0.5556726865470409,0,0.2568822242319584,6,6,2,0,F M S,Napoli,2,0.5556726865470409,2.0065636560320854,1.3879762552678585,2023
7939,Morten Thorsby,24,1127,2,2.0728363944217563,2,1.581761445850134,13,9,2,0,M S,Genoa,2,2.0728363944217563,2.8514922419562936,0.8016927363350987,2023
7953,Nahitan Nández,33,2374,2,3.6481877425685525,3,2.559912462718785,23,43,7,0,D F M S,Cagliari,1,2.8868889147415757,6.032314267940819,1.7537768399342895,2023
8129,Riccardo Calafiori,30,2342,2,1.367072181776166,5,1.7191182393580675,17,17,3,0,D S,Bologna,2,1.367072181776166,9.829544549807906,8.616447186097503,2023
8197,Ilario Monterisi,24,1470,2,1.4172419514507055,2,0.3920033145695925,5,5,1,0,D S,Frosinone,2,1.4172419514507055,3.25308571010828,2.7315115816891193,2023
8294,El Bilal Touré,11,369,2,1.882786586880684,0,1.0414742417633533,12,7,2,0,F S,Atalanta,2,1.882786586880684,3.592253863811493,0.7911189123988152,2023
8728,Oier Zarraga,15,383,2,0.5558614768087864,0,0.03476953040808439,6,2,0,0,M S,Udinese,2,0.5558614768087864,0.976634681224823,0.8069032430648804,2023
8825,Reinier,22,1089,2,1.4411808121949434,2,1.6300423173233867,14,16,3,0,F M S,Frosinone,2,1.4411808121949434,4.740806046873331,1.9707004819065332,2023
9061,Pontus Almqvist,30,2132,2,2.9668203815817833,1,3.025027060881257,40,28,5,0,F M S,Lecce,2,2.9668203815817833,6.589064545929432,1.2147310553118587,2023
9105,Radu Dragusin,19,1710,2,1.2185589708387852,1,0.9097644370049238,17,7,1,0,D,Genoa,2,1.2185589708387852,2.690718320198357,1.7258912902325392,2023
9344,Viktor Kovalenko,17,595,2,1.2719546630978584,1,0.8952885717153549,11,8,1,0,M S,Empoli,2,1.2719546630978584,3.2815642431378365,1.4945762977004051,2023
9841,Andrea Cambiaso,34,2410,2,3.4012876134365797,3,3.7686108807101846,29,37,10,0,D F M S,Juventus,2,3.4012876134365797,10.551057416945696,6.422112620435655,2023
9851,Nedim Bajrami,28,1326,2,2.2069415310397744,2,1.6387284640222788,32,20,0,0,F M S,Sassuolo,2,2.2069415310397744,5.0840517450124025,2.323289778083563,2023
9866,Nadir Zortea,19,1389,2,0.5186185883358121,5,3.534176256507635,12,24,4,0,D M S,"Atalanta,Frosinone",2,0.5186185883358121,6.042646564543247,4.330034360289574,2023
9936,Matheus Henrique,31,2502,2,3.3476949287578464,2,1.78012574929744,19,36,6,1,M S,Sassuolo,2,3.3476949287578464,8.526001347228885,4.392212780192494,2023
9951,Tommaso Baldanzi,27,1261,2,2.6789792524650693,0,2.006355500780046,29,17,3,0,F M S,"Empoli,Roma",2,2.6789792524650693,5.812233972363174,1.839673114940524,2023
10169,Diego Coppola,24,1639,2,1.7048195209354162,0,0.19921759143471718,13,4,9,0,D S,Verona,2,1.7048195209354162,1.786657601594925,1.6403288803994656,2023
10365,Morten Frendrup,37,3154,2,1.5405127331614494,5,2.2738952478393912,30,14,6,0,D M S,Genoa,2,1.5405127331614494,8.21080532670021,5.891995377838612,2023
10985,Sulemana,21,1349,2,0.5607676235958934,0,0.16668011527508497,13,4,4,0,M S,Cagliari,2,0.5607676235958934,1.731207937002182,1.2891650712117553,2023
11080,Valentín Carboni,31,1137,2,2.1189415901899338,3,1.994642379693687,23,24,2,0,M S,Monza,2,2.1189415901899338,4.993029025383294,2.265473666600883,2023
11380,Vitinha,9,273,2,1.1880891853943467,0,0.15606147795915604,14,2,2,0,F M S,Genoa,2,1.1880891853943467,1.3500177934765816,0.15898624062538147,2023
11942,Kenan Yildiz,27,923,2,1.904007162898779,0,1.6226798808202147,19,18,3,0,F S,Juventus,2,1.904007162898779,4.9889865182340145,2.5734628178179264,2023
11943,Dean Huijsen,14,494,2,0.5376391168683767,0,0.06008364260196686,6,1,4,0,D S,"Juventus,Roma",2,0.5376391168683767,2.1391787603497505,2.1194995529949665,2023
11944,Patrick Dorgu,32,1553,2,2.840239219367504,0,2.0495039699599147,19,18,6,0,D F M S,Lecce,2,2.840239219367504,6.467214574106038,3.3943686094135046,2023
11955,Alberto Dossena,35,2978,2,2.615106286481023,4,2.2161922603845596,24,12,5,0,D S,Cagliari,2,2.615106286481023,3.8018436934798956,3.2734219189733267,2023
11958,Gaetano Oristanio,25,1094,2,2.0435856729745865,1,0.8276610802859068,23,15,1,0,F M S,Cagliari,2,2.0435856729745865,4.423574924468994,2.5102518033236265,2023
11962,Oussama El Azzouzi,18,520,2,0.47240643948316574,2,0.9569269753992558,2,6,4,0,M S,Bologna,2,0.47240643948316574,2.4028254486620426,1.3159676501527429,2023
12084,Martín Payero,29,1796,2,1.4152702372521162,2,1.6361295226961374,38,14,6,1,M S,Udinese,2,1.4152702372521162,5.5864887572824955,3.486677371431142,2023
12419,Karol Swiderski,15,484,2,2.0812334790825844,0,0.39347346872091293,15,8,0,0,F M S,Verona,2,2.0812334790825844,2.516543637961149,0.1879445556551218,2023
3,Luca Caldirola,29,2140,1,0.723320740275085,1,0.4904024042189121,9,5,5,1,D S,Monza,1,0.723320740275085,6.14009296707809,5.715118063613772,2023
308,Ricardo Rodríguez,35,2792,1,0.27660370990633965,2,1.4691500328481197,11,20,4,0,D M S,Torino,1,0.27660370990633965,8.555893468670547,7.499153194949031,2023
342,Sead Kolasinac,30,2206,1,1.1113558299839497,0,0.8098294232040644,13,8,4,0,D S,Atalanta,1,1.1113558299839497,6.6635137517005205,5.958992322906852,2023
687,Pedro,33,753,1,1.8198607312515378,1,2.2389940647408366,11,17,4,0,F S,Lazio,1,1.8198607312515378,5.227868661284447,1.492518588900566,2023
702,Tammy Abraham,8,230,1,0.694375567138195,0,0.15088423620909452,4,3,1,0,F S,Roma,1,0.694375567138195,0.4077750099822879,0.014492501504719257,2023
1000,Federico Fazio,17,1353,1,0.6082127429544926,0,0.12300548981875181,8,3,3,0,D S,Salernitana,1,0.6082127429544926,3.372141497209668,3.222803173586726,2023
1053,Keinan Davis,8,160,1,0.5508965011686087,0,0.06493553891777992,6,3,2,0,S,Udinese,1,0.5508965011686087,0.854156069457531,0.23832401633262634,2023
1102,Giovanni Simeone,28,752,1,4.133235761895776,0,0.7984235929325223,35,10,3,0,F S,Napoli,1,4.133235761895776,3.8527955766767263,0.7010052110999823,2023
1114,Davide Biraschi,1,90,1,0.41509178280830383,0,0,1,0,0,0,D,Genoa,1,0.41509178280830383,0,0,2023
1122,Manuel Locatelli,36,3023,1,1.1890530409291387,4,1.7481547957286239,25,26,6,0,M S,Juventus,1,1.1890530409291387,13.120755590498447,11.252381660044193,2023
1146,Jakub Jankto,18,900,1,1.4536809204146266,2,0.5478375209495425,12,6,0,0,M S,Cagliari,1,1.4536809204146266,3.1707892743870616,1.529730579815805,2023
1206,Danilo Cataldi,28,1355,1,0.3127561341971159,0,0.9586758268997073,12,11,8,0,M S,Lazio,1,0.3127561341971159,4.39442494045943,3.7201632326468825,2023
1247,Juan Jesus,24,2122,1,1.4222165159881115,0,0.662285060621798,8,5,7,0,D S,Napoli,1,1.4222165159881115,8.702164508402348,8.66438776999712,2023
1254,Alessandro Florenzi,31,1721,1,1.5332235610112548,4,3.2321879332885146,32,45,5,0,D M S,AC Milan,1,1.5332235610112548,9.017562486231327,7.239985601045191,2023
1289,Alex Sandro,16,702,1,0.7754071149975061,0,1.0416890606284142,5,5,1,0,D S,Juventus,1,0.7754071149975061,3.5483118779957294,3.4884720146656036,2023
1354,Gianmarco Ferrari,31,2257,1,1.4231959572061896,0,0.32768706418573856,16,9,4,0,D S,Sassuolo,1,1.4231959572061896,2.799851391464472,2.406594954431057,2023
1430,Milan Badelj,33,2588,1,1.3331176647916436,3,0.9685387210920453,21,18,6,0,M S,Genoa,1,1.3331176647916436,5.30420212354511,4.21149130910635,2023
1449,Federico Di Francesco,2,13,1,0.10789310187101364,0,0,2,0,0,0,S,Lecce,1,0.10789310187101364,0.17980405688285828,0.16959281265735626,2023
1468,Gregoire Defrel,20,728,1,0.9857334326952696,2,1.051968320272863,12,8,0,0,F M S,Sassuolo,1,0.9857334326952696,2.3583967722952366,0.5101333325728774,2023
1488,Remo Freuler,32,2657,1,1.5866257585585117,1,1.158876609057188,14,20,9,0,M S,Bologna,1,1.5866257585585117,11.166541524231434,9.252567537128925,2023
1493,Andrea Petagna,18,1017,1,1.7845756635069847,1,0.992335420101881,19,18,2,0,F S,Cagliari,1,1.7845756635069847,3.452853962779045,0.9730603732168674,2023
1496,Roberto Gagliardini,33,2392,1,4.718925521709025,2,1.4507102305069566,36,20,5,0,D M S,Monza,1,4.718925521709025,12.74323767144233,10.012927846051753,2023
1500,Leonardo Spinazzola,24,1297,1,0.24082321766763926,2,3.263167497701943,8,27,0,0,D M S,Roma,1,0.24082321766763926,5.900873385369778,3.72096349298954,2023
1541,Stefan de Vrij,25,1561,1,0.7378777489066124,0,0.19172848016023636,10,2,0,0,D S,Inter,1,0.7378777489066124,6.488284315913916,6.335597399622202,2023
1574,Davide Calabria,29,2216,1,1.2325395569205284,3,1.209073469042778,21,12,3,2,D S,AC Milan,1,1.2325395569205284,8.848112123087049,8.138166825287044,2023
1634,Alessandro Deiola,27,1611,1,2.924027793109417,0,0.9824435133486986,25,10,7,0,M S,Cagliari,1,2.924027793109417,4.589740971103311,2.5830027107149363,2023
1639,Sebastiano Luperto,38,3410,1,1.451402991078794,1,1.3278764421120286,20,11,4,0,D,Empoli,1,1.451402991078794,6.717136964201927,6.351688604801893,2023
1724,Isaac Success,27,837,1,2.894139414653182,1,1.4814461851492524,19,11,4,0,F M S,Udinese,1,2.1328405793756247,5.025094967335463,2.4349495340138674,2023
1725,Christian Kabasele,13,858,1,0.9381369650363922,1,0.5993434190750122,6,2,5,0,D S,Udinese,1,0.9381369650363922,1.0512244952842593,0.6647053016349673,2023
1970,Jaime Báez,11,523,1,0.4376501403748989,0,0.6646343022584915,9,8,1,0,F M S,Frosinone,1,0.4376501403748989,1.709488045424223,1.1082226857542992,2023
1971,Simone Romagnoli,33,2706,1,1.2882206961512566,1,0.40735187381505966,12,3,6,0,D S,Frosinone,1,1.2882206961512566,6.114292765036225,6.026543343439698,2023
2053,Martin Erlic,32,2637,1,1.2599187605082989,0,0,8,0,5,0,D S,Sassuolo,1,1.2599187605082989,3.7574885953217745,3.7574885953217745,2023
2163,Diego Llorente,29,2267,1,0.31963441241532564,1,0.43857216369360685,9,4,5,0,D S,Roma,1,0.31963441241532564,5.95802061073482,5.54117695428431,2023
2244,Danilo,29,2449,1,1.11694738548249,1,1.23118397872895,17,21,7,0,D S,Juventus,1,1.11694738548249,10.108822636306286,8.303714914247394,2023
3729,Hassane Kamara,35,2285,1,2.5372107615694404,1,2.9129584496840835,26,21,4,0,D S,Udinese,1,2.5372107615694404,10.385756962466985,6.273619976360351,2023
4906,Alberto Cerri,12,567,1,1.4709026291966438,0,0.28756022080779076,10,4,2,0,F S,Empoli,1,1.4709026291966438,2.0390813425183296,0.37356139719486237,2023
4932,Pietro Pellegri,24,728,1,1.5631389655172825,1,0.17945527657866478,13,4,3,0,F M S,Torino,1,1.5631389655172825,1.3027387280017138,0.49216766841709614,2023
4939,Alessandro Bastoni,28,2307,1,1.2156042139977217,3,4.35888428427279,15,22,5,0,D,Inter,1,1.2156042139977217,18.893281742930412,16.129423080012202,2023
4970,Luca Pellegrini,19,774,1,0.268625364638865,0,0.5109135136008263,7,2,5,1,D S,Lazio,1,0.268625364638865,2.628682404756546,2.438202168792486,2023
5228,Renato Sanches,7,133,1,0.2420009896159172,0,0.1117553822696209,2,3,2,0,M S,Roma,1,0.2420009896159172,0.48694040160626173,0.3909831866621971,2023
5240,Ondrej Duda,32,2505,1,2.166810128837824,4,3.7828885642811656,23,54,10,2,M S,Verona,1,1.4055112935602665,6.363787721842527,4.314336875453591,2023
5329,Stefan Posch,31,2441,1,1.2682907721027732,2,2.8784273993223906,18,22,7,0,D S,Bologna,1,1.2682907721027732,7.7063942681998014,6.1556713078171015,2023
5353,Josip Brekalo,11,664,1,0.4707165425643325,0,0.29999072290956974,9,6,0,0,M S,Fiorentina,1,0.4707165425643325,3.300089456140995,2.710291527211666,2023
6176,Adam Marusic,37,3120,1,0.7665141485631466,0,0.7136273309588432,8,10,3,1,D,Lazio,1,0.7665141485631466,9.412858635187149,8.192704245448112,2023
6239,Junior Sambia,18,1015,1,0.5277102794498205,2,0.9866680279374123,12,12,4,0,D S,Salernitana,1,0.5277102794498205,1.8203992368653417,1.374386872164905,2023
6368,Mathías Olivera,23,1573,1,0.8125967849045992,1,1.1069821063429117,12,19,3,0,D S,Napoli,1,0.8125967849045992,7.649928713217378,6.484758350066841,2023
6412,Raoul Bellanova,37,3104,1,1.7604174735024571,7,6.650871468707919,32,52,5,0,D M S,Torino,1,1.7604174735024571,11.59403127618134,6.98616261780262,2023
6762,Yacine Adli,24,1435,1,0.17246603965759277,2,1.649123763665557,4,22,3,0,M S,AC Milan,1,0.17246603965759277,8.18585869949311,7.408783662132919,2023
6978,Giovanni Di Lorenzo,36,3235,1,3.1027365876361728,6,5.272171592339873,38,51,6,0,D,Napoli,1,3.1027365876361728,20.94511530175805,17.020839024335146,2023
7208,Samuel Chukwueze,24,1011,1,2.3205178324133158,3,2.813594989478588,28,20,1,0,F M S,AC Milan,1,2.3205178324133158,7.759905718266964,4.579765383154154,2023
7330,Uros Racic,22,800,1,0.9443234698846936,1,0.2370237335562706,17,6,1,0,M S,Sassuolo,1,0.9443234698846936,2.0256251273676753,1.1354438262060285,2023
7530,Samuele Ricci,32,2425,1,1.2500714594498277,2,2.916640043258667,30,26,6,1,M S,Torino,1,1.2500714594498277,9.489967902190983,6.507628761231899,2023
7576,Nicolò Cambiaghi,37,2573,1,4.165542892180383,1,2.8089517606422305,72,31,3,0,F M S,Empoli,1,4.165542892180383,9.30418773368001,3.278561648912728,2023
7909,Gaetano Castrovilli,6,374,1,0.5842749997973442,2,0.6308609843254089,5,7,0,0,M S,Fiorentina,1,0.5842749997973442,1.6944605130702257,0.47932454384863377,2023
7938,Tommaso Augello,32,2446,1,0.5506297014653683,1,2.755643446929753,10,27,5,0,D M S,Cagliari,1,0.5506297014653683,4.408420585095882,3.3840770591050386,2023
7944,Gabriel Strefezza,19,1125,1,2.2876130659133196,0,1.6274695182219148,28,20,4,0,F M S,Lecce,0,1.5263142306357622,4.336920645087957,2.5932965707033873,2023
8232,Andrea Carboni,21,1489,1,1.466522696428001,0,0.5416123308241367,18,8,1,0,D S,Monza,1,1.466522696428001,5.455737911164761,3.9659536480903625,2023
8245,Lorenzo Pirola,27,2006,1,0.785307920537889,0,0.04931214824318886,15,1,4,0,D S,Salernitana,1,0.785307920537889,2.33173334505409,2.1184836141765118,2023
8310,Mitchel Bakker,14,363,1,0.2858780734241009,0,0.18584331031888723,5,4,1,0,D M S,Atalanta,1,0.2858780734241009,1.3082169368863106,0.9974010977894068,2023
8626,Nikola Moro,23,839,1,1.006576499901712,0,0.35958171263337135,11,11,0,0,F M S,Bologna,1,1.006576499901712,3.988015130162239,2.7982165552675724,2023
8662,Dan Ndoye,32,1780,1,6.087033653631806,1,2.24803932569921,41,22,4,0,F M S,Bologna,1,6.087033653631806,11.469716750085354,3.714808417018503,2023
8761,Shon Weissman,11,496,1,0.7812016010284424,0,0.1301387920975685,6,2,0,0,F S,Salernitana,1,0.7812016010284424,0.9622708559036255,0.09992857463657856,2023
8838,Junior Messias,18,1042,1,1.6916981544345617,0,2.1623765137046576,22,16,0,0,D F M S,Genoa,1,1.6916981544345617,3.8877407144755125,1.8942891815677285,2023
8857,Gabriele Zappa,38,2553,1,1.48014113958925,3,3.2002728516235948,19,25,2,0,D M S,Cagliari,1,1.48014113958925,7.56587568577379,3.5023112297058105,2023
8913,Emmanuel Gyasi,33,1855,1,3.2399215884506702,2,1.2464483184739947,16,10,9,0,D F M S,Empoli,1,3.2399215884506702,5.84683699067682,1.7417074032127857,2023
8916,Simone Bastoni,16,747,1,0.3763941302895546,0,0.5595345050096512,7,12,3,0,D M S,Empoli,1,0.3763941302895546,2.5678741931915283,2.1126374639570713,2023
9010,Hamza Rafia,28,1234,1,0.6631547901779413,0,0.6085196658968925,16,15,4,0,M S,Lecce,1,0.6631547901779413,3.90921900421381,2.8361529326066375,2023
9107,Giorgio Scalvini,33,2579,1,1.3213619571179152,3,1.2767269192263484,19,10,3,0,D M S,Atalanta,1,1.3213619571179152,11.570769302546978,10.104473318904638,2023
9260,Chaka Traorè,2,13,1,0.11400049179792404,0,0,1,0,0,0,S,AC Milan,1,0.11400049179792404,0.11400049179792404,0,2023
9854,Kristjan Asllani,23,746,1,0.6922403955832124,2,1.3165023643523455,15,8,1,0,M S,Inter,1,0.6922403955832124,6.1372614447027445,5.025871854275465,2023
9855,Mattia Viti,15,993,1,1.2804135140031576,0,0.017485439777374268,4,1,0,0,D S,Sassuolo,1,1.2804135140031576,2.852553255856037,2.293475277721882,2023
9966,Fabio Miretti,25,1118,1,1.325026299804449,1,1.4677876215428114,20,25,3,0,F M S,Juventus,1,1.325026299804449,4.88746052980423,2.944629279896617,2023
9985,Johan Vásquez,37,2843,1,2.076727170497179,1,0.9380512684583664,34,11,6,0,D M S,Genoa,1,2.076727170497179,5.810803423635662,4.7087382497265935,2023
10084,Cristian Volpato,22,606,1,0.4366618460044265,0,1.4256186410784721,12,16,1,0,F M S,Sassuolo,1,0.4366618460044265,1.713898716494441,0.7558141779154539,2023
10237,Leo Østigard,25,1611,1,1.027788769453764,0,0.10852476209402084,7,3,2,0,D S,Napoli,1,1.027788769453764,5.102749330922961,5.032398793846369,2023
10248,Arijon Ibrahimovic,16,463,1,0.77170505002141,1,1.1495994897559285,12,8,1,0,F M S,Frosinone,1,0.77170505002141,2.6241856142878532,1.3404285721480846,2023
10303,Jacopo Fazzini,31,1213,1,1.0734277730807662,1,2.0790783083066344,23,24,6,0,M S,Empoli,1,1.0734277730807662,5.486825512722135,3.5779570806771517,2023
10378,Jovane Cabral,12,681,1,1.3014900656417012,0,0.598495727404952,25,10,1,0,D F M S,Salernitana,1,1.3014900656417012,2.0387344732880592,0.8432046957314014,2023
10616,Samuel Iling-Junior,24,759,1,0.8712157420814037,2,1.7570865042507648,9,19,1,0,D S,Juventus,1,0.8712157420814037,4.293723855167627,3.0920320451259613,2023
10740,Jordan Zemura,27,1006,1,0.6152164787054062,0,0.45071058440953493,5,8,1,0,D S,Udinese,1,0.6152164787054062,2.9638896649703383,1.8979626148939133,2023
10750,Rasmus Kristensen,29,1748,1,0.6677331235259771,1,0.7783578988164663,9,12,5,0,D M S,Roma,1,0.6677331235259771,7.334618158638477,6.310220118612051,2023
10878,Sandi Lovric,29,1995,1,3.50694039138034,3,3.840361265465617,43,43,1,1,M S,Udinese,1,3.50694039138034,9.013672885019332,4.2419182769954205,2023
10897,Samuele Vignato,10,332,1,1.6053274646401405,0,0.16862907726317644,7,4,2,0,M S,Monza,1,1.6053274646401405,2.085781052708626,0.41616619005799294,2023
10898,Warren Bondo,25,1456,1,1.0160550205036998,1,0.5501793222501874,17,7,9,0,M S,Monza,1,1.0160550205036998,5.249609800055623,3.849331934005022,2023
10904,Joan Gonzàlez,29,1283,1,1.736732117831707,1,1.3338501080870628,14,15,6,0,M S,Lecce,1,1.736732117831707,5.520030545070767,3.4242400862276554,2023
10956,Emil Holm,22,956,1,3.351479221135378,1,1.2132441699504852,26,4,5,0,D M S,Atalanta,1,3.351479221135378,5.254846431314945,3.0255894511938095,2023
11008,Perr Schuurs,9,771,1,0.7242057342082262,0,0.12341926246881485,7,1,2,0,D,Torino,1,0.7242057342082262,1.1792714418843389,0.8482931600883603,2023
11281,Michael Kayode,26,2076,1,0.8575504701584578,1,0.9539240906015038,7,15,2,0,D S,Fiorentina,1,0.8575504701584578,6.573314850218594,5.421737646684051,2023
11498,Mirko Maric,10,266,1,1.1588000692427158,0,0.7266653086990118,7,5,0,0,F S,Monza,1,1.1588000692427158,2.1612824201583862,0.7623992189764977,2023
11881,Marvin Çuni,22,506,1,1.3647625744342804,0,0.3008130341768265,10,6,0,0,F S,Frosinone,1,1.3647625744342804,1.8656647372990847,0.5133898202329874,2023
11930,Daniel Boloca,30,2031,1,0.6598985847085714,0,0.4136646664701402,13,14,6,1,M S,Sassuolo,1,0.6598985847085714,6.659005264751613,5.759857155382633,2023
11945,Ylber Ramadani,34,2989,1,1.12616962287575,0,0.8014742638915777,31,16,13,0,M,Lecce,1,1.12616962287575,7.142113093286753,5.900680987164378,2023
11957,Antoine Makoumbou,32,2715,1,0.622934453189373,0,1.2004082184284925,8,15,3,2,M,Cagliari,1,0.622934453189373,6.938698309473693,5.549611383117735,2023
11959,Matteo Prati,26,1978,1,2.1295204116031528,1,0.582101290114224,35,14,4,0,M S,Cagliari,1,2.1295204116031528,4.893152610398829,4.056498377583921,2023
11961,Sam Beukema,30,2554,1,2.6552196834236383,1,0.6003758893348277,12,7,4,1,D S,Bologna,1,2.6552196834236383,7.411603178828955,7.235883537679911,2023
12016,Chukwubuikem Ikwuemesi,25,1039,1,2.5094009581953287,1,0.49419939145445824,22,8,2,0,F S,Salernitana,1,2.5094009581953287,3.6371622374281287,0.6929538110271096,2023
12017,Agustín Martegani,18,717,1,0.7115944735705853,0,0.341152373701334,15,6,1,0,M S,Salernitana,1,0.7115944735705853,1.9232338862493634,1.1300806105136871,2023
12155,Zanos Savva,2,25,1,0.45029863715171814,0,0,1,0,0,0,S,Torino,1,0.45029863715171814,1.0481181144714355,0.5978194624185562,2023
12178,Niccolò Pierozzi,12,878,1,0.24836796894669533,0,0.0571012906730175,8,1,6,0,D S,Salernitana,1,0.24836796894669533,0.843851269222796,0.8253662586212158,2023
12181,Jan-Carlo Simic,4,137,1,0.6633056998252869,0,0,2,0,0,0,S,AC Milan,1,0.6633056998252869,0.23438137024641037,0.23438137024641037,2023
12322,Tajon Buchanan,10,133,1,0.25736211985349655,0,0.3881093431264162,4,2,0,0,S,Inter,1,0.25736211985349655,0.8158906064927578,0.5989293530583382,2023
12334,Kingstone Mutandwa,5,25,1,0.05095381010323763,0,0,2,0,0,0,S,Cagliari,1,0.05095381010323763,0.05095381010323763,0,2023
12341,Lautaro Giannetti,7,630,1,1.0422063767910004,0,0.09076614677906036,3,1,4,0,D,Udinese,1,1.0422063767910004,2.331788755953312,2.331788755953312,2023
12528,Santiago Castro,8,229,1,0.8369157202541828,1,0.39861541986465454,7,1,1,0,F S,Bologna,1,0.8369157202541828,2.0450746789574623,1.24784816801548,2023
64,Filip Kostic,29,1876,0,0.7081119995564222,4,6.123868856579065,21,40,2,0,D S,Juventus,0,0.7081119995564222,8.757608419284225,6.036460127681494,2023
193,Giulio Donati,4,23,0,0.01806625723838806,0,0.3515257742255926,1,3,1,0,S,Monza,0,0.01806625723838806,0.3898247182369232,0.03392175957560539,2023
199,Yann Sommer,34,3060,0,0,0,0,0,0,1,0,GK,Inter,0,0,9.55554497987032,9.55554497987032,2023
220,Jérôme Boateng,7,245,0,0,0,0.08622296899557114,0,1,0,0,D S,Salernitana,0,0,0.5747720524668694,0.4885490760207176,2023
257,Jeremy Toljan,25,2088,0,0.6874100705608726,5,1.8560058195143938,12,18,1,0,D S,Sassuolo,0,0.6874100705608726,6.239248927682638,4.487788300961256,2023
307,Suat Serdar,25,1661,0,1.060647669248283,2,1.1698606880381703,22,17,7,0,M S,Verona,0,1.060647669248283,3.126561622135341,1.5272986348718405,2023
542,Pedro Obiang,8,451,0,0.034371066838502884,0,0.6498488169163465,2,5,1,0,M S,Sassuolo,0,0.034371066838502884,0.7924320511519909,0.6682834140956402,2023
628,Chris Smalling,8,377,0,0.02805188111960888,0,0.023350993171334267,1,1,0,0,D S,Roma,0,0.02805188111960888,0.3877423368394375,0.3877423368394375,2023
1040,Angelino,16,1169,0,0.21034097112715244,1,1.6354470886290073,8,19,2,0,D S,Roma,0,0.21034097112715244,4.212130680680275,3.599353041499853,2023
1089,Juan Cuadrado,10,234,0,0.24322540313005447,2,1.708009822294116,5,9,1,0,S,Inter,0,0.24322540313005447,2.3335455767810345,1.923541110008955,2023
1093,Mattia Perin,3,227,0,0,0,0,0,0,0,0,GK,Juventus,0,0,0.1355116218328476,0.1355116218328476,2023
1096,Armando Izzo,23,1663,0,0.5234021171927452,0,0.7562816748395562,5,7,9,0,D S,Monza,0,0.5234021171927452,5.485083221457899,5.326382507570088,2023
1119,Alessio Romagnoli,29,2408,0,0.8311996189877391,0,0.31587859988212585,11,6,9,0,D S,Lazio,0,0.8311996189877391,6.717959278263152,6.468203706666827,2023
1120,Mattia De Sciglio,1,46,0,0,0,0,0,0,0,0,D,Juventus,0,0,0.07219835370779037,0.07219835370779037,2023
1157,Samuele Perisan,1,90,0,0,0,0,0,0,0,0,GK,Empoli,0,0,0.06096018850803375,0.06096018850803375,2023
1158,Simone Scuffet,31,2790,0,0,0,0,0,0,3,0,GK,Cagliari,0,0,3.285050520673394,3.285050520673394,2023
1170,Gianluca Caprari,6,284,0,0.774406723678112,0,0.9869644418358803,8,11,0,0,F M S,Monza,0,0.774406723678112,1.630188811570406,0.22613036632537842,2023
1175,Vincenzo Fiorillo,4,360,0,0,0,0,0,0,1,0,GK,Salernitana,0,0,0.012999573722481728,0.012999573722481728,2023
1226,Karol Linetty,28,1856,0,0.5407502222806215,0,1.1149951126426458,16,15,12,0,M S,Torino,0,0.5407502222806215,5.900664731860161,4.934686308726668,2023
1241,Pedro Pereira,23,828,0,0.18875755369663239,2,1.635898425243795,3,14,3,0,D S,Monza,0,0.18875755369663239,3.2076416639611125,1.5267320713028312,2023
1244,Wojciech Szczesny,35,3150,0,0,0,0.07034061849117279,0,1,1,0,GK,Juventus,0,0,3.5755958519876003,3.5052552334964275,2023
1246,Kostas Manolas,8,492,0,0.2563929632306099,0,0.04947737976908684,2,1,0,0,D S,Salernitana,0,0.2563929632306099,0.18859681859612465,0.1391194425523281,2023
1256,Kevin Strootman,27,1222,0,0.07093188911676407,2,1.914120340719819,1,22,4,0,M S,Genoa,0,0.07093188911676407,2.846030632033944,1.7782558668404818,2023
1264,Edoardo Goldaniga,13,1017,0,0.6161536648869514,0,0.14596972800791264,4,4,3,0,D S,Cagliari,0,0.6161536648869514,1.4959616214036942,1.484241172671318,2023
1281,Giuseppe Pezzella,19,1089,0,0.12173222471028566,0,0.4391938876360655,3,8,4,0,D S,Empoli,0,0.12173222471028566,1.4867536341771483,1.0501906042918563,2023
1302,Emil Audero,4,339,0,0,0,0,0,0,0,0,GK,Inter,0,0,1.5747767575085163,1.5747767575085163,2023
1304,Moise Kean,19,646,0,2.7023022659122944,0,0.6390364356338978,16,5,2,0,F S,Juventus,0,2.7023022659122944,3.156016569584608,0.715679656714201,2023
1305,Lukasz Skorupski,32,2880,0,0,0,0,0,0,2,0,GK,Bologna,0,0,3.8841355526819825,3.8841355526819825,2023
1311,Rade Krunic,10,684,0,0.1937541961669922,0,0.4364178515970707,2,5,3,0,M S,AC Milan,0,0.1937541961669922,3.1321659423410892,2.8424993939697742,2023
1313,Riccardo Saponara,12,323,0,0.13688106834888458,0,0.20809505134820938,5,3,0,0,F M S,Verona,0,0.13688106834888458,0.863316722214222,0.5749543663114309,2023
1375,Elseid Hysaj,22,1188,0,0.41601707600057125,0,0.38996913842856884,2,9,2,0,D S,Lazio,0,0.41601707600057125,3.8381327744573355,3.5144787803292274,2023
1441,Adam Masina,20,1081,0,0.22053740173578262,0,0.08270083367824554,6,2,2,0,D S,"Torino,Udinese",0,0.22053740173578262,3.518620727583766,3.4830709267407656,2023
1445,Simone Verdi,1,1,0,0,0,0.06044856831431389,0,1,0,0,S,Torino,0,0,0.06044856831431389,0,2023
1460,Andrea Consigli,35,3150,0,0,0,0,0,0,1,0,GK,Sassuolo,0,0,2.410509587265551,2.410509587265551,2023
1465,Stefano Sensi,4,34,0,0.07749523222446442,1,0.17781370878219604,2,3,0,0,S,Inter,0,0.07749523222446442,0.28263093531131744,0.14108829572796822,2023
1483,Etrit Berisha,14,1260,0,0,0,0,0,0,0,0,GK,Empoli,0,0,1.6803835276514292,1.6803835276514292,2023
1484,Rafael Toloi,18,956,0,0.06742575857788324,0,0.05944761261343956,3,2,4,1,D S,Atalanta,0,0.06742575857788324,1.8332844786345959,1.7532754093408585,2023
1486,Mattia Caldara,1,31,0,0.08385375142097473,0,0,1,0,0,0,S,AC Milan,0,0.08385375142097473,0.09848347306251526,0.09848347306251526,2023
1491,Alejandro Gomez,2,37,0,0,0,0.13602793216705322,0,1,0,0,S,Monza,0,0,0.8234249874949455,0.6873970553278923,2023
1501,Marco Sportiello,7,630,0,0,0,0,0,0,0,0,GK,AC Milan,0,0,0.539675772190094,0.539675772190094,2023
1504,Alberto Grassi,27,1837,0,0.9090436110273004,1,0.8388190064579248,23,6,4,1,M S,Empoli,0,0.9090436110273004,4.838489793241024,4.473317813128233,2023
1523,Danilo D&#039;Ambrosio,24,1525,0,0.7400869764387608,0,0.23131964076310396,14,4,3,1,D S,Monza,0,0.7400869764387608,4.484826764091849,4.147360630333424,2023
1544,Federico Ravaglia,6,538,0,0,0,0,0,0,0,0,GK,Bologna,0,0,1.5675542280077934,1.5675542280077934,2023
1580,Mattia Destro,15,340,0,1.2548539750277996,0,0.4004472531378269,10,3,2,0,F S,Empoli,0,1.2548539750277996,1.519638480618596,0.07174861244857311,2023
1599,Norbert Gyömbér,22,1779,0,0.1469315206632018,0,0.13023838214576244,4,5,9,0,D S,Salernitana,0,0.1469315206632018,2.5037967041134834,2.3090799562633038,2023
1601,Riccardo Marchizza,13,1152,0,0.2525317771360278,4,0.9633309692144394,8,11,1,0,D,Frosinone,0,0.2525317771360278,2.581760685890913,1.5810423363000154,2023
1609,Antonio Mirante,2,179,0,0,0,0,0,0,0,0,GK,AC Milan,0,0,0.11173693835735321,0.11173693835735321,2023
1710,Marten de Roon,30,2598,0,0.6061462499201298,5,1.5440559647977352,16,23,10,0,D M S,Atalanta,0,0.6061462499201298,10.94014247506857,9.392945867031813,2023
1740,Paul Pogba,2,47,0,0,0,0.020864155143499374,0,1,0,0,S,Juventus,0,0,0.9723805338144302,0.9723805338144302,2023
1792,Mário Rui,21,1206,0,0.11363604571670294,2,1.8970910459756851,5,26,5,1,D S,Napoli,0,0.11363604571670294,8.784344581887126,7.998427785933018,2023
1841,Pierluigi Gollini,7,630,0,0.015095683746039867,0,0,1,0,0,0,GK,Napoli,0,0.015095683746039867,0.8918942175805569,0.8918942175805569,2023
1873,Nicola Leali,2,178,0,0,0,0,0,0,1,0,GK,Genoa,0,0,0.07560715079307556,0.07560715079307556,2023
1892,Alex Meret,31,2774,0,0,0,0.18499746918678284,0,1,0,0,GK,Napoli,0,0,4.149379049427807,4.149379049427807,2023
1898,Stefano Sabelli,32,2491,0,0.8782992325723171,1,2.5561527954414487,9,20,5,0,D M S,Genoa,0,0.8782992325723171,4.999777005054057,2.2704256689175963,2023
1922,Daniele Sommariva,1,2,0,0,0,0,0,0,0,0,S,Genoa,0,0,0,0,2023
1926,Boris Radunovic,7,630,0,0,0,0,0,0,0,0,GK,Cagliari,0,0,0.21492370031774044,0.21492370031774044,2023
1927,Berat Gjimshiti,37,2829,0,0.9837555298581719,1,0.73514056019485,13,7,5,0,D S,Atalanta,0,0.9837555298581719,6.919027889147401,6.847096337005496,2023
1946,Pepín,10,224,0,0.14430748019367456,0,0.07692732661962509,5,2,2,0,M S,Monza,0,0.14430748019367456,0.7213570214807987,0.598285373300314,2023
2303,Samu Castillejo,17,521,0,0.34718944132328033,0,0.7417199946939945,6,15,2,0,F M S,Sassuolo,0,0.34718944132328033,1.576084552332759,0.6752883233129978,2023
2330,Guillermo Ochoa,21,1890,0,0,0,0,0,0,0,0,GK,Salernitana,0,0,1.476787043735385,1.476787043735385,2023
3207,Alexis Blin,31,1619,0,1.1373690329492092,2,1.0918332301080227,13,7,4,0,M S,Lecce,0,1.1373690329492092,5.701776580885053,4.996312720701098,2023
3209,Jean-Daniel Akpa-Akpro,19,685,0,0.3536526430398226,0,0.08185824751853943,7,1,5,0,D M S,Monza,0,0.3536526430398226,2.5619549266994,2.149956703186035,2023
3218,Benoit Costil,13,1170,0,0,0,0.04447060078382492,0,1,0,0,GK,Salernitana,0,0,0.8558120103552938,0.8113414095714688,2023
3334,Lassana Coulibaly,28,2096,0,0.4365227520465851,1,0.973370311781764,13,11,5,0,M S,Salernitana,0,0.4365227520465851,5.651856973767281,5.296831698156893,2023
3363,Benjamin Pavard,23,1692,0,0.9082522876560688,2,1.2916022017598152,15,10,6,0,D S,Inter,0,0.9082522876560688,9.948150794953108,9.047635540366173,2023
3550,Koffi Djidji,13,751,0,0.09306937456130981,0,0,2,0,2,0,D S,Torino,0,0.09306937456130981,2.632842756807804,2.632842756807804,2023
3737,Mike Maignan,29,2610,0,0,1,0.1870583388954401,0,3,1,1,GK,AC Milan,0,0,8.04731984436512,7.860261490568519,2023
3772,Maxime Lopez,21,913,0,0.16461256705224514,0,0.5469922432675958,4,10,1,1,M S,"Fiorentina,Sassuolo",0,0.16461256705224514,2.558629224076867,2.0076124388724566,2023
3872,George Puscas,8,177,0,2.7924956381320953,0,0.07093188911676407,11,1,0,0,F S,Genoa,0,2.7924956381320953,2.2438346445560455,0.03786652069538832,2023
3927,Alessio Cragno,3,270,0,0,0,0,0,0,0,0,GK,Sassuolo,0,0,0.6551097873598337,0.6551097873598337,2023
3939,Nikita Contini,1,16,0,0,0,0,0,0,0,0,S,Napoli,0,0,0.3447420299053192,0.3447420299053192,2023
3951,Kevin Bonifazi,7,394,0,0,0,0.06936639547348022,0,1,0,0,D S,"Bologna,Frosinone",0,0,0.6913915891200304,0.6220251936465502,2023
3976,Karlo Lulic,1,14,0,0,0,0,0,0,0,0,S,Frosinone,0,0,0.05027180537581444,0.05027180537581444,2023
3978,Marco Faraoni,19,997,0,0.575445618480444,2,0.6825410705059767,10,12,5,0,D M S,"Fiorentina,Verona",0,0.575445618480444,2.7716574892401695,2.286839947104454,2023
4010,Luca Garritano,12,474,0,1.0928553324192762,0,0.33535226434469223,12,4,1,0,D M S,Frosinone,0,1.0928553324192762,2.0435240864753723,0.9823616221547127,2023
4699,Simon Kjaer,20,1171,0,0.7086775749921799,1,1.0426491126418114,6,4,1,0,D S,AC Milan,0,0.7086775749921799,5.137498181313276,5.069989297538996,2023
4733,José Luis Palomino,4,15,0,0,0,0,0,0,0,0,S,Atalanta,0,0,0,0,2023
4903,Mamadou Coulibaly,1,1,0,0,0,0,0,0,0,0,S,Salernitana,0,0,0,0,2023
4907,Bartosz Bereszynski,24,1780,0,0.042350112460553646,1,0.3475748784840107,3,8,3,0,D S,Empoli,0,0.042350112460553646,2.979609194211662,2.724884663708508,2023
4911,Alessio Zerbin,20,820,0,0.7994290422648191,1,1.5719266142696142,9,16,0,1,D F M S,"Monza,Napoli",0,0.7994290422648191,3.7449405640363693,2.1480026189237833,2023
4940,Francesco Rossi,1,3,0,0,0,0,0,0,0,0,S,Atalanta,0,0,0,0,2023
4941,Hans Hateboer,23,1094,0,0.3292371742427349,1,2.4460225384682417,11,22,5,0,D M S,Atalanta,0,0.3292371742427349,5.45352204144001,4.465422060340643,2023
4943,Emanuel Vignato,9,305,0,0.018786579370498657,1,0.3307584077119827,1,5,1,0,F M S,Salernitana,0,0.018786579370498657,0.8755935598164797,0.526048569008708,2023
4956,Michele Cerofolini,8,672,0,0,0,0,0,0,1,0,GK S,Frosinone,0,0,0.33197773061692715,0.33197773061692715,2023
4984,Wladimiro Falcone,38,3420,0,0,0,0,0,0,0,0,GK,Lecce,0,0,2.9454613775014877,2.9454613775014877,2023
5103,Martin Hongla,15,1079,0,0.08975155465304852,0,0.29593935795128345,3,9,0,0,M S,Verona,0,0.08975155465304852,1.571519217453897,1.2555691627785563,2023
5133,Aarón Martín,22,1393,0,0.1877811048179865,1,1.639231901615858,5,26,2,1,D S,Genoa,0,0.1877811048179865,1.5476608704775572,0.8022421393543482,2023
5246,Diego Demme,2,68,0,0.01140260137617588,0,0,1,0,1,0,M S,Napoli,0,0.01140260137617588,0.4613552186638117,0.4613552186638117,2023
5360,Weston McKennie,34,2603,0,3.1354414774104953,7,4.233117712661624,23,41,6,0,D M S,Juventus,0,3.1354414774104953,12.871985682286322,8.706567496992648,2023
5573,Domingos Quina,2,10,0,0,0,0,0,0,0,0,S,Udinese,0,0,0,0,2023
5700,Yann Karamoh,10,135,0,0.17842617630958557,0,0.09466880559921265,2,1,0,0,M S,Torino,0,0.17842617630958557,0.40368448197841644,0.1825510412454605,2023
5996,Adrien Tameze,29,2171,0,0.4694110434502363,2,2.187949159182608,9,19,6,1,D M S,Torino,0,0.4694110434502363,8.490508006885648,7.367256930097938,2023
6045,Davy Klaassen,13,181,0,0.05303005874156952,0,0.21078912541270256,1,3,1,0,M S,Inter,0,0.05303005874156952,1.0802036598324776,0.8971321955323219,2023
6107,Carlo Pinsoglio,1,43,0,0,0,0,0,0,0,0,S,Juventus,0,0,0,0,2023
6125,Stanislav Lobotka,38,3324,0,0.6276283888146281,1,1.4858915386721492,14,23,4,0,M,Napoli,0,0.6276283888146281,16.704255057498813,15.061229022219777,2023
6132,Marco Silvestri,17,1530,0,0,0,0,0,0,0,0,GK,Udinese,0,0,1.9688830319792032,1.9688830319792032,2023
6161,Nicolas Haas,1,90,0,0.06858254969120026,0,0,1,0,1,0,M,Empoli,0,0.06858254969120026,0.1952812671661377,0.12669871747493744,2023
6167,Vanja Milinkovic-Savic,36,3240,0,0,0,0,0,0,2,0,GK,Torino,0,0,4.207985732704401,4.207985732704401,2023
6174,Nikola Milenkovic,34,2497,0,0.6086195334792137,0,0.8881916888058186,10,8,4,0,D S,Fiorentina,0,0.6086195334792137,5.86647667363286,5.715780328959227,2023
6180,Manuel Lazzari,24,1678,0,1.0219634026288986,2,1.607017232105136,8,9,4,1,D S,Lazio,0,1.0219634026288986,6.413812613114715,4.334949789568782,2023
6191,Lorenzo Venuti,14,353,0,0.08043412491679192,0,0.2839142382144928,3,5,1,0,D S,Lecce,0,0.08043412491679192,1.9130821488797665,1.5487337820231915,2023
6324,Marash Kumbulla,7,357,0,0,0,0,0,0,1,0,D S,Sassuolo,0,0,0.18319813907146454,0.18319813907146454,2023
6352,Valentino Lazaro,35,1966,0,2.348205342888832,4,3.1190716549754143,18,34,3,0,D M S,Torino,0,2.348205342888832,7.661769658327103,4.8102430403232574,2023
6362,Rick Karsdorp,18,1195,0,0.40707709919661283,2,2.538990513421595,8,11,2,0,D S,Roma,0,0.40707709919661283,6.8040081867948174,4.409966066479683,2023
6396,Jordi Mboula,11,311,0,0.42804078198969364,1,0.2378566563129425,4,3,0,0,F M S,Verona,0,0.42804078198969364,1.693010849878192,1.088365314528346,2023
6434,Franck Zambo,34,2793,0,2.702732869423926,2,4.440528566017747,33,39,2,0,M S,Napoli,0,2.702732869423926,15.261235605925322,11.883951734751463,2023
6601,Timothy Weah,30,1245,0,1.8570021530613303,1,0.8826393820345402,12,13,5,0,D S,Juventus,0,1.8570021530613303,6.292055152356625,4.092949433252215,2023
6706,Ndary Adopo,10,84,0,0.2529441714286804,1,0.10387714207172394,1,2,0,0,S,Atalanta,0,0.2529441714286804,0.9938008151948452,0.8899236712604761,2023
6807,Jaka Bijol,24,2082,0,1.3593929968774319,0,0.11229369603097439,15,3,4,0,D S,Udinese,0,1.3593929968774319,4.954108491539955,4.864091504365206,2023
6849,Rui Patrício,23,2070,0,0,0,0,0,0,1,0,GK,Roma,0,0,3.0713120894506574,3.0713120894506574,2023
6856,Rúben Vinagre,12,267,0,0.02436735387891531,0,0.23628720827400684,2,5,0,0,D S,Verona,0,0.02436735387891531,0.2730931071564555,0.14280128851532936,2023
6872,Mehmet Zeki Çelik,17,645,0,0.12640107795596123,0,0.5789229040965438,2,9,1,0,D S,Roma,0,0.12640107795596123,1.8307569976896048,1.134177591651678,2023
6902,Toma Basic,15,1172,0,0.444509937427938,0,0.41802849620580673,12,16,5,0,M S,Salernitana,0,0.444509937427938,2.664844237267971,2.298974396660924,2023
6977,Pietro Terracciano,33,2970,0,0,0,0.045645502395927906,0,2,3,0,GK,Fiorentina,0,0,2.8789050756022334,2.8710202407091856,2023
6982,Ivan Provedel,30,2700,0,0,0,0,0,0,0,0,GK,Lazio,0,0,5.310401801019907,5.310401801019907,2023
6986,Hamed Junior Traore,9,386,0,0.7107702987268567,0,0.6444383710622787,10,8,1,0,M S,Napoli,0,0.7107702987268567,2.084580399096012,1.0637724921107292,2023
6988,Simone Aresti,1,1,0,0,0,0,0,0,0,0,S,Cagliari,0,0,0,0,2023
7002,Giangiacomo Magnani,33,2433,0,0.5251049250364304,0,0.4376089368015528,11,6,6,0,D S,Verona,0,0.5251049250364304,4.217370260506868,3.738872779533267,2023
7003,Mehdi Bourabia,10,194,0,0.15368107706308365,0,0.022940147668123245,2,1,1,0,M S,Frosinone,0,0.15368107706308365,0.27400986198335886,0.12032878492027521,2023
7049,Evan Ndicka,25,2187,0,1.1618843842297792,3,1.257807606831193,9,6,6,0,D,Roma,0,1.1618843842297792,9.608854707330465,9.144851986318827,2023
7087,Elia Caprile,23,2070,0,0,0,0.19585487805306911,0,2,0,0,GK,Empoli,0,0,1.1644436018541455,0.9685887349769473,2023
7095,Juan Musso,11,990,0,0,0,0,0,0,0,0,GK,Atalanta,0,0,1.682745210826397,1.682745210826397,2023
7124,Davide Bettella,1,1,0,0,0,0,0,0,0,0,S,Monza,0,0,0,0,2023
7236,Leander Dendoncker,3,16,0,0.02422848902642727,0,0,1,0,0,0,S,Napoli,0,0.02422848902642727,0.10020705312490463,0.10020705312490463,2023
7324,Luca Gemello,2,180,0,0,0,0,0,0,0,0,GK,Torino,0,0,0.6422152072191238,0.6422152072191238,2023
7333,Caleb Okoli,34,2908,0,0.6606414467096329,1,0.7082394063472748,13,5,9,0,D S,Frosinone,0,0.6606414467096329,5.585356507450342,5.5629331804811954,2023
7379,Nicolo Fagioli,8,432,0,0.27891479805111885,2,1.3754366859793663,6,11,1,0,M S,Juventus,0,0.27891479805111885,2.4494937397539616,1.6591778006404638,2023
7411,Nicolo Rovella,23,1328,0,0.5673309545964003,2,0.3831647876650095,5,10,6,0,M S,Lazio,0,0.5673309545964003,4.864365924149752,4.15737172588706,2023
7483,Hans Nicolussi Caviglia,8,263,0,0.1111021563410759,1,0.35649584978818893,3,8,1,0,M S,Juventus,0,0.1111021563410759,1.0787366107106209,0.9936075806617737,2023
7502,Iron Gomis,5,124,0,0.4435039106756449,0,0.16698637511581182,3,3,0,0,M S,Salernitana,0,0.4435039106756449,0.6771704601123929,0.2401133980602026,2023
7516,Nehuén Pérez,36,3240,0,1.7092098454013467,0,0.153227174654603,20,7,7,1,D,Udinese,0,1.7092098454013467,8.736407712101936,8.581781735643744,2023
7754,Tiago Djaló,1,15,0,0,0,0,0,0,0,0,S,Juventus,0,0,0,0,2023
7755,Domagoj Bradaric,34,2759,0,0.5899687772616744,3,1.682189168408513,19,35,5,0,D M S,Salernitana,0,0.5899687772616744,6.263963130302727,4.610747911036015,2023
7763,Fabien Centonze,10,680,0,0.009466852992773056,1,0.8775856494903564,1,6,2,0,D S,Verona,0,0.009466852992773056,1.5264255739748478,0.8688952811062336,2023
7785,Kingsley Ehizibue,23,957,0,1.4999388866126537,1,0.4407686498016119,18,8,4,0,D S,Udinese,0,1.4999388866126537,3.0453608594834805,1.4038625061511993,2023
7923,Pawel Dawidowicz,28,2144,0,0.4296509325504303,0,0.04009433835744858,9,2,5,0,D M S,Verona,0,0.4296509325504303,2.5148869827389717,2.4780776873230934,2023
7925,Liam Henderson,1,1,0,0,0,0,0,0,0,0,S,Empoli,0,0,0,0,2023
7936,Filip Jagiello,2,30,0,0,0,0,0,0,0,0,S,Genoa,0,0,0.013070042245090008,0.013070042245090008,2023
7973,Marco Mancosu,6,164,0,1.2519628647714853,0,0.14918244257569313,7,2,0,0,F M S,Cagliari,0,0.49066408909857273,0.8093029130250216,0.22734303772449493,2023
8009,Antonino Gallo,35,2526,0,0.7609681477770209,3,5.05229134298861,15,47,2,0,D S,Lecce,0,0.7609681477770209,9.66337451711297,6.295074298977852,2023
8030,Sebastian Walukiewicz,27,2051,0,0.1868324587121606,0,0.11560438387095928,4,3,6,0,D S,Empoli,0,0.1868324587121606,3.880304664373398,3.811721724458039,2023
8034,Georgios Kyriakopoulos,28,1722,0,1.161013673990965,3,1.8630351405590773,24,21,3,0,D S,Monza,0,1.161013673990965,5.851192948408425,4.496173164341599,2023
8037,Marley Aké,1,7,0,0,0,0,0,0,0,0,S,Udinese,0,0,0,0,2023
8101,Stefano Turati,31,2748,0,0,0,0,0,0,0,0,GK,Frosinone,0,0,1.893377254717052,1.893377254717052,2023
8165,Lucien Agoume,1,3,0,0,0,0,0,0,0,0,S,Inter,0,0,0.5211808085441589,0.5211808085441589,2023
8244,Dylan Bronn,4,44,0,0.06486435979604721,0,0,1,0,0,0,S,Salernitana,0,0.06486435979604721,0.5418936610221863,0.5418936610221863,2023
8252,Nicolás Domínguez,2,103,0,0,0,0.05538249760866165,0,1,0,0,M S,Bologna,0,0,0.3314372058957815,0.27605471573770046,2023
8303,Marin Pongracic,36,3220,0,1.3009874150156975,0,0.4591833371669054,13,11,7,1,D,Lecce,0,1.3009874150156975,7.105370898731053,6.591240594163537,2023
8313,Pierre Kalulu Kyatengwa,9,363,0,0.08263417705893517,0,0.08385779336094856,2,2,0,0,D S,AC Milan,0,0.08263417705893517,0.8816976360976696,0.8816976360976696,2023
8326,Maduka Okoye,21,1890,0,0,0,0,0,0,2,0,GK,Udinese,0,0,0.21325793489813805,0.21325793489813805,2023
8378,Malick Thiaw,21,1626,0,0.6821040762588382,1,0.2017819918692112,5,4,5,1,D S,AC Milan,0,0.6821040762588382,6.564719596877694,6.341804901137948,2023
8380,Pablo Marí,34,2609,0,0.3156427722424269,0,0.6654438972473145,8,4,7,0,D S,Monza,0,0.3156427722424269,5.760206629522145,5.714745820499957,2023
8429,Luka Romero,4,72,0,0.13438808917999268,0,0,1,0,1,0,S,AC Milan,0,0.13438808917999268,0.6175433099269867,0.483155220746994,2023
8512,Filippo Terracciano,21,1361,0,0.342523486353457,1,1.1813033670186996,8,17,2,0,D M S,"AC Milan,Verona",0,0.342523486353457,3.9119341298937798,2.6313380654901266,2023
8522,Matteo Lovato,26,1482,0,0.05441945604979992,0,0.1685897819697857,2,3,4,0,D S,"Salernitana,Torino",0,0.05441945604979992,3.0562739428132772,2.9812231678515673,2023
8632,Enzo Ebosse,1,15,0,0,0,0,0,0,0,0,S,Udinese,0,0,0.046560026705265045,0.046560026705265045,2023
8639,Brandon Soppy,5,173,0,0.018306445330381393,0,0.04068854823708534,1,1,0,0,D S,Torino,0,0.018306445330381393,0.44114547222852707,0.44114547222852707,2023
8663,Flavius Daniliuc,14,732,0,0.1341615654528141,0,0.22291920147836208,2,5,2,0,D S,Salernitana,0,0.1341615654528141,1.8717448394745588,1.6862171459943056,2023
8771,Yunus Musah,30,1439,0,0.6486980924382806,2,1.5079145263880491,14,14,5,0,D M S,AC Milan,0,0.6486980924382806,5.727942459285259,3.9546976909041405,2023
8819,Mergim Vojvoda,28,1372,0,0.26691899448633194,3,1.501221808604896,9,18,3,0,D M S,Torino,0,0.26691899448633194,5.784149983897805,5.116446918807924,2023
8829,Nicolò Casale,20,1559,0,0.9763956321403384,0,0.07588623277842999,7,2,5,0,D S,Lazio,0,0.9763956321403384,4.498380331322551,4.311005115509033,2023
8856,Razvan Marin,30,1815,0,1.0083023044280708,3,3.3114207424223423,35,33,3,0,M S,Empoli,0,1.0083023044280708,5.588325290009379,4.377111053094268,2023
8871,Marco Carnesecchi,27,2427,0,0,0,0,0,0,0,0,GK,Atalanta,0,0,2.1709901951253414,2.1709901951253414,2023
8872,Matteo Ruggeri,34,2489,0,0.6316420622169971,4,2.544009182602167,12,24,3,0,D M S,Atalanta,0,0.6316420622169971,10.970818209461868,9.308693802915514,2023
8881,Lorenzo Montipò,37,3330,0,0,1,0.014551478438079357,0,1,0,0,GK,Verona,0,0,2.2296831011772156,2.2151316218078136,2023
8912,Tommaso Pobega,11,298,0,0.3183460757136345,0,0.2567567229270935,5,1,0,0,D M S,AC Milan,0,0.3183460757136345,2.486055664718151,2.0224963948130608,2023
9036,Nicola Zalewski,22,976,0,1.1059876764193177,1,1.9128439761698246,16,17,1,1,D F S,Roma,0,1.1059876764193177,5.136600196361542,3.116694536060095,2023
9041,Bruno Amione,10,587,0,0.16309326514601707,0,0.01315783429890871,5,1,2,0,D S,Verona,0,0.16309326514601707,0.49320412147790194,0.49320412147790194,2023
9046,Giuseppe Caso,14,381,0,0.33439452201128006,0,0.14670236594974995,7,3,2,0,F S,Frosinone,0,0.33439452201128006,0.6358818951994181,0.15478501096367836,2023
9052,Josep Martínez,36,3240,0,0,0,0.019440695643424988,0,1,2,1,GK,Genoa,0,0,2.737232381477952,2.717791685834527,2023
9090,Ardian Ismajli,26,2037,0,0.25714770518243313,0,0.09204177185893059,5,4,2,0,D S,Empoli,0,0.25714770518243313,4.935336872935295,4.919616490602493,2023
9134,Alessandro Di Pardo,15,318,0,0.11109921149909496,0,0.19546430371701717,3,5,0,0,D S,Cagliari,0,0.11109921149909496,0.652215588837862,0.520976459607482,2023
9263,Filippo Ranocchia,9,474,0,0.20988541096448898,0,0.9020096212625504,6,4,3,0,M S,Empoli,0,0.20988541096448898,1.0342459380626678,0.23034501820802689,2023
9381,Saba Sazonov,12,340,0,0.3835054039955139,0,0.03828668221831322,1,1,2,0,D S,Torino,0,0.3835054039955139,0.3872452601790428,0.3489585816860199,2023
9425,Emil Bohinen,17,580,0,0.07694320566952229,0,0.40584575571119785,4,7,1,0,M S,"Genoa,Salernitana",0,0.07694320566952229,2.0653364174067974,1.7213346157222986,2023
9503,Kacper Urbanski,22,911,0,1.4756384547799826,1,0.9181818217039108,17,16,3,0,F M S,Bologna,0,1.4756384547799826,5.409994894638658,3.9538381304591894,2023
9518,Edoardo Bove,31,1766,0,1.5188872143626213,2,0.919532866217196,19,16,2,0,M S,Roma,0,1.5188872143626213,8.768603987060487,6.591720283031464,2023
9550,Yayah Kallon,1,2,0,0,0,0,0,0,0,0,S,Verona,0,0,0,0,2023
9752,Jesper Lindstrom,22,389,0,0.5909223323687911,1,1.413169089704752,14,13,2,0,F S,Napoli,0,0.5909223323687911,3.0457052029669285,1.7466773092746735,2023
9856,Emmanuel Ekong,1,1,0,0,0,0.016783328726887703,0,1,0,0,S,Empoli,0,0,0.016783328726887703,0,2023
9862,Sydney van Hooijdonk,9,190,0,0.7327332533895969,0,0.10749389231204987,5,2,0,0,F S,Bologna,0,0.7327332533895969,1.261018741875887,0.47208085656166077,2023
9876,Alessandro Zanoli,21,963,0,0.21129567548632622,2,1.4767101276665926,3,12,4,0,D S,"Napoli,Salernitana",0,0.21129567548632622,3.1347189471125603,1.9625904392451048,2023
9877,Tyronne Ebuehi,15,1093,0,0.2627561595290899,1,0.5964694246649742,5,11,0,0,D S,Empoli,0,0.2627561595290899,2.2221295442432165,1.6675625070929527,2023
9892,Matias Viña,15,1047,0,0.35921494383364916,3,1.3409467078745365,8,16,1,0,D S,Sassuolo,0,0.35921494383364916,3.481733580119908,2.4827163880690932,2023
9893,Youssef Maleh,34,2639,0,0.9273026809096336,1,2.1609607758000493,18,34,11,0,M S,Empoli,0,0.9273026809096336,6.281802204437554,3.8272234769538045,2023
9902,Pasquale Mazzocchi,28,1730,0,0.33917286805808544,2,1.4282731506973505,13,17,4,1,D S,"Napoli,Salernitana",0,0.33917286805808544,3.6569135459139943,2.875270064920187,2023
9905,David Okereke,9,238,0,0.3632239531725645,0,0.1005034651607275,8,2,0,0,F M S,Torino,0,0.3632239531725645,1.143243219703436,0.7818590216338634,2023
9924,Fabiano Parisi,21,1451,0,1.1005738358944654,1,2.193103577941656,12,16,4,0,D S,Fiorentina,0,1.1005738358944654,9.431910619139671,7.1888817343860865,2023
9952,Ridgeciano Haps,16,767,0,0.09619662072509527,1,0.8937602415680885,4,3,0,0,D M S,Genoa,0,0.09619662072509527,1.0056717228144407,0.637868101708591,2023
9964,Koni de Winter,29,2383,0,0.5454128971323371,1,0.9032450243830681,11,5,6,1,D S,Genoa,0,0.5454128971323371,3.9912873888388276,3.682261490263045,2023
9982,David Zima,5,81,0,0,0,0,0,0,0,0,S,Torino,0,0,0.335852712392807,0.335852712392807,2023
9983,Beto,1,81,0,0,0,0.17803286015987396,0,6,0,0,F,Udinese,0,0,0.17803286015987396,0.033035073429346085,2023
9992,Oliver Christensen,4,360,0,0,0,0,0,0,0,0,GK,Fiorentina,0,0,1.4052646309137344,1.4052646309137344,2023
10034,Pablo Galdames,2,8,0,0.025787824764847755,0,0,1,0,0,0,S,Genoa,0,0.025787824764847755,0.4947963897138834,0.46900856494903564,2023
10039,Nicola Bagnolini,1,2,0,0,0,0,0,0,0,0,S,Bologna,0,0,0,0,2023
10073,Adam Obert,17,929,0,0.12567837722599506,0,0.8502773195505142,3,6,1,0,D S,Cagliari,0,0.12567837722599506,3.2031116038560867,2.463052250444889,2023
10076,Filippo Missori,8,254,0,0.23692407459020615,0,0.04461761750280857,4,2,0,0,D S,Sassuolo,0,0.23692407459020615,0.5472197216004133,0.2991007026284933,2023
10232,Ruan,26,1513,0,0.5574674028903246,0,0.6519884169101715,7,4,5,1,D S,Sassuolo,0,0.5574674028903246,2.383122514002025,2.1343659041449428,2023
10233,Justin Kumi,1,1,0,0,0,0,0,0,0,0,S,Sassuolo,0,0,0,0,2023
10236,Silvan Hefti,6,104,0,0,0,0,0,0,0,0,D S,Genoa,0,0,0,0,2023
10238,Lapo Francesco Maria Nava,1,1,0,0,0,0,0,0,0,0,S,AC Milan,0,0,0,0,2023
10268,Giorgio Cittadini,6,117,0,0,0,0,0,0,1,0,D S,"Genoa,Monza",0,0,0.08267582207918167,0.08267582207918167,2023
10301,Jens Cajuste,26,986,0,1.4428469873964787,2,1.3371006846427917,16,15,7,0,M S,Napoli,0,1.4428469873964787,6.839327538385987,4.322914877906442,2023
10383,Michel Aebischer,36,2232,0,0.9749945206567645,1,1.5278925970196724,17,17,8,0,M S,Bologna,0,0.9749945206567645,7.66948364302516,6.0087677873671055,2023
10385,Liberato Cacace,31,1914,0,0.4602995403110981,1,1.8651858707889915,13,21,6,0,D S,Empoli,0,0.4602995403110981,5.031446887180209,4.169410252943635,2023
10393,Emil Ceïde,11,141,0,0.14008325804024935,0,0.20531498454511166,2,4,0,0,S,Sassuolo,0,0.14008325804024935,0.40764268208295107,0.10182265192270279,2023
10396,Demba Seck,20,716,0,1.4840920213609934,0,0.7436612918972969,16,5,1,0,F M S,"Frosinone,Torino",0,1.4840920213609934,2.7555592600256205,0.7159791886806488,2023
10413,Giovanni Bonfanti,2,86,0,0.05035397410392761,0,0,1,0,0,0,D S,Atalanta,0,0.05035397410392761,0.6180681586265564,0.6180681586265564,2023
10577,Mario Gila,21,1822,0,0.4283573627471924,0,0.6459688115864992,8,7,2,1,D,Lazio,0,0.4283573627471924,6.568248246796429,6.382926278747618,2023
10596,Simone Pafundi,1,3,0,0,0,0,0,0,0,0,S,Udinese,0,0,0,0,2023
10764,Djed Spence,16,836,0,0.0894954688847065,0,0.23739861696958542,2,6,1,0,D M S,Genoa,0,0.0894954688847065,0.6684167422354221,0.45530058443546295,2023
10781,Mateusz Wieteska,19,954,0,0.27347872592508793,1,0.5759464874863625,4,4,3,1,D S,Cagliari,0,0.27347872592508793,1.5842874646186829,1.2992527848109603,2023
10879,Festy Ebosele,31,1732,0,0.8112895488739014,0,1.5617681546136737,16,16,4,1,D S,Udinese,0,0.8112895488739014,4.618826879188418,2.364440810866654,2023
10880,Axel Guessand,1,38,0,0.011676937341690063,0,0,1,0,0,0,S,Udinese,0,0.011676937341690063,0.37806934118270874,0.37806934118270874,2023
10890,Michele Di Gregorio,33,2872,0,0,0,0,0,0,0,0,GK,Monza,0,0,5.725842714309692,5.725842714309692,2023
10891,Carlos Augusto,37,1659,0,1.1027822345495224,3,3.164252106100321,22,19,1,0,D S,Inter,0,1.1027822345495224,12.28015723824501,9.812551019713283,2023
10892,Samuele Birindelli,35,2006,0,1.2049254719167948,2,2.6630832497030497,25,23,7,0,D S,Monza,0,1.2049254719167948,9.274825909174979,6.304812270216644,2023
10894,Patrick Ciurria,22,1606,0,1.475392802618444,1,3.146348964422941,28,31,2,0,D F M S,Monza,0,1.475392802618444,7.059582455083728,3.7341069895774126,2023
10896,Alessandro Sorrentino,7,548,0,0,0,0,0,0,0,0,GK S,Monza,0,0,0.5653340164572,0.5653340164572,2023
10902,Federico Baschirotto,37,3298,0,2.30855421256274,1,0.5566259026527405,18,2,3,1,D,Lecce,0,2.30855421256274,5.680645692162216,5.650157491676509,2023
10907,Marcin Listkowski,1,7,0,0.011969541199505329,0,0,1,0,0,0,S,Lecce,0,0.011969541199505329,0,0,2023
10908,Medon Berisha,6,196,0,0.12602299451828003,0,0.32468872144818306,2,5,0,0,M S,Lecce,0,0.12602299451828003,0.706414595246315,0.43508052080869675,2023
10935,Dodô,9,522,0,0.08425893075764179,0,0.7045378591865301,2,10,0,0,D S,Fiorentina,0,0.08425893075764179,1.838272713124752,1.2678810395300388,2023
10963,Erik Botheim,7,317,0,0.03298551216721535,0,0,1,0,1,0,F M S,Salernitana,0,0.03298551216721535,0.1875474713742733,0.15456195548176765,2023
10967,Mile Svilar,15,1350,0,0,0,0.03958161920309067,0,1,1,0,GK,Roma,0,0,1.6329222209751606,1.6329222209751606,2023
11022,Simone Perilli,1,90,0,0,0,0,0,0,0,0,GK,Verona,0,0,0.01642075553536415,0.01642075553536415,2023
11023,Josh Doig,28,2205,0,0.5908603323623538,2,1.293358794413507,13,19,7,0,D M S,"Sassuolo,Verona",0,0.5908603323623538,4.780129810795188,3.459060024470091,2023
11027,Emanuele Valeri,16,1173,0,1.366531042382121,1,2.4135903380811214,20,24,3,0,D M S,Frosinone,0,1.366531042382121,5.232246050611138,2.041946468874812,2023
11038,Jhon Lucumí,29,2201,0,0.7497506756335497,0,0.43323754519224167,11,4,1,0,D S,Bologna,0,0.7497506756335497,8.966233726590872,8.594582717865705,2023
11049,Reda Belahyane,2,88,0,0.028317278251051903,0,0,1,0,0,0,M S,Verona,0,0.028317278251051903,0.864464646205306,0.8361473679542542,2023
11053,Isak Hien,26,1783,0,0.3597128503024578,1,0.04263078421354294,8,1,4,1,D S,"Atalanta,Verona",0,0.3597128503024578,5.4989280588924885,5.456297270953655,2023
11054,Juan Cabal,22,1498,0,0.4380451953038573,0,0.44468742050230503,12,12,6,0,D S,Verona,0,0.4380451953038573,4.162682744674385,3.8799359668046236,2023
11096,Vivaldo Semedo,1,9,0,0,0,0,0,0,0,0,S,Udinese,0,0,0,0,2023
11140,Enzo Barrenechea,36,2836,0,0.504088924266398,1,1.4889122173190117,20,25,10,0,M S,Frosinone,0,0.504088924266398,10.443923195824027,9.522312646731734,2023
11278,Gvidas Gineitis,14,522,0,0.6061288490891457,0,0.4122712407261133,9,8,2,0,M S,Torino,0,0.6061288490891457,2.425183964893222,2.0006659291684628,2023
11282,Lorenzo Amatucci,2,14,0,0.01700584590435028,0,0,1,0,0,0,S,Fiorentina,0,0.01700584590435028,0.16030892729759216,0.16030892729759216,2023
11289,Ola Solbakken,1,16,0,0,0,0,0,0,0,0,S,Roma,0,0,0,0,2023
11297,Carlos Alcaraz,10,378,0,0.39867519587278366,1,0.29845622554421425,11,2,0,0,M S,Juventus,0,0.39867519587278366,1.1721367165446281,0.8768043182790279,2023
11367,Victor Kristiansen,32,2323,0,0.25584305450320244,3,2.372798257507384,6,23,5,0,D S,Bologna,0,0.25584305450320244,7.188016228377819,5.70120033621788,2023
11413,Andrea Ferraris,1,8,0,0,0,0,0,0,0,0,S,Monza,0,0,0,0,2023
11418,Alphadjo Cissè,1,6,0,0,0,0,0,0,0,0,S,Verona,0,0,0,0,2023
11470,Niccolò Pisilli,1,8,0,0,0,0,0,0,0,0,S,Roma,0,0,0,0,2023
11478,Nikola Sekulov,1,10,0,0,0,0,0,0,0,0,S,Juventus,0,0,0,0,2023
11529,Leonardo Mendicino,1,1,0,0,0,0,0,0,0,0,S,Atalanta,0,0,0,0,2023
11554,Andres Sfait,2,17,0,0,0,0.06599324196577072,0,1,0,0,S,Salernitana,0,0,0.06599324196577072,0.06599324196577072,2023
11586,Ebenezer Akinsanmiro,1,12,0,0,0,0.08744217455387115,0,1,0,0,S,Inter,0,0,0.08744217455387115,0.08744217455387115,2023
11610,Riccardo Pagano,4,39,0,0.05868164077401161,0,0.05713726207613945,1,1,0,0,S,Roma,0,0.05868164077401161,0.1141801942139864,0.055498553439974785,2023
11875,Steven Shpendi,12,401,0,0.46003760397434235,1,0.7257909066975117,7,5,0,0,F S,Empoli,0,0.46003760397434235,1.7624393850564957,0.6312420908361673,2023
11879,Anthony Oyono,16,1193,0,0.24245444778352976,1,1.1169285383075476,4,10,4,0,D S,Frosinone,0,0.24245444778352976,3.0323795918375254,2.335448293015361,2023
11880,Francesco Gelli,27,1562,0,0.7696660403162241,0,3.516356298699975,10,25,3,0,D F M S,Frosinone,0,0.7696660403162241,4.08471822924912,2.201621536165476,2023
11882,Giorgi Kvernadze,5,45,0,0,0,0,0,0,0,0,S,Frosinone,0,0,0,0,2023
11883,Gennaro Borrelli,1,19,0,0,0,0,0,0,0,0,S,Frosinone,0,0,0,0,2023
11884,Luigi Canotto,1,11,0,0,0,0,0,0,0,0,S,Frosinone,0,0,0,0,2023
11887,Przemyslaw Szyminski,1,2,0,0,0,0,0,0,0,0,S,Frosinone,0,0,0,0,2023
11890,Natan,14,963,0,0.25533715542405844,0,0.13694306276738644,6,4,1,1,D S,Napoli,0,0.25533715542405844,4.064338330179453,3.9365375228226185,2023
11897,Raffaele Di Gennaro,1,21,0,0,0,0,0,0,0,0,S,Inter,0,0,0,0,2023
11899,Gino Infantino,6,68,0,0.014971882104873657,0,0.08179038763046265,1,1,1,0,S,Fiorentina,0,0.014971882104873657,0.7795332074165344,0.6827709376811981,2023
11901,Tomasso Martinelli,1,90,0,0,0,0,0,0,0,0,GK,Fiorentina,0,0,0,0,2023
11902,Pietro Comuzzo,4,37,0,0,0,0,0,0,1,0,S,Fiorentina,0,0,0.44422994926571846,0.44422994926571846,2023
11927,Samuele Mulattieri,27,388,0,1.2952582612633705,0,0.6014150744304061,13,7,1,0,F S,Sassuolo,0,1.2952582612633705,2.4106290489435196,0.6421138299629092,2023
11928,Kevin Miranda,1,10,0,0,0,0,0,0,0,0,S,Sassuolo,0,0,0.019619207829236984,0.019619207829236984,2023
11929,Luca Lipani,8,392,0,0.17950765788555145,0,0.20840361341834068,3,3,0,0,M S,Sassuolo,0,0.17950765788555145,0.44715430215001106,0.2594301365315914,2023
11932,Mateusz Legowski,29,1099,0,0.3032666565850377,0,0.2647525919601321,7,7,3,0,M S,Salernitana,0,0.3032666565850377,1.6934871384873986,1.3353054719045758,2023
11937,João Ferreira,35,1788,0,0.15304630994796753,1,1.0152465980499983,3,13,10,0,D S,Udinese,0,0.15304630994796753,4.543129182420671,4.267973645590246,2023
11946,Mohamed Kaba,23,1375,0,1.4865462491288781,0,0.8267533173784614,14,13,2,1,M S,Lecce,0,1.4865462491288781,5.888079074211419,3.6748348139226437,2023
11947,Rares Burnete,1,6,0,0,1,0.09768185764551163,0,1,0,0,S,Lecce,0,0,0.09768185764551163,0.09768185764551163,2023
11948,Jeppe Corfitzen,1,7,0,0,0,0,0,0,0,0,S,Lecce,0,0,0,0,2023
11956,Paulo Azzi,25,923,0,0.9374023210257292,0,0.5329193426296115,22,9,1,0,D M S,Cagliari,0,0.9374023210257292,2.5265165716409683,1.6429027747362852,2023
11963,Tommaso Corazza,9,178,0,0.09941314905881882,0,0.055269453674554825,1,1,1,0,D S,Bologna,0,0.09941314905881882,0.7312995651736856,0.576616988517344,2023
11967,Davide Bartesaghi,6,61,0,0,0,0,0,0,0,0,S,AC Milan,0,0,0.15689799189567566,0.15689799189567566,2023
11968,Kevin Zeroli,3,22,0,0,0,0,0,0,0,0,S,AC Milan,0,0,0,0,2023
11990,Mateus Lusuardi,4,230,0,0.04728211089968681,0,0,1,0,1,0,D S,Frosinone,0,0.04728211089968681,0.2722821794450283,0.2722821794450283,2023
11994,Marco Pellegrino,11,609,0,0.11288942396640778,0,0.08336895704269409,3,1,1,0,D S,"AC Milan,Salernitana",0,0.11288942396640778,1.7492418959736824,1.7492418959736824,2023
12006,Jesper Karlsson,7,344,0,0.4770841570571065,0,0.14981486462056637,6,5,0,0,M S,Bologna,0,0.4770841570571065,0.6357683734968305,0.14413997903466225,2023
12011,Seydou Fini,3,31,0,0.13918887078762054,0,0,2,0,0,0,S,Genoa,0,0.13918887078762054,0.5611952394247055,0.443789541721344,2023
12012,Marcus Pedersen,28,1580,0,0.1500912057235837,2,1.4423717940226197,3,10,4,0,D S,Sassuolo,0,0.1500912057235837,3.235796181485057,2.2974980007857084,2023
12040,Thomas Thiesson Kristensen,26,2100,0,1.3205620916560292,1,0.3004907891154289,10,4,2,1,D S,Udinese,0,1.3205620916560292,3.7206016946583986,3.5097201969474554,2023
12043,Christos Mandas,9,721,0,0,0,0,0,0,0,0,GK S,Lazio,0,0,0.5141101107001305,0.5141101107001305,2023
12055,Berkan Kutlu,6,182,0,0.21867810934782028,0,0.21886715665459633,4,5,0,0,S,Genoa,0,0.21867810934782028,0.4601022694259882,0.09571483545005322,2023
12061,Ahmed Touba,6,272,0,0.040959469974040985,0,0,1,0,1,0,D S,Lecce,0,0.040959469974040985,0.5359840150922537,0.5359840150922537,2023
12078,Alan Matturro,6,101,0,0.048380397260189056,0,0,1,0,0,0,D S,Genoa,0,0.048380397260189056,0.29111436009407043,0.29111436009407043,2023
12083,Pantelis Hatzidiakos,13,890,0,0.2641571993008256,0,0.019404513761401176,4,1,1,0,D,Cagliari,0,0.2641571993008256,1.2750499630346894,1.2441863417625427,2023
12096,Juan Manuel Cruz,4,100,0,0.023982975631952286,0,0.2399708777666092,1,1,0,0,F S,Verona,0,0.023982975631952286,0.2639538533985615,0,2023
12097,Charlys,2,23,0,0,0,0.037908054888248444,0,2,0,0,S,Verona,0,0,0.10696675628423691,0.09047315269708633,2023
12106,Antonio Tikvic,1,1,0,0,0,0,0,0,0,0,S,Udinese,0,0,0,0,2023
12112,Trivante Stewart,4,93,0,0.07063395157456398,0,0.02791365422308445,2,1,0,0,S,Salernitana,0,0.07063395157456398,0.20151648297905922,0.10296887159347534,2023
12113,Jackson Tchatchoua,26,1713,0,0,2,1.4765660241246223,0,15,2,0,D S,Verona,0,0,4.330691508948803,3.0953275114297867,2023
12124,Alessandro Vogliacco,20,1183,0,0.22107556276023388,1,0.476941904053092,5,13,4,0,D S,Genoa,0,0.22107556276023388,2.252034517005086,1.7882756013423204,2023
12129,João Costa,3,6,0,0,0,0.016732042655348778,0,1,1,0,S,Roma,0,0,0.10700276307761669,0.09027072042226791,2023
12168,Alejandro Jiménez,3,64,0,0,0,0.09680917859077454,0,1,1,0,S,AC Milan,0,0,0.17740339040756226,0.17740339040756226,2023
12170,Joseph Nonge,2,22,0,0,0,0,0,0,1,0,S,Juventus,0,0,0.05819588340818882,0.05819588340818882,2023
12218,Francesco Camarda,2,8,0,0,0,0,0,0,0,0,S,AC Milan,0,0,0,0,2023
12221,Christos Papadopoulos,1,2,0,0,0,0,0,0,0,0,S,Genoa,0,0,0,0,2023
12303,Farès Ghedjemis,6,159,0,0.24414816871285439,0,0.11879444774240255,3,2,1,0,F S,Frosinone,0,0.24414816871285439,2.241150489076972,1.878207853063941,2023
12319,Andrea Sodero,1,2,0,0,0,0,0,0,0,0,S,Empoli,0,0,0,0,2023
12320,Giacomo Corona,1,2,0,0,0,0,0,0,0,0,S,Empoli,0,0,0.011874105781316757,0.011874105781316757,2023
12342,Brenner,8,190,0,0.5442621372640133,0,0.030571348965168,4,2,0,0,F M S,Udinese,0,0.5442621372640133,0.5279277171939611,0.07612740248441696,2023
12362,Santiago Pierotti,11,175,0,0.32713570073246956,2,0.884659118950367,7,2,0,0,S,Lecce,0,0.32713570073246956,1.4067715667188168,0.2904151491820812,2023
12379,Elayis Tavsan,3,39,0,0.10197306424379349,0,0,3,0,0,0,S,Verona,0,0.10197306424379349,0.10197306424379349,0,2023
12380,Dani Silva,14,415,0,0.06056829448789358,0,0.30467907153069973,3,3,2,0,M S,Verona,0,0.06056829448789358,1.509407116100192,1.4246073625981808,2023
12415,Triantafyllos Pasalidis,8,453,0,0,0,0.03168474696576595,0,2,3,0,D S,Salernitana,0,0,0.3679116126149893,0.3679116126149893,2023
12439,Stefan Mitrovic,10,377,0,0.40804804395884275,0,0.06692498736083508,7,3,0,0,M S,Verona,0,0.40804804395884275,0.5978282410651445,0.21181851159781218,2023
12440,David Ankeye,6,48,0,0,0,0,0,0,0,0,S,Genoa,0,0,0.028607945889234543,0.028607945889234543,2023
12443,Leonardo Cerri,1,4,0,0,0,0,0,0,0,0,S,Juventus,0,0,0,0,2023
12597,Alessandro Dellavalle,1,13,0,0,0,0,0,0,0,0,S,Torino,0,0,0.05539943277835846,0.05539943277835846,2023
12617,Gerardo Fusco,1,10,0,0,0,0.029908860102295876,0,1,0,0,S,Salernitana,0,0,0,0,2023
11898,Mateo Retegui,36,2435,25,23.05881144106388,8,5.460668161511421,104,38,3,0,F S,Atalanta,21,19.252317164093256,26.73618371039629,7.0630652736872435,2024
1304,Moise Kean,32,2722,19,21.887753661721945,3,2.3220364889129996,105,19,6,0,F S,Fiorentina,18,20.365155961364508,22.372604370117188,2.2697757203131914,2024
5556,Ademola Lookman,31,2295,15,13.808704778552055,5,8.88729977607727,82,60,4,0,F M S,Atalanta,14,13.047405943274498,24.82031987607479,8.259659683331847,2024
6160,Riccardo Orsolini,30,1914,15,10.357791488990188,4,4.652595203369856,75,30,2,0,F M S,Bologna,12,8.073895009234548,13.579532280564308,3.471814767457545,2024
594,Romelu Lukaku,36,2913,14,13.292909391224384,10,4.244027925655246,64,34,4,0,F S,Napoli,11,10.247714065015316,16.940836619585752,4.888765563257039,2024
5992,Marcus Thuram,32,2316,14,12.123272212222219,4,4.545049572363496,65,39,1,0,F S,Inter,14,12.123272212222219,20.545659221708775,6.454995878040791,2024
5560,Scott McTominay,34,2938,12,8.857582463882864,4,2.8353318478912115,76,26,3,0,M S,Napoli,12,8.857582463882864,17.02024569362402,7.907815325073898,2024
7006,Lautaro Martínez,31,2605,12,14.972904972732067,3,5.210264602676034,102,37,1,0,F,Inter,12,14.972904972732067,20.420169971883297,4.456489903852344,2024
11736,Artem Dovbyk,32,2454,12,14.354873014613986,2,2.92091160826385,63,25,0,0,F S,Roma,10,12.832275385037065,14.934369965456426,3.34222876932472,2024
11936,Lorenzo Lucca,33,2369,12,9.25349983945489,1,1.4154015257954597,66,14,10,0,F S,Udinese,11,8.492201004177332,9.291834384202957,1.9438087791204453,2024
2662,Christian Pulisic,34,2518,11,11.676121918484569,9,7.215573945082724,57,69,1,0,F M S,AC Milan,8,8.63092665374279,21.96822089701891,9.794868961907923,2024
12008,Nikola Krstovic,37,3096,11,12.192179908044636,5,3.5718187177553773,137,30,6,0,F,Lecce,9,9.908283424563706,13.792114338837564,3.114339157938957,2024
687,Pedro,30,1057,10,6.393306020647287,1,1.4419082198292017,39,22,2,0,F M S,Lazio,8,4.870708409696817,10.305274097248912,4.8102878127247095,2024
4895,Andrea Pinamonti,36,2886,10,7.931828275322914,1,1.8391901552677155,79,15,4,0,F S,Genoa,10,7.1705294996500015,12.397627600468695,4.713260012678802,2024
7084,Dusan Vlahovic,29,1793,10,15.096059490926564,4,1.744228720664978,77,16,3,0,F S,Juventus,6,12.050864440388978,16.02136825490743,3.5828115344047546,2024
7375,Roberto Piccoli,37,3180,10,17.91569169005379,1,1.1450618766248226,97,11,6,0,F,Cagliari,9,17.154392854776233,18.1155537343584,2.0816250210627913,2024
10948,Valentín Castellanos,29,2407,10,16.131397516466677,3,3.629513030871749,108,26,9,1,F S,Lazio,8,13.84750095102936,19.230164020322263,5.09424526616931,2024
11965,Tijjani Reijnders,37,3136,10,8.066354492679238,4,4.986120350658894,77,46,2,1,M S,AC Milan,10,8.066354492679238,25.904059149324894,16.791109887883067,2024
7224,Boulaye Dia,35,2220,9,6.899342581629753,3,4.609769284725189,39,26,2,0,F M S,Lazio,9,6.899342581629753,14.704726035706699,6.049787209369242,2024
7700,Che Adams,36,2650,9,9.513159267604351,3,2.1832971647381783,64,26,2,0,F S,Torino,9,8.751860439777374,12.417382868006825,3.57548772636801,2024
942,Florian Thauvin,25,2010,8,9.337323119863868,3,4.883188674226403,54,38,0,0,F M S,Udinese,7,7.053426733240485,12.177254557609558,4.74868880212307,2024
1958,Mattia Zaccagni,34,2750,8,6.876200471073389,6,5.215368155390024,48,55,10,0,F M S,Lazio,6,5.3536028154194355,16.111151101067662,9.00402908027172,2024
5743,Randal Kolo Muani,16,1175,8,4.807359151542187,1,1.422960128635168,26,17,0,0,F M S,Juventus,7,4.046060346066952,6.10349890217185,1.3632007539272308,2024
7193,Rafael Leão,34,2329,8,8.671459373086691,8,7.545301603153348,67,58,5,0,F M S,AC Milan,8,8.671459373086691,19.97986435238272,9.706410181708634,2024
7969,Sebastiano Esposito,33,2370,8,6.238269167486578,0,2.359053977765143,61,35,1,0,F M S,Empoli,7,4.7156714969314635,9.80134324869141,4.868899008259177,2024
8662,Dan Ndoye,30,2166,8,8.556749558076262,4,4.083700603805482,52,28,4,0,F M S,Bologna,6,7.034151768311858,13.290657203644514,3.7632505763322115,2024
12081,Assane Diao,15,1268,8,3.5162678882479668,1,0.7812048885971308,28,8,2,0,F M S,Como,8,3.5162678882479668,7.248157672584057,3.6590865924954414,2024
12528,Santiago Castro,36,2313,8,8.536016429774463,4,3.1317079812288284,63,29,7,0,F S,Bologna,8,7.774717587046325,12.768449267372489,4.18105199560523,2024
4918,Patrick Cutrone,33,2058,7,8.805660281330347,4,2.885559193789959,69,19,1,0,F S,Como,7,8.044361483305693,10.929393373429775,2.3384914100170135,2024
8297,Alexis Saelemaekers,23,1510,7,3.0717705376446247,3,3.0003358367830515,25,26,4,0,D F M S,"AC Milan,Roma",7,3.0717705376446247,12.420274063013494,8.638530646450818,2024
9840,Denzel Dumfries,29,1929,7,6.130226218141615,2,3.6943740658462048,37,21,4,0,D M S,Inter,7,6.130226218141615,13.06925655901432,5.048348389565945,2024
10877,Charles De Ketelaere,36,2092,7,9.455427888780832,7,6.690482780337334,48,39,1,0,F M S,Atalanta,7,9.455427888780832,21.813689198344946,11.468675585463643,2024
11942,Kenan Yildiz,35,2414,7,4.914883994497359,4,5.661711638793349,61,56,2,1,F M S,Juventus,7,4.914883994497359,13.799040334299207,5.859337801113725,2024
1294,Paulo Dybala,24,1431,6,7.097136401571333,3,6.226575620472431,50,40,2,0,F M S,Roma,3,4.813239821232855,12.7716128481552,7.265248727984726,2024
5222,Joel Pohjanpalo,20,1635,6,7.442887621931732,0,1.742062452249229,38,14,1,0,F S,Venezia,3,4.397692278958857,6.818921614438295,1.4799817521125078,2024
6434,Franck Zambo,35,2862,6,5.063090787269175,4,2.627801673486829,44,26,5,0,M S,Napoli,6,5.063090787269175,14.759264782071114,9.680886253714561,2024
7005,Jens Odgaard,29,1987,6,5.312568726018071,1,2.575037257745862,49,17,1,0,F M S,Bologna,6,5.312568726018071,10.966926940716803,3.653994394466281,2024
7500,Giacomo Raspadori,26,1110,6,5.084815743379295,1,2.190453313291073,42,29,1,0,F M S,Napoli,6,5.084815743379295,8.41600340232253,2.6321063581854105,2024
7944,Gabriel Strefezza,37,2648,6,3.9883559653535485,4,4.323990189470351,57,57,5,0,F M S,Como,6,3.9883559653535485,10.79126682691276,4.154899511486292,2024
8163,Daniel Maldini,30,1574,6,6.705157367512584,0,1.6986502315849066,49,16,5,0,F M S,"Atalanta,Monza",6,6.705157367512584,9.631431639194489,2.1939726937562227,2024
8478,Lorenzo Colombo,37,2254,6,6.488613783381879,2,2.6644079368561506,56,21,3,1,F M S,Empoli,5,5.727314888499677,12.387053904123604,4.715949258767068,2024
9866,Nadir Zortea,35,2749,6,2.9334294591099024,2,3.8425654638558626,32,29,2,0,D M S,Cagliari,6,2.9334294591099024,11.549319669604301,5.947565328329802,2024
10366,Albert Gudmundsson,24,1284,6,4.845826052129269,1,1.8325094562023878,27,15,2,0,F M S,Fiorentina,4,3.323228407651186,7.442773260176182,3.083286017179489,2024
11541,Nico Paz,35,2704,6,9.964229883626103,8,5.478746464475989,110,54,6,0,F M S,Como,6,9.202931048348546,16.96518620289862,5.573194831609726,2024
12784,Ange-Yoan Bonny,37,2580,6,8.872624272480607,4,4.270201579667628,63,30,2,0,F S,Parma Calcio 1913,4,6.588727781549096,11.494128406047821,2.4311125241219997,2024
12855,Casper Tengstedt,25,1552,6,5.571623582392931,1,1.2589485691860318,38,12,2,0,F M S,Verona,5,4.810324747115374,7.137801101431251,1.7660519918426871,2024
189,Hakan Calhanoglu,29,1999,5,4.414205387234688,6,7.045005705207586,46,49,5,0,M S,Inter,2,1.3690101206302643,13.450780309736729,11.181228714063764,2024
1804,Álvaro Morata,16,1110,5,4.817088529467583,0,0.9593266900628805,27,7,5,0,F M S,AC Milan,5,4.817088529467583,7.887570891529322,3.076422202400863,2024
3856,Milan Djuric,27,1522,5,4.078131872229278,1,0.8377221208065748,28,5,4,0,F S,"Monza,Parma Calcio 1913",5,4.078131872229278,4.488791679032147,0.3141458183526993,2024
4981,Davide Frattesi,28,1194,5,5.315815009176731,1,1.0950888358056545,28,7,1,0,M S,Inter,5,5.315815009176731,8.426437519490719,2.8256054520606995,2024
6155,Robin Gosens,32,2544,5,2.4154493268579245,5,2.93827155418694,23,27,6,0,D M S,Fiorentina,5,2.4154493268579245,11.139119654893875,7.044390741735697,2024
6276,Nikola Vlasic,30,2127,5,3.3855708930641413,4,2.641710100695491,31,32,0,0,F M S,Torino,3,1.86297326721251,7.903357891365886,4.79482457973063,2024
6601,Timothy Weah,30,1636,5,3.7299512615427375,2,1.9956131614744663,21,19,4,0,D F M S,Juventus,5,3.7299512615427375,9.210717367008328,5.046265376731753,2024
7453,Khvicha Kvaratskhelia,17,1201,5,4.196013361215591,3,3.7051555328071117,50,27,1,0,F M S,Napoli,4,3.434714525938034,8.84681673720479,3.6589537039399147,2024
9965,Matìas Soulè Malvano,27,1807,5,3.697174882516265,5,6.449352219700813,42,51,3,0,D F M S,Roma,5,3.697174882516265,14.138921145349741,6.339091908186674,2024
10895,Dany Mota,31,2121,5,4.940644808113575,2,1.9611132070422173,42,21,3,0,F M S,Monza,5,4.940644808113575,9.050512425601482,3.241640606895089,2024
11900,Lucas Beltrán,33,1965,5,6.0504823960363865,4,2.9424900263547897,29,29,6,0,F M S,Fiorentina,3,3.7665859647095203,12.85442740097642,7.148263560608029,2024
12857,Daniel Mosquera,35,1334,5,7.168538000434637,1,1.859255077317357,57,12,4,0,F S,Verona,5,7.168538000434637,10.489193508401513,3.6954835038632154,2024
13386,Jacob Ondrejka,12,408,5,1.3530066162347794,0,1.156918689608574,14,8,0,0,M S,Parma Calcio 1913,5,1.3530066162347794,2.6188761815428734,1.2010995410382748,2024
13453,Santiago Giménez,14,665,5,4.460054490715265,2,1.6851547174155712,23,6,3,1,F S,AC Milan,5,3.6987556889653206,5.886839214712381,1.0301849097013474,2024
865,Marko Arnautovic,18,531,4,4.483994249254465,2,0.9996647089719772,14,7,1,0,F S,Inter,4,4.483994249254465,4.679309174418449,1.4731150679290295,2024
1168,Bryan Cristante,30,2046,4,2.4521201327443123,2,1.721342091448605,30,18,8,0,M S,Roma,4,2.4521201327443123,10.653758198022842,8.618931483477354,2024
1178,Davide Zappacosta,30,2102,4,3.0307677779346704,2,2.927798919379711,39,23,3,0,D M S,Atalanta,4,3.0307677779346704,11.398830203339458,7.707523886114359,2024
1324,Federico Dimarco,33,2214,4,4.162737088277936,7,7.332246446982026,56,48,3,0,D M S,Inter,4,4.162737088277936,15.370240172371268,7.947630537673831,2024
1710,Marten de Roon,36,3060,4,1.263384023681283,4,2.7508939653635025,14,25,5,0,D M S,Atalanta,4,1.263384023681283,20.361934054642916,18.280003871768713,2024
2547,Theo Hernández,33,2698,4,3.1725775552913547,3,5.343857791274786,44,48,4,1,D S,AC Milan,4,2.411278731189668,16.70346779935062,14.54358809813857,2024
3821,Rolando Mandragora,29,1940,4,2.280061637982726,3,3.924611158668995,38,31,7,0,M S,Fiorentina,3,1.5187628027051687,7.940919827669859,5.204633484594524,2024
5954,Eldor Shomurodov,27,1082,4,5.652864208444953,4,1.8670945186167955,29,17,1,0,F M S,Roma,4,5.652864208444953,7.127035621553659,1.596219727769494,2024
6176,Adam Marusic,35,2336,4,2.1844769613817334,0,0.6067054634913802,22,13,1,0,D M S,Lazio,4,2.1844769613817334,7.717258364893496,6.355395727790892,2024
6692,Enrico Del Prato,34,2944,4,1.9651844333857298,0,1.2807176727801561,12,15,8,0,D M S,Parma Calcio 1913,4,1.9651844333857298,8.776847595348954,7.230205884203315,2024
6762,Yacine Adli,26,1246,4,0.90202596783638,6,3.4848021315410733,14,23,1,1,M S,Fiorentina,4,0.90202596783638,6.728238292038441,4.386798335239291,2024
7265,Kephren Thuram,35,2331,4,3.5313255190849304,5,4.682116312906146,36,25,5,0,M S,Juventus,4,3.5313255190849304,15.060948219150305,9.894022192806005,2024
7284,Marco Brescianini,29,959,4,4.397535916417837,2,1.2350470423698425,20,7,1,0,M S,Atalanta,4,4.397535916417837,7.267041644081473,2.323193995282054,2024
7483,Hans Nicolussi Caviglia,35,2883,4,2.2404830921441317,2,2.812581107020378,53,29,5,1,M S,Venezia,4,2.2404830921441317,6.240041554905474,4.334810188040137,2024
7912,Eljif Elmas,13,1032,4,1.376329985447228,0,0.536102406680584,19,10,0,0,F M S,Torino,4,1.376329985447228,3.8012698255479336,2.1076339967548847,2024
9029,Simon Sohm,37,3015,4,4.3499494809657335,0,2.630914680659771,34,20,6,0,M S,Parma Calcio 1913,4,4.3499494809657335,15.720251835882664,9.804565664380789,2024
9303,Dennis Man,33,1997,4,7.004470095038414,4,4.645356995984912,49,45,0,0,F M S,Parma Calcio 1913,4,7.004470095038414,12.554394412785769,3.31936795450747,2024
10303,Jacopo Fazzini,20,1403,4,3.692545833066106,1,1.0941042816266418,26,12,1,1,F M S,Empoli,4,3.692545833066106,6.923686906695366,2.6492027305066586,2024
10404,Éderson,37,2898,4,4.337195685133338,1,5.689773496240377,39,37,3,1,M S,Atalanta,4,4.337195685133338,22.29255823791027,16.017200173810124,2024
11350,Amin Sarr,32,1940,4,4.79459623247385,1,2.119128202088177,23,22,1,0,F S,Verona,4,4.79459623247385,8.290901853702962,2.3352970629930496,2024
11951,Gustav Isaksen,37,2254,4,5.236178271472454,2,3.084163647145033,55,36,5,0,F M S,Lazio,4,5.236178271472454,12.200112521648407,5.998448936268687,2024
12362,Santiago Pierotti,36,1963,4,4.261026685126126,2,2.861844254657626,32,25,4,1,F M S,Lecce,4,4.261026685126126,7.331456171348691,1.7949057193472981,2024
557,Matteo Darmian,29,1781,3,2.3047944605350494,2,1.397296465933323,11,15,3,0,D S,Inter,3,2.3047944605350494,9.961994677782059,6.824119355529547,2024
702,Tammy Abraham,29,1174,3,7.742781264707446,4,2.491778311319649,28,15,1,0,F S,"AC Milan,Roma",2,6.220183564350009,9.899299249053001,2.1633672695606947,2024
1134,Mario Pasalic,34,1973,3,7.044077763333917,4,3.9745980985462666,46,32,1,0,M S,Atalanta,3,6.282778928056359,19.13353493064642,11.964951280504465,2024
1148,Duván Zapata,7,597,3,3.206736508756876,0,0.5824607098475099,21,9,1,0,F,Torino,3,3.206736508756876,4.070810154080391,0.7009266540408134,2024
1170,Gianluca Caprari,34,1644,3,3.863158030435443,2,2.0879268255084753,29,29,3,0,F M S,Monza,1,2.340560359880328,6.6401623813435435,3.3056100392714143,2024
1206,Danilo Cataldi,25,1762,3,0.7924351925030351,0,0.5937809273600578,13,14,1,0,M S,Fiorentina,3,0.7924351925030351,7.4116148594766855,6.710566373541951,2024
1248,Leandro Paredes,22,1370,3,2.1564809433184564,1,1.6625222507864237,26,21,4,0,M S,Roma,1,0.6338833100162446,10.667602295055985,9.504389160312712,2024
1252,Stephan El Shaarawy,31,1075,3,2.968658696860075,4,1.2206020690500736,28,15,2,0,D F M S,Roma,3,2.968658696860075,8.5647276006639,5.534490182995796,2024
1409,Nicolò Barella,33,2485,3,2.0158462561666965,6,4.790416604839265,43,55,4,0,M S,Inter,3,2.0158462561666965,14.60711894929409,11.276230716146529,2024
1473,Matteo Politano,37,2881,3,3.645138157531619,4,6.106871038675308,56,55,3,0,D F M S,Napoli,3,3.645138157531619,14.71786006912589,9.300267823040485,2024
1541,Stefan de Vrij,26,1719,3,1.8668567053973675,0,0.05752667039632797,13,1,2,0,D S,Inter,3,1.8668567053973675,8.949557587504387,8.351457685232162,2024
4932,Pietro Pellegri,11,411,3,0.5232967622578144,0,0.6099942177534103,8,6,3,0,F S,Empoli,3,0.5232967622578144,1.5464684441685677,0.5057045128196478,2024
5509,Hernani,25,1330,3,2.7682679863646626,3,2.086292065680027,20,24,7,0,M S,Parma Calcio 1913,0,0.48437151964753866,3.7652265951037407,2.650100890547037,2024
6196,Nicolas Viola,27,1293,3,3.0422234144061804,1,3.0116874668747187,31,29,2,0,F M S,Cagliari,3,3.0422234144061804,5.7125649359077215,2.6841415483504534,2024
6414,Yann Bisseck,27,1646,3,2.454003557562828,2,1.4668675772845745,21,7,4,0,D S,Inter,3,2.454003557562828,9.753132335841656,8.009181194007397,2024
6978,Giovanni Di Lorenzo,37,3330,3,3.556538237258792,2,4.0602543745189905,21,37,6,0,D,Napoli,3,3.556538237258792,13.787290934473276,11.077612202614546,2024
7074,Nicolás González,26,1789,3,4.388662149198353,2,1.3247456587851048,45,19,3,0,D F M S,Juventus,3,4.388662149198353,7.8343419916927814,3.530604605562985,2024
7208,Samuel Chukwueze,26,910,3,2.7906703650951385,2,3.146787761710584,32,27,0,0,F M S,AC Milan,3,2.7906703650951385,6.90047693438828,2.527507521212101,2024
8182,Lucas Da Cunha,36,2639,3,1.5810190811753273,2,4.5990445874631405,37,54,4,0,M S,Como,3,1.5810190811753273,11.007021154277027,8.987369268201292,2024
8856,Razvan Marin,33,1374,3,2.198327684774995,2,3.3134645614773035,24,33,4,0,M S,Cagliari,1,0.6757300570607185,7.719012740068138,5.908012542873621,2024
8895,Tete Morente,31,2036,3,3.1021080827340484,2,1.8323508612811565,41,25,5,0,F M S,Lecce,3,3.1021080827340484,7.266147148795426,2.6662099501118064,2024
9071,Matteo Cancellieri,27,1453,3,2.508650751784444,0,0.5385912079364061,22,10,2,1,F M S,Parma Calcio 1913,3,2.508650751784444,3.8868695683777332,1.2166336849331856,2024
9964,Koni de Winter,25,2132,3,2.7674892572686076,0,0.27007926255464554,13,3,6,0,D S,Genoa,3,2.7674892572686076,6.329930320382118,6.263988450169563,2024
9966,Fabio Miretti,25,1718,3,3.491154466755688,3,2.2381972754374146,24,22,2,0,M S,Genoa,3,3.491154466755688,6.609325652010739,2.104139558970928,2024
9969,Teun Koopmeiners,28,1998,3,4.893107362091541,3,2.562169134616852,42,37,3,0,F M S,Juventus,3,4.893107362091541,9.23165249824524,3.934658458456397,2024
9985,Johan Vásquez,36,3036,3,2.439728694036603,0,0.33457772713154554,36,7,9,0,D S,Genoa,3,2.439728694036603,5.903322666883469,5.486615629866719,2024
9993,Jurgen Ekkelenkamp,34,1884,3,3.1339307287707925,2,1.634106621146202,26,16,2,0,M S,Udinese,3,3.1339307287707925,7.973995503038168,4.543551272712648,2024
10794,Thijs Dallinga,31,1124,3,5.5362889394164085,2,0.5392365166917443,31,12,1,0,F S,Bologna,3,5.5362889394164085,6.434516295790672,0.6634038519114256,2024
10891,Carlos Augusto,29,1658,3,3.478978853672743,2,1.9167723655700684,24,9,1,0,D M S,Inter,3,3.478978853672743,9.37629859149456,7.548568494617939,2024
10892,Samuele Birindelli,21,1497,3,1.8879536800086498,0,1.681458842009306,15,18,2,0,D M S,Monza,3,1.8879536800086498,6.660150051116943,3.367040239274502,2024
11278,Gvidas Gineitis,30,1431,3,1.8468696102499962,1,2.1717008724808693,29,21,5,0,M S,Torino,3,1.8468696102499962,5.020252310670912,2.374197735451162,2024
11944,Patrick Dorgu,21,1843,3,3.1648835986852646,1,1.512625027447939,36,19,2,1,D F M,Lecce,3,3.1648835986852646,8.149002324789762,4.312539998441935,2024
11958,Gaetano Oristanio,37,2353,3,5.692690180614591,3,2.3286834582686424,44,33,3,0,F M S,Venezia,3,5.692690180614591,8.785600032657385,2.129219925031066,2024
11964,Giovanni Fabbian,30,992,3,2.8819183595478535,1,1.5135211404412985,21,10,2,0,M S,Bologna,3,2.8819183595478535,3.6327195819467306,1.3713714592158794,2024
12872,Fisayo Dele-Bashiru,20,947,3,1.4858720265328884,1,0.7893589623272419,16,9,0,0,M S,Lazio,3,1.4858720265328884,3.4042278230190277,1.4639215217903256,2024
12904,Samuel Mbangula,23,687,3,0.45650872960686684,3,1.7539049219340086,9,15,1,0,M S,Juventus,3,0.45650872960686684,3.577903801575303,1.5901758465915918,2024
13052,Francisco Conceição,26,1320,3,3.1290370896458626,3,4.405173312872648,40,28,3,1,F M S,Juventus,3,3.1290370896458626,12.86916140280664,7.611164345405996,2024
13061,Benjamín Domínguez,24,1309,3,2.4306969847530127,2,0.7319683395326138,30,10,0,0,F M S,Bologna,3,2.4306969847530127,6.142895981669426,3.6524169370532036,2024
13446,Mateo Pellegrino,13,742,3,4.878659307956696,1,0.4318407028913498,22,5,2,0,F S,Parma Calcio 1913,3,4.878659307956696,5.234482780098915,1.5947542488574982,2024
307,Suat Serdar,22,1380,2,1.6178497727960348,1,1.0614012964069843,30,10,2,1,M S,Verona,2,1.6178497727960348,3.9974643010646105,1.9205339886248112,2024
1040,Angelino,38,3182,2,1.4242041343823075,1,5.52251351904124,24,50,1,0,D M S,Roma,2,1.4242041343823075,13.30595819465816,9.541474713012576,2024
1053,Keinan Davis,23,1049,2,3.069802690297365,1,2.451004257425666,29,20,2,0,F S,Udinese,2,3.069802690297365,5.503186270594597,1.115274365991354,2024
1104,Leonardo Pavoletti,26,377,2,2.766921676695347,0,1.3929061777889729,18,9,5,0,F S,Cagliari,2,2.766921676695347,5.622105723246932,1.962111784145236,2024
1106,Darko Lazovic,27,1467,2,2.923182776197791,3,3.620596608147025,20,19,0,0,D M S,Verona,1,2.161883970722556,6.413260260596871,0.9932305105030537,2024
1119,Alessio Romagnoli,32,2676,2,3.565914835780859,0,0.7020909860730171,20,10,4,2,D S,Lazio,2,3.565914835780859,10.539792001247406,10.252787809818983,2024
1122,Manuel Locatelli,36,2852,2,1.728091100230813,2,3.160760385915637,25,29,9,0,M S,Juventus,1,0.9667923059314489,15.23953227698803,12.483740866184235,2024
1186,Andrea Belotti,18,584,2,2.582710526883602,0,0.5775738749653101,19,7,1,0,F S,Como,2,2.582710526883602,2.759082268923521,0.0870181517675519,2024
1210,Keita,11,644,2,1.8753624334931374,0,0.20912368968129158,14,4,2,0,F S,Monza,2,1.8753624334931374,2.8264651000499725,1.191562789492309,2024
1386,Piotr Zielinski,26,947,2,2.6944100074470043,2,0.618134144693613,17,13,0,0,M S,Inter,0,1.1718123368918896,6.736713929101825,5.561824133619666,2024
1423,Matías Vecino,20,843,2,3.101402133703232,3,3.248251875862479,16,11,7,0,M S,Lazio,2,3.101402133703232,5.6588153429329395,1.4020736617967486,2024
1471,Lorenzo Pellegrini,25,1648,2,5.427780851721764,1,2.6245815753936768,42,27,4,0,M S,Roma,1,4.666482016444206,9.614778824150562,4.58295938745141,2024
1634,Alessandro Deiola,29,1439,2,1.4592230711132288,1,0.776571724563837,18,6,6,0,M S,Cagliari,2,1.4592230711132288,4.446037642657757,2.7486743927001953,2024
1725,Christian Kabasele,16,1164,2,2.2601508777588606,0,0.35346958227455616,15,6,0,0,D S,Udinese,2,2.2601508777588606,0.8825029470026493,0.5794381741434336,2024
1809,Joaquín Correa,19,701,2,2.388469398021698,2,1.6234094053506851,14,10,3,0,F M S,Inter,2,2.388469398021698,6.5976563561707735,3.296074714511633,2024
2217,Antonio Sanabria,26,1321,2,2.5742118433117867,1,0.31946961581707,19,8,2,0,F S,Torino,2,1.812913067638874,2.6882569044828415,1.093564716167748,2024
3278,Maxwel Cornet,7,240,2,1.0113862305879593,1,1.0651200264692307,5,5,0,0,M S,Genoa,2,1.0113862305879593,1.869239717721939,0.8866638094186783,2024
4920,Matteo Gabbia,26,2159,2,1.5626689977943897,0,0.17323392629623413,14,2,4,0,D S,AC Milan,2,1.5626689977943897,10.157022289931774,10.14400365203619,2024
5360,Weston McKennie,32,2334,2,2.9408072270452976,4,4.656233137473464,22,32,3,0,D F M S,Juventus,2,2.9408072270452976,10.659127198159695,5.942629124969244,2024
5661,Jonathan Ikone,27,831,2,3.4286174327135086,0,0.49651457089930773,25,4,1,0,F M S,"Como,Fiorentina",2,3.4286174327135086,6.160221628844738,2.8455714769661427,2024
6159,Gianluca Mancini,37,3152,2,2.963864615187049,0,1.0477176792919636,22,15,8,0,D S,Roma,2,2.963864615187049,12.107092240825295,11.160773133859038,2024
6228,Luka Jovic,15,549,2,2.270533040165901,0,1.1450764555484056,11,12,1,0,F S,AC Milan,2,2.270533040165901,3.655979346483946,1.315719859674573,2024
6686,Nicolo Zaniolo,23,665,2,1.9149079006165266,2,1.2455867566168308,20,12,6,0,F M S,"Atalanta,Fiorentina",2,1.9149079006165266,4.722219057381153,1.9833912942558527,2024
6718,Andrea Colpani,25,1469,2,3.3541502580046654,1,1.1401456985622644,36,17,1,0,M S,Fiorentina,2,3.3541502580046654,7.350004870444536,3.4852827321738005,2024
6773,Samuel Gigot,15,692,2,1.3551291171461344,0,0,4,0,2,0,D S,Lazio,2,1.3551291171461344,3.7404720038175583,3.608620271086693,2024
7328,Maxence Caqueret,18,1110,2,0.7744915895164013,3,2.1084248200058937,8,19,4,0,M S,Como,2,0.7744915895164013,5.4499228075146675,3.510226085782051,2024
7482,Kouadio Kone,34,2597,2,2.9576583448797464,1,1.7725180741399527,34,19,6,0,M S,Roma,2,2.9576583448797464,14.167982800863683,11.84147794637829,2024
7507,Gianluca Gaetano,28,976,2,4.630177354440093,4,2.379545057192445,30,22,0,0,M S,Cagliari,2,4.630177354440093,7.970997171476483,2.2628479339182377,2024
7892,João Félix,15,761,2,2.875185754150152,0,1.5514497235417366,29,10,3,0,M S,AC Milan,2,2.875185754150152,6.425452150404453,3.1223751958459616,2024
8034,Georgios Kyriakopoulos,34,2865,2,1.0278923446312547,4,3.4542827997356653,27,41,5,0,D S,Monza,2,1.0278923446312547,5.571459736675024,2.9557580947875977,2024
8341,Lazar Samardzic,31,1119,2,1.92628039047122,1,3.317144453525543,33,35,3,0,M S,Atalanta,2,1.92628039047122,8.127213651314378,4.740726798772812,2024
8383,Faustino Anjorin,22,1127,2,0.78926155064255,3,2.2848569825291634,23,17,3,0,M S,Empoli,2,0.78926155064255,3.6055558947846293,0.8866018038243055,2024
8642,Strahinja Pavlovic,24,1866,2,2.1691710744053125,1,1.2954732533544302,17,6,3,1,D S,AC Milan,2,2.1691710744053125,8.996752217411995,7.717672035098076,2024
8857,Gabriele Zappa,37,3070,2,0.7887675790116191,0,4.328659053891897,11,28,4,0,D S,Cagliari,2,0.7887675790116191,8.3868967005983,5.076139492914081,2024
8912,Tommaso Pobega,21,1180,2,2.5043334010988474,2,1.3730711620301008,24,11,4,2,M S,Bologna,2,2.5043334010988474,5.308426357805729,3.1972428830340505,2024
8913,Emmanuel Gyasi,37,3238,2,5.1029623951762915,1,1.4408680945634842,22,17,5,0,D M,Empoli,2,5.1029623951762915,9.220969841815531,4.194316642358899,2024
9841,Andrea Cambiaso,33,2227,2,0.9298030640929937,3,2.9846264300867915,17,34,4,0,D F M S,Juventus,2,0.9298030640929937,13.496584210544825,11.934343788772821,2024
9854,Kristjan Asllani,22,960,2,2.2790823988616467,2,1.5879101548343897,16,14,4,0,M S,Inter,0,0.756484741345048,4.228175640106201,3.6371318250894547,2024
9904,Gianluca Busio,33,2537,2,2.8546703048050404,0,1.6145903673022985,36,28,4,0,F M S,Venezia,2,2.8546703048050404,6.50524911377579,2.8292309986427426,2024
9924,Fabiano Parisi,26,1107,2,0.43680791184306145,0,1.035966550000012,9,4,3,0,D M S,Fiorentina,2,0.43680791184306145,3.231815998442471,1.777893790975213,2024
10090,Iker Bravo,29,629,2,1.1998920924961567,1,0.5227264482527971,13,7,3,0,F M S,Udinese,2,1.1998920924961567,2.38471445068717,0.674788711592555,2024
10169,Diego Coppola,34,2928,2,1.3077915208414197,0,0.09275455120950937,10,3,10,0,D S,Verona,2,1.3077915208414197,3.875566763803363,3.8420231472700834,2024
10365,Morten Frendrup,35,3115,2,1.6894174106419086,0,0.7124996110796928,31,14,5,0,M,Genoa,2,1.6894174106419086,8.62092512845993,6.655704429373145,2024
10380,Zito,26,1634,2,1.856324827298522,2,3.8021888826042414,23,17,2,0,F M S,Cagliari,2,1.856324827298522,7.253765940666199,2.3899503760039806,2024
10385,Liberato Cacace,33,2224,2,4.268769123591483,4,2.0169987874105573,29,27,6,0,D M S,Empoli,2,4.268769123591483,8.474104415625334,3.7368238335475326,2024
10878,Sandi Lovric,36,2370,2,2.558918621391058,3,3.4529649671167135,49,32,5,0,M S,Udinese,2,2.558918621391058,9.900501234456897,5.3525571543723345,2024
10893,Christian Gytkjær,29,720,2,3.4311846122145653,1,0.7098643705248833,18,7,0,0,F S,Venezia,1,2.6698857471346855,2.1699485518038273,0.45140155404806137,2024
10902,Federico Baschirotto,38,3420,2,1.786151384934783,0,0.4555621715262532,22,6,3,0,D,Lecce,2,1.786151384934783,5.909337832592428,5.701119958423078,2024
10957,Mikael Ellertsson,36,2503,2,1.3820830965414643,2,2.1617317385971546,21,20,2,0,D M S,Venezia,2,1.3820830965414643,5.425039594992995,2.492546943947673,2024
10985,Sulemana,9,282,2,0.580807913094759,0,0.025735890492796898,5,1,1,0,M S,Atalanta,2,0.580807913094759,0.8711340129375458,0.6467559784650803,2024
11027,Emanuele Valeri,35,2883,2,1.603562337346375,6,5.606089581735432,27,36,1,0,D M S,Parma Calcio 1913,1,0.8422635281458497,9.662433922290802,4.945689929649234,2024
11380,Vitinha,25,1346,2,1.7762191742658615,3,4.115728894248605,33,17,2,0,F M S,Genoa,2,1.7762191742658615,5.696292694658041,1.6133615635335445,2024
11470,Niccolò Pisilli,28,1198,2,3.067274132743478,1,0.9415066838264465,27,10,7,0,M S,Roma,2,3.067274132743478,5.933968747034669,3.9242928493767977,2024
11741,Saúl Coco,32,2851,2,1.9452431565150619,0,0.006286880001425743,20,1,10,0,D,Torino,2,1.9452431565150619,4.081076920032501,4.014715070836246,2024
12006,Jesper Karlsson,20,802,2,2.348971612751484,0,0.8065090542659163,16,12,3,0,F M S,"Bologna,Lecce",1,1.587672770023346,2.5841940250247717,1.008876221254468,2024
12030,Tasos Douvikas,13,587,2,3.1398374401032925,2,1.389390304684639,14,8,1,0,F S,Como,2,3.1398374401032925,5.04932864010334,1.431522836908698,2024
12113,Jackson Tchatchoua,36,3172,2,1.9549099691212177,3,3.5700629903003573,18,34,7,1,D M,Verona,2,1.9549099691212177,9.686987875960767,4.775095266290009,2024
12124,Alessandro Vogliacco,22,1499,2,1.5824130047112703,0,0.12476405408233404,6,4,5,0,D S,"Genoa,Parma Calcio 1913",2,1.5824130047112703,2.4423297978937626,2.386560793966055,2024
12378,Tijjani Noslin,30,830,2,2.656429646536708,2,1.5994202382862568,19,12,2,0,F M S,Lazio,2,2.656429646536708,5.096717353910208,2.3080015797168016,2024
12785,Antoine Hainaut,25,1184,2,0.853666452690959,0,0.7657707277685404,6,9,4,0,D M S,Parma Calcio 1913,2,0.853666452690959,2.9905104767531157,2.2022153213620186,2024
12905,Nicolò Savona,28,1724,2,0.6217741407454014,1,1.6131829097867012,6,16,5,0,D S,Juventus,2,0.6217741407454014,6.450548764318228,5.277569431811571,2024
12993,David Neres,28,1268,2,2.9942986806854606,4,3.375439688563347,29,26,1,0,F S,Napoli,2,2.9942986806854606,9.530023638159037,4.620999600738287,2024
13349,Lorenzo Venturino,6,149,2,1.1552968937903643,0,0.18154338002204895,4,3,0,0,M S,Genoa,2,1.1552968937903643,1.3504673931747675,0.04955596476793289,2024
13448,Daniel Fila,10,495,2,1.9229502156376839,0,0.3483077250421047,8,6,1,1,F S,Venezia,2,1.9229502156376839,2.6668144688010216,0.46189985051751137,2024
317,Henrikh Mkhitaryan,32,2441,1,1.7231267150491476,4,3.2868451522663236,23,29,4,0,M S,Inter,1,1.7231267150491476,16.204422222450376,12.255357168614864,2024
1096,Armando Izzo,30,2455,1,0.48617599345743656,1,1.0162390042096376,6,11,12,0,D S,Monza,1,0.48617599345743656,6.275955243036151,5.299630461260676,2024
1102,Giovanni Simeone,30,349,1,2.2662558434531093,1,0.9974416717886925,13,8,1,0,F S,Napoli,1,2.2662558434531093,3.654563601128757,1.0467244498431683,2024
1120,Mattia De Sciglio,16,750,1,0.7994552589952946,0,0.13540467899292707,5,3,0,0,D S,Empoli,1,0.7994552589952946,0.8791246926411986,0.7065426781773567,2024
1161,Francesco Zampano,24,1633,1,1.283414401113987,2,1.1868484076112509,7,12,5,0,D M S,Venezia,1,1.283414401113987,4.346421523019671,1.996891152113676,2024
1164,Cristiano Biraghi,23,1585,1,0.6364892479032278,0,3.2530914284288883,15,31,1,0,D S,"Fiorentina,Torino",1,0.6364892479032278,3.9441848695278168,2.5033633075654507,2024
1193,Lorenzo De Silvestri,18,1074,1,1.0870488844811916,0,0.3082828223705292,9,5,1,0,D S,Bologna,1,1.0870488844811916,3.170561768114567,2.871158439666033,2024
1204,Patric,10,593,1,0.877030536532402,0,0.012614113278687,2,1,2,0,D S,Lazio,1,0.877030536532402,1.8100600996986032,1.8100600996986032,2024
1226,Karol Linetty,28,1548,1,0.8516321126371622,0,0.7127992520108819,17,10,6,0,M S,Torino,1,0.8516321126371622,3.1275448435917497,2.5471969498321414,2024
1241,Pedro Pereira,35,2689,1,1.7392617259174585,3,2.2384377252310514,13,14,10,0,D S,Monza,1,1.7392617259174585,7.526778059080243,5.5956121776252985,2024
1264,Edoardo Goldaniga,32,2525,1,2.380076947622001,0,0.2964764069765806,12,5,10,1,D S,Como,1,2.380076947622001,5.9380519315600395,5.848595153540373,2024
1430,Milan Badelj,23,1525,1,0.9570948630571365,0,1.2159679476171732,13,12,2,0,M S,Genoa,1,0.9570948630571365,6.448246106505394,4.448463158681989,2024
1441,Adam Masina,28,1911,1,0.8731769127771258,2,0.5124717773869634,7,4,5,0,D S,Torino,1,0.8731769127771258,3.155869249254465,3.1245524659752846,2024
1465,Stefano Sensi,12,253,1,0.8939067367464304,0,0.3312928956001997,7,3,0,0,M S,Monza,0,0.13260790146887302,0.9334582109004259,0.8687582919374108,2024
1477,Luca Mazzitelli,11,330,1,0.2186603108420968,1,0.8467894122004509,7,6,1,0,M S,Como,1,0.2186603108420968,1.4401760520413518,0.40031492058187723,2024
1488,Remo Freuler,37,3230,1,1.4950652588158846,2,1.9593567317351699,17,36,6,0,M,Bologna,1,1.4950652588158846,11.353501968085766,8.221530951559544,2024
1500,Leonardo Spinazzola,27,1531,1,1.021505981683731,1,4.10211580991745,12,26,1,0,D F S,Napoli,1,1.021505981683731,9.819637268781662,5.675645746290684,2024
1504,Alberto Grassi,28,2245,1,1.165816916152835,0,0.7257651910185814,11,7,8,0,M S,Empoli,1,1.165816916152835,6.6722745527513325,4.9939055615104735,2024
1639,Sebastiano Luperto,36,3240,1,2.471910698339343,3,0.9951823651790619,21,7,4,0,D,Cagliari,1,2.471910698339343,6.183798227459192,5.459973908960819,2024
1852,Ante Rebic,27,753,1,1.7934200260788202,0,2.400962082669139,13,18,3,1,F M S,Lecce,1,1.7934200260788202,4.24037903547287,0.9161173533648252,2024
1927,Berat Gjimshiti,34,2653,1,3.073660319671035,2,1.7291569849476218,20,11,6,0,D S,Atalanta,1,3.073660319671035,11.93463903106749,10.687764661386609,2024
3334,Lassana Coulibaly,38,2687,1,1.2990855276584625,0,1.0492202918976545,9,12,3,0,M S,Lecce,1,1.2990855276584625,7.347924545407295,5.172801356762648,2024
3729,Hassane Kamara,30,2020,1,0.7477439409121871,4,3.2552137318998575,17,25,6,1,D M S,Udinese,1,0.7477439409121871,5.070894621312618,3.514498222619295,2024
4733,José Luis Palomino,18,1067,1,0.2968503274023533,0,0.05923634022474289,2,1,3,0,D S,Cagliari,1,0.2968503274023533,2.4993635714054108,2.4401272237300873,2024
4911,Alessio Zerbin,20,1523,1,2.1581489220261574,1,2.365778660401702,17,24,4,0,D M S,"Napoli,Venezia",1,2.1581489220261574,5.175491515547037,1.3222598982974887,2024
4939,Alessandro Bastoni,33,2468,1,0.672028174623847,5,3.40167273581028,13,28,4,1,D S,Inter,1,0.672028174623847,16.253236640244722,14.770196758210659,2024
4951,Grigoris Kastanos,27,852,1,1.0893141850829124,1,1.5799968745559454,22,12,4,0,F M S,Verona,1,1.0893141850829124,2.893082857131958,1.249175714328885,2024
5025,Alessandro Buongiorno,22,1931,1,0.7932021021842957,0,0.6279377229511738,8,5,2,0,D,Napoli,1,0.7932021021842957,8.373556986451149,8.244964852929115,2024
5240,Ondrej Duda,28,2414,1,0.8872416876256466,3,3.4387308126315475,25,32,10,1,M S,Verona,1,0.8872416876256466,8.706737032160163,6.527901178225875,2024
5759,Matteo Guendouzi,37,3281,1,1.5578105077147484,3,3.081902503967285,27,43,7,0,M,Lazio,1,1.5578105077147484,19.777571193873882,16.28183127194643,2024
6034,Philip Billing,10,164,1,1.9009495750069618,0,0.1413416489958763,6,3,1,0,M S,Napoli,1,1.9009495750069618,1.9609037414193153,0.6691972948610783,2024
6073,Guillermo Maripán,28,2340,1,1.0367044052109122,1,1.2979081273078918,12,5,4,1,D S,Torino,1,1.0367044052109122,3.93311261292547,3.244001834653318,2024
6360,Antoine Bernede,14,591,1,0.21861978992819786,0,0.46620436757802963,4,10,2,0,M S,Verona,1,0.21861978992819786,1.219642659649253,0.625960398465395,2024
6521,Yerry Mina,31,2590,1,2.4685893896967173,0,0.5654018130153418,26,4,4,1,D,Cagliari,1,2.4685893896967173,4.85687483754009,3.831982440315187,2024
6618,Oumar Solet,19,1676,1,0.8947085021063685,2,1.2162842229008675,12,18,1,1,D,Udinese,1,0.8947085021063685,3.9687442146241665,3.1539295949041843,2024
6672,Riccardo Sottil,24,932,1,1.176107570528984,1,1.3874194100499153,24,15,1,0,M S,"AC Milan,Fiorentina",1,1.176107570528984,4.663248609751463,2.8239483311772346,2024
6696,Luca Ranieri,36,3085,1,1.383564260788262,3,1.7717870529741049,11,16,7,0,D S,Fiorentina,1,1.383564260788262,6.849961528554559,5.043334582820535,2024
6706,Ndary Adopo,35,2416,1,1.1319589167833328,1,2.4681363748386502,20,19,3,1,M S,Cagliari,1,1.1319589167833328,9.339320386759937,6.932965071871877,2024
6807,Jaka Bijol,34,2964,1,2.1401905212551355,0,0.6740374462679029,19,12,11,1,D,Udinese,1,2.1401905212551355,7.283961589448154,6.610245150513947,2024
6945,Youssouf Fofana,35,2516,1,1.1362495608627796,6,3.525792809203267,36,24,5,0,M S,AC Milan,1,1.1362495608627796,14.933577582240105,11.940524335950613,2024
7002,Giangiacomo Magnani,17,1049,1,1.5168068408966064,0,0.0484468974173069,11,1,2,0,D S,Verona,1,1.5168068408966064,1.6146412249654531,1.1229047160595655,2024
7091,Christian Kouamé,26,1100,1,3.3584845028817654,1,2.642054849304259,25,18,1,0,F M S,"Empoli,Fiorentina",1,3.3584845028817654,5.656952547840774,1.3118883343413472,2024
7234,John Yeboah,33,1198,1,2.5314945550635457,1,2.961378918029368,30,20,6,0,F M S,Venezia,1,2.5314945550635457,6.871234200894833,2.028984921053052,2024
7379,Nicolo Fagioli,32,1514,1,0.8893392160534859,2,3.0206517837941647,22,27,4,0,M S,"Fiorentina,Juventus",1,0.8893392160534859,9.793622113764286,8.04011969268322,2024
7530,Samuele Ricci,34,2863,1,1.2636383641511202,1,0.6732697440311313,22,15,8,1,M,Torino,1,1.2636383641511202,6.681054439395666,4.934482039883733,2024
7576,Nicolò Cambiaghi,18,581,1,0.7282730583101511,3,2.0716569516807795,14,10,0,0,F M S,Bologna,1,0.7282730583101511,4.488316844217479,2.113939735107124,2024
7755,Domagoj Bradaric,28,1963,1,0.875758109614253,0,1.9564918112009764,9,25,6,0,D M S,Verona,1,0.875758109614253,3.303593335673213,1.487995870411396,2024
7924,Amir Rrahmani,38,3410,1,2.2584940614178777,3,1.5486852955073118,28,11,2,0,D,Napoli,1,2.2584940614178777,13.18892247788608,12.652464220300317,2024
8313,Pierre Kalulu Kyatengwa,29,2330,1,0.848704170435667,0,0.5810731491073966,7,11,2,1,D S,Juventus,1,0.848704170435667,9.870267361402512,9.131030634045601,2024
8470,Kike Pérez,16,1130,1,1.3553542979061604,0,1.0465105026960373,13,18,4,0,M S,Venezia,1,1.3553542979061604,3.395587347447872,1.4249267093837261,2024
8728,Oier Zarraga,22,881,1,0.2872130675241351,0,0.3232956565916538,6,6,0,0,M S,Udinese,1,0.2872130675241351,2.017476899549365,1.4891114793717861,2024
8819,Mergim Vojvoda,28,1836,1,0.6811647824943066,2,3.3965131770819426,9,24,6,0,D S,"Como,Torino",1,0.6811647824943066,8.322450945153832,5.191704824566841,2024
8828,Ivan Ilic,19,898,1,1.1345241209492087,0,0.9605423053726554,11,9,4,0,M S,Torino,1,1.1345241209492087,4.03326803445816,2.487295724451542,2024
8838,Junior Messias,17,832,1,2.6005900129675865,1,0.6972742862999439,18,8,1,0,F M S,Genoa,1,1.8392911776900291,2.1805835757404566,0.7364483065903187,2024
8867,Adrián Bernabé,21,1464,1,1.5122445924207568,1,1.6502636158838868,27,23,1,0,M S,Parma Calcio 1913,1,1.5122445924207568,8.45220860093832,6.969147564843297,2024
8967,Lautaro Valenti,20,1559,1,0.1997213764116168,0,0.14700621366500854,7,4,4,1,D S,Parma Calcio 1913,1,0.1997213764116168,3.46219614520669,3.3513127639889717,2024
9019,Lucas Martínez Quarta,8,341,1,0.9090237375348806,0,0.011529176495969296,3,1,1,0,D S,Fiorentina,1,0.9090237375348806,1.0869984542950988,1.0567965134978294,2024
9036,Nicola Zalewski,23,963,1,0.4306339602917433,1,3.076297538354993,10,21,4,0,D M S,"Inter,Roma",1,0.4306339602917433,6.606423620134592,3.7020213827490807,2024
9061,Pontus Almqvist,29,1085,1,2.062207432463765,1,1.6867310833185911,26,10,5,0,D F M S,Parma Calcio 1913,1,2.062207432463765,5.689991846680641,2.2183973472565413,2024
9322,Alessandro Bianco,35,2636,1,1.3939758026972413,0,1.4734479561448097,26,18,9,0,M S,"Fiorentina,Monza",1,1.3939758026972413,6.815836355090141,4.914733601734042,2024
9503,Kacper Urbanski,15,737,1,0.6933421511203051,0,0.8474208787083626,9,13,3,0,M S,"Bologna,Monza",1,0.6933421511203051,2.1637091329321265,0.8631252218037844,2024
9518,Edoardo Bove,12,863,1,1.26268844678998,2,1.4585404973477125,7,11,3,0,M S,Fiorentina,1,1.26268844678998,5.152803368866444,3.4689552523195744,2024
9843,Caleb Ekuban,18,526,1,3.429166266694665,3,0.8587063550949097,18,8,1,0,F S,Genoa,1,3.429166266694665,3.8718484360724688,0.7761340718716383,2024
9855,Mattia Viti,30,2580,1,1.0309849446639419,0,0.22200747951865196,11,5,3,0,D,Empoli,1,1.0309849446639419,3.366817817091942,3.027767294086516,2024
9876,Alessandro Zanoli,31,1716,1,0.653908365406096,0,1.1977330967783928,11,19,3,0,D M S,Genoa,1,0.653908365406096,3.935621116310358,2.3123090155422688,2024
9887,Michael Svoboda,16,1311,1,0.20009918417781591,0,0.9600300937891006,4,5,1,0,D S,Venezia,1,0.20009918417781591,3.7914745789021254,3.685541717335582,2024
9951,Tommaso Baldanzi,31,777,1,1.9191363900899887,1,1.3112524915486574,20,10,2,0,M S,Roma,1,1.9191363900899887,5.2209326811134815,2.456991894170642,2024
9952,Ridgeciano Haps,25,1369,1,1.4896735288202763,1,1.001672275364399,15,7,3,0,D S,Venezia,1,1.4896735288202763,4.628160126507282,2.3848811015486717,2024
9977,Loum Tchaouna,24,624,1,2.584312392398715,0,0.6861412897706032,23,10,2,1,F M S,Lazio,1,2.584312392398715,4.432393677532673,1.6853936556726694,2024
9996,Abdou Harroui,10,452,1,2.4512249622493982,2,1.0444414168596268,15,4,1,0,F M S,Verona,1,2.4512249622493982,4.008257923647761,1.4574106056243181,2024
10073,Adam Obert,21,1072,1,1.016501558944583,1,0.4556614402681589,9,10,4,0,D M S,Cagliari,1,1.016501558944583,3.512360665947199,2.2209675293415785,2024
10389,Fali Candé,17,1530,1,0.8236780585721135,1,0.804043959826231,5,4,4,0,D,Venezia,1,0.8236780585721135,2.158546522259712,1.4531347639858723,2024
10433,Cesare Casadei,15,1030,1,1.2500655204057693,1,0.39016987197101116,14,7,1,0,F M S,Torino,1,1.2500655204057693,3.1192489247769117,1.903520254418254,2024
10497,Yannick Engelhardt,26,1134,1,0.8142325235530734,1,1.483450741507113,8,12,4,0,D M S,Como,1,0.8142325235530734,4.55920197814703,2.9768388494849205,2024
10577,Mario Gila,32,2740,1,0.9575563902035356,0,0.7198654301464558,15,15,8,0,D S,Lazio,1,0.9575563902035356,11.041901929304004,10.882915522903204,2024
10616,Samuel Iling-Junior,7,98,1,0.17660155147314072,0,0.06796083599328995,4,1,0,0,S,Bologna,1,0.17660155147314072,0.4406674802303314,0.2640659213066101,2024
10740,Jordan Zemura,23,1401,1,1.0848796032369137,2,1.7748898016288877,13,11,2,0,D S,Udinese,1,1.0848796032369137,3.965422187000513,2.0313164219260216,2024
10854,Souleymane Isaak Touré,12,742,1,0.7402979917824268,0,0.029086533933877945,4,2,2,2,D S,Udinese,1,0.7402979917824268,2.073045678436756,2.073045678436756,2024
10894,Patrick Ciurria,21,1101,1,0.5166725674644113,1,2.2959581948816776,11,13,1,0,D F M S,Monza,1,0.5166725674644113,2.5989778451621532,0.5054212380200624,2024
10956,Emil Holm,21,1129,1,0.7301032273098826,1,1.0090866908431053,10,10,3,0,D S,Bologna,1,0.7301032273098826,3.9055354660376906,2.899813083000481,2024
10993,Federico Gatti,30,2207,1,2.6437892597168684,0,0.2836914574727416,25,6,2,0,D S,Juventus,1,2.6437892597168684,6.388843132182956,5.920589059591293,2024
11039,Lewis Ferguson,16,974,1,0.9484940525144339,1,1.5487658977508545,6,14,0,0,M S,Bologna,0,0.1871952172368765,5.328851531259716,3.8221576204523444,2024
11279,Ali Dembélé,15,369,1,0.3785240538418293,0,0.1086953617632389,5,3,2,1,D S,Torino,1,0.3785240538418293,0.5299162268638611,0.21567992586642504,2024
11752,Amir Richardson,27,1083,1,1.0827028583735228,1,0.6237350255250931,11,8,6,0,M S,Fiorentina,1,1.0827028583735228,3.1449933713302016,2.0489630354568362,2024
11902,Pietro Comuzzo,33,2192,1,0.47288110665977,0,0.36257936246693134,4,6,5,0,D S,Fiorentina,1,0.47288110665977,5.206593118607998,5.145380796864629,2024
11945,Ylber Ramadani,29,1831,1,0.5368887726217508,1,0.8912339806556702,17,16,3,0,M S,Lecce,1,0.5368887726217508,5.1174457632005215,3.8891265904530883,2024
11966,Noah Okafor,15,435,1,2.230065990239382,0,0.7641346864402294,13,7,0,0,F M S,"AC Milan,Napoli",1,2.230065990239382,3.62198705971241,0.64883628860116,2024
11996,Mathis Lambourde,7,69,1,0.3416186347603798,0,0.08249953389167786,2,1,1,0,S,Verona,1,0.3416186347603798,0.42411816865205765,0.08249953389167786,2024
12040,Thomas Thiesson Kristensen,24,1747,1,0.9477472146973014,0,0.3604104518890381,4,4,5,0,D S,Udinese,1,0.9477472146973014,3.453938253223896,3.3669678196310997,2024
12084,Martín Payero,25,1391,1,1.3691439758986235,1,1.263338158838451,31,15,5,0,M S,Udinese,1,1.3691439758986235,4.44339719042182,3.080846358090639,2024
12341,Lautaro Giannetti,15,892,1,0.07692697551101446,0,0.09514954686164856,2,2,4,0,D S,Udinese,1,0.07692697551101446,0.6581898517906666,0.5630403058603406,2024
12342,Brenner,9,389,1,0.4947841465473175,2,0.5186105389147997,7,5,0,0,F M S,Udinese,1,0.4947841465473175,1.1117826737463474,0.18051240965723991,2024
12365,Alieu Njie,16,361,1,1.2351643005385995,0,0.5602473244071007,9,4,1,0,S,Torino,1,1.2351643005385995,1.7521601133048534,0.031047072261571884,2024
12776,Jeff Ekhator,24,727,1,1.3274079076945782,1,1.3739267094060779,10,10,1,0,F M S,Genoa,1,1.3274079076945782,2.3448909549042583,0.5531844501383603,2024
12777,Patrizio Masini,26,1528,1,0.4354055868461728,0,0.2544679529964924,8,6,3,0,M S,Genoa,1,0.4354055868461728,3.3008227180689573,3.045926110818982,2024
12780,Mehdi Taremi,26,781,1,3.3251225762069225,2,1.829333458095789,14,15,1,0,F S,Inter,0,2.5638237334787846,6.388202100992203,2.292017860338092,2024
12788,Anas Haj Mohamed,15,450,1,1.0511461086571217,2,1.2685235664248466,7,9,4,0,M S,Parma Calcio 1913,1,1.0511461086571217,2.5591691844165325,0.9298625811934471,2024
12856,Dailon Livramento,29,922,1,2.382310029119253,1,1.0129290595650673,13,8,2,1,F M S,Verona,1,2.382310029119253,4.684611141681671,1.4328228887170553,2024
12873,Marin Sverko,16,1123,1,0.20068104565143585,0,0.38047781586647034,3,2,3,0,D S,Venezia,1,0.20068104565143585,2.041018757969141,1.8272173590958118,2024
12875,Magnus Kofod Andersen,14,692,1,0.2297064270824194,1,0.4962088577449322,8,10,1,0,M S,Venezia,1,0.2297064270824194,1.7651554197072983,1.3734811171889305,2024
12909,Alessandro Gabrielloni,15,109,1,0.2875324171036482,1,0.6300930082798004,5,4,1,0,S,Como,1,0.2875324171036482,0.7825651317834854,0.01178878266364336,2024
12989,Jay Idzes,35,3130,1,2.105722848325968,0,1.5452221520245075,16,8,5,0,D,Venezia,1,2.105722848325968,5.570156503468752,4.609417419880629,2024
12997,Alieu Fadera,28,1652,1,1.7973176594823599,3,3.3553921189159155,28,23,2,1,D M S,Como,1,1.7973176594823599,9.128523889929056,4.8411138989031315,2024
13030,Gabriel Charpentier,10,242,1,0.852648101747036,2,0.6286597438156605,9,6,1,0,S,Parma Calcio 1913,1,0.852648101747036,1.3949673753231764,0.045623790472745895,2024
13031,Giovanni Leoni,17,1210,1,0.3942391201853752,0,0.013675395399332047,2,1,3,1,D S,Parma Calcio 1913,1,0.3942391201853752,1.9602036774158478,1.9465282820165157,2024
13444,Florinel Coman,9,253,1,0.13129988871514797,0,0.013362438417971134,4,1,2,0,M S,Cagliari,1,0.13129988871514797,0.44006112311035395,0.35077511705458164,2024
3,Luca Caldirola,14,865,0,0.3377504227682948,0,0.0862647034227848,4,2,5,0,D S,Monza,0,0.3377504227682948,0.9976316206157207,0.9445620588958263,2024
199,Yann Sommer,33,2970,0,0,0,0,0,0,0,0,GK,Inter,0,0,8.29308963380754,8.29308963380754,2024
342,Sead Kolasinac,23,1917,0,0.8305487222969532,2,2.8309976141899824,10,17,7,0,D,Atalanta,0,0.8305487222969532,11.083419598639011,9.720477867871523,2024
373,Mats Hummels,14,925,0,0.6159650785848498,0,0.07733597233891487,8,2,1,0,D S,Roma,0,0.6159650785848498,5.503668360412121,5.38141018897295,2024
498,Alexis Sánchez,13,435,0,1.230900346301496,0,0.10154147073626518,7,3,0,0,F S,Udinese,0,1.230900346301496,2.664339796639979,1.4354362692683935,2024
546,David de Gea,35,3150,0,0,1,0.5911908186972141,0,3,1,0,GK,Fiorentina,0,0,4.432341421023011,3.8411506097763777,2024
608,Alberto Moreno,24,1740,0,0.38823137525469065,0,1.6175133232027292,14,19,4,0,D M S,Como,0,0.38823137525469065,5.581042844802141,4.772035701200366,2024
638,Kyle Walker,11,658,0,0.03533044923096895,0,0.7268215194344521,2,6,1,0,D S,AC Milan,0,0.03533044923096895,4.442914701998234,3.9260381013154984,2024
645,Dele Alli,1,8,0,0,0,0,0,0,0,1,S,Como,0,0,0.018886085599660873,0.018886085599660873,2024
688,Ruben Loftus-Cheek,19,1022,0,0.7318667685613036,0,1.7056302540004253,9,16,3,0,M S,AC Milan,0,0.7318667685613036,5.9890375174582005,4.1603625528514385,2024
703,Fikayo Tomori,22,1590,0,0.12429790012538433,1,0.5303027667105198,2,8,2,1,D S,AC Milan,0,0.12429790012538433,7.266339126974344,6.786335755139589,2024
1089,Juan Cuadrado,23,800,0,1.4727812930941582,2,2.286779422312975,16,19,3,0,D F M S,Atalanta,0,1.4727812930941582,5.509815413504839,3.117791526019573,2024
1093,Mattia Perin,5,450,0,0,0,0,0,0,0,0,GK,Juventus,0,0,1.6500126346945763,1.6500126346945763,2024
1136,Gianluca Lapadula,12,281,0,1.5435456782579422,0,0.06302643939852715,15,3,1,0,F S,Cagliari,0,1.5435456782579422,1.7620294522494078,0.4839400500059128,2024
1158,Simone Scuffet,14,1260,0,0,0,0,0,0,0,0,GK,"Cagliari,Napoli",0,0,0.5037520937621593,0.5037520937621593,2024
1182,Daniele Baselli,2,22,0,0,0,0,0,0,0,0,M S,Como,0,0,0,0,2024
1195,Daniele Padelli,1,90,0,0,0,0,0,0,0,0,GK,Udinese,0,0,0.09178049862384796,0.09178049862384796,2024
1247,Juan Jesus,15,1076,0,0.25975461304187775,1,0.10411646217107773,3,1,2,0,D S,Napoli,0,0.25975461304187775,2.991619162261486,2.991619162261486,2024
1254,Alessandro Florenzi,1,4,0,0,0,0,0,0,0,0,S,AC Milan,0,0,0,0,2024
1281,Giuseppe Pezzella,35,2914,0,0.5580153008922935,3,5.642576732672751,15,36,7,0,D M S,Empoli,0,0.5580153008922935,9.082069116644561,5.1079709297046065,2024
1302,Emil Audero,8,720,0,0.04081264138221741,0,0,1,0,0,0,GK,Como,0,0.04081264138221741,0.5066414633765817,0.5066414633765817,2024
1305,Lukasz Skorupski,27,2364,0,0,0,0,0,0,1,0,GK,Bologna,0,0,2.8055365150794387,2.8055365150794387,2024
1320,Federico Barba,7,434,0,0.6274126172065735,0,0,2,0,0,0,D S,Como,0,0.6274126172065735,0.19152876548469067,0.19152876548469067,2024
1374,José Reina,12,1034,0,0,0,0,0,0,0,1,GK,Como,0,0,0.5694548841565847,0.5694548841565847,2024
1375,Elseid Hysaj,11,413,0,0.09134725481271744,3,1.4991598725318909,2,6,0,1,D S,Lazio,0,0.09134725481271744,2.2431315034627914,1.7872814126312733,2024
1445,Simone Verdi,9,97,0,0.06699390430003405,0,0.40795852802693844,2,6,1,0,S,Como,0,0.06699390430003405,0.35784368868917227,0.04038009885698557,2024
1463,Francesco Acerbi,23,1695,0,0.33711791038513184,1,0.695211872458458,5,8,0,0,D S,Inter,0,0.33711791038513184,7.623959269374609,7.433021267876029,2024
1474,Alfred Duncan,16,965,0,0.9684110730886459,0,1.9832440372556448,15,11,2,0,M S,Venezia,0,0.9684110730886459,3.4534763414412737,1.5767809636890888,2024
1484,Rafael Toloi,11,448,0,0.09031020291149616,0,0.25505734235048294,3,3,1,0,D S,Atalanta,0,0.09031020291149616,3.726253092288971,3.514479838311672,2024
1493,Andrea Petagna,13,319,0,0.24896680563688278,0,0.04144047200679779,4,1,1,0,F S,Monza,0,0.24896680563688278,0.3679312029853463,0.13978266064077616,2024
1496,Roberto Gagliardini,8,148,0,0,0,0.0823206976056099,0,1,1,0,S,Monza,0,0,0.2389168106019497,0.2389168106019497,2024
1501,Marco Sportiello,2,124,0,0,0,0,0,0,0,0,GK S,AC Milan,0,0,1.021978735923767,1.021978735923767,2024
1523,Danilo D&#039;Ambrosio,20,1098,0,0.7285793609917164,1,0.5376804694533348,9,5,2,1,D S,Monza,0,0.7285793609917164,2.087382886558771,1.662583826109767,2024
1544,Federico Ravaglia,12,1056,0,0,0,0.04431956261396408,0,1,0,0,GK S,Bologna,0,0,1.1570559367537498,1.1127363666892052,2024
1574,Davide Calabria,18,949,0,0.6295975679531693,1,1.406565360724926,6,14,3,0,D S,"AC Milan,Bologna",0,0.6295975679531693,4.348398424685001,3.165448322892189,2024
1817,Mario Balotelli,6,46,0,0.056573908776044846,0,0,2,0,2,0,S,Genoa,0,0.056573908776044846,0.11396586149930954,0.11396586149930954,2024
1826,Nicola Sansone,5,54,0,0.16222567856311798,0,0.0732918381690979,3,1,0,0,S,Lecce,0,0.16222567856311798,0.12476350367069244,0.03834192827343941,2024
1830,Ionut Radu,15,1350,0,0,0,0,0,0,1,0,GK,Venezia,0,0,2.2083784909918904,2.2083784909918904,2024
1841,Pierluigi Gollini,7,630,0,0,0,0,0,0,1,0,GK,Genoa,0,0,0.48837299458682537,0.48837299458682537,2024
1873,Nicola Leali,29,2610,0,0,0,0,0,0,1,0,GK,Genoa,0,0,3.933131657540798,3.933131657540798,2024
1892,Alex Meret,34,3005,0,0,0,0,0,0,0,0,GK,Napoli,0,0,6.570487875491381,6.570487875491381,2024
1898,Stefano Sabelli,34,2072,0,0.13679284090176225,2,1.975696962326765,6,18,3,0,D S,Genoa,0,0.13679284090176225,6.253503069281578,5.011690195649862,2024
1922,Daniele Sommariva,1,26,0,0,0,0,0,0,0,0,S,Genoa,0,0,0,0,2024
2012,Nicholas Pierini,2,77,0,0.03910071402788162,0,0.0679236464202404,1,2,0,0,S,Venezia,0,0.03910071402788162,0.12636151164770126,0.09262550622224808,2024
2053,Martin Erlic,8,326,0,0.23834431171417236,0,0,6,0,0,0,D S,Bologna,0,0.23834431171417236,0.1023738905787468,0.09086937084794044,2024
2104,Sergi Roberto,13,692,0,0.5105091407895088,1,0.5382862146943808,6,14,4,0,M S,Como,0,0.5105091407895088,4.18746898137033,3.373993579298258,2024
2244,Danilo,12,573,0,0.057766515761613846,1,0.8046743385493755,1,3,2,0,D S,Juventus,0,0.057766515761613846,5.81393438577652,5.480348378419876,2024
3209,Jean-Daniel Akpa-Akpro,14,979,0,0.42987658828496933,0,0.23804530128836632,4,3,4,0,D M S,Monza,0,0.42987658828496933,2.818972907960415,2.5731213949620724,2024
3253,Frederic Guilbert,31,2488,0,0.3119491282850504,1,1.8118632491678,11,18,3,2,D M,Lecce,0,0.3119491282850504,5.815500842407346,4.113950845785439,2024
3363,Benjamin Pavard,23,1581,0,0.4774392433464527,1,0.8174420408904552,8,8,4,0,D S,Inter,0,0.4774392433464527,6.429699372500181,5.86882683262229,2024
3737,Mike Maignan,37,3296,0,0,0,0.5241070203483105,0,5,1,0,GK,AC Milan,0,0,8.307053437456489,7.820246497169137,2024
3899,Mattia Valoti,5,31,0,0,0,0,0,0,1,0,S,Monza,0,0,0.0203121155500412,0.0203121155500412,2024
3951,Kevin Bonifazi,3,56,0,0,0,0,0,0,0,0,S,Lecce,0,0,0.10942845046520233,0.10942845046520233,2024
3978,Marco Faraoni,8,256,0,0.3070428967475891,0,0.10536948032677174,1,2,0,0,D M S,Verona,0,0.3070428967475891,0.4066033009439707,0.0995603920891881,2024
4291,Marc-Oliver Kempf,31,2622,0,1.4569693058729172,0,1.563671639189124,20,10,4,1,D M S,Como,0,1.4569693058729172,10.118817562237382,9.970695631578565,2024
4768,Wylan Cyprien,2,21,0,0.3532252907752991,0,0,1,0,0,0,S,Parma Calcio 1913,0,0.3532252907752991,0.3532252907752991,0,2024
4906,Alberto Cerri,5,74,0,1.4675566963851452,0,0,4,0,0,0,S,Como,0,1.4675566963851452,1.5237245075404644,0.05616782605648041,2024
4959,Filippo Melegoni,3,87,0,0.03688942268490791,1,0.3455231189727783,1,1,0,0,M S,Genoa,0,0.03688942268490791,0.38241254165768623,0,2024
4968,Giorgio Altare,12,750,0,0.08425358310341835,0,0.10477912425994873,3,1,2,0,D S,Venezia,0,0.08425358310341835,0.4232188854366541,0.38663544692099094,2024
4970,Luca Pellegrini,22,1045,0,0.7439164789393544,4,2.8769665770232677,13,21,5,0,D S,Lazio,0,0.7439164789393544,5.017272999510169,3.497437519952655,2024
4984,Wladimiro Falcone,38,3420,0,0,0,0,0,0,2,0,GK,Lecce,0,0,2.4041416253894567,2.4041416253894567,2024
5133,Aarón Martín,36,3100,0,0.7377785928547382,8,5.775845801457763,16,65,5,0,D M S,Genoa,0,0.7377785928547382,8.169334080535918,6.565924710128456,2024
5329,Stefan Posch,19,1087,0,0.6908558821305633,0,0.7738735899329185,5,10,1,0,D S,"Atalanta,Bologna",0,0.6908558821305633,4.5370617881417274,3.7357107251882553,2024
5610,Jean Butez,19,1663,0,0,0,0.030907999724149704,0,1,0,0,GK S,Como,0,0,2.407521625980735,2.376613626256585,2024
5700,Yann Karamoh,29,1031,0,1.7456839065998793,1,1.0140743786469102,25,9,2,0,F M S,Torino,0,1.7456839065998793,3.1664749179035425,0.6353210043162107,2024
5996,Adrien Tameze,20,647,0,0.2971748486161232,0,1.1384672857820988,7,6,3,0,D M S,Torino,0,0.2971748486161232,1.7423053700476885,0.9978323206305504,2024
6078,Leandro Chichizola,1,90,0,0,0,0,0,0,0,0,GK,Parma Calcio 1913,0,0,0.2782973647117615,0.2782973647117615,2024
6122,Douglas Luiz,19,491,0,0.6867432445287704,0,1.156847040168941,8,14,2,0,M S,Juventus,0,0.6867432445287704,3.9437844902276993,3.053325790911913,2024
6125,Stanislav Lobotka,32,2678,0,0.2537906588986516,1,1.2683991631492972,7,17,3,0,M S,Napoli,0,0.2537906588986516,13.80389129370451,13.176433347165585,2024
6132,Marco Silvestri,5,450,0,0,0,0,0,0,0,0,GK,Empoli,0,0,0.47523950785398483,0.47523950785398483,2024
6136,Mario Hermoso,8,228,0,0.07017364352941513,0,0,1,0,0,1,D S,Roma,0,0.07017364352941513,0.45139576122164726,0.45139576122164726,2024
6161,Nicolas Haas,10,270,0,0.01433190330862999,0,0.1896519511938095,1,3,1,0,M S,Empoli,0,0.01433190330862999,0.6599506363272667,0.4702986851334572,2024
6167,Vanja Milinkovic-Savic,37,3330,0,0,0,0.11681997030973434,0,3,3,0,GK,Torino,0,0,3.699137863703072,3.5823178878054023,2024
6180,Manuel Lazzari,25,1408,0,0.13028152100741863,1,1.791149029508233,6,20,3,0,D S,Lazio,0,0.13028152100741863,4.5267760921269655,2.9567021764814854,2024
6208,Antonin Barak,1,57,0,0.05159157142043114,0,0.25329694151878357,2,3,0,0,M,Fiorentina,0,0.05159157142043114,0.2659206688404083,0.02596145309507847,2024
6212,Mattia Bani,20,1513,0,1.4961620587855577,0,0.11710328236222267,8,2,3,0,D S,Genoa,0,1.4961620587855577,4.108662291429937,3.991559020243585,2024
6239,Junior Sambia,17,350,0,0.539000703021884,0,0.23289549257606268,10,5,0,0,D S,Empoli,0,0.539000703021884,1.4956626882776618,1.2405201010406017,2024
6253,Gianluca Scamacca,1,2,0,0.12657105922698975,0,0,1,0,0,0,S,Atalanta,0,0.12657105922698975,0.12657105922698975,0,2024
6352,Valentino Lazaro,33,2335,0,1.252574815414846,6,3.495082600042224,16,33,6,0,D M S,Torino,0,1.252574815414846,7.490926083177328,5.380676664412022,2024
6368,Mathías Olivera,32,2360,0,1.097764770500362,2,1.817230924963951,16,25,4,0,D S,Napoli,0,1.097764770500362,13.384824394248426,11.29226868506521,2024
6412,Raoul Bellanova,35,2505,0,2.0139983566477895,9,6.1611766256392,19,35,3,0,D M S,"Atalanta,Torino",0,2.0139983566477895,14.86794231645763,9.299048135057092,2024
6443,Ben Kone,4,43,0,0.01178878266364336,0,0,1,0,1,0,S,Como,0,0.01178878266364336,0.09087961912155151,0.09087961912155151,2024
6501,Andy Pelmard,3,124,0,0,0,0,0,0,1,0,D S,Lecce,0,0,0.08723478764295578,0.08723478764295578,2024
6507,Semuel Pizzignacco,9,735,0,0,0,0,0,0,0,0,GK S,Monza,0,0,0.029307961463928223,0.029307961463928223,2024
6517,Charalampos Lykogiannis,17,1056,0,0.25807072781026363,4,2.01151954382658,6,19,3,0,D S,Bologna,0,0.25807072781026363,2.5973480846732855,1.813718343153596,2024
6849,Rui Patrício,3,270,0,0,0,0,0,0,0,0,GK,Atalanta,0,0,0.5274441204965115,0.5274441204965115,2024
6872,Mehmet Zeki Çelik,31,2270,0,0.6175438268110156,2,1.8601762130856514,13,19,5,0,D M S,Roma,0,0.6175438268110156,6.364265374839306,5.347411056980491,2024
6884,Remi Oudin,11,285,0,0.11295831389725208,0,0.3877572789788246,3,6,1,0,M S,Lecce,0,0.11295831389725208,1.0996708665043116,0.9684852007776499,2024
6960,Bremer,6,540,0,0.13108684495091438,0,0,3,0,2,0,D,Juventus,0,0.13108684495091438,2.9775117337703705,2.964154303073883,2024
6977,Pietro Terracciano,3,270,0,0,0,0,0,0,0,0,GK,Fiorentina,0,0,0.11800333857536316,0.11800333857536316,2024
6980,Francesco Caputo,1,1,0,0,0,0,0,0,0,0,S,Empoli,0,0,0.08928151428699493,0.08928151428699493,2024
6981,Ismael Bennacer,6,308,0,0.046590205281972885,0,0.11605381406843662,3,4,2,0,M S,AC Milan,0,0.046590205281972885,1.397074207663536,1.3504839986562729,2024
6982,Ivan Provedel,29,2610,0,0,0,0.2428949847817421,0,3,0,0,GK,Lazio,0,0,4.041067577898502,3.85493978112936,2024
7013,Matteo Pessina,11,866,0,0.18470823019742966,0,0.10581812728196383,3,4,2,0,M S,Monza,0,0.18470823019742966,1.6727564288303256,1.504181757569313,2024
7049,Evan Ndicka,38,3420,0,1.0002613915130496,1,1.0897020567208529,18,8,2,0,D,Roma,0,1.0002613915130496,14.56415120139718,14.46067021600902,2024
7075,Borna Sosa,19,1195,0,0.21374295931309462,0,0.8588731754571199,4,11,0,0,D S,Torino,0,0.21374295931309462,3.2037295242771506,2.3541967459023,2024
7087,Elia Caprile,22,1945,0,0,0,0,0,0,0,0,GK S,"Cagliari,Napoli",0,0,1.3403159100562334,1.3403159100562334,2024
7095,Juan Musso,1,90,0,0,0,0,0,0,0,0,GK,Atalanta,0,0,0,0,2024
7203,Drissa Camara,21,395,0,1.3038886561989784,0,0.8044669926166534,15,5,3,0,F S,Parma Calcio 1913,0,1.3038886561989784,3.5401441380381584,1.4914720226079226,2024
7286,Juan Miranda,31,2271,0,0.7252577831968665,6,6.941843368113041,22,57,4,1,D S,Bologna,0,0.7252577831968665,12.564794145524502,10.431560006923974,2024
7321,Nunzio Lella,1,2,0,0,0,0,0,0,0,0,S,Venezia,0,0,0,0,2024
7411,Nicolo Rovella,33,2747,0,1.6033612098544836,3,2.8911108635365963,28,30,13,0,M S,Lazio,0,1.6033612098544836,12.793603636324406,10.814154289662838,2024
7412,Antonio Candela,14,1020,0,0.21077325381338596,1,0.8027737401425838,5,9,2,0,D S,Venezia,0,0.21077325381338596,2.94451604783535,2.0917825028300285,2024
7430,Emerson,17,1392,0,0.34718056581914425,0,0.955795057117939,10,15,5,0,D S,AC Milan,0,0.34718056581914425,5.5557965859770775,4.902985647320747,2024
7516,Nehuén Pérez,2,180,0,0,0,0,0,0,0,0,D,Udinese,0,0,0,0,2024
7628,Lameck Banda,15,592,0,1.5622772760689259,1,0.9776029624044895,17,11,1,0,F M S,Lecce,0,1.5622772760689259,2.743831116706133,0.47446325421333313,2024
7689,Ben Godfrey,1,21,0,0,0,0,0,0,0,0,S,Atalanta,0,0,0,0,2024
7742,Valentin Gendrey,2,180,0,0.16571071930229664,0,0.12388771772384644,2,2,0,0,D,Lecce,0,0.16571071930229664,0.5757324602454901,0.3072855081409216,2024
7758,Cheikh Niasse,11,760,0,0.1723746107891202,0,0.08940456062555313,3,4,4,0,M S,Verona,0,0.1723746107891202,0.9442625353112817,0.6950129084289074,2024
7785,Kingsley Ehizibue,33,2534,0,1.6657815780490637,1,2.317279883660376,14,22,5,0,D M S,Udinese,0,1.6657815780490637,7.501473223790526,3.715930735692382,2024
7909,Gaetano Castrovilli,21,725,0,0.6471601650118828,0,0.9265814088284969,8,9,0,0,M S,"Lazio,Monza",0,0.6471601650118828,2.2591737303882837,0.8896340914070606,2024
7910,Szymon Zurkowski,5,90,0,0.11671343445777893,0,0,2,0,0,0,S,Empoli,0,0.11671343445777893,0.7882494628429413,0.6715360321104527,2024
7923,Pawel Dawidowicz,26,1864,0,0.2021232508122921,0,0,4,0,7,1,D M S,Verona,0,0.2021232508122921,3.7420277846977115,3.723629171960056,2024
7925,Liam Henderson,36,2358,0,0.5047031184658408,4,4.136965589597821,22,32,10,0,M S,Empoli,0,0.5047031184658408,7.070838793180883,4.5941177373752,2024
7927,Sofyan Amrabat,2,180,0,0,0,0.0502852164208889,0,2,0,0,M,Fiorentina,0,0,0.13311734050512314,0.10769574716687202,2024
7938,Tommaso Augello,38,2724,0,0.20215244870632887,7,5.069064102135599,8,40,3,0,D M S,Cagliari,0,0.20215244870632887,10.314077788963914,7.162536110728979,2024
7939,Morten Thorsby,30,1907,0,2.8997801784425974,1,2.3799595832824707,15,26,6,0,F M S,Genoa,0,2.8997801784425974,7.648120200261474,4.1577848475426435,2024
7947,Ruslan Malinovskiy,9,372,0,0.2389437360689044,2,1.3566759591922164,9,7,2,0,M S,Genoa,0,0.2389437360689044,2.6264201309531927,1.517782198265195,2024
7955,Jesse Joronen,8,703,0,0,0,0,0,0,0,0,GK S,Venezia,0,0,1.264470400288701,1.264470400288701,2024
7988,Billy Gilmour,26,1161,0,0.6270224712789059,1,1.503951701335609,9,21,0,0,M S,Napoli,0,0.6270224712789059,8.001585158519447,6.564580678939819,2024
8009,Antonino Gallo,31,2624,0,0.3414014270529151,2,3.284633100964129,9,43,3,1,D,Lecce,0,0.3414014270529151,6.571943439543247,4.682043295353651,2024
8012,Yordan Osorio,3,170,0,0.026246022433042526,0,0.11423105001449585,1,1,0,0,D S,Parma Calcio 1913,0,0.026246022433042526,0.49195464700460434,0.3777235969901085,2024
8030,Sebastian Walukiewicz,31,1853,0,0.38980478793382645,0,0.4117371141910553,6,5,6,0,D S,"Empoli,Torino",0,0.38980478793382645,3.649339665658772,3.0089227156713605,2024
8090,Lloyd Kelly,12,1018,0,0.6167027596384287,0,0.1340404450893402,7,3,1,0,D S,Juventus,0,0.6167027596384287,3.028360364958644,2.810955699533224,2024
8101,Stefano Turati,30,2678,0,0,0,0,0,0,1,0,GK,Monza,0,0,4.33682818338275,4.33682818338275,2024
8185,Giuseppe Ciocci,1,3,0,0,0,0,0,0,0,0,S,Cagliari,0,0,0,0,2024
8232,Andrea Carboni,26,2209,0,0.34478427842259407,1,0.15294894855469465,8,4,5,0,D M S,Monza,0,0.34478427842259407,4.886373091489077,4.654283985495567,2024
8241,Balthazar Pierret,30,1741,0,0.14001493621617556,0,0.5047942474484444,6,10,2,0,M S,Lecce,0,0.14001493621617556,4.396204272285104,3.9150002412497997,2024
8289,Gastón Pereiro,2,26,0,0,0,0,0,0,0,0,S,Genoa,0,0,0.08562840521335602,0.08562840521335602,2024
8303,Marin Pongracic,20,1380,0,0.09330516494810581,0,0.44499590061604977,3,5,1,1,D S,Fiorentina,0,0.09330516494810581,3.3791268803179264,3.275415424257517,2024
8308,Filip Stankovic,16,1367,0,0,0,0,0,0,1,0,GK,Venezia,0,0,0.5519082397222519,0.5519082397222519,2024
8310,Mitchel Bakker,1,20,0,0,0,0,0,0,0,0,S,Atalanta,0,0,0,0,2024
8321,Razvan Sava,12,1080,0,0,0,0,0,0,1,0,GK,Udinese,0,0,0.1836187932640314,0.1836187932640314,2024
8326,Maduka Okoye,25,2250,0,0,0,0,0,0,1,0,GK,Udinese,0,0,1.6492060236632824,1.6492060236632824,2024
8330,Jean Onana,9,291,0,0.009843188337981701,0,0.08210260421037674,1,2,1,0,M S,Genoa,0,0.009843188337981701,0.30650322791188955,0.2145574353635311,2024
8359,Oliver Abildgaard,1,7,0,0,0,0,0,0,0,0,S,Como,0,0,0,0,2024
8372,Lucas Gourna Douath,6,220,0,0.2261843979358673,0,0.09307190775871277,3,2,2,0,M S,Roma,0,0.2261843979358673,1.0990982353687286,0.8322771042585373,2024
8378,Malick Thiaw,22,1800,0,0.4467847943305969,0,0.16911807097494602,7,4,2,0,D S,AC Milan,0,0.4467847943305969,9.644850574433804,9.563174664974213,2024
8380,Pablo Marí,32,2731,0,0.32493915129452944,0,0.13119366392493248,7,3,4,1,D S,"Fiorentina,Monza",0,0.32493915129452944,8.417624782770872,8.417624782770872,2024
8512,Filippo Terracciano,13,527,0,0.14827925339341164,0,0.08551276847720146,3,2,3,0,D M S,AC Milan,0,0.14827925339341164,1.264762431383133,1.1627901270985603,2024
8569,Botond Balogh,29,2055,0,0.5026530101895332,1,0.3208771962672472,3,2,5,0,D S,Parma Calcio 1913,0,0.5026530101895332,4.25353516638279,4.232133310288191,2024
8626,Nikola Moro,22,1223,0,0.4687464339658618,2,1.3277965327724814,14,20,1,0,M S,Bologna,0,0.4687464339658618,4.535771451890469,3.809156246483326,2024
8632,Enzo Ebosse,2,83,0,0,0,0.05145305395126343,0,1,1,0,S,Udinese,0,0,0.10338259115815163,0.0519295372068882,2024
8651,Enzo Le Fée,6,317,0,0.18994251638650894,0,0.1334311068058014,4,3,1,0,M S,Roma,0,0.18994251638650894,1.0235081762075424,0.7803870625793934,2024
8663,Flavius Daniliuc,18,990,0,0.12727944366633892,0,0.1013094000518322,3,2,0,0,D S,Verona,0,0.12727944366633892,2.4502988196909428,2.3834492675960064,2024
8771,Yunus Musah,29,1561,0,2.601052531041205,2,2.0415506903082132,22,23,5,0,D F M S,AC Milan,0,2.601052531041205,9.60949918627739,7.54957664385438,2024
8829,Nicolò Casale,17,1036,0,0.2745541278272867,1,0.43039166927337646,5,3,1,0,D S,"Bologna,Lazio",0,0.2745541278272867,2.387233568355441,2.031178129836917,2024
8871,Marco Carnesecchi,34,3060,0,0,0,0.30051079392433167,0,1,1,0,GK,Atalanta,0,0,6.58033574745059,6.279824946075678,2024
8872,Matteo Ruggeri,30,1739,0,0.4958635475486517,3,2.5657436829060316,3,24,2,0,D M S,Atalanta,0,0.4958635475486517,10.165499176830053,9.297339864075184,2024
8881,Lorenzo Montipò,36,3240,0,0,0,0,0,0,0,0,GK,Verona,0,0,1.1512864883989096,1.1512864883989096,2024
9010,Hamza Rafia,18,1083,0,0.4039858905598521,0,1.1233587395399809,10,16,4,0,M S,Lecce,0,0.4039858905598521,3.5614491663873196,2.3710656855255365,2024
9044,Alberto Paleari,1,90,0,0,0,0,0,0,0,0,GK,Torino,0,0,0,0,2024
9052,Josep Martínez,5,450,0,0,0,0.06435837596654892,0,1,0,0,GK,Inter,0,0,0.9503895416855812,0.8860311661846936,2024
9057,Franco Ezequiel Carboni,8,220,0,0.0143228555098176,0,0.09304037783294916,1,2,2,0,D M S,Venezia,0,0.0143228555098176,0.2046486185863614,0.19565754011273384,2024
9065,Nahuel Estévez,14,658,0,0.0965209947898984,0,0.5345467198640108,5,6,2,0,M S,Parma Calcio 1913,0,0.0965209947898984,1.988280588760972,1.584996396675706,2024
9090,Ardian Ismajli,29,2510,0,0.5098618930205703,0,0.0300749484449625,5,2,3,0,D,Empoli,0,0.5098618930205703,2.167395389638841,2.15336153563112,2024
9107,Giorgio Scalvini,6,284,0,0.08594767935574055,0,0,4,0,2,0,D S,Atalanta,0,0.08594767935574055,0.06393450871109962,0.02235308103263378,2024
9226,Mihai Valentin Mihaila,21,1315,0,2.550204722210765,3,1.3676811531186104,30,17,2,0,F M S,Parma Calcio 1913,0,2.550204722210765,4.922204859554768,1.9117422420531511,2024
9344,Viktor Kovalenko,6,61,0,0.14746301621198654,0,0,3,0,0,0,S,Empoli,0,0.14746301621198654,0.41573808155953884,0.39823270589113235,2024
9381,Saba Sazonov,1,1,0,0,0,0,0,0,0,0,S,Torino,0,0,0,0,2024
9425,Emil Bohinen,3,158,0,0.07997463643550873,0,0.08743569999933243,2,3,0,0,M S,Genoa,0,0.07997463643550873,0.6050263606011868,0.5149470828473568,2024
9539,Antonio Raimondo,9,71,0,0.5108163952827454,0,0.10560134798288345,1,1,0,0,S,Venezia,0,0.5108163952827454,0.6164177432656288,0,2024
9691,Nuno Tavares,23,1725,0,1.5730981789529324,8,6.447076931595802,28,34,2,1,D S,Lazio,0,1.5730981789529324,9.160245101898909,5.097952570766211,2024
9707,Silvère Ganvoula,7,324,0,0.3896697089076042,0,0.13973765075206757,4,1,0,0,F S,Monza,0,0.3896697089076042,0.5616965629160404,0.10214122571051121,2024
9714,Odilon Kossounou,18,1126,0,1.0900323893874884,0,0.06694938242435455,6,1,1,0,D S,Atalanta,0,1.0900323893874884,5.160535207018256,4.8585813865065575,2024
9849,Petar Stojanovic,1,1,0,0,0,0,0,0,0,0,S,Empoli,0,0,0,0,2024
9856,Emmanuel Ekong,15,146,0,0.13418478704988956,0,0.10241299867630005,4,2,1,0,S,Empoli,0,0.13418478704988956,0.6242885012179613,0.38769072107970715,2024
9877,Tyronne Ebuehi,4,64,0,0,0,0,0,0,0,0,S,Empoli,0,0,0.3135741949081421,0.3135741949081421,2024
9889,Bjarki Steinn Bjarkason,9,153,0,0,0,0.050539832562208176,0,1,2,0,D S,Venezia,0,0,0.06828688085079193,0.06828688085079193,2024
9893,Youssef Maleh,22,1524,0,0.9958969270810485,1,0.900695376098156,17,12,3,1,M S,Empoli,0,0.9958969270810485,3.4599987901747227,2.395837927237153,2024
9902,Pasquale Mazzocchi,20,691,0,0.3297137916088104,0,0.44114045798778534,3,5,2,0,D S,Napoli,0,0.3297137916088104,2.241537034511566,1.548105027526617,2024
9903,Domen Crnigoj,8,121,0,0.09253344684839249,0,0,1,0,0,0,M S,Venezia,0,0.09253344684839249,0.182824295014143,0.0902908481657505,2024
10200,Rafa Marín,4,133,0,0.0963965579867363,0,0,2,0,1,0,D S,Napoli,0,0.0963965579867363,0.5633276551961899,0.547226145863533,2024
10222,Estanis Pedrola,1,8,0,0.11830463260412216,0,0.1421719491481781,2,2,0,0,S,Bologna,0,0.11830463260412216,0.26047658920288086,0,2024
10248,Arijon Ibrahimovic,1,6,0,0.06202208250761032,0,0,2,0,0,0,S,Lazio,0,0.06202208250761032,0.06202208250761032,0,2024
10383,Michel Aebischer,14,729,0,0.4345237482339144,0,0.3845790233463049,10,8,2,0,M S,Bologna,0,0.4345237482339144,1.6987727517262101,1.2707355553284287,2024
10460,Yllan Okou,1,1,0,0,0,0,0,0,0,0,S,Verona,0,0,0,0,2024
10596,Simone Pafundi,9,94,0,0.06180659309029579,0,0.6294282283633947,2,3,0,0,S,Udinese,0,0.06180659309029579,0.29618521220982075,0.2107119094580412,2024
10695,Faride Alidou,3,63,0,0.012504923157393932,0,0.01363900676369667,1,1,0,0,S,Verona,0,0.012504923157393932,0.4287064578384161,0.41620153561234474,2024
10781,Mateusz Wieteska,5,170,0,0.3743296265602112,0,0.11584148555994034,1,1,1,0,D S,Cagliari,0,0.3743296265602112,0.20216444693505764,0.0863229613751173,2024
10881,James Abankwah,6,70,0,0.11467425525188446,0,0,1,0,1,0,S,Udinese,0,0.11467425525188446,0.42681391537189484,0.3121396601200104,2024
10890,Michele Di Gregorio,33,2970,0,0,0,0.3083939254283905,0,1,0,0,GK,Juventus,0,0,3.53214343264699,3.53214343264699,2024
10897,Samuele Vignato,17,444,0,0.22736379876732826,0,0.009863970801234245,4,1,0,0,M S,Monza,0,0.22736379876732826,0.7696044538170099,0.5323766693472862,2024
10898,Warren Bondo,24,1797,0,0.42235535755753517,0,0.32165952399373055,14,6,4,1,M S,"AC Milan,Monza",0,0.42235535755753517,6.933657519519329,6.372226420789957,2024
10906,Thórir Helgason,21,1156,0,1.3021719567477703,4,0.9663341771811247,16,22,0,0,M S,Lecce,0,1.3021719567477703,2.938693890348077,1.4568527415394783,2024
10908,Medon Berisha,17,697,0,0.6646855622529984,1,0.7705809716135263,24,11,5,0,M S,Lecce,0,0.6646855622529984,1.8912896253168583,1.05741735547781,2024
10935,Dodô,35,3126,0,1.4068531906232238,5,4.798341209068894,27,37,8,0,D M,Fiorentina,0,1.4068531906232238,13.066202946938574,9.197617669589818,2024
10967,Mile Svilar,38,3420,0,0.08025249093770981,0,0,1,0,1,0,GK,Roma,0,0.08025249093770981,7.252380753867328,7.252380753867328,2024
11022,Simone Perilli,2,180,0,0,0,0,0,0,0,0,GK,Verona,0,0,0.05081536993384361,0.05081536993384361,2024
11038,Jhon Lucumí,32,2626,0,0.7916854955255985,1,0.5481209829449654,12,9,8,1,D S,Bologna,0,0.7916854955255985,8.904810205101967,8.749637074768543,2024
11049,Reda Belahyane,28,1849,0,0.19402291532605886,2,1.198390127159655,6,16,4,2,M S,"Lazio,Verona",0,0.19402291532605886,5.804689330048859,4.648497930727899,2024
11053,Isak Hien,30,2336,0,0.9531183708459139,0,0.07658737525343895,8,2,10,0,D S,Atalanta,0,0.9531183708459139,11.485736094415188,11.409148715436459,2024
11054,Juan Cabal,7,464,0,0.1306802649050951,0,0.17204512655735016,5,1,0,0,D S,Juventus,0,0.1306802649050951,3.065493978559971,3.04121283441782,2024
11170,Jacopo Seghetti,1,90,0,0,0,0,0,0,0,0,GK,Empoli,0,0,0,0,2024
11281,Michael Kayode,5,118,0,0.09395667910575867,0,0.28012001514434814,1,1,0,0,D S,Fiorentina,0,0.09395667910575867,0.6066556721925735,0.5126989930868149,2024
11289,Ola Solbakken,21,750,0,0.7903557196259499,0,0.5749603006988764,4,9,2,0,F M S,Empoli,0,0.7903557196259499,1.7711380869150162,0.46449032612144947,2024
11299,Devis Vásquez,32,2880,0,0,0,0,0,0,2,0,GK,Empoli,0,0,0.810832651797682,0.810832651797682,2024
11306,Cyril Ngonge,18,177,0,0.5907556600868702,0,0.19643199816346169,13,3,2,0,F S,Napoli,0,0.5907556600868702,0.797872643917799,0.15808765590190887,2024
11378,Máximo Perrone,26,1866,0,0.9457318838685751,3,1.9598194928839803,10,30,6,0,M S,Como,0,0.9457318838685751,9.632720220834017,7.242648001760244,2024
11383,Renato Veiga,13,1091,0,0.8249842878431082,1,0.039737433195114136,12,2,2,0,D S,Juventus,0,0.8249842878431082,3.344063217751682,3.2855254961177707,2024
11418,Alphadjo Cissè,2,5,0,0.03928211145102978,0,0,2,0,0,0,S,Verona,0,0.03928211145102978,0.01921735890209675,0,2024
11463,Aaron Ciammaglichella,1,1,0,0,0,0,0,0,0,0,S,Torino,0,0,0,0,2024
11498,Mirko Maric,18,439,0,1.1305477246642113,0,0.10223524644970894,7,3,0,0,F S,"Monza,Venezia",0,1.1305477246642113,1.1157330609858036,0.8022486865520477,2024
11551,Marco Palestra,9,213,0,0,0,0.2432294562458992,0,3,0,0,D S,Atalanta,0,0,1.3319834247231483,1.0887539610266685,2024
11768,Cher Ndour,9,397,0,0.1504337266087532,0,0,4,0,1,0,M S,Fiorentina,0,0.1504337266087532,1.4026796147227287,1.3219382259994745,2024
11800,Arthur Atta,27,1223,0,1.5434948615729809,1,1.7459386195987463,26,18,5,0,M S,Udinese,0,1.5434948615729809,4.884303130209446,2.524522189050913,2024
11876,Luca Marianucci,18,1058,0,0.6265358319506049,0,0.15369900921359658,8,3,0,1,D M S,Empoli,0,0.6265358319506049,1.9464550446718931,1.8548162579536438,2024
11877,Michael Folorunsho,20,662,0,0.6155886743217707,0,0.7538418211042881,10,3,5,0,D M S,"Fiorentina,Napoli",0,0.6155886743217707,3.04950394295156,1.7586079202592373,2024
11946,Mohamed Kaba,15,422,0,0.647593978792429,0,0.030708590522408485,4,1,1,0,M S,Lecce,0,0.647593978792429,0.9743184950202703,0.8636524956673384,2024
11947,Rares Burnete,4,17,0,0.0571330264210701,0,0,1,0,0,0,S,Lecce,0,0.0571330264210701,0.0571330264210701,0,2024
11955,Alberto Dossena,23,1834,0,0.6554462192580104,2,1.2226081043481827,12,5,1,1,D S,Como,0,0.6554462192580104,3.436672180891037,3.3512209616601467,2024
11956,Paulo Azzi,6,437,0,0.6600406542420387,0,0.800193764269352,8,5,2,0,D S,Cagliari,0,0.6600406542420387,2.4045355208218098,1.7738776132464409,2024
11957,Antoine Makoumbou,33,2189,0,0.19623093865811825,3,0.9039087705314159,7,8,2,1,M S,Cagliari,0,0.19623093865811825,8.027866251766682,7.405774045735598,2024
11959,Matteo Prati,12,579,0,0.07365255989134312,0,0.5021635591983795,4,6,1,0,M S,Cagliari,0,0.07365255989134312,1.219874769449234,0.9838402755558491,2024
11961,Sam Beukema,35,3010,0,1.6605565324425697,1,1.1881455723196268,15,10,1,0,D S,Bologna,0,1.6605565324425697,9.021669746376574,8.621597194112837,2024
11962,Oussama El Azzouzi,2,11,0,0,0,0,0,0,0,0,S,Bologna,0,0,0.05568971112370491,0.05568971112370491,2024
11967,Davide Bartesaghi,4,115,0,0.030320703983306885,0,0.1432030163705349,1,2,0,1,D S,AC Milan,0,0.030320703983306885,0.9094470888376236,0.8431871682405472,2024
11968,Kevin Zeroli,9,404,0,0.4978923872113228,1,0.6236989796161652,6,2,0,0,M S,"AC Milan,Monza",0,0.4978923872113228,1.3252834109589458,0.26797627191990614,2024
11989,Walid Cheddira,1,5,0,0,0,0.06402041763067245,0,1,0,0,S,Napoli,0,0,0.06402041763067245,0,2024
12012,Marcus Pedersen,29,1349,0,0.8383578862994909,0,0.31397981476038694,8,7,3,0,D S,Torino,0,0.8383578862994909,2.568528109230101,1.559088763780892,2024
12043,Christos Mandas,9,810,0,0,0,0,0,0,0,0,GK,Lazio,0,0,2.291612671688199,2.291612671688199,2024
12078,Alan Matturro,13,888,0,0.1578726852312684,0,0.2325288951396942,4,3,2,0,D S,Genoa,0,0.1578726852312684,1.3593639694154263,1.0876875780522823,2024
12095,Tomás Suslov,31,2123,0,1.6774194007739425,1,2.0379438870586455,32,27,5,1,F M S,Verona,0,1.6774194007739425,7.891592211090028,5.554568611085415,2024
12168,Alejandro Jiménez,22,1285,0,1.2752824798226357,1,1.689367761835456,15,12,6,0,D M S,AC Milan,0,1.2752824798226357,7.944430101662874,5.334013137966394,2024
12218,Francesco Camarda,10,194,0,0.5220109783113003,0,0.28130099922418594,8,5,0,0,F S,AC Milan,0,0.5220109783113003,1.516376305371523,0.8795242458581924,2024
12252,Alberto Manzoni,1,1,0,0.03272377327084541,0,0,1,0,0,0,S,Atalanta,0,0.03272377327084541,0.03272377327084541,0,2024
12310,Stefan Lekovic,7,355,0,0.06517907697707415,0,0,3,0,0,0,D S,Monza,0,0.06517907697707415,0.23060785792768002,0.23060785792768002,2024
12322,Tajon Buchanan,6,79,0,0,0,0.06375836580991745,0,1,0,0,S,Inter,0,0,0.2777990475296974,0.21404068171977997,2024
12334,Kingstone Mutandwa,6,102,0,0.20732177048921585,0,0,4,0,0,0,S,Cagliari,0,0.20732177048921585,1.0372788980603218,0.8299571257084608,2024
12340,Omari Forson,9,198,0,0.42803034745156765,0,0.32168595865368843,5,8,0,0,F S,Monza,0,0.42803034745156765,0.8694537989795208,0.1912885531783104,2024
12356,Saba Goglichidze,33,2560,0,0.26188276801258326,1,0.3744480684399605,6,3,3,1,D S,Empoli,0,0.26188276801258326,2.4100154601037502,1.9589530508965254,2024
12357,Andrea Mazza,1,7,0,0,0,0,0,0,0,0,S,Monza,0,0,0,0,2024
12380,Dani Silva,11,398,0,0.03241147892549634,0,0.14773431979119778,2,3,1,0,M S,Verona,0,0.03241147892549634,1.5528571605682373,1.4024221748113632,2024
12440,David Ankeye,4,38,0,0,0,0,0,0,0,0,S,Genoa,0,0,0,0,2024
12584,Maat Caprini,2,7,0,0,0,0,0,0,0,0,S,Fiorentina,0,0,0,0,2024
12635,Matteo Palma,1,2,0,0,0,0,0,0,0,0,S,Udinese,0,0,0,0,2024
12639,Junior Ajayi,2,10,0,0,0,0,0,0,0,0,S,Verona,0,0,0,0,2024
12778,Federico Accornero,1,1,0,0,0,0,0,0,0,0,S,Genoa,0,0,0,0,2024
12779,Honest Ahanor,6,263,0,0.6984457075595856,0,0.064913185313344,3,2,0,0,D M S,Genoa,0,0.6984457075595856,0.5303681567311287,0.07260099053382874,2024
12781,Zion Suzuki,37,3319,0,0,0,0,0,0,0,1,GK,Parma Calcio 1913,0,0,5.399743342772126,5.399743342772126,2024
12782,Woyo Coulibaly,14,1082,0,0.11187431681901217,1,1.3046283889561892,3,8,1,1,D S,Parma Calcio 1913,0,0.11187431681901217,3.6352696400135756,2.4448944218456745,2024
12783,Alessandro Circati,6,540,0,0.1777893677353859,0,0.02160043828189373,2,1,1,0,D,Parma Calcio 1913,0,0.1777893677353859,1.000532565638423,0.9789321273565292,2024
12786,Mateusz Kowalski,1,61,0,0.5485414266586304,0,0,1,0,0,0,M,Parma Calcio 1913,0,0.5485414266586304,0.5689487457275391,0.020407309755682945,2024
12802,Lorenzo Tosto,1,1,0,0,0,0,0,0,0,0,S,Empoli,0,0,0,0,2024
12822,Álex Valle,15,1042,0,0.32909518852829933,0,0.5185151733458042,9,11,2,0,D S,Como,0,0.32909518852829933,3.6806634962558746,3.0706890635192394,2024
12853,Jesper Karlström,37,3201,0,1.0215017618611455,3,1.6782602947205305,13,21,9,0,M S,Udinese,0,1.0215017618611455,8.539285136386752,6.683409044519067,2024
12854,Martin Frese,11,543,0,0.05553499795496464,0,0.26425595954060555,2,5,0,0,D M S,Verona,0,0.05553499795496464,1.2922106329351664,0.9994388073682785,2024
12858,Daniele Ghilardi,24,2029,0,0.5332020772621036,0,0.18988129403442144,12,6,7,1,D S,Verona,0,0.5332020772621036,1.4485671985894442,1.2841083779931068,2024
12867,Alen Sherri,7,627,0,0,0,0.022837568074464798,0,1,0,0,GK,Cagliari,0,0,0.11966011486947536,0.11966011486947536,2024
12868,Mattia Felici,20,908,0,1.0934456456452608,3,1.2246886799111962,10,10,1,0,M S,Cagliari,0,1.0934456456452608,3.3920855671167374,2.592358149588108,2024
12869,Samuel Dahl,2,39,0,0,0,0,0,0,0,0,S,Roma,0,0,0.06342943012714386,0.06342943012714386,2024
12874,Richie Sagrado,3,145,0,0.034154441207647324,0,0,1,0,1,0,D,Venezia,0,0.034154441207647324,0.0629419069737196,0.028787465766072273,2024
12878,Issa Doumbia,24,922,0,1.5646562036126852,0,0.11719143949449062,17,3,0,0,M S,Venezia,0,1.5646562036126852,2.518975531682372,1.2910603070631623,2024
12885,Kialonda Gaspar,24,2148,0,0.7673945985734463,1,1.029505891725421,16,6,3,0,D,Lecce,0,0.7673945985734463,3.646687723696232,3.5604168847203255,2024
12886,Filip Marchwinski,1,13,0,0,0,0,0,0,0,0,S,Lecce,0,0,0,0,2024
12889,Federico Cassa,2,7,0,0,0,0,0,0,0,0,S,Atalanta,0,0,0,0,2024
12906,Jonas Rouhi,5,206,0,0,0,0,0,0,0,0,D S,Juventus,0,0,0.3243759274482727,0.3243759274482727,2024
12907,Marco Sala,10,325,0,0,0,0.4168045446276665,0,2,3,0,D S,"Como,Lecce",0,0,0.7204070463776588,0.4111374393105507,2024
12908,Matthias Braunöder,8,267,0,0.06269431300461292,0,0,2,0,1,1,M S,Como,0,0.06269431300461292,0.04127271845936775,0.04127271845936775,2024
12958,Alessandro Marcandalli,10,407,0,0.5659685600548983,0,0,2,0,2,0,D S,"Genoa,Venezia",0,0.5659685600548983,0.26069828122854233,0.26069828122854233,2024
12990,Saad El Haddad,3,23,0,0,0,0.018121900036931038,0,1,0,0,S,Venezia,0,0,0.0346195213496685,0.016497621312737465,2024
12996,Alessio Iovine,10,373,0,0.015361277386546135,0,0.197709696367383,1,3,2,0,D S,Como,0,0.015361277386546135,0.7458569463342428,0.6428565289825201,2024
12998,Ali Jasim,2,8,0,0,0,0,0,0,0,0,S,Como,0,0,0,0,2024
12999,Lorenzo Anghelè,1,2,0,0,0,0,0,0,0,0,S,Juventus,0,0,0,0,2024
13006,Joël Schingtienne,16,1124,0,0,0,0.0965624712407589,0,3,2,0,D S,Venezia,0,0,0.43562865536659956,0.4160086130723357,2024
13009,Vanja Vlahovic,3,56,0,0.07569820433855057,0,0.13445574045181274,1,2,0,0,S,Atalanta,0,0.07569820433855057,0.21015393733978271,0,2024
13027,Gaby Jean,19,1384,0,0.0758519172668457,0,0.0571330264210701,1,1,0,0,D S,Lecce,0,0.0758519172668457,2.0158384051173925,2.0158384051173925,2024
13046,Lior Kasa,8,221,0,0.8909140527248383,0,0.03812585398554802,5,2,2,0,M S,Genoa,0,0.8909140527248383,1.4693591110408306,0.6169382594525814,2024
13049,Damián Pizarro,2,12,0,0,0,0,0,0,0,0,S,Udinese,0,0,0,0,2024
13050,Ignace Van der Brempt,20,1256,0,0.5743862800300121,1,0.42669511400163174,7,10,3,0,D S,Como,0,0.5743862800300121,2.9767110673710704,2.443053009919822,2024
13053,Saud Abdulhamid,4,208,0,0.014963983558118343,1,0.37896348536014557,1,2,0,0,D S,Roma,0,0.014963983558118343,1.148334621451795,0.7544071078300476,2024
13071,Ismael Konaté,12,87,0,0.42596037220209837,1,0.032682270742952824,3,2,0,0,S,Empoli,0,0.42596037220209837,0.45864264387637377,0,2024
13072,Vasilije Adzic,6,33,0,0.027242431417107582,0,0,1,0,0,0,S,Juventus,0,0.027242431417107582,0.09828288853168488,0.07104045525193214,2024
13083,Matías Moreno,4,144,0,0,0,0.044824134558439255,0,2,0,0,D S,Fiorentina,0,0,0.06141935847699642,0.03736797161400318,2024
13095,Tomás Palacios,10,447,0,0.04481832683086395,0,0,1,0,2,0,D S,"Inter,Monza",0,0.04481832683086395,0.5129926465451717,0.5129926465451717,2024
13097,Mandela Keita,30,1852,0,0.09851071052253246,2,1.207997653633356,5,16,4,1,M S,Parma Calcio 1913,0,0.09851071052253246,6.091869512572885,5.132593246176839,2024
13099,Rui Modesto,20,581,0,0.5112633872777224,1,0.6775725353509188,3,14,1,0,D S,Udinese,0,0.5112633872777224,1.939987700432539,1.0906022023409605,2024
13112,Fellipe Jack,7,162,0,0,0,0.09910435229539871,0,1,2,0,D S,Como,0,0,0.13377606216818094,0.03467170987278223,2024
13129,Kevin Martins,9,163,0,0,1,0.395392594859004,0,2,1,0,D S,Monza,0,0,0.7607177495956421,0.7607177495956421,2024
13136,Brooke Norton-Cuffy,14,726,0,0.21893439441919327,0,0.11284434050321579,5,2,0,0,D F M S,Genoa,0,0.21893439441919327,1.3186640366911888,0.9868852980434895,2024
13151,Mattia Liberali,1,63,0,0.06840144842863083,0,0.07609933614730835,2,1,0,0,M,AC Milan,0,0.06840144842863083,0.3106605112552643,0.18091922998428345,2024
13164,Tommaso Gabellini,1,8,0,0.01655462197959423,0,0,1,0,0,0,S,Torino,0,0.01655462197959423,0.01655462197959423,0,2024
13172,Adrian Benedyczak,9,195,0,0.17261865735054016,0,0.0382277425378561,3,2,0,0,M S,Parma Calcio 1913,0,0.17261865735054016,0.27507107332348824,0.06422467529773712,2024
13178,Tommaso Rubino,1,5,0,0,0,0.09105022251605988,0,1,0,0,S,Fiorentina,0,0,0.09105022251605988,0,2024
13244,Jacopo Bacci,3,24,0,0,0,0,0,0,0,0,S,Empoli,0,0,0.5372961163520813,0.5372961163520813,2024
13254,Diego Pugno,1,5,0,0,0,0.05232212319970131,0,1,0,0,S,Juventus,0,0,0.05232212319970131,0,2024
13269,Thomas Campaniello,3,19,0,0.36383768916130066,0,0,1,0,0,0,S,Empoli,0,0.36383768916130066,0.3746410859748721,0.3746410859748721,2024
13270,Sergiu Perciun,5,133,0,0.06160493940114975,0,0.06556979566812515,2,2,0,0,S,Torino,0,0.06160493940114975,0.5593453757464886,0.43217064440250397,2024
13313,Nicolás Valentini,14,1139,0,0.2727090008556843,0,0.7699992805719376,8,6,3,1,D S,Verona,0,0.2727090008556843,1.0628653690218925,0.4007140025496483,2024
13328,Bob Omoregbe,1,2,0,0,0,0,0,0,0,0,S,AC Milan,0,0,0,0,2024
13331,Mathias Løvik,6,77,0,0.13743847608566284,0,0.12175291031599045,1,1,0,0,S,Parma Calcio 1913,0,0.13743847608566284,0.4857194051146507,0.22652801126241684,2024
13338,Cheick Conde,9,136,0,0,0,0.008310917764902115,0,1,2,0,M S,Venezia,0,0,0.4384280852973461,0.430117167532444,2024
13340,Luka Topalovic,1,5,0,0,0,0,0,0,0,0,S,Inter,0,0,0,0,2024
13354,Alberto Costa,9,342,0,1.0256558116525412,1,0.12016567960381508,7,2,3,0,D S,Juventus,0,1.0256558116525412,3.0140678621828556,2.2493527457118034,2024
13389,Devyne Rensch,14,458,0,0.6233813874423504,1,0.7634415775537491,3,2,0,0,D S,Roma,0,0.6233813874423504,2.320372387766838,2.1854646783322096,2024
13395,Danilo Veiga,13,332,0,0.7220241073518991,0,0.32900296337902546,5,6,0,0,D S,Lecce,0,0.7220241073518991,1.6650652419775724,0.8138769175857306,2024
13396,Tiago Gabriel,2,92,0,0,0,0,0,0,0,0,S,Lecce,0,0,0.04531363397836685,0.04531363397836685,2024
13400,Arvid Brorsson,6,357,0,0,0,0,0,0,0,0,D S,Monza,0,0,0.8185673002153635,0.8185673002153635,2024
13401,Daniel Oyegoke,5,91,0,0.013305271975696087,0,0,1,0,1,0,S,Verona,0,0.013305271975696087,0,0,2024
13411,Benjamin Siegrist,2,154,0,0,0,0,0,0,0,0,GK,Genoa,0,0,0,0,2024
13443,Ivan Smolcic,9,627,0,0.7790971677750349,0,0.12079346925020218,7,2,2,0,D S,Como,0,0.7790971677750349,1.1278045997023582,0.9111174307763577,2024
13447,Oliver Provstgaard,2,27,0,0,0,0,0,0,1,0,S,Lazio,0,0,0.0365833155810833,0.0365833155810833,2024
13449,Victor Nelsson,4,179,0,0.04691377282142639,0,0,1,0,0,0,D S,Roma,0,0.04691377282142639,0.5982119515538216,0.5982119515538216,2024
13450,Anass Salah-Eddine,3,156,0,0.4623778164386749,1,0.04638083651661873,2,2,0,0,D S,Roma,0,0.4623778164386749,2.121259570121765,1.6293084435164928,2024
13451,Konan N’Dri,11,285,0,0.4773371573537588,0,0.1473285099491477,9,6,0,0,M S,Lecce,0,0.4773371573537588,0.5176749816164374,0.11570252105593681,2024
13478,Sebastian Otoa,3,183,0,0,0,0,0,0,1,1,D,Genoa,0,0,0.07598115876317024,0.07598115876317024,2024
13562,Nicola Pintus,1,1,0,0,0,0,0,0,0,0,S,Cagliari,0,0,0,0,2024
13599,Alessio Cacciamani,2,21,0,0,0,0,0,0,0,0,S,Torino,0,0,0.29618507623672485,0.29618507623672485,2024
7006,Lautaro Martínez,22,1685,12,13.750911183655262,4,5.051708083599806,75,28,3,0,F S,Inter,12,13.750911183655262,21.219243600964546,7.313160534948111,2025
2662,Christian Pulisic,16,878,8,6.646399669349194,2,2.760134579613805,30,23,0,0,F S,AC Milan,8,5.885100848972797,8.919581884518266,2.8268833365291357,2025
11541,Nico Paz,22,1876,8,5.192922385409474,6,5.143072836101055,79,40,4,0,M S,Como,8,4.431623550131917,13.22535458393395,6.3596387561410666,2025
11942,Kenan Yildiz,21,1779,8,6.923686457797885,4,6.007656414061785,62,43,2,0,F M S,Juventus,7,5.401088757440448,13.025437861680984,5.600165580399334,2025
12030,Tasos Douvikas,22,1189,8,7.208802551031113,0,1.82165165245533,30,16,0,0,F S,Como,7,6.447503715753555,9.149850824847817,2.386111920699477,2025
189,Hakan Calhanoglu,16,1293,7,4.146148333325982,2,2.882438635453582,40,34,4,0,M,Inter,4,1.100953059270978,8.239734031260014,7.033353209495544,2025
1053,Keinan Davis,21,1468,7,7.367180697619915,3,2.836169559508562,37,21,3,0,F S,Udinese,4,5.083284296095371,8.886218287050724,2.3342379182577133,2025
6160,Riccardo Orsolini,20,1362,7,6.237127769738436,1,1.2746013477444649,47,16,2,0,F M S,Bologna,4,3.191932562738657,7.474458932876587,4.017903298139572,2025
7193,Rafael Leão,16,1078,7,5.586533270776272,2,2.8985252380371094,33,10,1,0,F S,AC Milan,5,4.063935596495867,8.313343938440084,2.060332950204611,2025
12367,Gift Orban,19,1416,7,10.682347981259227,1,1.209749328903854,60,15,4,0,F S,Verona,5,9.159750325605273,12.31079731695354,2.2230923641473055,2025
3821,Rolando Mandragora,22,1618,6,3.6854296838864684,0,2.2117654010653496,41,22,4,0,M S,Fiorentina,5,2.9241308672353625,6.224361579865217,3.4073034413158894,2025
5992,Marcus Thuram,16,1006,6,6.385918963700533,3,2.341430027037859,40,18,2,0,F S,Inter,6,6.385918963700533,7.575515568256378,1.7737248986959457,2025
6253,Gianluca Scamacca,15,910,6,6.826474025845528,1,1.0492407884448767,39,10,2,0,F S,Atalanta,4,5.303876429796219,8.793486408889294,3.515000607818365,2025
9965,Matìas Soulè Malvano,22,1522,6,3.4230855610221624,4,2.8806074233725667,38,31,1,0,F M S,Roma,6,3.4230855610221624,11.63181208819151,7.154134416952729,2025
11055,Rasmus Højlund,18,1489,6,7.1062648836523294,2,1.7074398770928383,27,16,1,0,F S,Napoli,6,7.1062648836523294,11.01147111877799,2.869381556287408,2025
12008,Nikola Krstovic,18,763,6,7.872161068022251,4,2.1686727926135063,45,13,1,0,F S,Atalanta,6,7.872161068022251,9.215534195303917,1.2592750899493694,2025
12528,Santiago Castro,19,1255,6,4.757805344648659,2,1.9602462220937014,33,16,1,0,F S,Bologna,6,4.757805344648659,6.142502762377262,0.6973837222903967,2025
13446,Mateo Pellegrino,22,1795,6,6.182330940850079,1,1.8484279103577137,45,16,3,0,F S,Parma Calcio 1913,5,5.421032105572522,7.243420402519405,1.7230010479688644,2025
755,Jamie Vardy,18,1465,5,4.93525611795485,1,1.5209095925092697,18,12,3,0,F S,Cremonese,5,4.93525611795485,7.466952633112669,1.5759207345545292,2025
1102,Giovanni Simeone,17,1097,5,5.476827446371317,0,1.3790310714393854,42,9,0,0,F S,Torino,5,5.476827446371317,7.473530061542988,0.8934984095394611,2025
1304,Moise Kean,19,1532,5,12.284775003790855,1,0.038256628438830376,77,2,3,0,F S,Fiorentina,4,11.523476228117943,9.204236131161451,0.5413977485150099,2025
1324,Federico Dimarco,20,1537,5,3.666956275701523,7,8.641337409615517,32,54,1,0,D S,Inter,5,3.666956275701523,15.972651325166225,7.598367013037205,2025
2019,Federico Bonazzoli,19,1306,5,3.8128630029968917,1,1.284375079907477,36,8,3,0,F S,Cremonese,4,3.051564152818173,5.777301430236548,2.677067844197154,2025
5560,Scott McTominay,21,1808,5,5.736338090151548,3,1.5749490689486265,55,15,1,0,M S,Napoli,5,5.736338090151548,8.396211005747318,4.409220373257995,2025
6276,Nikola Vlasic,22,1742,5,4.1432920061051846,2,1.662902519106865,27,27,4,0,F M S,Torino,2,1.8593955393880606,8.341839257627726,5.3963567186146975,2025
6686,Nicolo Zaniolo,18,1264,5,4.221275558695197,2,2.0984343821182847,42,28,5,0,F M S,Udinese,5,4.221275558695197,6.965639920905232,2.196299262344837,2025
8478,Lorenzo Colombo,22,1328,5,6.076413124799728,1,0.44002320244908333,38,8,1,0,F S,Genoa,5,5.315114289522171,5.428981786593795,0.5334645826369524,2025
12784,Ange-Yoan Bonny,17,530,5,3.208266928792,3,1.6165791247040033,12,12,0,0,F S,Inter,5,3.208266928792,5.923672907054424,1.386463452130556,2025
13939,Stefano Moreo,21,1083,5,3.6228765845298767,1,1.081539623439312,29,9,1,0,F M S,Pisa,4,2.8615777492523193,5.049576174467802,1.8099056836217642,2025
447,Kevin De Bruyne,8,571,4,2.984142055734992,0,1.231788819655776,16,15,1,0,M S,Napoli,1,0.7002455843612552,3.339625135064125,2.4944126196205616,2025
1612,Domenico Berardi,12,941,4,3.5743531743064523,3,1.3941228613257408,18,15,2,0,F S,Sassuolo,2,2.051755548454821,5.808763392269611,3.6751130893826485,2025
3300,Christopher Nkunku,16,761,4,5.693954437971115,2,0.8545063603669405,17,9,0,0,F S,AC Milan,2,4.171356767416,5.583967996761203,1.4223241079598665,2025
4895,Andrea Pinamonti,21,1710,4,6.949487021192908,2,1.6101743802428246,46,14,1,0,F S,Sassuolo,4,6.188188245519996,7.42885260283947,0.7806592546403408,2025
6434,Franck Zambo,11,928,4,2.296694092452526,1,1.4197217328473926,19,10,1,0,M S,Napoli,4,2.296694092452526,3.970479339361191,2.1670385599136353,2025
7005,Jens Odgaard,17,964,4,2.04772019572556,1,0.7530298829078674,20,8,1,0,M S,Bologna,4,2.04772019572556,4.762081377208233,2.670089330524206,2025
8636,Jonathan Christian David,21,1064,4,7.756385818123817,3,2.611680867150426,28,23,0,0,F S,Juventus,4,6.99508698284626,9.569101956672966,2.2010320434346795,2025
10237,Leo Østigard,16,1371,4,2.495383000932634,1,0.6260340809822083,15,4,5,0,D,Genoa,4,2.495383000932634,3.0537368953227997,2.1125129088759422,2025
10366,Albert Gudmundsson,20,1421,4,3.5524875074625015,3,2.4238459318876266,25,18,3,0,F M S,Fiorentina,1,1.268591035157442,6.842958459630609,4.511489381082356,2025
13934,Martin Baturina,14,463,4,0.37452453188598156,3,2.3073807060718536,6,16,0,0,F M S,Como,4,0.37452453188598156,3.778674090281129,2.2293115630745888,2025
64,Filip Kostic,13,421,3,0.5934083517640829,1,0.6833733469247818,8,10,0,0,D M S,Juventus,3,0.5934083517640829,2.992148745805025,2.0778627321124077,2025
1386,Piotr Zielinski,19,943,3,1.2121533639729023,1,1.9341210927814245,14,15,0,0,M S,Inter,2,0.4508545361459255,6.3021484185010195,5.285006038844585,2025
1471,Lorenzo Pellegrini,14,803,3,3.6673838812857866,0,1.2913158051669598,24,13,1,0,M S,Roma,1,2.144786199554801,4.482607875019312,3.009515542536974,2025
1958,Mattia Zaccagni,19,1626,3,4.609130810946226,0,2.027251912280917,27,23,6,1,F M,Lazio,3,4.609130810946226,7.310675211250782,2.693364185281098,2025
3291,Adrien Rabiot,15,1286,3,1.495600426569581,3,2.23113470710814,21,13,3,0,M S,AC Milan,3,1.495600426569581,6.57688339240849,4.852171931415796,2025
4291,Marc-Oliver Kempf,19,1117,3,1.9276516009122133,0,0.14058054983615875,11,2,1,0,D S,Como,3,1.9276516009122133,3.159465785138309,3.1493001971393824,2025
6697,Armand Lauriente,22,1414,3,2.4652277193963528,3,3.61853052303195,41,27,2,0,F S,Sassuolo,3,2.4652277193963528,5.739756062626839,2.26201531291008,2025
7084,Dusan Vlahovic,13,684,3,4.618957936763763,1,0.48437653481960297,30,7,0,0,F S,Juventus,2,3.857659101486206,4.388380212709308,0.8311535213142633,2025
7576,Nicolò Cambiaghi,18,1113,3,2.732427974231541,4,2.826116055250168,19,15,3,1,F M S,Bologna,3,2.732427974231541,5.791970454156399,1.1413117814809084,2025
7700,Che Adams,21,1234,3,4.017886124551296,1,2.286725294776261,40,15,0,0,F S,Torino,3,4.017886124551296,7.776008317247033,2.3526118583977222,2025
7947,Ruslan Malinovskiy,20,1437,3,1.608367195352912,3,2.830222765915096,29,19,7,0,M S,Genoa,2,0.8470683805644512,6.042034359648824,4.125131532549858,2025
7969,Sebastiano Esposito,21,1494,3,2.589718248695135,3,3.097784101963043,28,37,4,0,F M S,Cagliari,3,2.589718248695135,6.085297234356403,2.186266155913472,2025
9018,M&#039;Bala Nzola,16,1056,3,5.462795589119196,0,0.8286140095442533,28,15,1,1,F S,Pisa,1,3.1788991428911686,4.780265592038631,1.0455988934263587,2025
9071,Matteo Cancellieri,15,1095,3,2.972633635625243,1,1.1102807354182005,27,10,4,0,F M S,Lazio,3,2.972633635625243,4.7888927068561316,0.8880965430289507,2025
10177,Evan Ferguson,16,777,3,3.4807619526982307,2,1.6862706486135721,26,15,1,0,F S,Roma,3,3.4807619526982307,5.4050158597528934,1.0331951715052128,2025
10877,Charles De Ketelaere,20,1491,3,3.667718194425106,3,7.756462633609772,35,45,2,0,F M S,Atalanta,3,3.667718194425106,14.552466683089733,4.960209369659424,2025
11736,Artem Dovbyk,13,363,3,2.87838901206851,1,1.2935574017465115,10,11,0,0,F S,Roma,3,2.87838901206851,3.597304180264473,0.7824058942496777,2025
11883,Gennaro Borrelli,21,1002,3,3.0022672824561596,1,0.7094088485464454,21,10,3,0,F S,Cagliari,3,3.0022672824561596,4.512229695916176,2.2080139769241214,2025
12993,David Neres,16,932,3,1.484556145966053,3,3.786104552447796,17,19,3,0,F M S,Napoli,3,1.484556145966053,7.352409522980452,3.5680493600666523,2025
13069,Ismaël Koné,19,1543,3,1.8542193863540888,0,1.3780984710901976,12,16,1,1,M S,Sassuolo,3,1.8542193863540888,6.490780561696738,3.7859938866458833,2025
13891,Wesley,20,1630,3,2.164634857326746,0,3.9397436752915382,18,22,4,0,D M S,Roma,3,2.164634857326746,10.260005101561546,5.352438990026712,2025
13930,Semih Kiliçsoy,13,541,3,1.3202010989189148,0,0.3114489121362567,11,8,1,0,F S,Cagliari,3,1.3202010989189148,2.1995468698441982,0.6638361662626266,2025
13961,Giovane,22,1577,3,3.713917773216963,4,4.154332121834159,47,28,2,0,F M S,"Napoli,Verona",3,3.713917773216963,7.915717935189605,2.189250595867634,2025
13978,Jayden Addai,10,622,3,1.42596554197371,0,0.2792448215186596,12,5,3,0,M S,Como,3,1.42596554197371,2.8114138953387737,1.1790617778897285,2025
14003,Francesco Pio Esposito,20,716,3,6.359183536842465,3,1.5886234641075134,34,12,1,0,F S,Inter,3,6.359183536842465,8.478336248546839,2.401184991002083,2025
307,Suat Serdar,17,1025,2,2.6514842500910163,0,1.4056117832660675,18,12,2,0,M S,Verona,2,2.6514842500910163,4.575328801758587,1.8016988597810268,2025
1134,Mario Pasalic,19,1154,2,1.8769404739141464,2,3.079202875494957,10,20,2,0,M S,Atalanta,2,1.8769404739141464,7.683076225221157,4.717566352337599,2025
1186,Andrea Belotti,3,196,2,2.3106289505958557,0,0.04081600904464722,6,1,0,0,F,Cagliari,1,1.5493301749229431,1.016254037618637,0.2606043629348278,2025
1206,Danilo Cataldi,19,1450,2,1.7743160519748926,2,1.642828794196248,19,16,5,0,M S,Lazio,1,1.0130172166973352,4.6408101208508015,3.5868684090673923,2025
1294,Paulo Dybala,17,1062,2,5.446348372846842,2,3.5558443013578653,36,40,1,0,F M S,Roma,2,4.685049567371607,8.439313229173422,2.234402993693948,2025
1500,Leonardo Spinazzola,18,1103,2,0.7857401296496391,2,1.4777251444756985,14,19,1,0,D M S,Napoli,2,0.7857401296496391,5.307391259819269,3.5177757516503334,2025
1725,Christian Kabasele,16,1277,2,1.1101776529103518,0,0.06341097503900528,5,1,3,0,D,Udinese,2,1.1101776529103518,1.5017097862437367,1.4177299495786428,2025
3334,Lassana Coulibaly,18,1475,2,1.6309804990887642,0,0.3651887960731983,11,11,3,0,M S,Lecce,2,1.6309804990887642,4.360528033226728,3.1855181585997343,2025
5360,Weston McKennie,21,1526,2,4.514147061854601,2,2.7212806660681963,24,23,3,0,D M S,Juventus,2,4.514147061854601,10.921887196600437,5.489139836281538,2025
5556,Ademola Lookman,12,803,2,3.853021115064621,0,2.2811416015028954,27,17,0,0,F M S,Atalanta,2,3.853021115064621,6.121153548359871,1.5856311172246933,2025
5759,Matteo Guendouzi,16,1434,2,1.22304982598871,1,1.0217254180461168,16,15,5,0,M,Lazio,2,1.22304982598871,5.685938589274883,4.695960254408419,2025
6155,Robin Gosens,15,1073,2,2.0928202848881483,0,0.4500826057046652,12,7,2,0,D M S,Fiorentina,2,2.0928202848881483,2.5721396785229445,1.571149131283164,2025
7284,Marco Brescianini,12,227,2,2.190298367291689,0,0.13182513043284416,9,3,1,0,S,"Atalanta,Fiorentina",2,2.190298367291689,2.9627413786947727,1.3300868570804596,2025
7375,Roberto Piccoli,18,932,2,4.214253356680274,0,0.4137070784345269,27,7,0,0,F S,Fiorentina,2,4.214253356680274,4.156836508773267,0.9109421595931053,2025
7482,Kouadio Kone,22,1950,2,1.741847176104784,1,2.003325155004859,17,20,2,0,M,Roma,2,1.741847176104784,10.465662736445665,7.9657167457044125,2025
7507,Gianluca Gaetano,21,906,2,1.2632052153348923,3,1.5366881182417274,20,16,3,0,F M S,Cagliari,2,1.2632052153348923,4.023829518817365,2.762771762907505,2025
7628,Lameck Banda,17,835,2,1.114141896367073,2,1.4923415184020996,14,7,4,1,F M S,Lecce,2,1.114141896367073,2.745937015861273,0.2997103501111269,2025
7939,Morten Thorsby,13,735,2,1.5208306377753615,1,0.6349122952669859,10,6,2,0,M S,Genoa,2,1.5208306377753615,2.686354896053672,1.268832542002201,2025
8182,Lucas Da Cunha,20,1515,2,3.6695924773812294,1,2.399176126345992,21,24,3,0,M S,Como,0,2.1469948068261147,7.383401149883866,4.427053118124604,2025
8297,Alexis Saelemaekers,22,1860,2,2.345376861281693,3,2.5581846805289388,30,29,2,0,D F M,AC Milan,2,2.345376861281693,12.525024466216564,8.312422649934888,2025
8512,Filippo Terracciano,21,1876,2,2.3262510541826487,0,0.193792755715549,13,5,3,0,D,Cremonese,2,2.3262510541826487,3.3477016407996416,3.221656261011958,2025
8642,Strahinja Pavlovic,18,1544,2,2.148624474182725,1,0.6053832489997149,14,11,1,0,D,AC Milan,2,2.148624474182725,6.7086496483534575,5.237121751531959,2025
8867,Adrián Bernabé,22,1760,2,2.219999416731298,1,3.7229048954322934,36,39,0,0,D M S,Parma Calcio 1913,2,2.219999416731298,6.161306767724454,2.7760959938168526,2025
8880,Matteo Tramoni,20,1088,2,2.631427673622966,2,2.742515576072037,22,25,2,0,F M S,Pisa,1,1.8701288383454084,5.616184236481786,2.134341087192297,2025
8912,Tommaso Pobega,16,1053,2,1.709651704877615,1,0.5398142859339714,20,5,1,0,M S,Bologna,2,1.709651704877615,4.349134474992752,2.440764680504799,2025
9107,Giorgio Scalvini,9,656,2,2.133411206305027,0,0.18432968482375145,7,4,1,0,D S,Atalanta,2,2.133411206305027,4.240238964557648,3.429451063275337,2025
9630,Kamaldeen Sulemana,15,563,2,0.8146577924489975,1,1.4608991350978613,8,5,3,0,M S,Atalanta,2,0.8146577924489975,3.874541074037552,2.0924826078116894,2025
9843,Caleb Ekuban,17,495,2,1.8722274042665958,1,1.113537572324276,15,8,0,0,F S,Genoa,2,1.8722274042665958,2.6053298469632864,0.5544014014303684,2025
9993,Jurgen Ekkelenkamp,18,1232,2,2.586558574810624,0,1.8171008508652449,19,18,0,0,M S,Udinese,2,2.586558574810624,6.494033768773079,2.4859177134931087,2025
10433,Cesare Casadei,20,1363,2,3.0226544700562954,0,1.2833828488364816,25,13,5,0,M S,Torino,2,3.0226544700562954,7.374463330954313,5.369711926206946,2025
10902,Federico Baschirotto,22,1980,2,0.9958568774163723,0,0,10,0,1,0,D,Cremonese,2,0.9958568774163723,1.3157840995118022,1.2587756654247642,2025
10908,Medon Berisha,13,893,2,1.3144496940076351,3,2.889189299196005,24,20,0,0,M S,Lecce,2,1.3144496940076351,3.1226632557809353,1.600425161421299,2025
10948,Valentín Castellanos,11,697,2,2.0615241527557373,3,2.2245636619627476,20,8,2,0,F S,Lazio,2,2.0615241527557373,3.8235652800649405,0.3274112157523632,2025
10994,Kristian Thorstvedt,17,1100,2,2.933446478098631,1,1.383693527430296,19,16,5,0,F M S,Sassuolo,2,2.933446478098631,6.866113871335983,3.54239515773952,2025
11054,Juan Cabal,9,173,2,1.079673127271235,0,0.6362920701503754,5,2,1,0,D S,Juventus,2,1.079673127271235,0.8596137491986156,0.5454712491482496,2025
11378,Máximo Perrone,20,1649,2,1.2261587418615818,3,1.4757428038865328,9,19,6,0,M S,Como,2,1.2261587418615818,8.287434250116348,6.213890520855784,2025
11380,Vitinha,21,1321,2,3.1665536193177104,1,1.4896403942257166,34,10,3,0,F M S,Genoa,2,3.1665536193177104,4.71631137561053,1.7076613754034042,2025
11800,Arthur Atta,17,1345,2,2.3958512153476477,3,2.555434877052903,33,24,2,0,M S,Udinese,2,2.3958512153476477,8.193071082234383,4.143345605581999,2025
11951,Gustav Isaksen,16,827,2,2.63334721326828,0,0.46256998367607594,25,10,0,0,F S,Lazio,2,2.63334721326828,3.4847892886027694,0.9204040644690394,2025
11964,Giovanni Fabbian,15,750,2,2.015319839119911,0,0.9495592042803764,16,4,0,0,M S,"Bologna,Fiorentina",2,2.015319839119911,4.184658735990524,1.8634294494986534,2025
11967,Davide Bartesaghi,17,1299,2,1.0857035983353853,0,2.5293776392936707,14,28,1,0,D M S,AC Milan,2,1.0857035983353853,5.852678552269936,4.591487992554903,2025
12378,Tijjani Noslin,15,382,2,1.842216589488089,0,0.20749495550990105,13,5,0,1,F S,Lazio,2,1.842216589488089,2.446663082577288,0.7244784515351057,2025
12436,Jacobo Ramón,19,1621,2,1.5314081571996212,0,0.7049090787768364,19,4,6,1,D S,Como,2,1.5314081571996212,5.59464643150568,5.258275009691715,2025
12776,Jeff Ekhator,18,460,2,2.276706960052252,0,0.12180202268064022,12,3,3,0,F S,Genoa,2,2.276706960052252,3.0362378656864166,1.1221944391727448,2025
12868,Mattia Felici,11,396,2,1.3366807326674461,1,0.7564891278743744,9,8,3,0,D M S,Cagliari,2,1.3366807326674461,2.2656255550682545,0.6046547405421734,2025
12881,Henrik Meister,18,1159,2,4.406247910112143,0,0.3064683973789215,16,2,1,0,F S,Pisa,2,4.406247910112143,5.966324593871832,1.274277288466692,2025
12997,Alieu Fadera,21,870,2,2.3619886562228203,1,0.87881900370121,13,7,3,0,F S,Sassuolo,2,2.3619886562228203,3.9998387191444635,1.7238811142742634,2025
13052,Francisco Conceição,16,1020,2,3.7441557459533215,0,0.8089627511799335,29,13,1,0,D F M S,Juventus,2,3.7441557459533215,6.848824772052467,3.4333356618881226,2025
13451,Konan N’Dri,15,263,2,0.3372941054403782,0,0.7715370021760464,11,4,2,0,S,Lecce,2,0.3372941054403782,1.1609555874019861,0.4218508042395115,2025
13879,Tarik Muharemovic,19,1710,2,1.7482492071576416,2,0.847775200381875,11,5,4,0,D,Sassuolo,2,1.7482492071576416,3.7692490885965526,3.646428605541587,2025
13962,Rafik Belghali,15,1110,2,1.937199586071074,0,1.1202354840934277,10,15,5,0,D M S,Verona,2,1.937199586071074,4.80875363573432,2.3618902284651995,2025
13969,Nikola Stulic,21,1290,2,2.9800449735485017,0,1.3784713773056865,23,15,1,0,F S,Lecce,2,2.9800449735485017,3.8134682988747954,0.7342075351625681,2025
317,Henrikh Mkhitaryan,16,909,1,3.1929121892899275,0,1.0678560435771942,28,10,2,0,M S,Inter,1,3.1929121892899275,11.210031110793352,8.618452545255423,2025
608,Alberto Moreno,8,599,1,0.9099066592752934,0,0.5360321570187807,6,8,1,0,D S,Como,1,0.9099066592752934,3.204780898988247,2.072476275265217,2025
687,Pedro,17,451,1,1.189200165681541,1,0.9355162838473916,13,10,2,0,F M S,Lazio,0,0.4279013453051448,1.194150010123849,0.6901736613363028,2025
688,Ruben Loftus-Cheek,20,865,1,3.075243108905852,1,1.0285563003271818,25,9,1,0,F M S,AC Milan,1,3.075243108905852,5.868134256452322,3.93686181306839,2025
697,Nemanja Matic,21,1872,1,0.25826369505375624,0,0.7554001081734896,9,18,4,0,M,Sassuolo,1,0.25826369505375624,7.7891482673585415,7.189658105373383,2025
1089,Juan Cuadrado,10,305,1,0.8509113816544414,0,0.7256090901792049,6,8,2,0,D M S,Pisa,0,0.08961257245391607,1.1805985197424889,0.43575461581349373,2025
1148,Duván Zapata,16,538,1,2.3475385904312134,1,0.5728794317692518,14,4,0,0,F S,Torino,1,1.5862397700548172,2.4183917939662933,0.3553697131574154,2025
1168,Bryan Cristante,21,1774,1,1.579543656669557,0,0.8521588519215584,27,16,5,0,M,Roma,1,1.579543656669557,7.337469734251499,6.088552435860038,2025
1409,Nicolò Barella,22,1644,1,2.4142632875591516,5,6.115744881331921,22,50,4,0,M S,Inter,1,2.4142632875591516,14.136893194168806,8.905566394329071,2025
1423,Matías Vecino,13,592,1,0.310302727855742,1,0.514578664675355,7,3,1,0,M S,Lazio,1,0.310302727855742,1.9277351731434464,1.2747041750699282,2025
1424,Federico Bernardeschi,14,393,1,1.149246010929346,0,1.5519881788641214,13,16,2,0,M S,Bologna,1,1.149246010929346,3.2234575990587473,1.1093827914446592,2025
1477,Luca Mazzitelli,12,498,1,0.5190973579883575,2,1.0692399702966213,11,5,3,0,M S,Cagliari,1,0.5190973579883575,2.485167220234871,1.8290463415905833,2025
1496,Roberto Gagliardini,17,1222,1,0.7122599435970187,0,0.271912045776844,9,6,5,0,M S,Verona,1,0.7122599435970187,1.519989026710391,1.1511794114485383,2025
1598,Manuel De Luca,2,10,1,0.835056483745575,0,0,2,0,0,0,S,Cremonese,0,0.07375766336917877,0.07375766336917877,0,2025
1639,Sebastiano Luperto,18,1619,1,0.5831555556505919,0,0.5269452035427094,6,3,3,0,D,Cagliari,1,0.5831555556505919,2.472203806042671,2.375465791672468,2025
1710,Marten de Roon,19,1532,1,0.6694518253207207,1,0.6411285363137722,11,14,4,1,D M S,Atalanta,1,0.6694518253207207,9.451390711590648,8.541927827522159,2025
1836,Franco Vázquez,15,485,1,1.4491588799282908,1,1.8917765356600285,12,9,1,0,F M S,Cremonese,1,1.4491588799282908,3.0313472282141447,1.5376330390572548,2025
2217,Antonio Sanabria,16,548,1,2.584712617099285,1,1.9838042967021465,8,6,2,0,F S,Cremonese,1,2.584712617099285,3.471865465864539,0.14204012788832188,2025
2250,Luka Modric,21,1762,1,0.405881242826581,3,2.939191874116659,11,36,3,0,M S,AC Milan,1,0.405881242826581,9.447916325181723,8.576568003743887,2025
4918,Patrick Cutrone,15,908,1,3.271421535871923,0,0.6590696647763252,25,3,0,0,F S,Parma Calcio 1913,1,3.271421535871923,3.99916382227093,0.8263060990720987,2025
4939,Alessandro Bastoni,19,1666,1,1.533494260162115,4,2.340151557698846,15,19,3,0,D,Inter,1,1.533494260162115,10.583711374551058,8.820218961685896,2025
5133,Aarón Martín,19,1544,1,0.3767999019473791,4,5.1615630351006985,6,51,2,0,D,Genoa,1,0.3767999019473791,5.334546264261007,3.167965281754732,2025
5329,Stefan Posch,14,362,1,0.8626185804605484,0,0.18844488263130188,8,2,1,0,D S,Como,1,0.8626185804605484,2.2556511405855417,1.9920636732131243,2025
6073,Guillermo Maripán,20,1718,1,1.6925035640597343,0,0.3041696399450302,14,7,1,0,D S,Torino,1,1.6925035640597343,4.047281254082918,3.6455254927277565,2025
6098,Niclas Füllkrug,6,170,1,0.9375440198928118,0,1.3346828743815422,5,5,0,0,F S,AC Milan,1,0.9375440198928118,2.2304983381181955,0.18786171078681946,2025
6125,Stanislav Lobotka,18,1354,1,0.23569800332188606,1,0.41780210845172405,4,11,1,0,M S,Napoli,1,0.23569800332188606,5.578839402645826,4.996502470225096,2025
6136,Mario Hermoso,16,1227,1,0.8192901406437159,0,0.42649990413337946,8,8,6,0,D S,Roma,1,0.8192901406437159,3.699716866016388,3.3524841964244843,2025
6211,Mehdi Leris,20,982,1,1.7595833037048578,3,1.8758609406650066,17,19,1,0,D M S,Pisa,1,1.7595833037048578,3.441516065970063,0.8894515447318554,2025
6360,Antoine Bernede,22,1724,1,0.7658993229269981,2,1.3073923885822296,16,17,1,0,M S,Verona,1,0.7658993229269981,4.862850906327367,3.154089981690049,2025
6414,Yann Bisseck,11,922,1,1.2761574536561966,0,0.08839251101016998,18,1,2,0,D S,Inter,1,1.2761574536561966,5.688491523265839,5.365961231291294,2025
6521,Yerry Mina,14,1125,1,0.668726896867156,0,0.04152767360210419,4,1,3,0,D,Cagliari,1,0.668726896867156,2.630410499870777,2.630410499870777,2025
6618,Oumar Solet,22,1876,1,1.2041180292144418,1,1.4178581573069096,21,13,0,0,D S,Udinese,1,1.2041180292144418,6.547741251066327,5.946501990780234,2025
6672,Riccardo Sottil,16,762,1,0.40796084329485893,1,2.305531531572342,13,18,1,0,F M S,Lecce,1,0.40796084329485893,1.264776237308979,0.17656402103602886,2025
6692,Enrico Del Prato,21,1765,1,1.996532402932644,0,0.1386076658964157,14,2,4,0,D S,Parma Calcio 1913,1,1.996532402932644,2.7993697337806225,1.9179426431655884,2025
6696,Luca Ranieri,19,1323,1,1.7601637849584222,0,1.0300525836646557,11,7,5,0,D S,Fiorentina,1,1.7601637849584222,3.9997265730053186,2.8235226534307003,2025
6706,Ndary Adopo,22,1733,1,1.0899375509470701,1,1.2748323874548078,16,17,2,0,M S,Cagliari,1,1.0899375509470701,4.940460704267025,3.040461154654622,2025
6872,Mehmet Zeki Çelik,19,1496,1,1.2948392741382122,1,1.1291918642818928,17,14,1,1,D M S,Roma,1,1.2948392741382122,6.800443068146706,4.960674896836281,2025
6902,Toma Basic,14,1057,1,0.9123846367001534,2,1.434783007018268,21,12,0,1,M,Lazio,1,0.9123846367001534,4.079584717750549,2.88709862716496,2025
6945,Youssouf Fofana,18,1286,1,2.624227996915579,2,1.9388384409248829,26,20,4,0,M S,AC Milan,1,2.624227996915579,7.122601544484496,3.1811917554587126,2025
6960,Bremer,12,950,1,0.2452463125810027,2,0.2773513998836279,6,5,0,0,D S,Juventus,1,0.2452463125810027,2.2320289090275764,2.0674152905121446,2025
6978,Giovanni Di Lorenzo,22,1980,1,1.6072253063321114,1,2.915825840085745,23,14,1,0,D,Napoli,1,1.6072253063321114,12.05843848735094,8.357619550079107,2025
7224,Boulaye Dia,14,879,1,2.6046135425567627,0,0.18194756656885147,9,5,0,0,F M S,Lazio,1,2.6046135425567627,2.738184303045273,0.7601215187460184,2025
7265,Kephren Thuram,21,1544,1,2.0380562134087086,2,1.3011027574539185,31,13,0,0,M S,Juventus,1,2.0380562134087086,7.450973313301802,5.253025261685252,2025
7286,Juan Miranda,18,1446,1,0.26306035928428173,0,2.347302980720997,8,33,5,0,D S,Bologna,1,0.26306035928428173,6.628670524805784,4.942519349977374,2025
7328,Maxence Caqueret,18,851,1,0.8951236475259066,4,1.7747580390423536,12,18,1,0,M S,Como,1,0.8951236475259066,5.345662532374263,3.608876345679164,2025
7500,Giacomo Raspadori,2,123,1,1.2741719484329224,0,0.05663643777370453,5,2,0,0,M S,Atalanta,1,1.2741719484329224,1.3052432537078857,0,2025
7530,Samuele Ricci,18,872,1,1.8771283831447363,2,1.3458358105272055,14,12,1,0,M S,AC Milan,1,1.8771283831447363,7.019593510776758,4.562589915469289,2025
7924,Amir Rrahmani,14,1205,1,0.6683423817157745,0,0.09628830477595329,8,2,1,0,D,Napoli,1,0.6683423817157745,7.070888180285692,6.893153537064791,2025
7988,Billy Gilmour,9,417,1,0.2866804227232933,0,0.44239605590701103,5,4,1,0,M S,Napoli,1,0.2866804227232933,2.1805242635309696,1.5039347037672997,2025
8090,Lloyd Kelly,19,1710,1,0.44121280405670404,0,0.1286949347704649,10,3,3,0,D,Juventus,1,0.44121280405670404,4.944250676780939,4.646854471415281,2025
8341,Lazar Samardzic,16,561,1,0.9192634709179401,1,1.334743618965149,11,14,1,0,M S,Atalanta,1,0.9192634709179401,3.55131877027452,1.6439350377768278,2025
8626,Nikola Moro,16,968,1,0.2854925785213709,0,0.5570950787514448,9,11,1,0,M S,Bologna,1,0.2854925785213709,2.541289657354355,2.326419936493039,2025
8819,Mergim Vojvoda,19,1068,1,1.0205032955855131,2,2.463349604047835,14,22,1,0,D F M S,Como,1,1.0205032955855131,5.875046160072088,3.59395881742239,2025
8838,Junior Messias,7,156,1,0.15571923553943634,0,0,4,0,0,0,S,Genoa,1,0.15571923553943634,0.6069797147065401,0.45126047916710377,2025
9036,Nicola Zalewski,18,967,1,1.969898708164692,2,2.5601788153871894,18,17,1,0,D M S,Atalanta,1,1.969898708164692,5.712132818996906,3.407910369336605,2025
9714,Odilon Kossounou,11,760,1,0.14090009219944477,0,0.08178534358739853,4,2,0,0,D S,Atalanta,1,0.14090009219944477,2.4445273745805025,2.2658214140683413,2025
9749,Donyell Malen,2,149,1,1.704208254814148,0,0.055989090353250504,11,1,0,0,F,Roma,1,1.704208254814148,1.551929235458374,0.18400675058364868,2025
9840,Denzel Dumfries,11,730,1,1.5407682973891497,0,1.2206291072070599,9,9,1,0,D S,Inter,1,1.5407682973891497,5.055606480687857,2.5882017016410828,2025
9841,Andrea Cambiaso,20,1562,1,1.2421835716813803,2,3.188516579568386,14,34,1,1,D M S,Juventus,1,1.2421835716813803,7.670219872146845,5.527802347205579,2025
9876,Alessandro Zanoli,19,1314,1,0.09998641163110733,2,1.5538526717573404,3,15,1,0,D M S,Udinese,1,0.09998641163110733,3.543575694784522,2.3799541387706995,2025
9882,Dennis Johnsen,10,389,1,0.736239617690444,1,0.6198056861758232,5,4,0,0,F M S,Cremonese,1,0.736239617690444,1.291289635002613,0.0665459930896759,2025
9951,Tommaso Baldanzi,10,381,1,1.3537424206733704,0,0.4124375581741333,11,5,2,0,F M S,Roma,1,1.3537424206733704,2.9507352262735367,1.4861775115132332,2025
9964,Koni de Winter,14,911,1,0.5870664129033685,0,0.24565096199512482,5,2,1,0,D S,AC Milan,1,0.5870664129033685,4.755190139636397,4.611392369493842,2025
9966,Fabio Miretti,10,309,1,0.8266656491905451,2,1.0033808052539825,10,7,1,0,M S,Juventus,1,0.8266656491905451,3.5606626346707344,1.9825303703546524,2025
10084,Cristian Volpato,12,624,1,0.722396632656455,4,2.12875484675169,10,11,2,0,F S,Sassuolo,1,0.722396632656455,3.459145415574312,0.9691991079598665,2025
10090,Iker Bravo,8,199,1,0.4611617363989353,0,0.22242626175284386,4,3,1,0,F S,Udinese,1,0.4611617363989353,0.7864157892763615,0.2029806226491928,2025
10365,Morten Frendrup,21,1755,1,0.24030321557074785,0,0.8783710468560457,6,6,3,0,M S,Genoa,1,0.24030321557074785,3.669044991955161,2.641116142272949,2025
10794,Thijs Dallinga,16,586,1,2.8129136711359024,2,0.5995772052556276,20,7,1,0,F S,Bologna,1,2.8129136711359024,4.261053837835789,0.9600176066160202,2025
10832,Loïs Openda,18,530,1,2.841307974420488,0,0.5982526540756226,19,8,0,0,F M S,Juventus,1,2.841307974420488,4.275579631328583,1.0731388861313462,2025
10891,Carlos Augusto,21,941,1,1.6097844615578651,1,0.7792171556502581,13,10,3,0,D S,Inter,1,1.6097844615578651,7.859675392508507,6.132282547652721,2025
10956,Emil Holm,11,665,1,0.8483012393116951,4,2.0479349102824926,8,7,1,1,D S,Bologna,1,0.8483012393116951,2.9988087248057127,2.0519032794982195,2025
10957,Mikael Ellertsson,21,1473,1,1.5365165043622255,1,2.2066807551309466,12,10,1,0,D M S,Genoa,1,1.5365165043622255,4.305512558668852,1.9926761705428362,2025
10993,Federico Gatti,11,786,1,0.7446927819401026,0,0.09599567204713821,10,1,3,0,D S,Juventus,1,0.7446927819401026,2.123079976066947,1.8800121825188398,2025
11038,Jhon Lucumí,15,1098,1,1.1633097678422928,0,0.12101192586123943,5,4,2,0,D S,Bologna,1,1.1633097678422928,2.80059827119112,2.74765607714653,2025
11039,Lewis Ferguson,15,924,1,0.5278246756643057,0,1.2702741995453835,9,10,3,0,M S,Bologna,1,0.5278246756643057,3.4957610834389925,2.9703870080411434,2025
11053,Isak Hien,20,1508,1,0.982715418562293,0,0.05975300073623657,7,1,3,0,D S,Atalanta,1,0.982715418562293,4.73540686070919,4.675653830170631,2025
11102,Adam Buksa,14,461,1,1.1787861436605453,0,0.7330382727086544,7,5,1,0,F S,Udinese,1,1.1787861436605453,1.9661812875419855,0.4256971478462219,2025
11306,Cyril Ngonge,20,987,1,2.7625477351248264,1,0.5623787045478821,24,12,2,0,F S,Torino,1,2.7625477351248264,4.732533551752567,1.5956357037648559,2025
11551,Marco Palestra,21,1797,1,1.0116444732993841,4,3.3730412805452943,15,20,1,0,D M S,Cagliari,1,1.0116444732993841,5.68708024546504,2.577559403143823,2025
11741,Saúl Coco,19,1710,1,0.9608995020389557,1,0.29710240475833416,10,6,2,0,D,Torino,1,0.9608995020389557,3.7034538500010967,3.4158201664686203,2025
11768,Cher Ndour,18,899,1,1.0410847328603268,0,0.08122630137950182,8,2,1,0,M S,Fiorentina,1,1.0410847328603268,3.2600338086485863,2.4853608645498753,2025
11877,Michael Folorunsho,16,1332,1,2.173242647200823,0,0.44753055553883314,19,10,3,0,D F M,Cagliari,1,2.173242647200823,3.5432094475254416,1.610446692444384,2025
11902,Pietro Comuzzo,16,1198,1,0.7141255121678114,0,0.04436711315065622,7,3,1,0,D S,Fiorentina,1,0.7141255121678114,4.666510192677379,4.5451122391968966,2025
11936,Lorenzo Lucca,16,381,1,1.9075428172945976,0,0.664022158831358,15,2,1,0,F S,Napoli,1,1.9075428172945976,3.8791440911591053,1.38358985632658,2025
11959,Matteo Prati,20,1285,1,1.2035439582541585,0,1.437376193702221,19,9,4,0,M S,Cagliari,1,1.2035439582541585,3.57836770452559,2.0913637951016426,2025
11961,Sam Beukema,12,845,1,1.1365539357066154,0,0.09626183472573757,4,2,2,0,D S,Napoli,1,1.1365539357066154,2.7939578145742416,2.7137109339237213,2025
11989,Walid Cheddira,17,208,1,0.9368265010416508,0,0.09279742278158665,11,3,1,0,F S,"Lecce,Sassuolo",1,0.9368265010416508,1.3932114336639643,0.38179999217391014,2025
12040,Thomas Thiesson Kristensen,12,1077,1,0.791783956810832,0,0.22436835803091526,5,3,1,0,D,Udinese,1,0.791783956810832,1.718201084062457,1.4463782832026482,2025
12084,Martín Payero,15,1081,1,1.1148881502449512,0,0.23480533622205257,17,6,6,0,M S,Cremonese,1,1.1148881502449512,1.9390114601701498,1.2388179767876863,2025
12218,Francesco Camarda,17,631,1,2.2072256710380316,0,0.5676710531115532,13,3,1,0,F S,Lecce,1,1.4459268357604742,1.4730745796114206,0.6394962444901466,2025
12365,Alieu Njie,6,76,1,0.6551843285560608,1,0.10338247567415237,2,1,1,0,F S,Torino,1,0.6551843285560608,1.2988169193267822,0.5402501225471497,2025
12783,Alessandro Circati,17,1437,1,0.449730196967721,0,0.1592641407623887,3,4,3,0,D,Parma Calcio 1913,1,0.449730196967721,2.37460913695395,1.8897758517414331,2025
12853,Jesper Karlström,22,1965,1,0.6106834374368191,0,0.7361672827973962,13,10,4,0,M,Udinese,1,0.6106834374368191,4.7762141870334744,3.813217251561582,2025
12854,Martin Frese,17,1349,1,1.2116973660886288,0,1.5314769335091114,14,18,5,0,D S,Verona,1,1.2116973660886288,3.1594650205224752,1.1858843863010406,2025
13072,Vasilije Adzic,9,139,1,0.22699675429612398,0,0.18228169530630112,6,4,0,0,M S,Juventus,1,0.22699675429612398,0.47831240855157375,0.37471017707139254,2025
13136,Brooke Norton-Cuffy,20,1746,1,1.35671341791749,1,1.5601218231022358,8,13,2,1,D M,Genoa,1,1.35671341791749,5.409643270075321,2.747050422243774,2025
13172,Adrian Benedyczak,14,476,1,1.9938557110726833,1,1.453725766390562,8,9,1,0,F S,Parma Calcio 1913,0,1.2325568906962872,2.225842133164406,0.817415039986372,2025
13396,Tiago Gabriel,22,1900,1,1.9913471285253763,0,0,14,0,2,0,D S,Lecce,1,1.9913471285253763,2.0432164883241057,1.9511519884690642,2025
13881,Noa Lang,18,645,1,1.3651904631406069,2,1.9749588575214148,9,14,2,0,F M S,Napoli,1,1.3651904631406069,4.173819866031408,2.7640192843973637,2025
13896,Zachary Athekame,13,182,1,0.06431482918560505,0,0,3,1,3,0,D S,AC Milan,1,0.06431482918560505,0.3558555021882057,0.3339052312076092,2025
13901,Francesco Folino,10,209,1,0.3466941714286804,0,0.016072319820523262,1,1,0,0,D S,Cremonese,1,0.3466941714286804,0.03411788307130337,0.03411788307130337,2025
13929,Riyad Idrissi,17,564,1,0.381257738918066,0,0.22979410272091627,4,5,2,0,D S,Cagliari,1,0.381257738918066,3.238426823168993,2.8560847332701087,2025
13933,Nicolas Kühn,18,559,1,0.9032431282103062,0,0.6866424437612295,8,9,0,0,M S,Como,1,0.9032431282103062,2.7259153593331575,1.3000314105302095,2025
13938,Idrissa Touré,20,1657,1,2.0143495108932257,0,2.894434368237853,22,17,1,1,D M S,Pisa,1,2.0143495108932257,5.649347800761461,2.7772332578897476,2025
13949,Oliver Sørensen,21,1307,1,2.032379439100623,0,0.1931546200066805,14,6,2,0,D M S,Parma Calcio 1913,1,2.032379439100623,3.7150970865041018,2.101178688928485,2025
13955,Jakub Piotrowski,20,1062,1,2.1259441785514355,1,0.6172555405646563,23,10,2,0,M S,Udinese,1,2.1259441785514355,4.472880436107516,2.2126019820570946,2025
13964,Petar Sucic,20,908,1,1.7061037607491016,2,2.1161887645721436,14,16,3,0,M S,Inter,1,1.7061037607491016,8.006570685654879,5.028491634875536,2025
13965,Edoardo Iannoni,11,187,1,0.7571988552808762,0,0,3,0,3,0,M S,Sassuolo,1,0.7571988552808762,0.793019549921155,0.035820694640278816,2025
14046,Lorran,8,86,1,0.7093146331608295,0,0.06233236938714981,3,1,0,0,S,Pisa,1,0.7093146331608295,0.9075726270675659,0.13592561706900597,2025
14264,Yael Trepy,1,5,1,0.06644424051046371,0,0.08782322704792023,1,1,0,0,S,Cagliari,1,0.06644424051046371,0.15426746010780334,0,2025
14351,Rafiu Durosinmi,2,72,1,0.04119718074798584,0,0,1,0,0,0,S,Pisa,1,0.04119718074798584,0.04119718074798584,0,2025
199,Yann Sommer,20,1800,0,0,0,0,0,0,0,0,GK,Inter,0,0,3.6471776738762856,3.6471776738762856,2025
342,Sead Kolasinac,6,319,0,0.0851498544216156,0,0,2,0,1,0,D S,Atalanta,0,0.0851498544216156,0.8627637438476086,0.8308660089969635,2025
546,David de Gea,22,1980,0,0,0,0,0,0,0,0,GK,Fiorentina,0,0,2.8939599972218275,2.8939599972218275,2025
557,Matteo Darmian,1,12,0,0,0,0,0,0,0,0,S,Inter,0,0,0,0,2025
594,Romelu Lukaku,1,9,0,0.11752057820558548,0,0,1,0,0,0,S,Napoli,0,0.11752057820558548,0.11752057820558548,0,2025
703,Fikayo Tomori,19,1587,0,0.49425799772143364,2,0.8847673526033759,7,3,4,0,D S,AC Milan,0,0.49425799772143364,5.402717178687453,4.178869953379035,2025
1040,Angelino,5,403,0,0.20628463849425316,0,0.21772227063775063,4,3,1,0,D M,Roma,0,0.20628463849425316,0.7021044939756393,0.5593013614416122,2025
1093,Mattia Perin,3,270,0,0,0,0,0,0,0,0,GK,Juventus,0,0,0.8797270432114601,0.8797270432114601,2025
1104,Leonardo Pavoletti,7,75,0,0.6330257058143616,1,0.3519548177719116,2,1,1,0,S,Cagliari,0,0.6330257058143616,0.976747453212738,0.04294845089316368,2025
1119,Alessio Romagnoli,20,1744,0,0.9788400158286095,0,0.07110843434929848,5,3,5,0,D,Lazio,0,0.9788400158286095,3.135071447119117,3.088063780218363,2025
1122,Manuel Locatelli,21,1685,0,0.7399095771834254,1,2.2011445332318544,23,26,4,0,M,Juventus,0,0.7399095771834254,10.784453086555004,9.228264579549432,2025
1158,Simone Scuffet,5,450,0,0,0,0,0,0,0,0,GK,Pisa,0,0,0.40632376074790955,0.40632376074790955,2025
1164,Cristiano Biraghi,11,457,0,0.0619102343916893,0,0.36423151567578316,2,7,0,0,D M S,Torino,0,0.0619102343916893,0.7062440980225801,0.45608710683882236,2025
1178,Davide Zappacosta,19,1437,0,1.5003015883266926,2,2.280917441472411,22,23,2,0,D M S,Atalanta,0,1.5003015883266926,7.300153061747551,4.733282055705786,2025
1193,Lorenzo De Silvestri,7,280,0,0,0,0.13537675328552723,0,4,2,0,D S,Bologna,0,0,0.2670498341321945,0.13167308270931244,2025
1195,Daniele Padelli,2,180,0,0,0,0,0,0,0,0,GK,Udinese,0,0,0,0,2025
1204,Patric,4,87,0,0,0,0,0,0,0,0,D S,Lazio,0,0,0.31422901898622513,0.31422901898622513,2025
1209,Ciro Immobile,6,185,0,0.06291157007217407,0,0.06338533759117126,2,1,1,0,F S,Bologna,0,0.06291157007217407,0.2141840010881424,0.12594814598560333,2025
1247,Juan Jesus,15,1071,0,0.20742123201489449,0,0.0866820476949215,3,2,6,0,D S,Napoli,0,0.20742123201489449,3.7933449279516935,3.7381630670279264,2025
1252,Stephan El Shaarawy,13,357,0,1.3363066464662552,2,1.204070582985878,13,8,2,0,F M S,Roma,0,1.3363066464662552,3.3234981931746006,1.8536158818751574,2025
1253,Edin Dzeko,11,220,0,0.2566082924604416,0,0.17477213218808174,4,2,1,0,F S,Fiorentina,0,0.2566082924604416,0.5696598142385483,0.41456295922398567,2025
1264,Edoardo Goldaniga,1,1,0,0,0,0,0,0,0,0,S,Como,0,0,0,0,2025
1281,Giuseppe Pezzella,16,1322,0,0.08439666591584682,1,0.5259479880332947,3,10,6,0,D M S,Cremonese,0,0.08439666591584682,2.7401413936167955,2.2707871552556753,2025
1301,Daniele Rugani,6,250,0,0,0,0,0,0,0,0,D S,Juventus,0,0,0.5367327276617289,0.5367327276617289,2025
1302,Emil Audero,18,1620,0,0,0,0,0,0,0,0,GK,Cremonese,0,0,0.2851558094844222,0.2851558094844222,2025
1305,Lukasz Skorupski,11,874,0,0,0,0,0,0,1,1,GK,Bologna,0,0,0.8363060504198074,0.8363060504198074,2025
1370,Federico Ceccherini,6,287,0,0.10434071719646454,0,0.05052212253212929,4,1,0,1,D S,Cremonese,0,0.10434071719646454,0.24581411480903625,0.1741250492632389,2025
1375,Elseid Hysaj,4,159,0,0,0,0,0,0,0,0,D S,Lazio,0,0,0.013072773814201355,0.013072773814201355,2025
1441,Adam Masina,5,224,0,0,1,0.4117826772853732,0,2,0,0,D S,Torino,0,0,0.4252637103199959,0.41286323964595795,2025
1461,Pol Lirola,2,158,0,0,0,0,0,0,1,0,D,Verona,0,0,0,0,2025
1463,Francesco Acerbi,13,977,0,0.370837839320302,1,0.5621883980929852,3,2,1,0,D S,Inter,0,0.370837839320302,3.4875991009175777,3.4754573814570904,2025
1473,Matteo Politano,21,1337,0,1.762421140447259,3,3.105493728071451,34,24,1,0,D F M S,Napoli,0,1.762421140447259,8.29507427662611,5.452623883262277,2025
1488,Remo Freuler,15,1086,0,0.07248390093445778,1,0.4339248351752758,3,9,3,0,M S,Bologna,0,0.07248390093445778,3.9255244797095656,3.7593908505514264,2025
1504,Alberto Grassi,16,875,0,0.26215875055640936,0,0.05917825549840927,4,1,3,0,M S,Cremonese,0,0.26215875055640936,1.924817488528788,1.603480470366776,2025
1541,Stefan de Vrij,5,272,0,0.27633749693632126,0,0.018896806985139847,3,1,0,0,D S,Inter,0,0.27633749693632126,3.411827266216278,3.33645898103714,2025
1544,Federico Ravaglia,12,1018,0,0,0,0,0,0,2,0,GK S,Bologna,0,0,0.7229460347443819,0.7229460347443819,2025
1588,Raúl Albiol,6,365,0,0.06764602661132812,0,0.12079891562461853,1,1,1,0,D S,Pisa,0,0.06764602661132812,0.9724318794906139,0.8516329564154148,2025
1634,Alessandro Deiola,12,965,0,0.27290589828044176,2,0.3968440005555749,6,5,3,0,D M S,Cagliari,0,0.27290589828044176,2.52061996050179,2.0944106597453356,2025
1804,Álvaro Morata,13,656,0,3.882519030943513,1,0.6237363070249557,15,7,1,0,F S,Como,0,3.121220225468278,2.826993975788355,0.5833898056298494,2025
1843,Matteo Bianchetti,19,1587,0,0.34063241444528103,2,0.48038897290825844,6,3,2,0,D S,Cremonese,0,0.34063241444528103,2.851167165674269,2.556039416231215,2025
1873,Nicola Leali,20,1712,0,0,0,0.1997857615351677,0,2,2,1,GK,Genoa,0,0,0.9390453640371561,0.7392595950514078,2025
1892,Alex Meret,5,450,0,0,0,0,0,0,0,0,GK,Napoli,0,0,0.31373319029808044,0.31373319029808044,2025
1898,Stefano Sabelli,7,351,0,0.1789320856332779,0,0.10471414774656296,2,2,0,0,D S,Genoa,0,0.1789320856332779,0.5620554247871041,0.35974504891783,2025
1922,Daniele Sommariva,2,176,0,0,0,0,0,0,0,0,GK S,Genoa,0,0,0.038354236632585526,0.038354236632585526,2025
1927,Berat Gjimshiti,19,1462,0,0.7117815976962447,0,0.3097732849419117,8,4,1,0,D S,Atalanta,0,0.7117815976962447,5.549948304891586,5.011582598090172,2025
2012,Nicholas Pierini,11,116,0,0.32863440550863743,0,0.11561272479593754,5,4,1,0,S,Sassuolo,0,0.32863440550863743,0.18292086850851774,0,2025
2058,Filippo Romagna,3,203,0,0.01578950323164463,0,0,1,0,0,0,D,Sassuolo,0,0.01578950323164463,0.04856229340657592,0.04856229340657592,2025
2104,Sergi Roberto,9,233,0,0.5034664049744606,0,0.07492624968290329,4,4,2,0,M S,Como,0,0.5034664049744606,1.7580711534246802,1.244439160451293,2025
3209,Jean-Daniel Akpa-Akpro,9,509,0,0.19477534666657448,0,0.11530164070427418,4,4,4,0,M S,Verona,0,0.19477534666657448,0.5108777545392513,0.36980937141925097,2025
3278,Maxwel Cornet,5,94,0,1.3708312213420868,0,0.23338257893919945,3,5,0,0,M S,Genoa,0,0.6095323860645294,0.6753056459128857,0.014457253739237785,2025
3363,Benjamin Pavard,1,90,0,0.04614909365773201,0,0.02675178088247776,1,1,0,0,D,Inter,0,0.04614909365773201,0.6803727149963379,0.6803727149963379,2025
3729,Hassane Kamara,15,1064,0,0.43995828554034233,1,1.2107345629483461,12,13,3,0,D S,Udinese,0,0.43995828554034233,3.1449531577527523,2.405097858980298,2025
3737,Mike Maignan,21,1856,0,0,0,0,0,0,3,0,GK,AC Milan,0,0,2.250365624204278,2.250365624204278,2025
3856,Milan Djuric,12,43,0,0.10801726207137108,0,0.09403883665800095,4,1,0,0,S,Parma Calcio 1913,0,0.10801726207137108,0.16739707812666893,0,2025
3965,Arturo Calabresi,16,874,0,0.14679059013724327,0,0.03979809209704399,3,3,5,0,D S,Pisa,0,0.14679059013724327,1.5323981922119856,1.4870910933241248,2025
4911,Alessio Zerbin,17,898,0,1.400433937087655,2,1.9405826982110739,12,8,1,0,D M S,Cremonese,0,1.400433937087655,3.814533207565546,1.3079733736813068,2025
4920,Matteo Gabbia,21,1769,0,1.3878383859992027,0,0.05194440949708223,17,2,3,0,D S,AC Milan,0,1.3878383859992027,5.790884206071496,5.499254176393151,2025
4951,Grigoris Kastanos,6,31,0,0.028007475659251213,0,0.0396810844540596,1,1,0,0,S,Verona,0,0.028007475659251213,0.028007475659251213,0,2025
4970,Luca Pellegrini,18,1005,0,0.5136015443131328,0,0.42571490071713924,5,8,4,0,D S,Lazio,0,0.5136015443131328,3.161091860383749,2.675074204802513,2025
4981,Davide Frattesi,11,230,0,0.928541760891676,0,0.5798975229263306,7,4,0,0,M S,Inter,0,0.928541760891676,2.1571372970938683,0.689145140349865,2025
4984,Wladimiro Falcone,22,1980,0,0,0,0.03652598336338997,0,1,2,0,GK,Lecce,0,0,0.35144141130149364,0.3149154279381037,2025
4990,Marius Marin,17,991,0,0.04442004859447479,0,0.008001819252967834,1,1,4,0,M S,Pisa,0,0.04442004859447479,2.584191834554076,2.5317699667066336,2025
5025,Alessandro Buongiorno,18,1234,0,1.1353952325880527,1,0.2635176181793213,4,1,1,0,D S,Napoli,0,1.1353952325880527,3.0870004445314407,3.0870004445314407,2025
5136,Estupiñán,11,686,0,0.19961980637162924,1,1.2073592692613602,6,9,2,1,D S,AC Milan,0,0.19961980637162924,6.40913931466639,6.179913202300668,2025
5221,Leon Bailey,7,184,0,0.1348361037671566,0,0.0624751690775156,3,2,0,0,F S,Roma,0,0.1348361037671566,0.5365037806332111,0.46385668963193893,2025
5509,Hernani,4,58,0,0.03572908416390419,0,0.026605982333421707,1,1,0,0,S,Parma Calcio 1913,0,0.03572908416390419,0.07799762487411499,0.05139164254069328,2025
5610,Jean Butez,22,1980,0,0,0,0.1013142541050911,0,1,1,0,GK,Como,0,0,3.844443703070283,3.743129448965192,2025
5712,Diego Carlos,15,1244,0,0.7534087914973497,0,0.04785202816128731,2,2,5,0,D S,Como,0,0.7534087914973497,2.6560075990855694,2.59750946611166,2025
5996,Adrien Tameze,21,1099,0,0.22257451061159372,0,0.2651061238721013,5,8,2,0,D M S,Torino,0,0.22257451061159372,3.4980396619066596,3.1599573185667396,2025
6132,Marco Silvestri,4,360,0,0,0,0,0,0,0,0,GK,Cremonese,0,0,0.03316120430827141,0.03316120430827141,2025
6133,Antonio Caracciolo,20,1727,0,0.49663769733160734,0,0,12,0,5,0,D S,Pisa,0,0.49663769733160734,1.8581444518640637,1.8026535445824265,2025
6149,Unai Núñez,17,1263,0,0.29863099195063114,0,0.15265948697924614,7,5,6,0,D S,Verona,0,0.29863099195063114,2.789568616077304,2.5562163945287466,2025
6159,Gianluca Mancini,21,1874,0,0.5836839005351067,1,1.4501770958304405,10,11,6,0,D,Roma,0,0.5836839005351067,7.481205698102713,6.6696284003555775,2025
6167,Vanja Milinkovic-Savic,17,1530,0,0,0,0.19637877494096756,0,2,0,0,GK,Napoli,0,0,3.0183321610093117,2.821953386068344,2025
6176,Adam Marusic,20,1675,0,0.41804591938853264,1,0.7416411973536015,9,5,1,1,D S,Lazio,0,0.41804591938853264,4.048165496438742,3.324301168322563,2025
6180,Manuel Lazzari,16,596,0,0.012183730490505695,0,0.12791617680341005,1,2,2,0,D S,Lazio,0,0.012183730490505695,0.777458337135613,0.6495421649888158,2025
6296,Abdelhamid Sabiri,1,24,0,0.012924617156386375,0,0.14482718706130981,1,3,0,0,S,Fiorentina,0,0.012924617156386375,0.08918754011392593,0.07626292109489441,2025
6352,Valentino Lazaro,21,1607,0,0.2046874798834324,2,1.7252275738865137,3,19,2,0,D M S,Torino,0,0.2046874798834324,3.93118785135448,2.864599585533142,2025
6368,Mathías Olivera,12,593,0,1.045928806066513,0,0.06443928182125092,3,2,2,0,D S,Napoli,0,1.045928806066513,2.521073617041111,1.4866049010306597,2025
6412,Raoul Bellanova,12,920,0,0.4174818228930235,1,1.1868038661777973,10,16,0,0,D M S,Atalanta,0,0.4174818228930235,3.5590249970555305,2.6946144104003906,2025
6490,Manuel Akanji,20,1716,0,0.9094935692846775,0,0.15619863756000996,13,3,3,0,D S,Inter,0,0.9094935692846775,8.719154182821512,8.562078956514597,2025
6517,Charalampos Lykogiannis,7,534,0,0.158822949975729,1,1.4780873022973537,6,12,3,0,D S,Bologna,0,0.158822949975729,1.0686203427612782,0.4782025031745434,2025
6929,Adrian Semper,17,1530,0,0,0,0,0,0,0,0,GK,Pisa,0,0,0.5546716907992959,0.5546716907992959,2025
6977,Pietro Terracciano,2,124,0,0,0,0,0,0,0,0,GK S,AC Milan,0,0,0.3073457181453705,0.3073457181453705,2025
6982,Ivan Provedel,22,1980,0,0,0,0.2273319959640503,0,1,0,0,GK,Lazio,0,0,2.1970915542915463,1.969759558327496,2025
7027,Arijanet Muric,21,1890,0,0,0,0,0,0,4,0,GK,Sassuolo,0,0,2.2558161597698927,2.2558161597698927,2025
7049,Evan Ndicka,17,1480,0,1.0411696918308735,0,0.43148251809179783,10,4,3,0,D,Roma,0,1.0411696918308735,4.641983788460493,4.402557235211134,2025
7074,Nicolás González,2,14,0,0.08179152198135853,0,0.037921447306871414,2,1,0,0,S,Juventus,0,0.08179152198135853,0.06024017930030823,0,2025
7087,Elia Caprile,22,1980,0,0,0,0.12291324138641357,0,1,2,0,GK,Cagliari,0,0,1.210209846496582,1.0872966051101685,2025
7091,Christian Kouamé,2,16,0,0,0,0,0,0,0,0,S,Fiorentina,0,0,0.13507835566997528,0.13507835566997528,2025
7208,Samuel Chukwueze,1,23,0,0,0,0,0,0,0,0,S,AC Milan,0,0,0.021089907735586166,0.021089907735586166,2025
7379,Nicolo Fagioli,19,1380,0,0.6399975009262562,3,3.8695464059710503,17,40,4,0,M S,Fiorentina,0,0.6399975009262562,9.07389447465539,6.715179346501827,2025
7411,Nicolo Rovella,6,257,0,0.01711762323975563,1,1.3980939546599984,1,10,1,0,M S,Lazio,0,0.01711762323975563,1.2328449068590999,1.048885720781982,2025
7483,Hans Nicolussi Caviglia,11,580,0,0.12238978035748005,1,0.9225545525550842,4,10,4,0,M S,Fiorentina,0,0.12238978035748005,1.2215265594422817,0.9616183154284954,2025
7627,Andrea Ghion,1,7,0,0,0,0,0,0,0,0,S,Sassuolo,0,0,0.11928858608007431,0.11928858608007431,2025
7755,Domagoj Bradaric,18,1413,0,0.4568387623876333,0,1.9854597328230739,8,16,2,0,D M S,Verona,0,0.4568387623876333,4.3598384177312255,2.24299078900367,2025
7758,Cheikh Niasse,15,719,0,0.14536913484334946,1,0.38386309891939163,4,7,1,0,D M S,Verona,0,0.14536913484334946,2.463669450953603,1.9737261421978474,2025
7785,Kingsley Ehizibue,18,600,0,0.32239410281181335,0,0.11618844792246819,1,2,2,0,D S,Udinese,0,0.32239410281181335,0.7627413216978312,0.3241587858647108,2025
7912,Eljif Elmas,19,980,0,2.126819420605898,1,0.9765510493889451,14,12,1,0,F M S,Napoli,0,2.126819420605898,4.721680942922831,2.3489887472242117,2025
8009,Antonino Gallo,22,1771,0,0.7086901180446148,1,0.5918384743854403,3,18,2,0,D S,Lecce,0,0.7086901180446148,2.553787644021213,1.5842737145721912,2025
8030,Sebastian Walukiewicz,21,1793,0,0.14823710545897484,1,1.5587371168658137,6,17,4,0,D,Sassuolo,0,0.14823710545897484,4.977779559325427,3.7827855995856225,2025
8101,Stefano Turati,1,90,0,0,0,0,0,0,0,0,GK,Sassuolo,0,0,0.007192031946033239,0.007192031946033239,2025
8109,Niels Nkounkou,7,295,0,0.1008736714720726,1,0.6745163174346089,3,6,2,0,D S,Torino,0,0.1008736714720726,0.9245801521465182,0.18736152164638042,2025
8163,Daniel Maldini,9,252,0,0.662265457212925,0,0.6221317006275058,8,4,1,0,M S,Atalanta,0,0.662265457212925,1.3335190452635288,0.8304877672344446,2025
8226,Tariq Lamptey,2,22,0,0,0,0.12452792376279831,0,2,0,0,M S,Fiorentina,0,0,0.12452792376279831,0,2025
8241,Balthazar Pierret,3,20,0,0,0,0,0,0,0,0,S,Lecce,0,0,0,0,2025
8290,Edoardo Corvi,10,900,0,0,0,0,0,0,1,0,GK,Parma Calcio 1913,0,0,0.3147624172270298,0.3147624172270298,2025
8303,Marin Pongracic,20,1800,0,0.5527981910854578,0,0.6049607004970312,7,5,8,0,D,Fiorentina,0,0.5527981910854578,4.5773846488446,4.238776981830597,2025
8313,Pierre Kalulu Kyatengwa,22,1980,0,0.46897851675748825,2,1.95417963527143,7,19,1,0,D,Juventus,0,0.46897851675748825,7.420065162703395,6.601732542738318,2025
8321,Razvan Sava,7,620,0,0,0,0,0,0,1,0,GK S,Udinese,0,0,0.17731027491390705,0.17731027491390705,2025
8326,Maduka Okoye,14,1176,0,0,0,0,0,0,0,1,GK,Udinese,0,0,0.8114187642931938,0.8114187642931938,2025
8330,Jean Onana,1,11,0,0,0,0.01388530433177948,0,1,0,0,S,Genoa,0,0,0.01388530433177948,0,2025
8380,Pablo Marí,11,810,0,0.04825178999453783,0,0.11278592422604561,2,2,3,0,D S,Fiorentina,0,0.04825178999453783,1.7687735836952925,1.667766323313117,2025
8383,Faustino Anjorin,9,167,0,0.06835472583770752,0,0.036658875644207,1,1,1,0,M S,Torino,0,0.06835472583770752,0.891654834151268,0.7866412401199341,2025
8513,Miguel Gutiérrez,12,483,0,0.13097369857132435,0,0.260048346593976,4,7,0,0,D S,Napoli,0,0.13097369857132435,2.713127236813307,2.4108072854578495,2025
8554,Rafael Obrador,1,21,0,0,0,0,0,0,0,0,S,Torino,0,0,0.03531021252274513,0.03531021252274513,2025
8632,Enzo Ebosse,4,217,0,0.05857173725962639,0,0,1,0,1,0,D S,Verona,0,0.05857173725962639,0.2896259166300297,0.2896259166300297,2025
8720,Jack Harrison,1,30,0,0,0,0,0,0,0,0,S,Fiorentina,0,0,1.2700557708740234,1.2700557708740234,2025
8728,Oier Zarraga,10,192,0,0.4691421538591385,0,0.017796844244003296,2,1,1,0,M S,Udinese,0,0.4691421538591385,0.5463993391022086,0.05946034099906683,2025
8771,Yunus Musah,13,412,0,0.24305855482816696,0,0.7158418446779251,3,3,1,0,D M S,"AC Milan,Atalanta",0,0.24305855482816696,2.647304993122816,1.6884046234190464,2025
8828,Ivan Ilic,7,393,0,0,0,0.7176270708441734,0,8,2,0,M S,Torino,0,0,1.2886295728385448,0.6005804687738419,2025
8829,Nicolò Casale,9,422,0,0.09966791421175003,0,0.11859305575489998,2,3,0,0,D S,Bologna,0,0.09966791421175003,1.1211224859580398,1.1211224859580398,2025
8852,Konstantinos Tsimikas,11,368,0,0.5030918344855309,0,0.037439119070768356,5,1,1,0,D M S,Roma,0,0.5030918344855309,1.5481574069708586,1.0830240584909916,2025
8857,Gabriele Zappa,19,1249,0,0.27199091389775276,2,1.2024234980344772,6,7,2,0,D S,Cagliari,0,0.27199091389775276,4.516843769699335,3.189412873238325,2025
8871,Marco Carnesecchi,22,1980,0,0,0,0,0,0,0,0,GK,Atalanta,0,0,4.45734809525311,4.45734809525311,2025
8881,Lorenzo Montipò,20,1800,0,0,0,0.13743172213435173,0,2,0,0,GK,Verona,0,0,0.9376568328589201,0.8002251032739878,2025
8895,Tete Morente,16,859,0,0.9692354239523411,0,0.8144437298178673,14,10,2,0,F M S,Lecce,0,0.9692354239523411,2.2564369663596153,0.9947964325547218,2025
8967,Lautaro Valenti,17,1488,0,0.2532429061830044,0,1.144219959154725,10,9,3,0,D S,Parma Calcio 1913,0,0.2532429061830044,3.993628326803446,3.1668816171586514,2025
8980,Luis Henrique,17,952,0,0.6661819666624069,1,1.7631387077271938,8,16,1,0,D S,Inter,0,0.6661819666624069,5.787516333162785,3.7324306964874268,2025
9029,Simon Sohm,17,730,0,0.1839409228414297,1,1.7435786053538322,5,9,2,0,M S,"Bologna,Fiorentina",0,0.1839409228414297,2.9133312460035086,2.1069468148052692,2025
9030,Filippo Rinaldi,1,90,0,0,0,0,0,0,1,0,GK,Parma Calcio 1913,0,0,0,0,2025
9044,Alberto Paleari,13,1170,0,0,0,0,0,0,1,0,GK,Torino,0,0,0.5954083390533924,0.5954083390533924,2025
9052,Josep Martínez,2,180,0,0,0,0,0,0,0,0,GK,Inter,0,0,0.510436162352562,0.510436162352562,2025
9061,Pontus Almqvist,9,395,0,0.2460934966802597,0,1.3483628779649734,3,8,0,0,D M S,Parma Calcio 1913,0,0.2460934966802597,1.815683413296938,0.3749827705323696,2025
9065,Nahuel Estévez,20,830,0,0.6200825851410627,0,0.8289982806891203,8,7,2,0,M S,Parma Calcio 1913,0,0.6200825851410627,1.9482139740139246,1.0901249069720507,2025
9090,Ardian Ismajli,16,1146,0,0.702794412150979,1,0.5390323810279369,5,4,3,0,D S,Torino,0,0.702794412150979,1.6814769636839628,1.1291527766734362,2025
9134,Alessandro Di Pardo,3,50,0,0.10006377100944519,0,0,1,0,0,0,S,Cagliari,0,0.10006377100944519,0.10006377100944519,0,2025
9179,Franco Israel,9,810,0,0,0,0,0,0,1,0,GK,Torino,0,0,1.5392499398440123,1.5392499398440123,2025
9447,Niakhate Ndiaye,7,501,0,0.21532265469431877,0,0.022556563839316368,4,1,2,1,D S,Parma Calcio 1913,0,0.21532265469431877,1.0465838089585304,1.0073224045336246,2025
9523,Andy Diouf,8,122,0,0.1498141959309578,0,0.6766604259610176,3,2,0,0,D S,Inter,0,0.1498141959309578,1.429349385201931,0.6536009460687637,2025
9561,Nicolò Bertola,18,1230,0,0.9483921770006418,1,1.025912756100297,11,8,2,0,D S,Udinese,0,0.9483921770006418,3.665341282263398,2.56098151486367,2025
9691,Nuno Tavares,9,525,0,0.2335185669362545,0,0.1998845636844635,7,7,1,0,D S,Lazio,0,0.2335185669362545,1.3991742730140686,1.1328638698905706,2025
9710,Armel Bella Kotchap,14,1027,0,0.07622531428933144,0,0.04669840261340141,3,1,3,0,D S,Verona,0,0.07622531428933144,2.1080299615859985,2.0697917342185974,2025
9853,Simone Canestrelli,22,1980,0,0.8453883342444897,0,0.2671318715438247,10,7,2,0,D,Pisa,0,0.8453883342444897,2.087463680654764,1.8139264546334743,2025
9854,Kristjan Asllani,15,1145,0,1.1615827651694417,0,1.1300613693892956,20,16,3,0,M S,Torino,0,0.4002839298918843,2.6788381403312087,2.2846737299114466,2025
9855,Mattia Viti,10,231,0,0,0,0,0,0,1,1,D S,Fiorentina,0,0,0.3585231527686119,0.3585231527686119,2025
9866,Nadir Zortea,17,1098,0,0.363781850785017,1,1.835138263180852,9,18,1,0,D S,Bologna,0,0.363781850785017,4.042026501148939,2.4592711832374334,2025
9893,Youssef Maleh,9,461,0,0.8333353251218796,0,0.1823315992951393,7,3,2,0,M S,Lecce,0,0.8333353251218796,0.9708875641226768,0.6334804221987724,2025
9895,Nicolò Cavuoti,4,34,0,0,0,0,0,0,0,0,S,Cagliari,0,0,0,0,2025
9902,Pasquale Mazzocchi,6,126,0,0.04652746394276619,0,0.4580715596675873,2,1,0,1,D S,Napoli,0,0.04652746394276619,0.76792923361063,0.736284613609314,2025
9905,David Okereke,2,82,0,0,0,0,0,0,0,0,F S,Cremonese,0,0,0.02132951281964779,0.02132951281964779,2025
9919,Calvin Stengs,2,9,0,0.05077164247632027,0,0,2,0,0,0,S,Pisa,0,0.05077164247632027,0.05077164247632027,0.024267427623271942,2025
9924,Fabiano Parisi,13,861,0,0.7471162239089608,1,1.68458039034158,11,13,4,0,D F M S,Fiorentina,0,0.7471162239089608,5.369173441082239,3.6013621613383293,2025
9935,Aster Vranckx,13,599,0,0.08857502229511738,0,0.09521562606096268,3,2,2,0,M S,Sassuolo,0,0.08857502229511738,0.6944874357432127,0.5529849007725716,2025
9969,Teun Koopmeiners,20,1237,0,0.9937708955258131,0,0.5225721336901188,18,13,5,0,D M S,Juventus,0,0.9937708955258131,4.844485126435757,4.271070688962936,2025
9985,Johan Vásquez,22,1964,0,1.0122780706733465,0,0.2616660837084055,18,4,1,0,D,Genoa,0,1.0122780706733465,4.783208537846804,4.61094627995044,2025
9996,Abdou Harroui,11,200,0,0.18906509317457676,0,0.3526852987706661,4,5,0,0,M S,Verona,0,0.18906509317457676,0.5658218376338482,0.10422857664525509,2025
10036,Jeremy Sarmiento,7,127,0,0.05533710680902004,0,0.1608402132987976,2,3,0,0,S,Cremonese,0,0.05533710680902004,0.5485026314854622,0.3956798752769828,2025
10073,Adam Obert,20,1495,0,0.5146402567625046,1,1.745078343898058,3,8,7,0,D S,Cagliari,0,0.5146402567625046,4.632099507376552,4.273107320070267,2025
10075,Romano Floriani,18,748,0,0.1092646662145853,0,1.1304363161325455,3,6,2,0,D M S,Cremonese,0,0.1092646662145853,1.1166807152330875,0.6041281251236796,2025
10172,Jonathan Rowe,13,711,0,2.3744777739048004,1,1.0543628931045532,22,8,2,0,M S,Bologna,0,2.3744777739048004,4.093489171937108,0.7847807835787535,2025
10241,Antonio Vergara,5,158,0,0.050195710733532906,0,0.22036632150411606,2,3,1,0,M S,Napoli,0,0.050195710733532906,0.3923504874110222,0.1600291971117258,2025
10303,Jacopo Fazzini,10,386,0,0.23763975873589516,0,0.6198933403939009,7,6,0,0,M S,Fiorentina,0,0.23763975873589516,1.1740842014551163,0.3903855513781309,2025
10328,Edon Zhegrova,10,202,0,0.3723315540701151,0,0.8369294423609972,10,5,0,0,S,Juventus,0,0.3723315540701151,1.4361742325127125,0.9355503655970097,2025
10345,Samuele Angori,19,1264,0,0.318722739815712,1,2.2589527433738112,4,20,1,0,D M S,Pisa,0,0.318722739815712,5.271302941255271,4.189483158290386,2025
10380,Zito,12,304,0,1.1511644944548607,0,0.3884659241884947,12,3,0,0,F M S,Cagliari,0,1.1511644944548607,1.9259464591741562,0.4089712295681238,2025
10383,Michel Aebischer,21,1758,0,0.4930450767278671,1,1.5586494635790586,9,18,4,0,M S,Pisa,0,0.4930450767278671,6.653414890170097,5.494897065684199,2025
10389,Fali Candé,12,509,0,0.17011683620512486,0,0.011471363715827465,3,1,2,0,D S,Sassuolo,0,0.17011683620512486,0.5957811279222369,0.41419292613863945,2025
10404,Éderson,18,1338,0,2.5251852916553617,0,0.9291122741997242,21,13,1,0,M S,Atalanta,0,2.5251852916553617,8.461434453725815,7.09801384806633,2025
10413,Giovanni Bonfanti,9,501,0,0.28637711610645056,0,0.11172466725111008,6,3,1,0,D S,Pisa,0,0.28637711610645056,0.41594182699918747,0.1316771451383829,2025
10532,Giuseppe Ambrosino,3,31,0,0,0,0,0,0,0,0,S,Napoli,0,0,0.05247235856950283,0.05247235856950283,2025
10561,Jesús Santiago,2,2,0,0.010065632872283459,0,0.0408281609416008,1,1,0,0,S,Verona,0,0.010065632872283459,0.05089379381388426,0,2025
10577,Mario Gila,21,1820,0,1.1164315035566688,0,0.15216992050409317,11,3,3,1,D,Lazio,0,1.1164315035566688,3.7564409859478474,3.7415384091436863,2025
10716,Manor Solomon,5,137,0,0.06813830696046352,0,1.1837602481245995,2,8,0,0,F S,Fiorentina,0,0.06813830696046352,2.1386471018195152,1.6218906119465828,2025
10740,Jordan Zemura,10,575,0,0.33131467178463936,1,1.0148491766303778,5,6,1,0,D S,Udinese,0,0.33131467178463936,1.6066884770989418,1.2856951020658016,2025
10796,Zakaria Aboukhlal,13,433,0,0.3758951313793659,0,0.5128291454166174,6,2,3,0,D M S,Torino,0,0.3758951313793659,1.2204054072499275,0.33168111369013786,2025
10878,Sandi Lovric,6,139,0,0.13209555204957724,1,1.1677434295415878,3,6,1,0,M S,Udinese,0,0.13209555204957724,0.38732759561389685,0.255232036113739,2025
10890,Michele Di Gregorio,19,1710,0,0,0,0,0,0,1,0,GK,Juventus,0,0,2.0712370295077562,2.0712370295077562,2025
10898,Warren Bondo,20,1414,0,0.13682476989924908,0,0.161786250770092,5,3,4,0,M S,Cremonese,0,0.13682476989924908,2.5026854537427425,2.2040744237601757,2025
10899,Emirhan Ilkhan,8,384,0,0.3365245321765542,0,0.22819253336638212,3,5,1,0,M S,Torino,0,0.3365245321765542,1.0114587880671024,0.8493798524141312,2025
10906,Thórir Helgason,6,106,0,0.19662604108452797,0,0.1026582196354866,2,3,0,0,M S,Lecce,0,0.19662604108452797,0.25662870332598686,0.05115053988993168,2025
10935,Dodô,22,1909,0,0.9534866129979491,2,2.8996771033853292,17,33,3,0,D M,Fiorentina,0,0.9534866129979491,7.9323613084852695,5.864352418109775,2025
10955,Alex Sala,6,129,0,0.37685886584222317,1,0.12943614460527897,4,3,0,0,M S,Lecce,0,0.37685886584222317,0.3662972170859575,0.089646490290761,2025
10967,Mile Svilar,22,1980,0,0,0,0,0,0,0,0,GK,Roma,0,0,2.8302319142967463,2.8302319142967463,2025
10985,Sulemana,4,58,0,0,0,0,0,0,1,0,S,"Bologna,Cagliari",0,0,0.2595699094235897,0.2595699094235897,2025
11022,Simone Perilli,2,180,0,0,0,0,0,0,0,0,GK,Verona,0,0,0.2584646940231323,0.2584646940231323,2025
11023,Josh Doig,21,1521,0,0.6409039627760649,0,1.1802358478307724,9,10,4,0,D S,Sassuolo,0,0.6409039627760649,4.732260134071112,3.6135257254354656,2025
11027,Emanuele Valeri,18,1300,0,0.3291392754763365,1,1.9622763637453318,14,27,2,0,D M S,Parma Calcio 1913,0,0.3291392754763365,2.3679554061964154,1.6030755992978811,2025
11049,Reda Belahyane,9,373,0,0,1,1.0073662512004375,0,4,1,1,M S,Lazio,0,0,1.2146761417388916,0.9888430722057819,2025
11080,Valentín Carboni,12,345,0,0.6554981181398034,0,0.3237762823700905,6,4,2,0,M S,Genoa,0,0.6554981181398034,1.0826020389795303,0.23351708240807056,2025
11139,Tommaso Barbieri,16,1146,0,0.7397696496918797,1,1.4825405105948448,9,8,5,0,D M S,Cremonese,0,0.7397696496918797,4.0902629643678665,1.9104168377816677,2025
11278,Gvidas Gineitis,15,694,0,0.15046010073274374,0,1.6148556992411613,7,11,0,0,M S,Torino,0,0.15046010073274374,2.816683951765299,2.1800489015877247,2025
11279,Ali Dembélé,2,15,0,0.05246631056070328,0,0,1,0,0,0,S,Torino,0,0.05246631056070328,0.05246631056070328,0,2025
11350,Amin Sarr,22,708,0,1.2687898892909288,1,1.1583510003983974,12,10,0,0,F M S,Verona,0,1.2687898892909288,2.89372006803751,1.0535914283245802,2025
11470,Niccolò Pisilli,9,273,0,0.4395369775593281,1,1.0738420188426971,7,6,0,0,M S,Roma,0,0.4395369775593281,1.6601203978061676,1.1079063713550568,2025
11520,Lorenzo Bernasconi,12,808,0,0.3222527075558901,1,1.327166872099042,6,11,1,0,D M S,Atalanta,0,0.3222527075558901,4.198050562292337,3.808865275233984,2025
11536,David Odogu,1,2,0,0,0,0,0,0,0,0,S,AC Milan,0,0,0,0,2025
11586,Ebenezer Akinsanmiro,13,893,0,0.9437550390139222,1,1.251743372529745,10,12,2,0,M S,Pisa,0,0.9437550390139222,3.024856597185135,0.9180213622748852,2025
11752,Amir Richardson,2,35,0,0.012502109631896019,0,0,1,0,0,0,S,Fiorentina,0,0.012502109631896019,0.012502109631896019,0,2025
11876,Luca Marianucci,2,114,0,0.011879871599376202,1,0.30799510702490807,1,3,0,0,D S,Napoli,0,0.011879871599376202,1.4595063924789429,1.1396315209567547,2025
11929,Luca Lipani,9,430,0,0.5145848579704762,0,0.21922978153452277,6,5,0,0,M S,Sassuolo,0,0.5145848579704762,0.9129516687244177,0.523586293682456,2025
11930,Daniel Boloca,2,137,0,0.09553883969783783,0,0.038617439568042755,2,1,0,0,M,Sassuolo,0,0.09553883969783783,0.1647419761866331,0.030585705768316984,2025
11945,Ylber Ramadani,21,1821,0,0.6597421541810036,0,0.5872784797102213,14,10,6,0,M,Lecce,0,0.6597421541810036,3.485697139054537,2.465566897764802,2025
11946,Mohamed Kaba,15,614,0,0.4404364861547947,0,0.21896721608936787,9,5,1,0,M S,Lecce,0,0.4404364861547947,1.6230159662663937,1.139161642640829,2025
11958,Gaetano Oristanio,12,604,0,1.78562655672431,0,0.48849568143486977,16,7,1,0,F M S,Parma Calcio 1913,0,1.78562655672431,2.4206005968153477,0.3012883961200714,2025
11990,Mateus Lusuardi,3,202,0,0.11973656341433525,0,0.14447112381458282,4,1,1,0,D,Pisa,0,0.11973656341433525,0.11286137998104095,0.11286137998104095,2025
12011,Seydou Fini,1,30,0,0,0,0.025144163519144058,0,1,0,0,S,Genoa,0,0,0.025144163519144058,0,2025
12012,Marcus Pedersen,16,1262,0,0.8655806370079517,0,1.321467325091362,7,9,3,0,D M S,Torino,0,0.8655806370079517,4.278292246162891,2.2478390634059906,2025
12081,Assane Diao,6,318,0,0.23135607689619064,0,0.023642754182219505,6,1,0,0,M S,Como,0,0.23135607689619064,0.5735176131129265,0.409740686416626,2025
12104,Neil El Aynaoui,12,373,0,0.1251754555851221,1,0.5901810973882675,3,4,2,0,M S,Roma,0,0.1251754555851221,1.9040847178548574,1.2143833562731743,2025
12168,Alejandro Jiménez,1,42,0,0,0,0.14040954411029816,0,2,1,0,S,AC Milan,0,0,0.38356098532676697,0.24315142631530762,2025
12356,Saba Goglichidze,8,418,0,0.5540105774998665,0,0.06340892240405083,3,2,2,0,D S,Udinese,0,0.5540105774998665,1.179652363061905,1.1365225426852703,2025
12362,Santiago Pierotti,21,1352,0,1.4657744923606515,0,0.9300475288182497,18,12,1,0,F M S,Lecce,0,1.4657744923606515,3.52493011392653,1.6733107473701239,2025
12425,Faris Moumbagna,5,72,0,0.4495754614472389,0,0.017842786386609077,2,1,0,0,S,Cremonese,0,0.4495754614472389,0.4004152715206146,0,2025
12530,Mikayil Faye,6,203,0,0.045254429802298546,0,0.4483277201652527,2,1,1,0,D M S,Cremonese,0,0.045254429802298546,0.5260943695902824,0.05985424108803272,2025
12609,Niccolò Fortini,16,488,0,0.22872518189251423,0,0.46310861967504025,8,4,0,0,D S,Fiorentina,0,0.22872518189251423,1.3271684758365154,0.7594672311097383,2025
12635,Matteo Palma,5,109,0,0,0,0,0,0,0,0,D S,Udinese,0,0,0.20054957829415798,0.20054957829415798,2025
12639,Junior Ajayi,1,1,0,0,0,0,0,0,0,0,S,Verona,0,0,0,0,2025
12777,Patrizio Masini,19,1031,0,1.1288917548954487,0,0.3842727178707719,12,7,4,0,M S,Genoa,0,1.1288917548954487,2.9341948460787535,1.835149321705103,2025
12779,Honest Ahanor,13,982,0,2.0555075630545616,0,0,9,0,0,0,D S,Atalanta,0,2.0555075630545616,1.9303024522960186,1.6766486205160618,2025
12781,Zion Suzuki,11,990,0,0,0,0,0,0,1,0,GK,Parma Calcio 1913,0,0,0.5010644234716892,0.5010644234716892,2025
12782,Woyo Coulibaly,8,294,0,0.06597581133246422,0,0.18100965209305286,3,3,0,0,D S,Sassuolo,0,0.06597581133246422,1.5706259086728096,1.5046500721946359,2025
12822,Álex Valle,17,1310,0,0.31927348114550114,3,0.511363516561687,6,6,2,0,D S,Como,0,0.31927348114550114,5.203757502138615,4.5491891438141465,2025
12857,Daniel Mosquera,15,474,0,0.9028248600661755,2,0.9883034899830818,13,5,1,0,F S,Verona,0,0.9028248600661755,1.4676595255732536,0.4449148029088974,2025
12858,Daniele Ghilardi,8,370,0,0,0,0.05133790150284767,0,1,0,0,D S,Roma,0,0,1.4634317085146904,1.4120937958359718,2025
12872,Fisayo Dele-Bashiru,9,299,0,0.01866067945957184,0,0.08421461097896099,1,3,0,0,M S,Lazio,0,0.01866067945957184,2.5223923288285732,2.419517144560814,2025
12880,Albert Grønbæk,4,96,0,0.03885722905397415,0,0.13219712674617767,1,2,1,0,M S,Genoa,0,0.03885722905397415,0.520349532365799,0.38815242052078247,2025
12885,Kialonda Gaspar,18,1620,0,0.7932648342102766,0,0,9,0,6,1,D,Lecce,0,0.7932648342102766,2.5582269076257944,2.5582269076257944,2025
12958,Alessandro Marcandalli,16,1170,0,0.17312667332589626,2,0.31786499358713627,3,5,3,0,D S,Genoa,0,0.17312667332589626,1.1704253684729338,0.8525603823363781,2025
12989,Jay Idzes,21,1890,0,0.07535846624523401,0,0.4942430555820465,3,1,1,0,D,Sassuolo,0,0.07535846624523401,4.395583663135767,3.8828494735062122,2025
13045,Eddy Kouadio,3,62,0,0,0,0.010842839255928993,0,1,0,0,S,Fiorentina,0,0,0.0972492191940546,0.08640637993812561,2025
13050,Ignace Van der Brempt,8,392,0,0.040053896605968475,0,0.043237052857875824,1,1,2,0,D S,Como,0,0.040053896605968475,1.4563143104314804,1.3730233535170555,2025
13059,Jesús Rodriguez,19,1233,0,2.9969425834715366,6,4.629841946065426,33,28,1,1,F M S,Como,0,2.9969425834715366,9.366635385900736,2.345709625631571,2025
13061,Benjamín Domínguez,10,431,0,0.4895215258002281,3,0.26378877088427544,8,7,1,0,M S,Bologna,0,0.4895215258002281,2.2130659855902195,1.5675876699388027,2025
13097,Mandela Keita,21,1717,0,0.13382508419454098,0,0.23111411556601524,8,8,1,0,M S,Parma Calcio 1913,0,0.13382508419454098,1.518291987478733,1.3145201969891787,2025
13099,Rui Modesto,3,113,0,0.011328736320137978,1,0.44375765323638916,1,2,0,0,S,Udinese,0,0.011328736320137978,0.660630464553833,0.21687282621860504,2025
13237,Massimo Pessina,1,83,0,0,0,0,0,0,0,0,S,Bologna,0,0,0.1303282082080841,0.1303282082080841,2025
13313,Nicolás Valentini,11,737,0,0.11866213753819466,0,0.5742030814290047,4,2,2,0,D S,Verona,0,0.11866213753819466,1.4908802323043346,0.8791963532567024,2025
13330,Robinio Vaz,2,31,0,0.10021702945232391,0,0,1,0,0,0,S,Roma,0,0.10021702945232391,0.1416989266872406,0.04148189350962639,2025
13331,Mathias Løvik,9,480,0,0.17995419446378946,0,0.14210548996925354,3,2,0,0,D S,Parma Calcio 1913,0,0.17995419446378946,0.5624273736029863,0.33162055909633636,2025
13342,Alessandro Romano,2,5,0,0,0,0,0,0,0,0,S,Roma,0,0,0.5332328081130981,0.5332328081130981,2025
13349,Lorenzo Venturino,3,41,0,0.009564039297401905,0,0.42057910561561584,1,1,0,0,S,"Genoa,Roma",0,0.009564039297401905,0.5841538906097412,0.16357479989528656,2025
13386,Jacob Ondrejka,10,536,0,1.1361429691314697,0,0.42585643753409386,14,5,1,0,F S,Parma Calcio 1913,0,1.1361429691314697,1.9364053383469582,0.5161623926833272,2025
13389,Devyne Rensch,13,484,0,0.49162422865629196,1,0.6210615988820791,3,2,0,0,D M S,Roma,0,0.49162422865629196,2.1600735746324062,1.0734326802194118,2025
13395,Danilo Veiga,20,1628,0,0.1651875078678131,1,0.4914346728473902,3,12,6,0,D S,Lecce,0,0.1651875078678131,2.5570226944983006,2.0801494885236025,2025
13401,Daniel Oyegoke,7,148,0,0.032606713473796844,0,0.06022576987743378,1,1,0,0,D S,Verona,0,0.032606713473796844,0.14066743850708008,0.04783495515584946,2025
13423,Al Musrati,10,459,0,0.08544872235506773,1,0.29506437946110964,3,5,3,0,M S,Verona,0,0.08544872235506773,1.0494620548561215,0.7025709077715874,2025
13443,Ivan Smolcic,16,929,0,0.827737694606185,0,1.087929181754589,6,6,7,0,D S,Como,0,0.827737694606185,1.602692548185587,1.3958561830222607,2025
13447,Oliver Provstgaard,10,316,0,0,0,0.5732915699481964,0,2,1,0,D S,Lazio,0,0,2.156788930296898,1.583497330546379,2025
13449,Victor Nelsson,22,1876,0,0.3263202868402004,0,0,7,0,3,0,D S,Verona,0,0.3263202868402004,1.8624098505824804,1.7508721677586436,2025
13453,Santiago Giménez,9,637,0,3.3246460631489754,0,0.17578115686774254,21,3,1,0,F S,AC Milan,0,3.3246460631489754,3.3121845200657845,1.036100372672081,2025
13478,Sebastian Otoa,8,585,0,0.0394859854131937,0,0,2,0,1,0,D S,Genoa,0,0.0394859854131937,0.08624056912958622,0.08624056912958622,2025
13479,Tobias Slotsager,3,223,0,0.07025067508220673,0,0,1,0,0,0,D S,Verona,0,0.07025067508220673,0.32473617885261774,0.32473617885261774,2025
13537,Joi Nuredini,1,1,0,0,0,0,0,0,0,0,S,Genoa,0,0,0,0,2025
13811,Idrissa Gueye,6,77,0,0.07902465760707855,0,0.015100105665624142,2,1,0,0,S,Udinese,0,0.07902465760707855,0.6606515487655997,0.6455514430999756,2025
13873,Nicolae Stanciu,4,181,0,1.0953040271997452,0,0.06268540117889643,5,2,0,0,M S,Genoa,0,0.3340051919221878,0.6643378371372819,0.34932435397058725,2025
13874,Owen Kouassi,4,231,0,0,0,0,0,0,0,0,D S,Lecce,0,0,0.33311519771814346,0.33311519771814346,2025
13875,Jamil Siebert,5,440,0,0.18162678182125092,0,0.06190478801727295,3,1,0,0,D,Lecce,0,0.18162678182125092,0.25027321744710207,0.0922056483104825,2025
13876,Corrie Ndaba,8,328,0,0.12938065826892853,0,0.026093807071447372,2,1,0,0,D S,Lecce,0,0.12938065826892853,0.5354599356651306,0.5222742781043053,2025
13877,Matías Pérez,1,31,0,0,0,0.013819489628076553,0,1,0,0,D,Lecce,0,0,0.026254063472151756,0.012434573844075203,2025
13878,Olaf Gorter,2,27,0,0,0,0,0,0,0,0,S,Lecce,0,0,0.3341193124651909,0.3341193124651909,2025
13880,Luca Moro,10,142,0,0.7420667568221688,0,0.2611876428127289,4,1,0,0,F S,Sassuolo,0,0.7420667568221688,1.0137923657894135,0.022733040153980255,2025
13893,Martin Vitík,11,753,0,0.6876589376479387,0,0.170901820063591,6,3,3,0,D S,Bologna,0,0.6876589376479387,0.6516351662576199,0.4488024450838566,2025
13894,Torbjørn Heggem,19,1641,0,0.9184455648064613,0,0.050894595682621,8,2,0,1,D S,Bologna,0,0.9184455648064613,3.3270864775404334,3.3270864775404334,2025
13895,Ardon Jashari,5,185,0,0.021089907735586166,0,0.0775824561715126,1,2,0,0,M S,AC Milan,0,0.021089907735586166,1.3101649284362793,1.2890750169754028,2025
13898,Jari Vandeputte,21,1365,0,1.1807006057351828,4,4.38243991881609,12,37,2,0,M S,Cremonese,0,1.1807006057351828,4.675879945978522,2.933520246297121,2025
13899,Michele Collocolo,6,308,0,0.07672501634806395,0,0.1351211853325367,2,2,1,0,M S,Cremonese,0,0.07672501634806395,0.25151657313108444,0.03967037424445152,2025
13900,Dachi Lordkipanidze,1,27,0,0,0,0,0,0,0,0,S,Cremonese,0,0,0,0,2025
13937,Daniel Denoon,2,126,0,0,0,0,0,0,1,0,D,Pisa,0,0,0.012501907534897327,0.012501907534897327,2025
13940,Gabriele Piccinini,13,570,0,1.6975749917328358,0,1.4180588852614164,12,6,2,0,M S,Pisa,0,1.6975749917328358,2.916754376143217,0.4790901727974415,2025
13942,Malthe Højholt,8,265,0,0.08527421206235886,0,0,2,0,1,0,M S,Pisa,0,0.08527421206235886,0.1385212019085884,0.06393330544233322,2025
13943,Louis Buffon,4,24,0,0,0,0,0,0,0,0,S,Pisa,0,0,0.028428245335817337,0.028428245335817337,2025
13946,João Mário,10,242,0,0.13705867901444435,0,0.19590523838996887,3,3,1,0,D S,Juventus,0,0.13705867901444435,0.6668337592855096,0.3896364690735936,2025
13948,Christian Ordóñez,14,509,0,0.20205498114228249,0,0.13155982084572315,3,2,2,1,M S,Parma Calcio 1913,0,0.20205498114228249,0.5955954641103745,0.3732165042310953,2025
13951,Tjas Begic,1,1,0,0,0,0,0,0,0,0,S,Parma Calcio 1913,0,0,0,0,2025
13956,Vakoun Bayo,10,275,0,1.2291769869625568,1,0.6907146722078323,11,2,0,0,F S,Udinese,0,1.2291769869625568,1.6476234700530767,0.30631089210510254,2025
13958,Lennon Miller,10,392,0,0.1861385777592659,0,0.12186883669346571,5,3,1,0,M S,Udinese,0,0.1861385777592659,0.8119924552738667,0.5742690451443195,2025
13960,Fallou Cham,6,225,0,0.343944251537323,0,0.5105274394154549,5,4,0,0,D S,Verona,0,0.343944251537323,0.884210005402565,0.0460183247923851,2025
13970,Cheveyo Mul,2,2,0,0.08480344712734222,0,0,1,0,0,0,S,AC Milan,0,0.08480344712734222,0.08480344712734222,0,2025
13979,Mariano Troilo,7,402,0,0.20533332973718643,0,0.44045982509851456,3,3,2,1,D S,Parma Calcio 1913,0,0.20533332973718643,1.1275158114731312,0.6705680023878813,2025
13980,Sascha Britschgi,18,1350,0,0.28755506686866283,2,1.3086281390860677,10,13,3,0,D M S,Parma Calcio 1913,0,0.28755506686866283,2.3196299029514194,0.8142244471237063,2025
14019,Zé Pedro,8,533,0,0.10218311101198196,0,0,1,0,1,0,D S,Cagliari,0,0.10218311101198196,0.7528569102287292,0.7528569102287292,2025
14020,Joseph Liteta,2,106,0,0,0,0,0,0,0,0,M,Cagliari,0,0,0.1106482595205307,0.1106482595205307,2025
14021,Benjamín Cremaschi,5,21,0,0,0,0.012991123832762241,0,1,0,0,S,Parma Calcio 1913,0,0,0.012991123832762241,0,2025
14039,Jan Ziólkowski,10,434,0,0,0,0,0,0,2,0,D S,Roma,0,0,0.6552926786243916,0.6552926786243916,2025
14045,Tomás Esteves,1,11,0,0,0,0,0,0,0,0,S,Pisa,0,0,0,0,2025
14047,Isak Vural,9,432,0,0.11410574428737164,0,0.04189600422978401,3,2,3,0,M S,Pisa,0,0.11410574428737164,0.8936797603964806,0.817388579249382,2025
14065,Juan Rodríguez,6,475,0,0.4496307969093323,0,0,1,0,2,0,D,Cagliari,0,0.4496307969093323,1.5766827315092087,1.5766827315092087,2025
14085,Cas Odenthal,1,1,0,0,0,0,0,0,0,0,S,Sassuolo,0,0,0,0,2025
14104,Laurs Skjellerup,1,8,0,0.015537625178694725,0,0,1,0,0,0,S,Sassuolo,0,0.015537625178694725,0.015537625178694725,0,2025
14125,Francesco Coppola,4,271,0,0.059336598962545395,0,0,1,0,3,0,D S,Pisa,0,0.059336598962545395,0.1254146732389927,0.0660780742764473,2025
14140,Andréa Le Borgne,1,1,0,0,0,0,0,0,0,0,S,Como,0,0,0,0,2025
14157,Matteo Lavelli,1,6,0,0,0,0,0,0,0,0,S,Inter,0,0,0,0,2025
14339,Omri Gandelman,4,264,0,0.022814203053712845,0,0,1,0,0,0,M S,Lecce,0,0.022814203053712845,0.27062057703733444,0.2478063777089119,2025
14341,Kenneth Taylor,3,269,0,0.19044001400470734,0,0.20121612772345543,3,4,0,0,M,Lazio,0,0.19044001400470734,0.45850135385990143,0.10394100286066532,2025
14342,Petar Ratkov,3,116,0,0,0,0.018119147047400475,0,1,0,0,F S,Lazio,0,0,0.037058182060718536,0.018939035013318062,2025
14348,Isaac,1,17,0,0,0,0,0,0,0,0,S,Verona,0,0,0.061270784586668015,0.061270784586668015,2025
14350,Rosen Bozhinov,1,1,0,0,0,0,0,0,0,0,S,Pisa,0,0,0,0,2025
14380,Justin Bijlow,1,90,0,0,0,0,0,0,0,0,GK,Genoa,0,0,0,0,2025
14381,Nils Zätterström,1,1,0,0,0,0,0,0,0,0,S,Genoa,0,0,0,0,2025
