player,goals,shots,xG,time,position,h_team,a_team,h_goals,a_goals,date,id,season,roster_id,xA,assists,key_passes,npg,npxG,xGChain,xGBuildup,partita,player_norm,voto_gds,fantavoto,gol,rig_segnati,rig_sbagliati,ammonizioni,espulsioni,autogol,player_team,opponent_team,finishing_form,shot_quality_index,league,home_away,fanta_role,opponent_team_strength,player_team_strength
Abdou-Salam Konate,0,1,0.0114925447851419,87,MC,parma,cagliari,0,1,2026-08-22,31562,2026,795194,0.0,0,0,0,0.0114925447851419,0.0241969749331474,0.0241969749331474,parma - cagliari,abdousalam konate,,,,,,,,,parma,Cagliari,0.4458427177177177,0.4402125699797749,Serie A,h,,weak,weak
Abdou-Salam Konate,0,0,0.0,6,Sub,juventus,parma,2,0,2026-08-29,31574,2026,797392,0.0,0,0,0,0.0,0.0,0.0,juventus - parma,abdousalam konate,,,,,,,,,parma,Juventus,0.3286786786786786,0.4402125699797749,Serie A,a,SUB,top,weak
Adam Bakoune,0,0,0.0,71,DMR,inter,monza,4,1,2026-08-22,31560,2026,795047,0.0,0,0,0,0.0,0.0691863894462585,0.0691863894462585,inter - monza,adam bakoune,5.5,5.5,0,0,0,0,0,0,monza,Inter,0.3286786786786786,0.4402125699797749,Serie A,a,D,top,weak
Adam Marusic,0,0,0.0,18,DR,bologna,lazio,0,1,2026-08-24,31568,2026,796021,0.0,0,0,0,0.0,0.0239126812666654,0.0239126812666654,bologna - lazio,adam marusic,6.0,6.0,0,0,0,0,0,0,lazio,Bologna,0.4136824324324324,0.3899455181204617,Serie A,a,D,mid,mid
Adam Obert,0,0,0.0,90,DL,parma,cagliari,0,1,2026-08-22,31562,2026,795207,0.1255787760019302,0,2,0,0.0,0.3418594598770141,0.3215741515159607,parma - cagliari,adam obert,6.0,6.0,0,0,0,0,0,0,cagliari,Parma Calcio 1913,0.2479354354354354,0.3440953698400903,Serie A,a,D,weak,weak
Adam Obert,0,1,0.0687408223748207,90,DL,cagliari,inter,0,1,2026-08-30,31576,2026,797989,0.0,0,0,0,0.0687408223748207,0.0687408223748207,0.0,cagliari - inter,adam obert,6.0,6.0,0,0,0,0,0,0,cagliari,Inter,0.4680367867867867,0.3440953698400903,Serie A,h,D,top,weak
Adam Zulevic,0,0,0.0,3,Sub,genoa,napoli,0,2,2026-08-22,31563,2026,795357,0.0,0,0,0,0.0,0.0,0.0,genoa - napoli,adam zulevic,,,,,,,,,genoa,Napoli,0.3500656906906907,0.4402125699797749,Serie A,h,SUB,top,weak
Adrien Rabiot,1,1,0.5211921334266663,34,Sub,torino,milan,1,2,2026-08-23,31566,2026,795905,0.031937126070261,1,1,1,0.5211921334266663,0.8084166646003723,0.2552874088287353,torino - milan,adrien rabiot,7.5,11.5,1,0,0,0,0,0,milan,Torino,0.8596283783783785,0.2982026279933832,Serie A,a,C,weak,top
Adrien Rabiot,0,1,0.0354665406048297,28,Sub,milan,venezia,2,0,2026-08-28,31570,2026,796458,0.0,0,0,0,0.0354665406048297,0.0354665406048297,0.0354665406048297,milan - venezia,adrien rabiot,6.5,6.5,0,0,0,0,0,0,milan,Venezia,0.7168731231231231,0.27909894568007,Serie A,h,C,weak,top
Adrián Bernabé,0,1,0.0241969749331474,69,MC,parma,cagliari,0,1,2026-08-22,31562,2026,795193,0.0511984601616859,0,2,0,0.0241969749331474,0.0568962283432483,0.0241969749331474,parma - cagliari,adrian bernabe,6.0,6.0,0,0,0,0,0,0,parma,Cagliari,0.5964151651651652,0.4725971742650489,Serie A,h,C,weak,weak
Adrián Bernabé,0,0,0.0,84,MC,juventus,parma,2,0,2026-08-29,31574,2026,797384,0.0,0,1,0,0.0,0.0,0.0,juventus - parma,adrian bernabe,5.5,5.5,0,0,0,0,0,0,parma,Juventus,0.4302364864864865,0.7843279351102357,Serie A,a,C,top,weak
Akor Adams,0,3,0.114993043243885,90,FW,venezia,lecce,0,2,2026-08-23,31565,2026,795729,0.0,0,0,0,0.114993043243885,0.5518137216567993,0.4863941073417663,venezia - lecce,akor adams,,,,,,,,,venezia,Lecce,0.7059872372372372,0.4402125699797749,Serie A,h,,weak,weak
Akor Adams,0,3,0.2485889643430709,90,FW,milan,venezia,2,0,2026-08-28,31570,2026,796471,0.0098226238042116,0,1,0,0.2485889643430709,0.2584115862846374,0.0,milan - venezia,akor adams,,,,,,,,,venezia,AC Milan,0.6458614864864864,0.4402125699797749,Serie A,a,,top,weak
Albert Gudmundsson,0,4,0.2549234926700592,74,FWL,fiorentina,frosinone,0,3,2026-08-29,31573,2026,797118,0.8795063495635986,0,5,0,0.2549234926700592,1.1344298124313354,0.0487932413816452,fiorentina - frosinone,albert gudmundsson,5.0,4.5,0,0,0,1,0,0,fiorentina,Frosinone,0.7937687687687688,0.7383057350421945,Serie A,h,C,weak,mid
Albion Rrahmani,0,2,0.0912859812378883,3,Sub,venezia,lecce,0,2,2026-08-23,31565,2026,795733,0.0,0,0,0,0.0912859812378883,0.0912859812378883,0.0,venezia - lecce,albion rrahmani,,,,,,,,,venezia,Lecce,0.6692004504504505,0.4402125699797749,Serie A,h,D,weak,weak
Albion Rrahmani,0,1,0.0733305215835571,7,Sub,milan,venezia,2,0,2026-08-28,31570,2026,796476,0.0,0,0,0,0.0733305215835571,0.0091448323801159,0.0091448323801159,milan - venezia,albion rrahmani,,,,,,,,,venezia,AC Milan,0.5591497747747748,0.4402125699797749,Serie A,a,D,top,weak
Alejandro Jiménez,0,0,0.0,26,Sub,roma,fiorentina,4,0,2026-08-24,31569,2026,796128,0.1058669462800026,0,1,0,0.0,0.1058669462800026,0.0,roma - fiorentina,alejandro jimenez,6.0,6.0,0,0,0,0,0,0,fiorentina,Roma,0.1757225975975976,0.3560756504295001,Serie A,a,D,mid,mid
Alejandro Jiménez,0,1,0.0263335537165403,87,DR,fiorentina,frosinone,0,3,2026-08-29,31573,2026,797109,0.0271543301641941,0,2,0,0.0263335537165403,0.2805174887180328,0.253363162279129,fiorentina - frosinone,alejandro jimenez,4.0,3.5,0,0,0,1,0,0,fiorentina,Frosinone,0.3331362612612613,0.3965726495085423,Serie A,h,D,weak,mid
Aleksa Terzic,0,1,0.0134162008762359,11,Sub,frosinone,juventus,0,1,2026-08-23,31564,2026,795765,0.0,0,0,0,0.0134162008762359,0.0335729420185089,0.0201567411422729,frosinone - juventus,aleksa terzic,,6.0,0,0,0,0,0,0,frosinone,Juventus,0.4439752252252252,0.6069685024216043,Serie A,h,D,top,weak
Aleksa Terzic,0,0,0.0,13,Sub,fiorentina,frosinone,0,3,2026-08-29,31573,2026,797139,0.1373442709445953,0,1,0,0.0,0.1373442709445953,0.0,fiorentina - frosinone,aleksa terzic,6.0,6.0,0,0,0,0,0,0,frosinone,Fiorentina,0.3112049549549549,0.6093002367468102,Serie A,a,D,mid,weak
Aleksandar Stankovic,0,0,0.0,6,Sub,inter,monza,4,1,2026-08-22,31560,2026,795042,0.0,0,0,0,0.0,0.0,0.0,inter - monza,aleksandar stankovic,,,,,,,,,inter,Monza,0.3400243993993994,0.4402125699797749,Serie A,h,SUB,weak,top
Alessandro Bastoni,0,0,0.0,90,DC,inter,monza,4,1,2026-08-22,31560,2026,795029,0.1301285177469253,0,1,0,0.0,0.3924841582775116,0.262355625629425,inter - monza,alessandro bastoni,5.5,5.5,0,0,0,0,0,0,inter,Monza,0.2986298798798799,0.3270913881035469,Serie A,h,D,weak,top
Alessandro Bastoni,0,2,0.1479064524173736,90,DC,cagliari,inter,0,1,2026-08-30,31576,2026,798003,0.5333431363105774,0,4,0,0.1479064524173736,1.4813296794891355,1.2611496448516846,cagliari - inter,alessandro bastoni,6.0,6.0,0,0,0,0,0,0,inter,Cagliari,0.5814001501501501,0.3571013671771595,Serie A,a,D,weak,top
Alessandro Deiola,0,1,0.2644155025482178,90,DC,parma,cagliari,0,1,2026-08-22,31562,2026,795205,0.0,0,0,0,0.2644155025482178,0.4656727313995361,0.4656727313995361,parma - cagliari,alessandro deiola,6.0,6.0,0,0,0,0,0,0,cagliari,Parma Calcio 1913,0.6577515015015015,0.0,Serie A,a,C,weak,weak
Alessandro Deiola,0,0,0.0,85,DC,cagliari,inter,0,1,2026-08-30,31576,2026,797987,0.0,0,0,0,0.0,0.0,0.0,cagliari - inter,alessandro deiola,6.0,5.5,0,0,0,1,0,0,cagliari,Inter,0.3354166666666667,0.0,Serie A,h,C,top,weak
Alessandro Marcandalli,0,0,0.0,90,DC,genoa,napoli,0,2,2026-08-22,31563,2026,795343,0.0,0,0,0,0.0,0.1314554810523986,0.1314554810523986,genoa - napoli,alessandro marcandalli,5.0,5.0,0,0,0,0,0,0,genoa,Napoli,0.1757225975975976,0.4425059779218382,Serie A,h,D,top,weak
Alessandro Marcandalli,0,0,0.0,90,DC,lazio,genoa,1,0,2026-08-30,31577,2026,798034,0.0,0,0,0,0.0,0.6138556599617004,0.6138556599617004,lazio - genoa,alessandro marcandalli,5.0,5.0,0,0,0,0,0,0,genoa,Lazio,0.1757225975975976,0.4425059779218382,Serie A,a,D,mid,weak
Alessandro Romano,1,2,0.0921768918633461,90,DMC,parma,cagliari,0,1,2026-08-22,31562,2026,795209,0.2644155025482178,0,1,1,0.0921768918633461,0.2926363050937652,0.2004594057798385,parma - cagliari,alessandro romano,7.5,10.5,1,0,0,0,0,0,cagliari,Parma Calcio 1913,0.5699042792792793,0.4402125699797749,Serie A,a,C,weak,weak
Alessandro Romano,0,1,0.0234044510871171,90,DMC,cagliari,inter,0,1,2026-08-30,31576,2026,797991,0.0165826994925737,0,1,0,0.0234044510871171,0.0687408223748207,0.0687408223748207,cagliari - inter,alessandro romano,7.0,7.0,0,0,0,0,0,0,cagliari,Inter,0.7082582582582582,0.4402125699797749,Serie A,h,C,top,weak
Alessio Cacciamani,0,0,0.0,81,DML,torino,milan,1,2,2026-08-23,31566,2026,795882,0.0,0,0,0,0.0,0.2812153697013855,0.2812153697013855,torino - milan,alessio cacciamani,5.5,5.5,0,0,0,0,0,0,torino,AC Milan,0.3222879129129129,0.4402125699797749,Serie A,h,C,top,weak
Alessio Cacciamani,0,1,0.1314206570386886,90,DL,sassuolo,torino,2,1,2026-08-29,31572,2026,797097,0.3513087034225464,1,1,0,0.1314206570386886,0.6999168395996094,0.5684961676597595,sassuolo - torino,alessio cacciamani,6.5,7.5,0,0,0,0,0,0,torino,Sassuolo,0.454908033033033,0.4402125699797749,Serie A,a,C,mid,weak
Alessio Zerbin,0,0,0.0,28,Sub,frosinone,juventus,0,1,2026-08-23,31564,2026,795763,0.0201567411422729,0,1,0,0.0,0.0201567411422729,0.0,frosinone - juventus,alessio zerbin,6.0,6.0,0,0,0,0,0,0,frosinone,Juventus,0.2407845345345345,0.4358204763398582,Serie A,h,C,top,weak
Alessio Zerbin,0,0,0.0,41,Sub,fiorentina,frosinone,0,3,2026-08-29,31573,2026,797137,0.0,0,0,0,0.0,0.312985748052597,0.312985748052597,fiorentina - frosinone,alessio zerbin,6.5,6.5,0,0,0,0,0,0,frosinone,Fiorentina,0.2403903903903904,0.4358204763398582,Serie A,a,C,mid,weak
Alex Amorim,0,1,0.0174750350415706,75,MC,genoa,napoli,0,2,2026-08-22,31563,2026,795349,0.0165228452533483,0,1,0,0.0174750350415706,0.1489305198192596,0.1324076652526855,genoa - napoli,alex amorim,6.0,6.0,0,0,0,0,0,0,genoa,Napoli,0.3142924174174174,0.4402125699797749,Serie A,h,C,top,weak
Alex Amorim,0,0,0.0,8,Sub,lazio,genoa,1,0,2026-08-30,31577,2026,798046,0.0,0,0,0,0.0,0.1053376421332359,0.1053376421332359,lazio - genoa,alex amorim,5.0,4.5,0,0,0,1,0,0,genoa,Lazio,0.1757225975975976,0.4333083090636702,Serie A,a,C,mid,weak
Alex Meret,0,0,0.0,90,GK,genoa,napoli,0,2,2026-08-22,31563,2026,795358,0.0,0,0,0,0.0,0.028846463188529,0.028846463188529,genoa - napoli,alex meret,6.0,7.0,0,0,0,0,0,0,napoli,Genoa,0.1757225975975976,0.4402125699797749,Serie A,a,P,weak,top
Alex Meret,0,0,0.0,90,GK,napoli,como,1,2,2026-08-30,31575,2026,797889,0.0,0,0,0,0.0,0.0,0.0,napoli - como,alex meret,6.0,4.0,-2,0,0,0,0,0,napoli,Como,0.1757225975975976,0.4402125699797749,Serie A,h,P,mid,top
Alexis Saelemaekers,0,1,0.1160115525126457,24,Sub,torino,milan,1,2,2026-08-23,31566,2026,795907,0.0,0,0,0,0.1160115525126457,0.8924911022186279,0.7764795422554016,torino - milan,alexis saelemaekers,6.0,6.0,0,0,0,0,0,0,milan,Torino,0.7776088588588588,1.0,Serie A,a,C,weak,top
Alexis Saelemaekers,0,0,0.0,28,Sub,milan,venezia,2,0,2026-08-28,31570,2026,796456,1.3788042068481443,1,3,0,0.0,1.4142707586288452,0.0354665406048297,milan - venezia,alexis saelemaekers,7.0,8.0,0,0,0,0,0,0,milan,Venezia,0.4956831831831831,1.0,Serie A,h,C,weak,top
Alfonso,0,1,0.0239126812666654,82,DL,bologna,lazio,0,1,2026-08-24,31568,2026,796024,0.0186875332146883,0,1,0,0.0239126812666654,0.1657326221466064,0.1231324076652526,bologna - lazio,alfonso,,,,,,,,,lazio,Bologna,0.5908126876876877,1.0,Serie A,a,,mid,mid
Alfonso,0,0,0.0,23,Sub,lazio,genoa,1,0,2026-08-30,31577,2026,798032,0.0209446921944618,0,1,0,0.0,0.1056073904037475,0.1056073904037475,lazio - genoa,alfonso,,,,,,,,,lazio,Genoa,0.3286786786786786,1.0,Serie A,h,SUB,weak,mid
Alieu Fadera,0,2,0.0393527150154113,31,Sub,cagliari,inter,0,1,2026-08-30,31576,2026,797996,0.0687408223748207,0,1,0,0.0393527150154113,0.108093537390232,0.0,cagliari - inter,alieu fadera,6.5,6.5,0,0,0,0,0,0,cagliari,Inter,0.4929804804804805,0.4402125699797749,Serie A,h,C,top,weak
Alieu Njie,0,1,0.2775284051895141,20,Sub,torino,milan,1,2,2026-08-23,31566,2026,795891,0.2839096188545227,0,1,0,0.2775284051895141,0.5614380240440369,0.0,torino - milan,alieu njie,7.5,7.5,0,0,0,0,0,0,torino,AC Milan,0.6081081081081081,0.4104092895767648,Serie A,h,C,top,weak
Alisson Santos,0,3,0.0581347458064556,66,FWL,genoa,napoli,0,2,2026-08-22,31563,2026,795368,0.0,0,0,0,0.0581347458064556,0.096284843981266,0.0528591461479663,genoa - napoli,alisson santos,6.5,6.5,0,0,0,0,0,0,napoli,Genoa,0.7122184684684685,0.4402125699797749,Serie A,a,C,weak,top
Alisson Santos,0,2,0.073341280221939,30,Sub,napoli,como,1,2,2026-08-30,31575,2026,797902,0.0,0,0,0,0.073341280221939,0.0952890664339065,0.0392243824899196,napoli - como,alisson santos,6.0,6.0,0,0,0,0,0,0,napoli,Como,0.72118993993994,0.4402125699797749,Serie A,h,C,mid,top
Alphadjo Cissè,1,4,0.118375152349472,66,AMC,torino,milan,1,2,2026-08-23,31566,2026,795902,0.0257129613310098,0,1,1,0.118375152349472,0.4427687227725982,0.3095829784870147,torino - milan,alphadjo cisse,7.0,10.0,1,0,0,0,0,0,milan,Torino,0.4459928678678678,0.4402125699797749,Serie A,a,,weak,top
Alphadjo Cissè,0,1,0.0284640975296497,62,AMC,milan,venezia,2,0,2026-08-28,31570,2026,796454,0.0,0,0,0,0.0284640975296497,0.0284640975296497,0.0,milan - venezia,alphadjo cisse,6.0,6.0,0,0,0,0,0,0,milan,Venezia,0.688475975975976,0.4402125699797749,Serie A,h,,weak,top
Amar Ahmed Fatah,0,0,0.0,15,Sub,lecce,roma,0,4,2026-08-31,31578,2026,798155,0.0181125961244106,0,1,0,0.0,0.0181125961244106,0.0,lecce - roma,amar fatah,6.0,6.0,0,0,0,0,0,0,lecce,Roma,0.3378847597597597,0.4402125699797749,Serie A,h,A,mid,weak
Amir Rrahmani,0,2,0.0206429157406091,90,DC,genoa,napoli,0,2,2026-08-22,31563,2026,795361,0.0,0,0,0,0.0206429157406091,0.6128694415092468,0.592226505279541,genoa - napoli,amir rrahmani,6.0,6.0,0,0,0,0,0,0,napoli,Genoa,0.7132132132132132,0.2511403717783562,Serie A,a,D,weak,top
Amir Rrahmani,0,0,0.0,90,DC,napoli,como,1,2,2026-08-30,31575,2026,797892,0.069283552467823,1,1,0,0.0,0.4152052402496338,0.4152052402496338,napoli - como,amir rrahmani,5.0,6.0,0,0,0,0,0,0,napoli,Como,0.5568693693693694,0.2655773440586502,Serie A,h,D,mid,top
Andrea Cambiaso,0,0,0.0,18,Sub,frosinone,juventus,0,1,2026-08-23,31564,2026,795778,0.0,0,0,0,0.0,0.0,0.0,frosinone - juventus,andrea cambiaso,5.0,4.5,0,0,0,1,0,0,juventus,Frosinone,0.3587274774774774,0.5212129411914976,Serie A,a,D,weak,top
Andrea Cambiaso,0,0,0.0,10,Sub,juventus,parma,2,0,2026-08-29,31574,2026,797374,0.0,0,0,0,0.0,0.0,0.0,juventus - parma,andrea cambiaso,,,0,0,0,0,0,0,juventus,Parma Calcio 1913,0.3498123123123123,0.5822318855560961,Serie A,h,D,weak,top
Andrea Carboni,0,0,0.0,90,DC,inter,monza,4,1,2026-08-22,31560,2026,795044,0.2991747260093689,0,1,0,0.0,0.3672116100788116,0.0680368617177009,inter - monza,andrea carboni,5.5,5.5,0,0,0,0,0,0,monza,Inter,0.2519331831831832,0.2954902301912123,Serie A,a,,top,weak
Andrea Carboni,0,2,0.2736971080303192,90,DC,monza,udinese,2,3,2026-08-29,31571,2026,797046,0.0,0,0,0,0.2736971080303192,0.880860447883606,0.719639003276825,monza - udinese,andrea carboni,6.0,6.0,0,0,0,0,0,0,monza,Udinese,0.56631006006006,0.2672707667843975,Serie A,h,,weak,weak
Andrea Colpani,0,0,0.0,71,FWR,inter,monza,4,1,2026-08-22,31560,2026,795051,0.0,0,0,0,0.0,0.3683611154556274,0.3683611154556274,inter - monza,andrea colpani,5.5,5.5,0,0,0,0,0,0,monza,Inter,0.3602477477477477,1.0,Serie A,a,C,top,weak
Andrea Colpani,1,2,0.3950462639331817,86,AMC,monza,udinese,2,3,2026-08-29,31571,2026,797053,0.1530114561319351,0,2,1,0.3950462639331817,0.4355820715427398,0.0405358038842678,monza - udinese,andrea colpani,6.5,9.5,1,0,0,0,0,0,monza,Udinese,0.6837837837837838,1.0,Serie A,h,C,weak,weak
Andrea Pinamonti,0,1,0.1056073904037475,6,Sub,lazio,genoa,1,0,2026-08-30,31577,2026,798031,0.0,0,0,0,0.1056073904037475,0.1056073904037475,0.0,lazio - genoa,andrea pinamonti,,6.0,0,0,0,0,0,0,lazio,Genoa,0.8355855855855856,0.6091132743961845,Serie A,h,A,weak,mid
Andy Diouf,0,0,0.0,76,DMR,inter,monza,4,1,2026-08-22,31560,2026,795031,0.2708772718906402,2,3,0,0.0,0.3166847229003906,0.0590801872313022,inter - monza,andy diouf,7.0,9.0,0,0,0,0,0,0,inter,Monza,0.3834459459459459,1.0,Serie A,h,C,weak,top
Ange-Yoan Bonny,0,1,0.0977863296866417,35,Sub,inter,monza,4,1,2026-08-22,31560,2026,795041,0.0,0,0,0,0.0977863296866417,0.2490828931331634,0.1512965559959411,inter - monza,angeyoan bonny,6.0,6.0,0,0,0,0,0,0,inter,Monza,0.6000750750750751,0.0,Serie A,h,A,weak,top
Anthony Oyono,0,0,0.0,20,Sub,frosinone,juventus,0,1,2026-08-23,31564,2026,795761,0.0,0,0,0,0.0,0.0,0.0,frosinone - juventus,anthony oyono,,,0,0,0,0,0,0,frosinone,Juventus,0.1757225975975976,0.5851062810555181,Serie A,h,SUB,top,weak
Anthony Oyono,0,2,0.0905462428927421,90,DR,fiorentina,frosinone,0,3,2026-08-29,31573,2026,797125,0.0,0,0,0,0.0905462428927421,0.1382088363170623,0.0617767423391342,fiorentina - frosinone,anthony oyono,6.5,6.5,0,0,0,0,0,0,frosinone,Fiorentina,0.4216873123123123,0.6942294271616989,Serie A,a,,mid,weak
Antoine Hainaut,0,2,0.2893107235431671,87,DMR,venezia,lecce,0,2,2026-08-23,31565,2026,795723,0.0419067405164241,0,1,0,0.2893107235431671,0.5686342716217041,0.2374168038368225,venezia - lecce,antoine hainaut,5.5,5.5,0,0,0,0,0,0,venezia,Lecce,0.7147897897897898,0.1736830560214487,Serie A,h,D,weak,weak
Antoine Hainaut,0,1,0.0268864911049604,90,DMR,milan,venezia,2,0,2026-08-28,31570,2026,796465,0.042765062302351,0,1,0,0.0268864911049604,0.0794741809368133,0.0525876879692077,milan - venezia,antoine hainaut,6.0,6.0,0,0,0,0,0,0,venezia,AC Milan,0.5461336336336335,0.2008453724461533,Serie A,a,D,top,weak
Antonino Gallo,0,1,0.011043170467019,48,DL,venezia,lecce,0,2,2026-08-23,31565,2026,795738,0.0,0,0,0,0.011043170467019,0.011043170467019,0.0,venezia - lecce,antonino gallo,6.0,6.0,0,0,0,0,0,0,lecce,Venezia,0.298582957957958,0.4417969608934029,Serie A,a,D,weak,weak
Antonio Raimondo,0,1,0.0795883312821388,90,FW,frosinone,juventus,0,1,2026-08-23,31564,2026,795760,0.0468478873372077,0,1,0,0.0795883312821388,0.1264362186193466,0.0,frosinone - juventus,antonio raimondo,5.5,5.5,0,0,0,0,0,0,frosinone,Juventus,0.410670045045045,0.2736218604231926,Serie A,h,A,top,weak
Antonio Raimondo,2,2,0.9111508131027222,90,FW,fiorentina,frosinone,0,3,2026-08-29,31573,2026,797134,0.3864169716835022,0,2,2,0.9111508131027222,1.2975677251815796,0.0617767423391342,fiorentina - frosinone,antonio raimondo,7.5,13.0,2,0,0,1,0,0,frosinone,Fiorentina,0.5469125375375375,0.2736218604231926,Serie A,a,A,mid,weak
Antonio Vergara,1,2,0.422707587480545,23,Sub,genoa,napoli,0,2,2026-08-22,31563,2026,795371,0.4527325332164764,1,1,1,0.422707587480545,0.8982945084571838,0.0228544045239686,genoa - napoli,antonio vergara,7.0,11.0,1,0,0,0,0,0,napoli,Genoa,0.6724474474474474,0.4462145335513243,Serie A,a,C,weak,top
Ardian Ismajli,0,0,0.0,90,DC,torino,milan,1,2,2026-08-23,31566,2026,795878,0.0,0,0,0,0.0,0.3835500180721283,0.3835500180721283,torino - milan,ardian ismajli,6.5,6.5,0,0,0,0,0,0,torino,AC Milan,0.2315127627627627,0.4320813052980178,Serie A,h,D,top,weak
Ardian Ismajli,0,0,0.0,20,Sub,sassuolo,torino,2,1,2026-08-29,31572,2026,797103,0.0,0,0,0,0.0,0.0,0.0,sassuolo - torino,ardian ismajli,6.0,6.0,0,0,0,0,0,0,torino,Sassuolo,0.231493993993994,0.4528676456867361,Serie A,a,D,mid,weak
Ardon Jashari,0,0,0.0,56,MC,torino,milan,1,2,2026-08-23,31566,2026,795900,0.1351461261510849,0,2,0,0.0,0.4571501016616821,0.4152438938617706,torino - milan,ardon jashari,6.0,6.0,0,0,0,0,0,0,milan,Torino,0.1757225975975976,0.3852312700949731,Serie A,a,C,weak,top
Ardon Jashari,0,1,0.5152838826179504,13,Sub,milan,venezia,2,0,2026-08-28,31570,2026,796460,0.0,0,0,0,0.5152838826179504,0.5507504343986511,0.0354665406048297,milan - venezia,ardon jashari,6.0,6.0,0,0,0,0,0,0,milan,Venezia,0.5221002252252253,0.3852312700949731,Serie A,h,C,weak,top
Arijanet Muric,0,0,0.0,90,GK,atalanta,sassuolo,2,1,2026-08-23,31567,2026,795925,0.0,0,0,0,0.0,0.1063336506485939,0.1063336506485939,atalanta - sassuolo,arijanet muric,6.5,4.5,-2,0,0,0,0,0,sassuolo,Atalanta,0.1757225975975976,0.4402125699797749,Serie A,a,P,top,mid
Arijanet Muric,0,0,0.0,90,GK,sassuolo,torino,2,1,2026-08-29,31572,2026,797076,0.0,0,0,0,0.0,0.0192325580865144,0.0192325580865144,sassuolo - torino,arijanet muric,7.0,6.0,-1,0,0,0,0,0,sassuolo,Torino,0.1757225975975976,0.4402125699797749,Serie A,h,P,weak,mid
Armand Lauriente,0,6,0.5718996524810791,90,FWL,atalanta,sassuolo,2,1,2026-08-23,31567,2026,795935,0.4969270229339599,0,2,0,0.5718996524810791,1.2734471559524536,0.7364826202392578,atalanta - sassuolo,armand lauriente,6.5,6.5,0,0,0,0,0,0,sassuolo,Atalanta,0.9639827327327328,0.2372577229107287,Serie A,a,A,top,mid
Armand Lauriente,0,7,0.4311796426773071,90,FWL,sassuolo,torino,2,1,2026-08-29,31572,2026,797086,0.5777344107627869,0,1,0,0.4311796426773071,1.078358769416809,0.0694447308778762,sassuolo - torino,armand lauriente,6.5,6.0,0,0,0,1,0,0,sassuolo,Torino,0.9460773273273272,0.2525198336983618,Serie A,h,A,weak,mid
Armel Bella Kotchap,0,1,0.4938496947288513,90,DC,venezia,lecce,0,2,2026-08-23,31565,2026,795722,0.0,0,0,0,0.4938496947288513,0.2659454345703125,0.2659454345703125,venezia - lecce,armel kotchap,4.5,4.5,0,0,0,0,0,0,venezia,Lecce,0.5199793543543544,0.8654480041610367,Serie A,h,,weak,weak
Armel Bella Kotchap,0,1,0.0091448323801159,90,DC,milan,venezia,2,0,2026-08-28,31570,2026,796464,0.0,0,0,0,0.0091448323801159,0.0617325194180011,0.0525876879692077,milan - venezia,armel kotchap,5.0,5.0,0,0,0,0,0,0,venezia,AC Milan,0.2967623873873874,1.0,Serie A,a,,top,weak
Artem Dovbyk,0,0,0.0,26,Sub,bologna,lazio,0,1,2026-08-24,31568,2026,796018,0.0,0,0,0,0.0,0.0,0.0,bologna - lazio,artem dovbyk,5.0,5.0,0,0,0,0,0,0,bologna,Lazio,0.5423986486486486,0.4402125699797749,Serie A,h,A,mid,mid
Artem Dovbyk,0,2,0.1538190692663192,29,Sub,atalanta,bologna,1,0,2026-08-31,31579,2026,798264,0.0,0,0,0,0.1538190692663192,0.1538190692663192,0.0,atalanta - bologna,artem dovbyk,5.0,5.0,0,0,0,0,0,0,bologna,Atalanta,0.8198385885885886,0.4402125699797749,Serie A,a,A,top,mid
Arthur Atta,0,0,0.0,76,AMC,roma,fiorentina,4,0,2026-08-24,31569,2026,796124,0.0151015343144536,0,1,0,0.0,0.0772021487355232,0.0621006116271019,roma - fiorentina,arthur atta,4.5,4.5,0,0,0,0,0,0,fiorentina,Roma,0.5244557057057057,0.3859813361417952,Serie A,a,C,mid,mid
Arthur Atta,0,5,0.7051121592521667,90,MC,fiorentina,frosinone,0,3,2026-08-29,31573,2026,797113,0.0,0,0,0,0.7051121592521667,0.9859647154808044,0.3476895093917846,fiorentina - frosinone,arthur atta,5.0,5.0,0,0,0,0,0,0,fiorentina,Frosinone,0.8725037537537538,0.3707411360972703,Serie A,h,C,weak,mid
Assane Diao,0,2,0.0841967463493347,41,Sub,udinese,como,1,1,2026-08-22,31561,2026,795120,0.607149600982666,0,2,0,0.0841967463493347,0.6913463473320007,0.0,udinese - como,assane diao,6.5,6.5,0,0,0,0,0,0,como,Udinese,0.6866741741741742,0.2246681402389824,Serie A,a,A,weak,mid
Assane Diao,0,2,0.1177875846624374,69,AMR,napoli,como,1,2,2026-08-30,31575,2026,797912,0.1665333658456802,1,2,0,0.1177875846624374,0.3079099357128143,0.0944226458668708,napoli - como,assane diao,6.5,7.5,0,0,0,0,0,0,como,Napoli,0.705198948948949,0.22784312223698,Serie A,a,A,top,mid
Bartol Franjic,0,2,0.4369052946567535,90,DC,venezia,lecce,0,2,2026-08-23,31565,2026,795721,0.0,0,0,0,0.4369052946567535,0.4752086699008941,0.4752086699008941,venezia - lecce,bartol franjic,6.0,6.0,0,0,0,0,0,0,venezia,Lecce,0.7182057057057057,0.2620603263979638,Serie A,h,D,weak,weak
Bartol Franjic,0,0,0.0,47,DC,milan,venezia,2,0,2026-08-28,31570,2026,796463,0.0,0,0,0,0.0,0.0,0.0,milan - venezia,bartol franjic,6.0,6.0,0,0,0,0,0,0,venezia,AC Milan,0.3320476726726726,0.3142379337754294,Serie A,a,D,top,weak
Benjamin Pavard,0,1,0.0446873940527439,90,DC,cagliari,inter,0,1,2026-08-30,31576,2026,798002,0.1342850476503372,0,1,0,0.0446873940527439,1.8397682905197144,1.7054831981658936,cagliari - inter,benjamin pavard,6.5,6.5,0,0,0,0,0,0,inter,Cagliari,0.3624343093093093,0.4402125699797749,Serie A,a,D,weak,top
Benjamín Cremaschi,0,0,0.0,2,Sub,parma,cagliari,0,1,2026-08-22,31562,2026,795202,0.0,0,0,0,0.0,0.0,0.0,parma - cagliari,benjamin cremaschi,,,0,0,0,0,0,0,parma,Cagliari,0.1757225975975976,0.4402125699797749,Serie A,h,C,weak,weak
Benjamín Cremaschi,0,0,0.0,25,Sub,juventus,parma,2,0,2026-08-29,31574,2026,797391,0.0,0,0,0,0.0,0.0,0.0,juventus - parma,benjamin cremaschi,6.0,6.0,0,0,0,0,0,0,parma,Juventus,0.1757225975975976,0.4402125699797749,Serie A,a,C,top,weak
Benjamín Domínguez,0,1,0.0138293867930769,15,Sub,atalanta,sassuolo,2,1,2026-08-23,31567,2026,795939,0.0,0,0,0,0.0138293867930769,0.0138293867930769,0.0,atalanta - sassuolo,benjamin dominguez,5.5,5.5,0,0,0,0,0,0,sassuolo,Atalanta,0.4135135135135135,0.4402125699797749,Serie A,a,A,top,mid
Benjamín Domínguez,0,0,0.0,27,Sub,sassuolo,torino,2,1,2026-08-29,31572,2026,797087,0.0,0,0,0,0.0,0.0,0.0,sassuolo - torino,benjamin dominguez,5.5,5.5,0,0,0,0,0,0,sassuolo,Torino,0.2814752252252252,0.4402125699797749,Serie A,h,A,weak,mid
Boulaye Dia,0,0,0.0,83,FW,bologna,lazio,0,1,2026-08-24,31568,2026,796029,0.5429759621620178,1,4,0,0.0,0.5668886303901672,0.1470450907945633,bologna - lazio,boulaye dia,,,,,,,,,lazio,Bologna,0.2853228228228228,0.8393008830361001,Serie A,a,,mid,mid
Boulaye Dia,0,0,0.0,84,FW,lazio,genoa,1,0,2026-08-30,31577,2026,798026,0.0,0,0,0,0.0,0.2146708071231842,0.2146708071231842,lazio - genoa,boulaye dia,,,,,,,,,lazio,Genoa,0.2816629129129129,1.0,Serie A,h,,weak,mid
Bremer,1,2,0.6248854398727417,90,DC,frosinone,juventus,0,1,2026-08-23,31564,2026,795768,0.5549399852752686,0,3,1,0.6248854398727417,0.1870946288108825,0.1234936267137527,frosinone - juventus,bremer,6.5,9.5,1,0,0,0,0,0,juventus,Frosinone,0.9442942942942942,0.6335194600818851,Serie A,a,D,weak,top
Bremer,0,1,0.0,90,DC,juventus,parma,2,0,2026-08-29,31574,2026,797363,0.0,0,0,0,0.0,0.0,0.0,juventus - parma,bremer,6.0,6.0,0,0,0,0,0,0,juventus,Parma Calcio 1913,0.5889451951951952,0.4305160622080695,Serie A,h,D,weak,top
Brooke Norton-Cuffy,0,0,0.0,90,DMR,genoa,napoli,0,2,2026-08-22,31563,2026,795346,0.075317233800888,0,1,0,0.0,0.1324076652526855,0.0570904351770877,genoa - napoli,brooke nortoncuffy,6.0,6.0,0,0,0,0,0,0,genoa,Napoli,0.3609234234234234,0.7424303007846174,Serie A,h,D,top,weak
Brooke Norton-Cuffy,0,1,0.0395742431282997,90,DML,lazio,genoa,1,0,2026-08-30,31577,2026,798038,0.0594792366027832,0,3,0,0.0395742431282997,0.2624335885047912,0.1977650225162506,lazio - genoa,brooke nortoncuffy,6.0,6.0,0,0,0,0,0,0,genoa,Lazio,0.5314376876876877,0.4780791694192918,Serie A,a,D,mid,weak
Bryan Cristante,0,0,0.0,90,MC,roma,fiorentina,4,0,2026-08-24,31569,2026,796106,0.0514278672635555,0,1,0,0.0,1.449794888496399,1.449794888496399,roma - fiorentina,bryan cristante,6.5,6.5,0,0,0,0,0,0,roma,Fiorentina,0.4317004504504504,0.528409836968135,Serie A,h,C,mid,mid
Bryan Cristante,0,0,0.0,90,MC,lecce,roma,0,4,2026-08-31,31578,2026,798164,0.0,0,0,0,0.0,1.1701710224151611,1.1701710224151611,lecce - roma,bryan cristante,6.5,6.5,0,0,0,0,0,0,roma,Lecce,0.4192755255255255,0.4302767211552312,Serie A,a,C,weak,mid
Cas Odenthal,1,1,0.5228176116943359,90,DC,atalanta,sassuolo,2,1,2026-08-23,31567,2026,795927,0.0121200596913695,0,1,1,0.5228176116943359,0.7770265936851501,0.2542089819908142,atalanta - sassuolo,cas odenthal,6.0,9.0,1,0,0,0,0,0,sassuolo,Atalanta,0.6693787537537538,0.4497453087620109,Serie A,a,D,top,mid
Cesare Casadei,0,0,0.0,70,AMC,torino,milan,1,2,2026-08-23,31566,2026,795886,0.0,0,0,0,0.0,0.0,0.0,torino - milan,cesare casadei,5.0,5.0,0,0,0,0,0,0,torino,AC Milan,0.5148460960960961,0.4402125699797749,Serie A,h,C,top,weak
Charles De Ketelaere,0,0,0.0,29,Sub,atalanta,sassuolo,2,1,2026-08-23,31567,2026,795922,0.0263633020222187,0,1,0,0.0,0.0263633020222187,0.0,atalanta - sassuolo,charles de ketelaere,5.5,5.5,0,0,0,0,0,0,atalanta,Sassuolo,0.4240615615615616,0.1261493230549573,Serie A,h,A,mid,top
Charles De Ketelaere,0,0,0.0,56,FWR,atalanta,bologna,1,0,2026-08-31,31579,2026,798241,0.0331055894494056,0,1,0,0.0,0.069285862147808,0.0361802689731121,atalanta - bologna,charles de ketelaere,5.0,5.0,0,0,0,0,0,0,atalanta,Bologna,0.4118243243243243,0.114913901843938,Serie A,h,A,mid,top
Che Adams,1,1,0.0533874668180942,20,Sub,torino,milan,1,2,2026-08-23,31566,2026,795888,0.0,0,0,1,0.0533874668180942,0.0,0.0,torino - milan,che adams,7.0,10.0,1,0,0,0,0,0,torino,AC Milan,0.7614301801801802,0.5766520650158325,Serie A,h,A,top,weak
Che Adams,0,1,0.2599762082099914,86,FW,sassuolo,torino,2,1,2026-08-29,31572,2026,797102,0.1088026314973831,0,1,0,0.2599762082099914,0.4586663544178009,0.1986901611089706,sassuolo - torino,che adams,6.0,6.0,0,0,0,0,0,0,torino,Sassuolo,0.9266891891891892,0.6360333708516644,Serie A,a,A,mid,weak
Cher Ndour,0,2,0.0621006116271019,90,MC,roma,fiorentina,4,0,2026-08-24,31569,2026,796122,0.0193337183445692,0,1,0,0.0621006116271019,0.1679675579071045,0.1058669462800026,roma - fiorentina,cher ndour,4.5,4.5,0,0,0,0,0,0,fiorentina,Roma,0.6997372372372372,0.3594174195352787,Serie A,a,C,mid,mid
Cher Ndour,0,2,0.0738807544112205,64,MC,fiorentina,frosinone,0,3,2026-08-29,31573,2026,797114,0.0730720311403274,0,1,0,0.0738807544112205,0.2147938758134842,0.0678410977125167,fiorentina - frosinone,cher ndour,5.0,5.0,0,0,0,0,0,0,fiorentina,Frosinone,0.7038851351351352,0.619888522030213,Serie A,h,C,weak,mid
Christ Inao Oulaï,0,1,0.0152197433635592,26,Sub,roma,fiorentina,4,0,2026-08-24,31569,2026,796129,0.0,0,0,0,0.0152197433635592,0.1058669462800026,0.1058669462800026,roma - fiorentina,christ oulai,6.0,6.0,0,0,0,0,0,0,fiorentina,Roma,0.4894894894894895,1.0,Serie A,a,C,mid,mid
Christ Inao Oulaï,0,0,0.0,74,MC,fiorentina,frosinone,0,3,2026-08-29,31573,2026,797115,0.1077482476830482,0,3,0,0.0,0.2146109044551849,0.1552362293004989,fiorentina - frosinone,christ oulai,4.0,4.0,0,0,0,0,0,0,fiorentina,Frosinone,0.3286786786786786,0.4402125699797749,Serie A,h,C,weak,mid
Christian Ordóñez,0,2,0.1022477522492408,90,MC,parma,cagliari,0,1,2026-08-22,31562,2026,795192,0.0422163493931293,0,2,0,0.1022477522492408,0.0958139225840568,0.0,parma - cagliari,christian ordonez,5.5,5.5,0,0,0,0,0,0,parma,Cagliari,0.7091966966966967,0.4140247074351721,Serie A,h,C,weak,weak
Christian Ordóñez,0,1,0.0,65,MC,juventus,parma,2,0,2026-08-29,31574,2026,797383,0.0,0,0,0,0.0,0.0,0.0,juventus - parma,christian ordonez,6.0,6.0,0,0,0,0,0,0,parma,Juventus,0.4416291291291291,0.3920606733622875,Serie A,a,C,top,weak
Christos Mandas,0,0,0.0,90,GK,bologna,lazio,0,1,2026-08-24,31568,2026,796020,0.0,0,0,0,0.0,0.1008859723806381,0.1008859723806381,bologna - lazio,christos mandas,7.5,8.5,0,0,0,0,0,0,lazio,Bologna,0.1757225975975976,0.4402125699797749,Serie A,a,P,mid,mid
Christos Mandas,0,0,0.0,90,GK,lazio,genoa,1,0,2026-08-30,31577,2026,798017,0.0,0,0,0,0.0,0.1522703021764755,0.1522703021764755,lazio - genoa,christos mandas,6.5,7.5,0,0,0,0,0,0,lazio,Genoa,0.1757225975975976,0.4402125699797749,Serie A,h,P,weak,mid
Corrie Ndaba,0,0,0.0,42,Sub,venezia,lecce,0,2,2026-08-23,31565,2026,795745,0.0,0,0,0,0.0,0.7237807512283325,0.7237807512283325,venezia - lecce,corrie ndaba,6.0,6.0,0,0,0,0,0,0,lecce,Venezia,0.1757225975975976,0.7143864455254127,Serie A,a,D,weak,weak
Corrie Ndaba,0,0,0.0,90,DML,lecce,roma,0,4,2026-08-31,31578,2026,798146,0.0,0,0,0,0.0,0.0,0.0,lecce - roma,corrie ndaba,4.5,4.5,0,0,0,0,0,0,lecce,Roma,0.1757225975975976,0.7143864455254127,Serie A,h,D,mid,weak
Cristian Volpato,0,2,0.1190813854336738,89,FWR,atalanta,sassuolo,2,1,2026-08-23,31567,2026,795933,0.6558278799057007,0,5,0,0.1190813854336738,0.5969216823577881,0.3643417954444885,atalanta - sassuolo,cristian volpato,5.5,5.5,0,0,0,0,0,0,sassuolo,Atalanta,0.7803115615615616,0.4402125699797749,Serie A,a,C,top,mid
Cristian Volpato,1,3,0.1274167895317077,63,FWR,sassuolo,torino,2,1,2026-08-29,31572,2026,797084,0.1793688237667083,0,3,1,0.1274167895317077,0.3430565893650055,0.1219251230359077,sassuolo - torino,cristian volpato,6.5,9.0,1,0,0,1,0,0,sassuolo,Torino,0.7744932432432432,0.8966058067765594,Serie A,h,C,weak,mid
Curtis Jones,0,1,0.0404784046113491,23,Sub,cagliari,inter,0,1,2026-08-30,31576,2026,798016,0.0,0,0,0,0.0404784046113491,0.7425801157951355,0.7021017074584961,cagliari - inter,curtis jones,6.0,6.0,0,0,0,0,0,0,inter,Cagliari,0.5458521021021021,0.8966058067765594,Serie A,a,SUB,weak,top
Daniel Bîrligea,0,0,0.0,1,Sub,fiorentina,frosinone,0,3,2026-08-29,31573,2026,797138,0.0,0,0,0,0.0,0.0,0.0,fiorentina - frosinone,daniel birligea,,,0,0,0,0,0,0,frosinone,Fiorentina,0.3286786786786786,0.5535315232437551,Serie A,a,A,mid,weak
Daniel Maldini,0,1,0.0202853120863437,90,AMC,parma,cagliari,0,1,2026-08-22,31562,2026,795211,0.1715798676013946,0,3,0,0.0202853120863437,0.4266674816608429,0.3029641509056091,parma - cagliari,daniel maldini,5.5,5.5,0,0,0,0,0,0,cagliari,Parma Calcio 1913,0.5734984984984985,1.0,Serie A,a,A,weak,weak
Daniel Maldini,0,1,0.0599454045295715,80,AMC,cagliari,inter,0,1,2026-08-30,31576,2026,797993,0.0,0,0,0,0.0599454045295715,0.0,0.0,cagliari - inter,daniel maldini,5.5,5.5,0,0,0,0,0,0,cagliari,Inter,0.6258070570570571,0.6531175491082041,Serie A,h,A,top,weak
Daniele Ghilardi,0,0,0.0,90,DC,lecce,roma,0,4,2026-08-31,31578,2026,798159,0.0,0,0,0,0.0,0.255778044462204,0.255778044462204,lecce - roma,daniele ghilardi,6.5,6.5,0,0,0,0,0,0,roma,Lecce,0.1757225975975976,0.4402125699797749,Serie A,a,D,weak,mid
Danilho Doekhi,0,0,0.0,90,DC,bologna,lazio,0,1,2026-08-24,31568,2026,796023,0.0,0,0,0,0.0,0.1011068373918533,0.1011068373918533,bologna - lazio,danilho doekhi,6.0,6.0,0,0,0,0,0,0,lazio,Bologna,0.3441722972972972,0.4402125699797749,Serie A,a,D,mid,mid
Danilho Doekhi,0,2,0.9404181241989136,90,DC,lazio,genoa,1,0,2026-08-30,31577,2026,798020,0.0,0,0,0,0.9404181241989136,0.0776204243302345,0.0776204243302345,lazio - genoa,danilho doekhi,6.5,6.5,0,0,0,0,0,0,lazio,Genoa,0.6943412162162163,0.4402125699797749,Serie A,h,D,weak,mid
Danilo Veiga,0,0,0.0,90,DR,venezia,lecce,0,2,2026-08-23,31565,2026,795735,0.0,0,0,0,0.0,0.011043170467019,0.011043170467019,venezia - lecce,danilo veiga,6.5,7.0,0,0,0,1,0,0,lecce,Venezia,0.1757225975975976,0.4402125699797749,Serie A,a,D,weak,weak
Danilo Veiga,0,0,0.0,90,DMR,lecce,roma,0,4,2026-08-31,31578,2026,798145,0.0,0,0,0,0.0,0.0,0.0,lecce - roma,danilo veiga,4.5,4.5,0,0,0,0,0,0,lecce,Roma,0.1757225975975976,0.4402125699797749,Serie A,h,D,mid,weak
Dany Mota,0,1,0.0230396389961242,4,Sub,monza,udinese,2,3,2026-08-29,31571,2026,797058,0.0194922406226396,0,1,0,0.0230396389961242,0.0769988819956779,0.0575066395103931,monza - udinese,dany mota,6.0,6.0,0,0,0,0,0,0,monza,Udinese,0.5452139639639639,0.5511423582313932,Serie A,h,A,weak,weak
Darryl Bakola,0,1,0.0548703037202358,90,MC,atalanta,sassuolo,2,1,2026-08-23,31567,2026,795932,0.0,0,0,0,0.0548703037202358,0.8267035484313965,0.7718333005905151,atalanta - sassuolo,darryl bakola,5.5,5.5,0,0,0,0,0,0,sassuolo,Atalanta,0.3777120870870871,0.735833910665726,Serie A,a,C,top,mid
Darryl Bakola,0,0,0.0,90,MC,sassuolo,torino,2,1,2026-08-29,31572,2026,797081,0.1440965980291366,0,3,0,0.0,0.4457912743091583,0.3796906769275665,sassuolo - torino,darryl bakola,7.0,7.0,0,0,0,0,0,0,sassuolo,Torino,0.1757225975975976,0.6621264669900668,Serie A,h,C,weak,mid
David Neres,0,1,0.0227217357605695,6,Sub,napoli,como,1,2,2026-08-30,31575,2026,797901,0.0,0,0,0,0.0227217357605695,0.0227217357605695,0.0,napoli - como,david neres,,6.0,0,0,0,0,0,0,napoli,Como,0.5781719219219219,0.4402125699797749,Serie A,h,C,mid,top
David Romero,0,3,0.0,24,Sub,juventus,parma,2,0,2026-08-29,31574,2026,797388,0.0,0,0,0,0.0,0.0,0.0,juventus - parma,david romero,6.5,6.5,0,0,0,0,0,0,parma,Juventus,0.3687593843843844,0.4402125699797749,Serie A,a,A,top,weak
David de Gea,0,0,0.0,90,GK,roma,fiorentina,4,0,2026-08-24,31569,2026,796115,0.0,0,0,0,0.0,0.0,0.0,roma - fiorentina,david de gea,5.0,1.0,-4,0,0,0,0,0,fiorentina,Roma,0.1757225975975976,0.4402125699797749,Serie A,a,P,mid,mid
David de Gea,0,0,0.0,90,GK,fiorentina,frosinone,0,3,2026-08-29,31573,2026,797108,0.0,0,0,0,0.0,0.1514995396137237,0.1514995396137237,fiorentina - frosinone,david de gea,5.0,2.0,-3,0,0,0,0,0,fiorentina,Frosinone,0.1757225975975976,0.4402125699797749,Serie A,h,P,weak,mid
Davide Bartesaghi,0,0,0.0,24,Sub,torino,milan,1,2,2026-08-23,31566,2026,795908,0.2552874088287353,0,2,0,0.0,0.2552874088287353,0.1410678625106811,torino - milan,davide bartesaghi,6.0,6.0,0,0,0,0,0,0,milan,Torino,0.2717905405405405,0.961386596656548,Serie A,a,D,weak,top
Davide Bartesaghi,0,0,0.0,90,DML,milan,venezia,2,0,2026-08-28,31570,2026,796450,0.446849375963211,0,2,0,0.0,1.016473650932312,0.5696243047714233,milan - venezia,davide bartesaghi,5.5,5.5,0,0,0,0,0,0,milan,Venezia,0.2691066066066065,0.8996105391050204,Serie A,h,D,weak,top
Davide Frattesi,1,1,0.4022709131240845,32,Sub,bologna,lazio,0,1,2026-08-24,31568,2026,796033,0.0,0,0,1,0.4022709131240845,0.4198435842990875,0.0175726562738418,bologna - lazio,davide frattesi,7.5,10.5,1,0,0,0,0,0,lazio,Bologna,0.6039226726726726,0.0,Serie A,a,C,mid,mid
Davide Frattesi,1,2,0.4592401087284088,90,MC,lazio,genoa,1,0,2026-08-30,31577,2026,798022,0.3284116983413696,0,2,1,0.4592401087284088,0.8868155479431152,0.0991637855768203,lazio - genoa,davide frattesi,7.0,10.0,1,0,0,0,0,0,lazio,Genoa,0.8426238738738738,0.0048463345336832,Serie A,h,C,weak,mid
Davide Zappacosta,0,2,0.0752059966325759,90,DR,atalanta,sassuolo,2,1,2026-08-23,31567,2026,795910,0.0,0,0,0,0.0752059966325759,0.240942433476448,0.165736436843872,atalanta - sassuolo,davide zappacosta,6.5,6.5,0,0,0,0,0,0,atalanta,Sassuolo,0.7746433933933934,0.9445818546809228,Serie A,h,D,mid,top
Davide Zappacosta,0,0,0.0,90,DR,atalanta,bologna,1,0,2026-08-31,31579,2026,798234,0.0,0,0,0,0.0,0.1289219856262207,0.1289219856262207,atalanta - bologna,davide zappacosta,6.0,6.0,0,0,0,0,0,0,atalanta,Bologna,0.532957957957958,0.4345314360337016,Serie A,h,D,mid,top
Demba Thiam,0,0,0.0,90,GK,monza,udinese,2,3,2026-08-29,31571,2026,797044,0.0,0,0,0,0.0,0.0575066395103931,0.0575066395103931,monza - udinese,demba thiam,4.0,1.0,-3,0,0,0,0,0,monza,Udinese,0.3222879129129129,0.4542104495920501,Serie A,h,P,weak,weak
Diego Mascardi,0,0,0.0,90,GK,torino,milan,1,2,2026-08-23,31566,2026,795877,0.0,0,0,0,0.0,0.0,0.0,torino - milan,diego mascardi,6.0,4.0,-2,0,0,0,0,0,torino,AC Milan,0.3222879129129129,0.4151413792462893,Serie A,h,P,top,weak
Diego Mascardi,0,0,0.0,90,GK,sassuolo,torino,2,1,2026-08-29,31572,2026,797092,0.0,0,0,0,0.0,0.4411962330341339,0.4411962330341339,sassuolo - torino,diego mascardi,6.5,4.5,-2,0,0,0,0,0,torino,Sassuolo,0.3222879129129129,0.4151413792462893,Serie A,a,P,mid,weak
Djibril Sow,0,1,0.1043898984789848,15,Sub,genoa,napoli,0,2,2026-08-22,31563,2026,795355,0.0,0,0,0,0.1043898984789848,0.1043898984789848,0.0,genoa - napoli,djibril sow,5.5,5.5,0,0,0,0,0,0,genoa,Napoli,0.5809590840840841,0.4355270078209226,Serie A,h,SUB,top,weak
Djibril Sow,0,0,0.0,62,MC,lazio,genoa,1,0,2026-08-30,31577,2026,798040,0.0,0,0,0,0.0,0.1227110102772712,0.1227110102772712,lazio - genoa,djibril sow,5.5,5.5,0,0,0,0,0,0,genoa,Lazio,0.3286786786786786,0.4157056243200778,Serie A,a,,mid,weak
Dodô,0,1,0.0123136425390839,90,DR,roma,fiorentina,4,0,2026-08-24,31569,2026,796116,0.0,0,0,0,0.0123136425390839,0.0161070134490728,0.0161070134490728,roma - fiorentina,dodo,4.5,4.5,0,0,0,0,0,0,fiorentina,Roma,0.4978228228228228,0.3904810597567746,Serie A,a,D,mid,mid
Domenico Berardi,1,1,0.0961904004216194,15,Sub,sassuolo,torino,2,1,2026-08-29,31572,2026,797088,0.1979644745588302,0,2,1,0.0961904004216194,0.1979644745588302,0.0,sassuolo - torino,domenico berardi,7.0,10.0,1,0,0,0,0,0,sassuolo,Torino,0.8042042042042041,1.0,Serie A,h,A,weak,mid
Dominik Drobnic,0,0,0.0,90,DC,juventus,parma,2,0,2026-08-29,31574,2026,797380,0.0,0,0,0,0.0,0.0,0.0,juventus - parma,dominik drobnic,,,,,,,,,parma,Juventus,0.443825075075075,0.5067406836942191,Serie A,a,D,top,weak
Donyell Malen,3,5,1.6628906726837158,70,FW,roma,fiorentina,4,0,2026-08-24,31569,2026,796109,0.054447840899229,0,1,3,1.6628906726837158,1.823352932929993,0.1060144901275634,roma - fiorentina,donyell malen,8.5,17.5,3,0,0,0,0,0,roma,Fiorentina,0.8548986486486487,0.0,Serie A,h,A,mid,mid
Donyell Malen,2,5,2.1394143104553223,70,FW,lecce,roma,0,4,2026-08-31,31578,2026,798167,0.1074525564908981,0,1,2,2.1394143104553223,3.292634963989258,1.0457682609558103,lecce - roma,donyell malen,8.0,13.5,2,0,0,1,0,0,roma,Lecce,0.8843468468468468,0.0,Serie A,a,A,weak,mid
Douglas Luiz,0,3,0.1685971766710281,82,DMC,frosinone,juventus,0,1,2026-08-23,31564,2026,795771,0.3027325272560119,0,2,0,0.1685971766710281,0.2924385070800781,0.1109863445162773,frosinone - juventus,douglas luiz,5.5,5.5,0,0,0,0,0,0,juventus,Frosinone,0.4710304054054054,0.3877810789893938,Serie A,a,C,weak,top
Douglas Luiz,0,6,0.0,90,MC,juventus,parma,2,0,2026-08-29,31574,2026,797367,0.0,0,1,0,0.0,0.0,0.0,juventus - parma,douglas luiz,6.0,6.0,0,0,0,0,0,0,juventus,Parma Calcio 1913,0.1757225975975976,0.5719847269027919,Serie A,h,C,weak,top
Duván Zapata,0,0,0.0,4,Sub,sassuolo,torino,2,1,2026-08-29,31572,2026,797104,0.0,0,0,0,0.0,0.0,0.0,sassuolo - torino,duvan zapata,,,0,0,0,0,0,0,torino,Sassuolo,0.5912725225225225,0.3799138683527749,Serie A,a,A,mid,weak
Ebenezer Akinsanmiro,0,0,0.0,34,Sub,monza,udinese,2,3,2026-08-29,31571,2026,797057,0.3205858469009399,1,1,0,0.0,0.3806138932704925,0.3806138932704925,monza - udinese,ebenezer akinsanmiro,6.5,7.5,0,0,0,0,0,0,monza,Udinese,0.1757225975975976,0.8066506951238503,Serie A,h,C,weak,weak
Eddy Kouadio,0,0,0.0,90,DC,inter,monza,4,1,2026-08-22,31560,2026,795046,0.0,0,0,0,0.0,0.0,0.0,inter - monza,eddy kouadio,5.5,5.0,0,0,0,1,0,0,monza,Inter,0.1757225975975976,0.2860291509487236,Serie A,a,D,top,weak
Eddy Kouadio,0,0,0.0,90,DC,monza,udinese,2,3,2026-08-29,31571,2026,797047,0.635704517364502,0,1,0,0.0,0.9572367072105408,0.3215322196483612,monza - udinese,eddy kouadio,5.0,5.0,0,0,0,0,0,0,monza,Udinese,0.1757225975975976,0.3132108814605794,Serie A,h,D,weak,weak
Edoardo Corvi,0,0,0.0,90,GK,parma,cagliari,0,1,2026-08-22,31562,2026,795187,0.0,0,0,0,0.0,0.0241969749331474,0.0241969749331474,parma - cagliari,edoardo corvi,6.5,5.5,-1,0,0,0,0,0,parma,Cagliari,0.1757225975975976,0.4402125699797749,Serie A,h,P,weak,weak
Edoardo Corvi,0,0,0.0,90,GK,juventus,parma,2,0,2026-08-29,31574,2026,797377,0.0,0,0,0,0.0,0.0,0.0,juventus - parma,edoardo corvi,6.5,4.5,-2,0,0,0,0,0,parma,Juventus,0.1757225975975976,0.4402125699797749,Serie A,a,P,top,weak
Edon Zhegrova,0,1,0.0193862710148096,18,Sub,frosinone,juventus,0,1,2026-08-23,31564,2026,795781,0.1212801188230514,0,2,0,0.0193862710148096,0.0562741532921791,0.0,frosinone - juventus,edon zhegrova,5.0,5.0,0,0,0,0,0,0,juventus,Frosinone,0.3187969219219219,0.4433133363813233,Serie A,a,C,weak,top
Eivind Helland,0,2,0.1609902530908584,90,DC,bologna,lazio,0,1,2026-08-24,31568,2026,796006,0.0,0,0,0,0.1609902530908584,0.0,0.0,bologna - lazio,eivind helland,5.5,5.5,0,0,0,0,0,0,bologna,Lazio,0.4682526276276276,0.4402125699797749,Serie A,h,D,mid,mid
Eivind Helland,0,0,0.0,90,DC,atalanta,bologna,1,0,2026-08-31,31579,2026,798251,0.0,0,0,0,0.0,0.2597419917583465,0.2597419917583465,atalanta - bologna,eivind helland,6.0,6.0,0,0,0,0,0,0,bologna,Atalanta,0.1757225975975976,0.4402125699797749,Serie A,a,D,top,mid
El Bilal Touré,0,1,0.0326992534101009,90,FW,parma,cagliari,0,1,2026-08-22,31562,2026,795196,0.0,0,0,0,0.0326992534101009,0.1201239600777626,0.0874247103929519,parma - cagliari,el toure,5.5,5.5,0,0,0,0,0,0,parma,Cagliari,0.4838588588588588,0.1896812145159535,Serie A,h,,weak,weak
El Bilal Touré,0,0,0.0,84,FW,juventus,parma,2,0,2026-08-29,31574,2026,797386,0.0,0,0,0,0.0,0.0,0.0,juventus - parma,el toure,6.0,6.0,0,0,0,0,0,0,parma,Juventus,0.309496996996997,0.1593126682611656,Serie A,a,,top,weak
Elia Caprile,0,0,0.0,90,GK,parma,cagliari,0,1,2026-08-22,31562,2026,795203,0.0,0,0,0,0.0,0.2118681818246841,0.2118681818246841,parma - cagliari,elia caprile,6.0,7.0,0,0,0,0,0,0,cagliari,Parma Calcio 1913,0.1757225975975976,0.402264281847017,Serie A,a,P,weak,weak
Elia Caprile,0,0,0.0,90,GK,cagliari,inter,0,1,2026-08-30,31576,2026,797985,0.0,0,0,0,0.0,0.0,0.0,cagliari - inter,elia caprile,6.5,5.5,-1,0,0,0,0,0,cagliari,Inter,0.1757225975975976,0.2711743186641067,Serie A,h,P,top,weak
Eljif Elmas,0,0,0.0,7,Sub,atalanta,sassuolo,2,1,2026-08-23,31567,2026,795921,0.0,0,0,0,0.0,0.0,0.0,atalanta - sassuolo,eljif elmas,,,0,0,0,0,0,0,atalanta,Sassuolo,0.3833333333333333,0.4402125699797749,Serie A,h,C,mid,top
Eljif Elmas,0,0,0.0,33,Sub,atalanta,bologna,1,0,2026-08-31,31579,2026,798245,0.0,0,0,0,0.0,0.0,0.0,atalanta - bologna,eljif elmas,6.0,6.0,0,0,0,0,0,0,atalanta,Bologna,0.3734234234234234,0.4402125699797749,Serie A,h,C,mid,top
Emanuele Lulli,0,1,0.0629817768931388,90,DMR,roma,fiorentina,4,0,2026-08-24,31569,2026,796103,0.1026765629649162,0,1,0,0.0629817768931388,0.3333368599414825,0.1676785200834274,roma - fiorentina,emanuele lulli,6.5,6.5,0,0,0,0,0,0,roma,Fiorentina,0.6399211711711712,0.4402125699797749,Serie A,h,D,mid,mid
Emanuele Lulli,0,0,0.0,90,DMR,lecce,roma,0,4,2026-08-31,31578,2026,798161,0.6015958786010742,0,2,0,0.0,0.835507869720459,0.7978379130363464,lecce - roma,emanuele lulli,7.0,7.0,0,0,0,0,0,0,roma,Lecce,0.3286786786786786,0.4402125699797749,Serie A,a,D,weak,mid
Emanuele Valeri,0,2,0.0365185812115669,90,DL,parma,cagliari,0,1,2026-08-22,31562,2026,795191,0.3058639764785766,0,3,0,0.0365185812115669,0.018019376322627,0.0,parma - cagliari,emanuele valeri,6.0,6.0,0,0,0,0,0,0,parma,Cagliari,0.4184309309309309,1.0,Serie A,h,D,weak,weak
Emanuele Valeri,0,0,0.0,90,DL,juventus,parma,2,0,2026-08-29,31574,2026,797381,0.0,0,0,0,0.0,0.0,0.0,juventus - parma,emanuele valeri,5.5,5.5,0,0,0,0,0,0,parma,Juventus,0.243825075075075,1.0,Serie A,a,D,top,weak
Emil Holm,0,1,0.0494659915566444,17,Sub,bologna,lazio,0,1,2026-08-24,31568,2026,796017,0.0,0,0,0,0.0494659915566444,0.0,0.0,bologna - lazio,emil holm,5.5,5.5,0,0,0,0,0,0,bologna,Lazio,0.4944069069069069,0.4402125699797749,Serie A,h,D,mid,mid
Emil Holm,0,1,0.0382521525025367,73,DR,atalanta,bologna,1,0,2026-08-31,31579,2026,798250,0.0277500580996274,0,1,0,0.0382521525025367,0.1159822195768356,0.0777300670742988,atalanta - bologna,emil holm,6.0,6.0,0,0,0,0,0,0,bologna,Atalanta,0.4720720720720721,0.4402125699797749,Serie A,a,D,top,mid
Emirhan Ilkhan,0,0,0.0,20,Sub,sassuolo,torino,2,1,2026-08-29,31572,2026,797107,0.0,0,0,0,0.0,0.0184973161667585,0.0184973161667585,sassuolo - torino,emirhan ilkhan,5.5,5.5,0,0,0,0,0,0,torino,Sassuolo,0.2961899399399399,0.1469428698996768,Serie A,a,C,mid,weak
Enrico Del Prato,0,2,0.0787189677357673,90,DR,parma,cagliari,0,1,2026-08-22,31562,2026,795188,0.0,0,0,0,0.0787189677357673,0.0874247103929519,0.0874247103929519,parma - cagliari,enrico del prato,5.5,5.5,0,0,0,0,0,0,parma,Cagliari,0.6568881381381382,0.449162341535819,Serie A,h,D,weak,weak
Enrico Del Prato,0,0,0.0,90,DR,juventus,parma,2,0,2026-08-29,31574,2026,797378,0.0,0,2,0,0.0,0.0,0.0,juventus - parma,enrico del prato,5.5,5.0,0,0,0,1,0,0,parma,Juventus,0.4131193693693693,0.4313002994364387,Serie A,a,D,top,weak
Enzo Ebosse,0,0,0.0,41,Sub,udinese,como,1,1,2026-08-22,31561,2026,795102,0.2582726180553436,0,1,0,0.0,0.6770228147506714,0.4187501668930053,udinese - como,enzo ebosse,5.5,5.5,0,0,0,0,0,0,udinese,Como,0.1757225975975976,0.3503153404172819,Serie A,h,D,mid,weak
Enzo Ebosse,0,0,0.0,70,DC,monza,udinese,2,3,2026-08-29,31571,2026,797061,0.0351040102541446,0,1,0,0.0,0.1401280760765075,0.1050240620970726,monza - udinese,enzo ebosse,4.5,4.5,0,0,0,0,0,0,udinese,Monza,0.1757225975975976,0.3503153404172819,Serie A,a,D,weak,weak
Eray Cömert,0,0,0.0,70,DC,sassuolo,torino,2,1,2026-08-29,31572,2026,797096,0.0,0,0,0,0.0,0.5499988794326782,0.5499988794326782,sassuolo - torino,eray comert,5.5,5.5,0,0,0,0,0,0,torino,Sassuolo,0.3351163663663664,0.4015005859444998,Serie A,a,D,mid,weak
Estupiñán,0,1,0.0468538627028465,66,DML,torino,milan,1,2,2026-08-23,31566,2026,795898,0.0724187195301055,0,2,0,0.0468538627028465,0.3847312033176422,0.2911379933357239,torino - milan,estupinan,6.0,6.0,0,0,0,0,0,0,milan,Torino,0.569725975975976,0.1874223010192677,Serie A,a,D,weak,top
Estupiñán,0,0,0.0,1,Sub,milan,venezia,2,0,2026-08-28,31570,2026,796457,0.0,0,0,0,0.0,0.0,0.0,milan - venezia,estupinan,,,0,0,0,0,0,0,milan,Venezia,0.3698573573573573,0.1874223010192677,Serie A,h,D,weak,top
Ethan Meichtry,0,0,0.0,16,Sub,genoa,napoli,0,2,2026-08-22,31563,2026,795356,0.0,0,0,0,0.0,0.0,0.0,genoa - napoli,ethan meichtry,5.5,5.5,0,0,0,0,0,0,genoa,Napoli,0.3400243993993994,0.367527271264377,Serie A,h,C,top,weak
Ethan Meichtry,0,1,0.4183471798896789,8,Sub,lazio,genoa,1,0,2026-08-30,31577,2026,798047,0.0,0,0,0,0.4183471798896789,0.5580697655677795,0.1397225707769394,lazio - genoa,ethan meichtry,6.0,6.0,0,0,0,0,0,0,genoa,Lazio,0.6577984234234234,0.3905873448652107,Serie A,a,C,mid,weak
Evan Ndicka,0,1,0.4513115286827087,90,DC,roma,fiorentina,4,0,2026-08-24,31569,2026,796102,0.0,0,0,0,0.4513115286827087,1.3388563394546509,0.8875448107719421,roma - fiorentina,evan ndicka,7.5,7.5,0,0,0,0,0,0,roma,Fiorentina,0.8445382882882883,0.4512163125188853,Serie A,h,D,mid,mid
Fedde Leysen,0,0,0.0,15,Sub,atalanta,sassuolo,2,1,2026-08-23,31567,2026,795938,0.0,0,0,0,0.0,0.0,0.0,atalanta - sassuolo,fedde leysen,6.0,6.0,0,0,0,0,0,0,sassuolo,Atalanta,0.3716310060060059,0.4512163125188853,Serie A,a,SUB,top,mid
Fedde Leysen,0,0,0.0,90,DC,sassuolo,torino,2,1,2026-08-29,31572,2026,797078,0.0961904004216194,1,1,0,0.0,0.0972285643219947,0.0972285643219947,sassuolo - torino,fedde leysen,6.0,7.0,0,0,0,0,0,0,sassuolo,Torino,0.3222879129129129,0.4512163125188853,Serie A,h,,weak,mid
Federico Bernardeschi,0,2,0.0790023058652877,26,Sub,bologna,lazio,0,1,2026-08-24,31568,2026,796016,0.4926746189594269,0,1,0,0.0790023058652877,0.0211525652557611,0.0,bologna - lazio,federico bernardeschi,6.5,6.5,0,0,0,0,0,0,bologna,Lazio,0.8466403903903904,0.5627779139766821,Serie A,h,C,mid,mid
Federico Bernardeschi,0,2,0.0982024669647216,90,AMR,atalanta,bologna,1,0,2026-08-31,31579,2026,798256,0.6245056390762329,0,2,0,0.0982024669647216,0.8879399299621582,0.1652318239212036,atalanta - bologna,federico bernardeschi,7.0,7.0,0,0,0,0,0,0,bologna,Atalanta,0.8619744744744744,0.5506105737845213,Serie A,a,C,top,mid
Federico Dimarco,0,1,0.026896595954895,90,DML,inter,monza,4,1,2026-08-22,31560,2026,795032,0.1047137379646301,0,2,0,0.026896595954895,0.1922847628593444,0.1653881669044494,inter - monza,federico dimarco,6.0,6.0,0,0,0,0,0,0,inter,Monza,0.7476539039039038,0.3768883227695397,Serie A,h,D,weak,top
Federico Dimarco,0,2,0.6022370457649231,90,DML,cagliari,inter,0,1,2026-08-30,31576,2026,798006,0.67545086145401,0,7,0,0.6022370457649231,1.6242488622665403,0.694023847579956,cagliari - inter,federico dimarco,6.0,6.0,0,0,0,0,0,0,inter,Cagliari,0.9346283783783784,0.3622882307666853,Serie A,a,D,weak,top
Filip Stankovic,0,0,0.0,90,GK,venezia,lecce,0,2,2026-08-23,31565,2026,795719,0.0,0,0,0,0.0,0.0358217284083366,0.0358217284083366,venezia - lecce,filip stankovic,5.5,3.5,-2,0,0,0,0,0,venezia,Lecce,0.1757225975975976,0.1892356225469446,Serie A,h,,weak,weak
Filip Stankovic,0,0,0.0,90,GK,milan,venezia,2,0,2026-08-28,31570,2026,796461,0.0,0,0,0,0.0,0.0846058428287506,0.0846058428287506,milan - venezia,filip stankovic,7.0,5.0,-2,0,0,0,0,0,venezia,AC Milan,0.1757225975975976,0.6416642755819205,Serie A,a,,top,weak
Filippo Delli Carri,0,0,0.0,1,Sub,inter,monza,4,1,2026-08-22,31560,2026,795055,0.0,0,0,0,0.0,0.0,0.0,inter - monza,filippo carri,,,0,0,0,0,0,0,monza,Inter,0.1757225975975976,1.0,Serie A,a,SUB,top,weak
Filippo Delli Carri,0,0,0.0,27,Sub,monza,udinese,2,3,2026-08-29,31571,2026,797056,0.0,0,0,0,0.0,0.3400780856609344,0.3400780856609344,monza - udinese,filippo carri,6.0,6.0,0,0,0,0,0,0,monza,Udinese,0.1757225975975976,1.0,Serie A,h,SUB,weak,weak
Fisayo Dele-Bashiru,0,0,0.0,58,MC,bologna,lazio,0,1,2026-08-24,31568,2026,796027,0.0,0,0,0,0.0,0.0239126812666654,0.0239126812666654,bologna - lazio,fisayo delebashiru,5.5,5.5,0,0,0,0,0,0,lazio,Bologna,0.5263701201201201,0.171149964872896,Serie A,a,C,mid,mid
Florian Grillitsch,0,0,0.0,5,Sub,fiorentina,frosinone,0,3,2026-08-29,31573,2026,797135,0.0,0,0,0,0.0,0.0,0.0,fiorentina - frosinone,florian grillitsch,,,0,0,0,0,0,0,frosinone,Fiorentina,0.3517454954954955,0.1872719186651855,Serie A,a,C,mid,weak
Francesco Pio Esposito,1,5,0.8628769516944885,90,FW,inter,monza,4,1,2026-08-22,31560,2026,795037,0.1754230409860611,1,2,1,0.8628769516944885,1.0784692764282229,0.0401693359017372,inter - monza,pio esposito,8.0,12.0,1,0,0,0,0,0,inter,Monza,0.8445195195195195,0.4825334769398624,Serie A,h,A,weak,top
Francesco Pio Esposito,0,4,0.8162099719047546,67,FW,cagliari,inter,0,1,2026-08-30,31576,2026,798011,0.3269748389720917,0,2,0,0.8162099719047546,1.4661822319030762,0.4230616092681885,cagliari - inter,pio esposito,6.0,6.0,0,0,0,0,0,0,inter,Cagliari,0.8563813813813814,0.5239691792955643,Serie A,a,A,weak,top
Francisco Conceição,0,4,0.6437146067619324,72,AMR,frosinone,juventus,0,1,2026-08-23,31564,2026,795773,0.4551679491996765,1,2,0,0.6437146067619324,0.8178355097770691,0.1187578663229942,frosinone - juventus,francisco conceicao,6.5,7.5,0,0,0,0,0,0,juventus,Frosinone,0.7797109609609609,0.0699356032886596,Serie A,a,C,weak,top
Francisco Conceição,0,2,0.0,80,MR,juventus,parma,2,0,2026-08-29,31574,2026,797366,0.0,0,4,0,0.0,0.0,0.0,juventus - parma,francisco conceicao,7.0,7.0,0,0,0,0,0,0,juventus,Parma Calcio 1913,0.412012012012012,0.1510120240312585,Serie A,h,C,weak,top
Franck Zambo,0,0,0.0,67,MC,genoa,napoli,0,2,2026-08-22,31563,2026,795363,0.0528591461479663,0,1,0,0.0,0.0817056074738502,0.0817056074738502,genoa - napoli,zambo anguissa,5.5,5.5,0,0,0,0,0,0,napoli,Genoa,0.5606231231231231,0.4402125699797749,Serie A,a,C,weak,top
Franck Zambo,0,1,0.0392243824899196,84,MC,napoli,como,1,2,2026-08-30,31575,2026,797894,0.0,0,0,0,0.0392243824899196,0.5477831363677979,0.5085587501525879,napoli - como,zambo anguissa,5.0,5.0,0,0,0,0,0,0,napoli,Como,0.7275713213213213,0.4402125699797749,Serie A,h,C,mid,top
Franco Mastantuono,0,1,0.0387342423200607,65,AMC,roma,fiorentina,4,0,2026-08-24,31569,2026,796123,0.0,0,0,0,0.0387342423200607,0.0161070134490728,0.0161070134490728,roma - fiorentina,franco mastantuono,6.0,6.0,0,0,0,0,0,0,fiorentina,Roma,0.5925581831831832,0.4402125699797749,Serie A,a,C,mid,mid
Franco Mastantuono,0,7,0.3432869911193847,90,FWR,fiorentina,frosinone,0,3,2026-08-29,31573,2026,797116,0.0809606611728668,0,2,0,0.3432869911193847,0.6330344080924988,0.280226320028305,fiorentina - frosinone,franco mastantuono,6.0,6.0,0,0,0,0,0,0,fiorentina,Frosinone,0.6534346846846847,0.4402125699797749,Serie A,h,C,weak,mid
Gabriel Kulla,0,0,0.0,1,Sub,atalanta,sassuolo,2,1,2026-08-23,31567,2026,795940,0.0,0,0,0,0.0,0.0,0.0,atalanta - sassuolo,gabriel kulla,,,,,,,,,sassuolo,Atalanta,0.3384947447447447,0.4402125699797749,Serie A,a,SUB,top,mid
Gabriele Bracaglia,0,1,0.030146861448884,79,DL,frosinone,juventus,0,1,2026-08-23,31564,2026,795754,0.0,0,0,0,0.030146861448884,0.1097351908683776,0.0795883312821388,frosinone - juventus,gabriele bracaglia,5.5,5.5,0,0,0,0,0,0,frosinone,Juventus,0.4863644894894895,0.4402125699797749,Serie A,h,D,top,weak
Gabriele Bracaglia,1,2,0.2533604502677917,77,DL,fiorentina,frosinone,0,3,2026-08-29,31573,2026,797128,0.3509464263916015,1,2,1,0.2533604502677917,1.0108882188796997,0.5981650352478027,fiorentina - frosinone,gabriele bracaglia,7.5,11.0,1,0,0,1,0,0,frosinone,Fiorentina,0.6415352852852853,0.5070115525256715,Serie A,a,D,mid,weak
Gabriele Calvani,0,2,0.0395859964191913,90,DC,frosinone,juventus,0,1,2026-08-23,31564,2026,795752,0.0,0,0,0,0.0395859964191913,0.0134162008762359,0.0134162008762359,frosinone - juventus,gabriele calvani,6.5,6.0,0,0,0,1,0,0,frosinone,Juventus,0.513109984984985,0.500299126391882,Serie A,h,D,top,weak
Gabriele Calvani,0,0,0.0,77,DC,fiorentina,frosinone,0,3,2026-08-29,31573,2026,797127,0.0,0,0,0,0.0,0.0617767423391342,0.0617767423391342,fiorentina - frosinone,gabriele calvani,6.5,6.0,0,0,0,1,0,0,frosinone,Fiorentina,0.3320476726726726,0.0754488072058771,Serie A,a,D,mid,weak
Gabriele Zappa,0,0,0.0,21,Sub,parma,cagliari,0,1,2026-08-22,31562,2026,795215,0.069826029241085,0,1,0,0.0,0.069826029241085,0.069826029241085,parma - cagliari,gabriele zappa,6.0,6.0,0,0,0,0,0,0,cagliari,Parma Calcio 1913,0.2395457957957958,0.6394827461673906,Serie A,a,SUB,weak,weak
Gennaro Borrelli,0,1,0.069826029241085,21,Sub,parma,cagliari,0,1,2026-08-22,31562,2026,795214,0.0,0,0,0,0.069826029241085,0.069826029241085,0.0,parma - cagliari,gennaro borrelli,6.0,6.0,0,0,0,0,0,0,cagliari,Parma Calcio 1913,0.6370683183183183,0.4456354971723881,Serie A,a,A,weak,weak
Gennaro Borrelli,0,1,0.0165826994925737,10,Sub,cagliari,inter,0,1,2026-08-30,31576,2026,797997,0.0,0,0,0,0.0165826994925737,0.0687408223748207,0.0687408223748207,cagliari - inter,gennaro borrelli,,6.0,0,0,0,0,0,0,cagliari,Inter,0.5394707207207208,0.4461797093916536,Serie A,h,A,top,weak
Giacomo Calo,0,0,0.0,90,DMC,frosinone,juventus,0,1,2026-08-23,31564,2026,795756,0.0768881663680076,0,3,0,0.0,0.0503036007285118,0.0503036007285118,frosinone - juventus,giacomo calo,6.0,6.0,0,0,0,0,0,0,frosinone,Juventus,0.3570195195195195,0.4461797093916536,Serie A,h,C,top,weak
Giacomo Calo,0,0,0.0,85,DMC,fiorentina,frosinone,0,3,2026-08-29,31573,2026,797129,0.4034165441989898,1,5,0,0.0,0.6599417924880981,0.6599417924880981,fiorentina - frosinone,giacomo calo,7.0,8.0,0,0,0,0,0,0,frosinone,Fiorentina,0.3222879129129129,0.4376976444766647,Serie A,a,C,mid,weak
Giacomo Raspadori,1,3,0.2526733577251434,83,FWL,atalanta,sassuolo,2,1,2026-08-23,31567,2026,795919,0.0,0,0,1,0.2526733577251434,0.2526733577251434,0.0788096636533737,atalanta - sassuolo,giacomo raspadori,6.5,9.5,1,0,0,0,0,0,atalanta,Sassuolo,0.8795045045045045,0.2068932051539305,Serie A,h,A,mid,top
Giacomo Raspadori,0,2,0.069285862147808,57,FWL,atalanta,bologna,1,0,2026-08-31,31579,2026,798243,0.0,0,0,0,0.069285862147808,0.0909000933170318,0.021614234894514,atalanta - bologna,giacomo raspadori,5.0,5.0,0,0,0,0,0,0,atalanta,Bologna,0.814207957957958,0.1716948766492556,Serie A,h,A,mid,top
Gianluca Busio,0,3,0.2634295225143432,90,MC,venezia,lecce,0,2,2026-08-23,31565,2026,795727,0.023512877523899,0,1,0,0.2634295225143432,0.6275694370269775,0.5651499032974243,venezia - lecce,gianluca busio,6.5,6.5,0,0,0,0,0,0,venezia,Lecce,0.6690878378378378,0.4402125699797749,Serie A,h,C,weak,weak
Gianluca Busio,0,0,0.0,90,MC,milan,venezia,2,0,2026-08-28,31570,2026,796469,0.0733305215835571,0,1,0,0.0,0.2485889643430709,0.2485889643430709,milan - venezia,gianluca busio,6.0,6.0,0,0,0,0,0,0,venezia,AC Milan,0.3483295795795795,0.4402125699797749,Serie A,a,C,top,weak
Gianluca Gaetano,0,1,0.01091995742172,90,MC,atalanta,sassuolo,2,1,2026-08-23,31567,2026,795916,0.0729330256581306,1,1,0,0.01091995742172,0.1626626402139663,0.0788096636533737,atalanta - sassuolo,gianluca gaetano,7.0,8.0,0,0,0,0,0,0,atalanta,Sassuolo,0.4709459459459459,0.0,Serie A,h,C,mid,top
Gianluca Gaetano,0,0,0.0,90,MC,atalanta,bologna,1,0,2026-08-31,31579,2026,798240,0.0,0,0,0,0.0,0.0,0.0,atalanta - bologna,gianluca gaetano,5.5,5.5,0,0,0,0,0,0,atalanta,Bologna,0.340578078078078,0.0,Serie A,h,C,mid,top
Gianluca Mancini,0,0,0.0,90,DC,roma,fiorentina,4,0,2026-08-24,31569,2026,796100,0.5597971081733704,0,2,0,0.0,1.1871823072433472,0.6273851990699768,roma - fiorentina,gianluca mancini,7.0,7.0,0,0,0,0,0,0,roma,Fiorentina,0.5685998498498499,0.4833363356194636,Serie A,h,D,mid,mid
Gianluca Mancini,0,0,0.0,90,DC,lecce,roma,0,4,2026-08-31,31578,2026,798158,0.6475932002067566,1,1,0,0.0,1.35284686088562,0.7052536606788635,lecce - roma,gianluca mancini,7.0,8.0,0,0,0,0,0,0,roma,Lecce,0.5579016516516516,0.4833363356194636,Serie A,a,D,weak,mid
Gianluca Scamacca,0,0,0.0,61,FW,atalanta,sassuolo,2,1,2026-08-23,31567,2026,795918,0.1009306609630584,0,1,0,0.0,0.2893213331699371,0.1883906722068786,atalanta - sassuolo,gianluca scamacca,6.0,6.0,0,0,0,0,0,0,atalanta,Sassuolo,0.54375,0.9124381450108326,Serie A,h,A,mid,top
Gianluca Scamacca,0,1,0.021614234894514,69,FW,atalanta,bologna,1,0,2026-08-31,31579,2026,798242,0.0361802689731121,0,1,0,0.021614234894514,0.0577945001423358,0.0,atalanta - bologna,gianluca scamacca,6.0,6.0,0,0,0,0,0,0,atalanta,Bologna,0.6796171171171171,0.6262665361342145,Serie A,h,A,mid,top
Giorgi Kvernadze,0,3,0.0999270230531692,90,AML,frosinone,juventus,0,1,2026-08-23,31564,2026,795759,0.0795883312821388,0,1,0,0.0999270230531692,0.1996720880270004,0.0997450649738311,frosinone - juventus,giorgi kvernadze,6.5,6.5,0,0,0,0,0,0,frosinone,Juventus,0.4301707957957958,0.8234841341547511,Serie A,h,A,top,weak
Giorgi Kvernadze,0,2,0.1753049790859222,90,AML,fiorentina,frosinone,0,3,2026-08-29,31573,2026,797133,0.6745971441268921,1,2,0,0.1753049790859222,0.8499020934104919,0.5981650352478027,fiorentina - frosinone,giorgi kvernadze,7.0,8.0,0,0,0,0,0,0,frosinone,Fiorentina,0.472850975975976,0.5855674019095983,Serie A,a,A,mid,weak
Giorgio Cittadini,0,0,0.0,90,DC,frosinone,juventus,0,1,2026-08-23,31564,2026,795753,0.0,0,0,0,0.0,0.0670046284794807,0.0670046284794807,frosinone - juventus,giorgio cittadini,6.0,6.0,0,0,0,0,0,0,frosinone,Juventus,0.1757225975975976,0.045316932945517,Serie A,h,D,top,weak
Giorgio Cittadini,0,1,0.0395306907594203,13,Sub,fiorentina,frosinone,0,3,2026-08-29,31573,2026,797136,0.0,0,0,0,0.0395306907594203,0.0,0.0,fiorentina - frosinone,giorgio cittadini,6.0,6.0,0,0,0,0,0,0,frosinone,Fiorentina,0.3548704954954955,0.0353833421423918,Serie A,a,D,mid,weak
Giorgio Scalvini,0,1,0.0283904280513525,90,DC,atalanta,sassuolo,2,1,2026-08-23,31567,2026,795912,0.0,0,0,0,0.0283904280513525,0.1596350073814392,0.1596350073814392,atalanta - sassuolo,giorgio scalvini,6.0,6.0,0,0,0,0,0,0,atalanta,Sassuolo,0.5731231231231231,0.3043174846226211,Serie A,h,D,mid,top
Giorgio Scalvini,0,0,0.0,90,DC,atalanta,bologna,1,0,2026-08-31,31579,2026,798235,0.0,0,0,0,0.0,0.0143165765330195,0.0143165765330195,atalanta - bologna,giorgio scalvini,6.5,6.5,0,0,0,0,0,0,atalanta,Bologna,0.4005067567567567,0.3043174846226211,Serie A,h,D,mid,top
Giovanni Di Lorenzo,0,0,0.0,90,DR,genoa,napoli,0,2,2026-08-22,31563,2026,795359,0.0,0,0,0,0.0,0.5572925209999084,0.5572925209999084,genoa - napoli,giovanni di lorenzo,6.5,6.5,0,0,0,0,0,0,napoli,Genoa,0.5127252252252252,0.7196334996111323,Serie A,a,D,weak,top
Giovanni Di Lorenzo,0,1,0.0124728921800851,90,DR,napoli,como,1,2,2026-08-30,31575,2026,797890,0.0,0,0,0,0.0124728921800851,0.3231999576091766,0.3231999576091766,napoli - como,giovanni di lorenzo,5.5,5.0,0,0,0,1,0,0,napoli,Como,0.6245870870870871,0.7196334996111323,Serie A,h,D,mid,top
Giovanni Simeone,0,2,0.1637286692857742,70,FW,torino,milan,1,2,2026-08-23,31566,2026,795887,0.0,0,0,0,0.1637286692857742,0.1637286692857742,0.0,torino - milan,giovanni simeone,5.5,5.5,0,0,0,0,0,0,torino,AC Milan,0.8328265765765765,0.4868675652272857,Serie A,h,A,top,weak
Giovanni Simeone,0,1,0.0898875296115875,76,FW,sassuolo,torino,2,1,2026-08-29,31572,2026,797101,0.0,0,0,0,0.0898875296115875,0.5212184190750122,0.4313308596611023,sassuolo - torino,giovanni simeone,6.0,6.0,0,0,0,0,0,0,torino,Sassuolo,0.7723348348348349,0.4284458705937801,Serie A,a,A,mid,weak
Giuseppe Aurelio,0,0,0.0,1,Sub,parma,cagliari,0,1,2026-08-22,31562,2026,795216,0.0,0,0,0,0.0,0.0,0.0,parma - cagliari,giuseppe aurelio,,,0,0,0,0,0,0,cagliari,Parma Calcio 1913,0.4437124624624624,0.4284458705937801,Serie A,a,D,weak,weak
Gonçalo Ramos,0,5,0.4699564576148987,90,FW,torino,milan,1,2,2026-08-23,31566,2026,795903,0.1160115525126457,0,1,0,0.4699564576148987,0.8099588751792908,0.2239908576011657,torino - milan,goncalo ramos,6.5,6.5,0,0,0,0,0,0,milan,Torino,0.664085960960961,0.223758317059262,Serie A,a,C,weak,top
Gonçalo Ramos,1,8,1.7969329357147217,90,FW,milan,venezia,2,0,2026-08-28,31570,2026,796455,0.0,0,0,1,1.7969329357147217,2.376147508621216,0.5792145133018494,milan - venezia,goncalo ramos,7.0,10.0,1,0,0,0,0,0,milan,Venezia,0.715746996996997,0.237113948280665,Serie A,h,C,weak,top
Guglielmo Vicario,0,0,0.0,90,GK,frosinone,juventus,0,1,2026-08-23,31564,2026,795766,0.0,0,0,0,0.0,0.0912764370441436,0.0912764370441436,frosinone - juventus,guglielmo vicario,6.0,7.0,0,0,0,0,0,0,juventus,Frosinone,0.1757225975975976,0.4402125699797749,Serie A,a,P,weak,top
Guglielmo Vicario,0,0,0.0,90,GK,juventus,parma,2,0,2026-08-29,31574,2026,797361,0.0,0,0,0,0.0,0.0,0.0,juventus - parma,guglielmo vicario,7.0,8.0,0,0,0,0,0,0,juventus,Parma Calcio 1913,0.1757225975975976,0.4402125699797749,Serie A,h,P,weak,top
Gustav Isaksen,0,1,0.0920789241790771,40,Sub,bologna,lazio,0,1,2026-08-24,31568,2026,796031,0.0,0,0,0,0.0920789241790771,0.1681582033634185,0.0760792791843414,bologna - lazio,gustav isaksen,6.0,6.0,0,0,0,0,0,0,lazio,Bologna,0.7419294294294294,0.2688555867191446,Serie A,a,C,mid,mid
Gustav Isaksen,0,1,0.0209446921944618,23,Sub,lazio,genoa,1,0,2026-08-30,31577,2026,798028,0.0769460797309875,0,1,0,0.0209446921944618,0.0769460797309875,0.0,lazio - genoa,gustav isaksen,6.0,6.0,0,0,0,0,0,0,lazio,Genoa,0.6280217717717718,0.2358978637745394,Serie A,h,C,weak,mid
Gustavo Varela,1,3,0.6632639169692993,84,FW,inter,monza,4,1,2026-08-22,31560,2026,795052,0.0,0,0,1,0.6632639169692993,0.6632639169692993,0.0,inter - monza,gustavo varela,7.0,10.0,1,0,0,0,0,0,monza,Inter,0.7775056306306306,0.3056402917757553,Serie A,a,,top,weak
Gustavo Varela,1,3,0.3850280940532684,90,FW,monza,udinese,2,3,2026-08-29,31571,2026,797054,0.0,0,0,1,0.3850280940532684,1.04022479057312,0.6551967263221741,monza - udinese,gustavo varela,6.5,9.5,1,0,0,0,0,0,monza,Udinese,0.6644425675675676,0.3094038677433989,Serie A,h,,weak,weak
Gvidas Gineitis,0,0,0.0,90,MC,torino,milan,1,2,2026-08-23,31566,2026,795884,0.0533874668180942,1,1,0,0.0,0.2839096188545227,0.2839096188545227,torino - milan,gvidas gineitis,6.0,7.0,0,0,0,0,0,0,torino,AC Milan,0.2553866366366366,0.312863849337144,Serie A,h,C,top,weak
Gvidas Gineitis,0,1,0.1088026314973831,70,MC,sassuolo,torino,2,1,2026-08-29,31572,2026,797099,0.0,0,0,0,0.1088026314973831,0.1986901611089706,0.0898875296115875,sassuolo - torino,gvidas gineitis,5.0,4.5,0,0,0,1,0,0,torino,Sassuolo,0.5167042042042043,0.3283396884304629,Serie A,a,C,mid,weak
Hakan Calhanoglu,1,1,0.0132727418094873,55,MC,inter,monza,4,1,2026-08-22,31560,2026,795033,0.026896595954895,0,1,1,0.0132727418094873,0.0859767794609069,0.0590801872313022,inter - monza,hakan calhanoglu,7.5,10.0,1,0,0,1,0,0,inter,Monza,0.7439001501501501,0.0010262062023212,Serie A,h,C,weak,top
Hakan Calhanoglu,1,2,0.0758275389671325,67,MC,cagliari,inter,0,1,2026-08-30,31576,2026,798009,0.1541240811347961,0,2,1,0.0758275389671325,1.4075605869293213,1.3758538961410522,cagliari - inter,hakan calhanoglu,7.0,10.0,1,0,0,0,0,0,inter,Cagliari,0.85,0.0119563716545616,Serie A,a,C,weak,top
Harry Winks,0,2,0.0562247633934021,90,DMC,parma,cagliari,0,1,2026-08-22,31562,2026,795208,0.0,0,0,0,0.0562247633934021,0.2972838580608368,0.2972838580608368,parma - cagliari,harry winks,6.0,6.0,0,0,0,0,0,0,cagliari,Parma Calcio 1913,0.3796265015015015,0.0,Serie A,a,C,weak,weak
Harry Winks,0,0,0.0,59,DMC,cagliari,inter,0,1,2026-08-30,31576,2026,797990,0.0,0,0,0,0.0,0.0,0.0,cagliari - inter,harry winks,5.5,5.5,0,0,0,0,0,0,cagliari,Inter,0.1757225975975976,0.0,Serie A,h,C,top,weak
Hassane Kamara,1,3,0.55464106798172,90,DML,udinese,como,1,1,2026-08-22,31561,2026,795096,0.0,0,0,1,0.55464106798172,0.7440435290336609,0.1894024163484573,udinese - como,hassane kamara,7.0,10.0,1,0,0,0,0,0,udinese,Como,0.6068881381381381,0.4255736853937455,Serie A,h,D,mid,weak
Hassane Kamara,1,1,0.0125495428219437,90,DML,monza,udinese,2,3,2026-08-29,31571,2026,797065,0.1011666506528854,1,1,1,0.0125495428219437,0.2208353877067566,0.1196687370538711,monza - udinese,hassane kamara,7.0,11.0,1,0,0,0,0,0,udinese,Monza,0.5374624624624624,0.4255736853937455,Serie A,a,D,weak,weak
Idrissa Gueye,0,3,0.3973434865474701,75,FW,udinese,como,1,1,2026-08-22,31561,2026,795101,0.0528406724333763,0,2,0,0.3973434865474701,1.0251094102859497,0.5749252438545227,udinese - como,idrissa gueye,4.5,4.5,0,0,0,0,0,0,udinese,Como,0.6802177177177178,0.3948178101466396,Serie A,h,A,mid,weak
Idrissa Gueye,0,1,0.0960253402590751,20,Sub,monza,udinese,2,3,2026-08-29,31571,2026,797073,0.0,0,0,0,0.0960253402590751,0.0960253402590751,0.0,monza - udinese,idrissa gueye,6.0,6.0,0,0,0,0,0,0,udinese,Monza,0.5926614114114115,0.4141871288969886,Serie A,a,A,weak,weak
Ilario Monterisi,0,1,0.0373021699488163,70,DR,frosinone,juventus,0,1,2026-08-23,31564,2026,795751,0.030146861448884,0,1,0,0.0373021699488163,0.030146861448884,0.0,frosinone - juventus,ilario monterisi,5.5,5.5,0,0,0,0,0,0,frosinone,Juventus,0.463551051051051,0.3517267366661071,Serie A,h,D,top,weak
Ilario Monterisi,0,2,0.1581880152225494,90,DC,fiorentina,frosinone,0,3,2026-08-29,31573,2026,797126,0.0,0,0,0,0.1581880152225494,0.037960696965456,0.037960696965456,fiorentina - frosinone,ilario monterisi,7.0,7.0,0,0,0,0,0,0,frosinone,Fiorentina,0.5763888888888888,0.3517267366661071,Serie A,a,D,mid,weak
Ivan Ilic,0,0,0.0,15,Sub,lecce,roma,0,4,2026-08-31,31578,2026,798154,0.062130082398653,0,1,0,0.0,0.062130082398653,0.0,lecce - roma,ivan ilic,6.0,5.5,0,0,0,1,0,0,lecce,Roma,0.2746809309309309,0.5862932167594709,Serie A,h,C,mid,weak
Ivan Smolcic,0,0,0.0,1,Sub,udinese,como,1,1,2026-08-22,31561,2026,795121,0.0,0,0,0,0.0,0.0,0.0,udinese - como,ivan smolcic,,,0,0,0,0,0,0,como,Udinese,0.1757225975975976,0.3492624637522695,Serie A,a,D,weak,mid
Ivan Smolcic,0,0,0.0,28,Sub,napoli,como,1,2,2026-08-30,31575,2026,797917,0.0,0,0,0,0.0,0.0600709728896617,0.0600709728896617,napoli - como,ivan smolcic,6.0,6.0,0,0,0,0,0,0,como,Napoli,0.1757225975975976,0.4189320322720938,Serie A,a,D,top,mid
Jacobo Ramón,0,1,0.4785401523113251,90,DC,udinese,como,1,1,2026-08-22,31561,2026,795110,0.0182962864637374,0,1,0,0.4785401523113251,0.168486550450325,0.1501902639865875,udinese - como,jacobo ramon,5.0,5.0,0,0,0,0,0,0,como,Udinese,0.6234421921921922,0.1240472997173587,Serie A,a,D,weak,mid
Jacobo Ramón,0,1,0.020203998312354,90,DC,napoli,como,1,2,2026-08-30,31575,2026,797907,0.0068541159853339,0,1,0,0.020203998312354,0.2061420679092407,0.2061420679092407,napoli - como,jacobo ramon,6.0,6.0,0,0,0,0,0,0,como,Napoli,0.4230105105105105,0.2365593914692436,Serie A,a,D,top,mid
Jacopo Fazzini,0,1,0.0681618303060531,69,AML,parma,cagliari,0,1,2026-08-22,31562,2026,795212,0.3354292809963226,0,1,0,0.0681618303060531,0.0871640741825103,0.0871640741825103,parma - cagliari,jacopo fazzini,6.0,5.5,0,0,0,1,0,0,cagliari,Parma Calcio 1913,0.5183746246246246,0.8619634435177665,Serie A,a,C,weak,weak
Jacopo Fazzini,0,1,0.0147252930328249,59,AML,cagliari,inter,0,1,2026-08-30,31576,2026,797994,0.0,0,0,0,0.0147252930328249,0.0,0.0,cagliari - inter,jacopo fazzini,5.0,5.0,0,0,0,0,0,0,cagliari,Inter,0.4249249249249249,0.8267867777355467,Serie A,h,C,top,weak
Jakub Piotrowski,0,1,0.0131945088505744,74,MC,udinese,como,1,1,2026-08-22,31561,2026,795098,0.044228833168745,0,1,0,0.0131945088505744,0.1091414988040924,0.0959469899535179,udinese - como,jakub piotrowski,5.5,5.0,0,0,0,1,0,0,udinese,Como,0.3871433933933934,0.8622002839959544,Serie A,h,C,mid,weak
Jakub Piotrowski,1,3,0.327670007944107,62,MC,monza,udinese,2,3,2026-08-29,31571,2026,797066,0.1234082579612732,0,1,1,0.327670007944107,0.4381212890148163,0.2135463953018188,monza - udinese,jakub piotrowski,6.5,9.5,1,0,0,0,0,0,udinese,Monza,0.5813063063063063,0.863968942217337,Serie A,a,C,weak,weak
James Abankwah,0,0,0.0,90,DC,udinese,como,1,1,2026-08-22,31561,2026,795093,0.0,0,0,0,0.0,1.1839834451675415,1.1839834451675415,udinese - como,james abankwah,6.0,5.5,0,0,0,1,0,0,udinese,Como,0.1757225975975976,0.1818632286244834,Serie A,h,D,mid,weak
James Abankwah,0,0,0.0,90,DC,monza,udinese,2,3,2026-08-29,31571,2026,797063,0.0,0,0,0,0.0,0.1325485706329345,0.1325485706329345,monza - udinese,james abankwah,6.5,6.5,0,0,0,0,0,0,udinese,Monza,0.1757225975975976,0.1818632286244834,Serie A,a,D,weak,weak
Jamil Siebert,0,0,0.0,90,DC,venezia,lecce,0,2,2026-08-23,31565,2026,795736,0.6219924688339233,0,2,0,0.0,0.6219924688339233,0.0,venezia - lecce,jamil siebert,6.5,6.5,0,0,0,0,0,0,lecce,Venezia,0.3119557057057057,0.1178550326349743,Serie A,a,D,weak,weak
Jamil Siebert,0,0,0.0,90,DC,lecce,roma,0,4,2026-08-31,31578,2026,798142,0.0,0,0,0,0.0,0.0,0.0,lecce - roma,jamil siebert,4.0,4.0,0,0,0,0,0,0,lecce,Roma,0.3064001501501501,0.0583562098589306,Serie A,h,D,mid,weak
Jay Idzes,0,0,0.0,90,DC,sassuolo,torino,2,1,2026-08-29,31572,2026,797079,0.0,0,0,0,0.0,0.1350768357515335,0.1350768357515335,sassuolo - torino,jay idzes,6.0,6.0,0,0,0,0,0,0,sassuolo,Torino,0.242042042042042,0.4904279005690618,Serie A,h,D,weak,mid
Jay Robinson,0,0,0.0,6,Sub,inter,monza,4,1,2026-08-22,31560,2026,795058,0.0,0,0,0,0.0,0.0,0.0,inter - monza,jay robinson,,,0,0,0,0,0,0,monza,Inter,0.3485548048048048,0.4904279005690618,Serie A,a,SUB,top,weak
Jean Butez,0,0,0.0,90,GK,udinese,como,1,1,2026-08-22,31561,2026,795107,0.0,0,1,0,0.0,0.5932273864746094,0.5932273864746094,udinese - como,jean butez,7.0,6.0,-1,0,0,0,0,0,como,Udinese,0.1757225975975976,0.4402125699797749,Serie A,a,P,weak,mid
Jean Butez,0,0,0.0,90,GK,napoli,como,1,2,2026-08-30,31575,2026,797905,0.0,0,0,0,0.0,0.1310366690158844,0.1310366690158844,napoli - como,jean butez,6.0,5.0,-1,0,0,0,0,0,como,Napoli,0.1757225975975976,0.4402125699797749,Serie A,a,P,top,mid
Jens Odgaard,0,3,0.6343050003051758,90,AMC,bologna,lazio,0,1,2026-08-24,31568,2026,796012,0.0,0,0,0,0.6343050003051758,0.0,0.0,bologna - lazio,jens odgaard,6.0,5.5,0,0,0,1,0,0,bologna,Lazio,0.9651463963963964,0.3770217236605161,Serie A,h,C,mid,mid
Jens Odgaard,0,2,0.0511587187647819,61,AMC,atalanta,bologna,1,0,2026-08-31,31579,2026,798257,0.148560956120491,0,2,0,0.0511587187647819,0.1997196674346923,0.0,atalanta - bologna,jens odgaard,6.5,6.5,0,0,0,0,0,0,bologna,Atalanta,0.8016328828828829,0.3433707314006545,Serie A,a,C,top,mid
Jeremie Boga,0,0,0.0,18,Sub,frosinone,juventus,0,1,2026-08-23,31564,2026,795780,0.0,0,0,0,0.0,0.0,0.0,frosinone - juventus,jeremie boga,5.5,5.5,0,0,0,0,0,0,juventus,Frosinone,0.4608483483483483,0.1185519199972893,Serie A,a,A,weak,top
Jeremie Boga,0,0,0.0,61,ML,juventus,parma,2,0,2026-08-29,31574,2026,797369,0.0,0,1,0,0.0,0.0,0.0,juventus - parma,jeremie boga,5.0,5.0,0,0,0,0,0,0,juventus,Parma Calcio 1913,0.4477852852852853,0.2743003417583916,Serie A,h,A,weak,top
Jesper Karlström,0,0,0.0,90,MC,udinese,como,1,1,2026-08-22,31561,2026,795097,0.0458616502583026,0,2,0,0.0,0.3920526802539825,0.3461910188198089,udinese - como,jesper karlstrom,6.0,6.0,0,0,0,0,0,0,udinese,Como,0.2636448948948949,0.2132033303441189,Serie A,h,C,mid,weak
Jesper Karlström,0,0,0.0,90,MC,monza,udinese,2,3,2026-08-29,31571,2026,797067,0.0,0,0,0,0.0,0.0351040102541446,0.0351040102541446,monza - udinese,jesper karlstrom,6.0,6.0,0,0,0,0,0,0,udinese,Monza,0.261524024024024,0.2427375354470764,Serie A,a,C,weak,weak
Jesús Rodriguez,0,2,0.1258713603019714,74,AML,udinese,como,1,1,2026-08-22,31561,2026,795116,0.0,0,0,0,0.1258713603019714,0.076866939663887,0.0164433754980564,udinese - como,jesus rodriguez,,,,,,,,,como,Udinese,0.8637762762762762,0.7728626717873438,Serie A,a,A,weak,mid
Jhon Lucumí,0,1,0.0,79,DC,juventus,parma,2,0,2026-08-29,31574,2026,797364,0.0,0,0,0,0.0,0.0,0.0,juventus - parma,jhon lucumi,6.0,5.5,0,0,0,1,0,0,juventus,Parma Calcio 1913,0.2602665165165165,0.4369987462746234,Serie A,h,D,weak,top
Johan Vásquez,0,0,0.0,87,DC,genoa,napoli,0,2,2026-08-22,31563,2026,795344,0.0,0,0,0,0.0,0.2169298231601715,0.2169298231601715,genoa - napoli,johan vasquez,5.5,5.5,0,0,0,0,0,0,genoa,Napoli,0.438475975975976,0.299858445111677,Serie A,h,D,top,weak
Johan Vásquez,0,0,0.0,82,DC,lazio,genoa,1,0,2026-08-30,31577,2026,798035,0.0,0,0,0,0.0,0.1227110102772712,0.1227110102772712,lazio - genoa,johan vasquez,5.5,5.5,0,0,0,0,0,0,genoa,Lazio,0.4257882882882883,0.299858445111677,Serie A,a,D,mid,weak
John Stones,0,0,0.0,14,Sub,inter,monza,4,1,2026-08-22,31560,2026,795038,0.0,0,0,0,0.0,0.0,0.0,inter - monza,john stones,,6.0,0,0,0,0,0,0,inter,Monza,0.4153528528528528,0.2818296307293909,Serie A,h,D,weak,top
John Stones,0,1,0.0478386841714382,20,Sub,cagliari,inter,0,1,2026-08-30,31576,2026,798015,0.0,0,0,0,0.0478386841714382,0.0672847554087638,0.0672847554087638,cagliari - inter,john stones,6.0,6.0,0,0,0,0,0,0,inter,Cagliari,0.514161036036036,0.2818296307293909,Serie A,a,D,weak,top
John Yeboah,0,2,0.5370345115661621,90,FW,venezia,lecce,0,2,2026-08-23,31565,2026,795728,0.3652318120002746,0,2,0,0.5370345115661621,1.3548405170440674,0.5032146573066711,venezia - lecce,john yeboah,5.5,5.5,0,0,0,0,0,0,venezia,Lecce,0.7379692192192192,0.3552239354370251,Serie A,h,,weak,weak
John Yeboah,0,3,0.1636464744806289,83,FW,milan,venezia,2,0,2026-08-28,31570,2026,796470,0.2058238983154297,0,2,0,0.1636464744806289,0.396356850862503,0.0268864911049604,milan - venezia,john yeboah,6.5,6.5,0,0,0,0,0,0,venezia,AC Milan,0.6740615615615615,0.243018856310608,Serie A,a,,top,weak
Jonathan Christian David,0,2,0.0,61,FW,juventus,parma,2,0,2026-08-29,31574,2026,797370,0.0,0,1,0,0.0,0.0,0.0,juventus - parma,jonathan david,,,,,,,,,juventus,Parma Calcio 1913,0.396021021021021,0.3361354578141277,Serie A,h,A,weak,top
Jonathan Rowe,0,1,0.4926746189594269,26,Sub,bologna,lazio,0,1,2026-08-24,31568,2026,796019,0.0,0,0,0,0.4926746189594269,0.0,0.0,bologna - lazio,jonathan rowe,5.5,5.5,0,0,0,0,0,0,bologna,Lazio,0.8505067567567568,0.4402125699797749,Serie A,h,C,mid,mid
Josep Martínez,0,0,0.0,90,GK,inter,monza,4,1,2026-08-22,31560,2026,795027,0.0,0,0,0,0.0,0.0132727418094873,0.0132727418094873,inter - monza,josep martinez,,,,,,,,,inter,Monza,0.1757225975975976,0.0535808684115639,Serie A,h,P,weak,top
Josep Martínez,0,0,0.0,90,GK,cagliari,inter,0,1,2026-08-30,31576,2026,798001,0.0,0,0,0,0.0,0.6000097990036011,0.6000097990036011,cagliari - inter,josep martinez,,,,,,,,,inter,Cagliari,0.1757225975975976,0.151912292438539,Serie A,a,P,weak,top
Josh Doig,0,1,0.017419533804059,90,DL,atalanta,sassuolo,2,1,2026-08-23,31567,2026,795929,0.1340379565954208,0,3,0,0.017419533804059,0.4034010469913482,0.2693630754947662,atalanta - sassuolo,josh doig,5.5,5.5,0,0,0,0,0,0,sassuolo,Atalanta,0.3758821321321322,0.4402125699797749,Serie A,a,D,top,mid
Josh Doig,0,0,0.0,64,DL,sassuolo,torino,2,1,2026-08-29,31572,2026,797080,0.027201035991311,0,1,0,0.0,0.6420304775238037,0.6148294806480408,sassuolo - torino,josh doig,6.0,6.0,0,0,0,0,0,0,sassuolo,Torino,0.2372935435435435,0.4402125699797749,Serie A,h,D,weak,mid
João Mário,0,0,0.0,82,DL,roma,fiorentina,4,0,2026-08-24,31569,2026,796119,0.0459936000406742,0,1,0,0.0,0.0621006116271019,0.0621006116271019,roma - fiorentina,joao mario,4.0,4.0,0,0,0,0,0,0,fiorentina,Roma,0.4636073573573573,0.4402125699797749,Serie A,a,D,mid,mid
João Mário,0,0,0.0,3,Sub,fiorentina,frosinone,0,3,2026-08-29,31573,2026,797122,0.0,0,0,0,0.0,0.0,0.0,fiorentina - frosinone,joao mario,,,0,0,0,0,0,0,fiorentina,Frosinone,0.4501313813813814,0.4402125699797749,Serie A,h,D,weak,mid
Joël Schingtienne,0,0,0.0,90,DC,venezia,lecce,0,2,2026-08-23,31565,2026,795720,0.0850560590624809,0,1,0,0.0,0.213903933763504,0.213903933763504,venezia - lecce,joel schingtienne,5.5,5.5,0,0,0,0,0,0,venezia,Lecce,0.1757225975975976,0.3855678013517905,Serie A,h,D,weak,weak
Joël Schingtienne,0,0,0.0,90,DC,milan,venezia,2,0,2026-08-28,31570,2026,796462,0.0,0,0,0,0.0,0.1175482869148254,0.1175482869148254,milan - venezia,joel schingtienne,6.0,5.5,0,0,0,1,0,0,venezia,AC Milan,0.1757225975975976,0.3968282281823496,Serie A,a,D,top,weak
Juan Arizala,0,0,0.0,3,Sub,monza,udinese,2,3,2026-08-29,31571,2026,797071,0.0,0,0,0,0.0,0.0,0.0,monza - udinese,juan arizala,,,0,0,0,0,0,0,udinese,Monza,0.1757225975975976,0.4507926142293679,Serie A,a,D,weak,weak
Juan Miranda,0,0,0.0,90,DL,bologna,lazio,0,1,2026-08-24,31568,2026,796008,0.0962826535105705,0,2,0,0.0,0.0539670102298259,0.0539670102298259,bologna - lazio,juan miranda,6.0,6.0,0,0,0,0,0,0,bologna,Lazio,0.2912725225225225,0.3797598434502103,Serie A,h,D,mid,mid
Juan Rodríguez,0,0,0.0,90,DC,parma,cagliari,0,1,2026-08-22,31562,2026,795206,0.0,0,0,0,0.0,0.380664587020874,0.380664587020874,parma - cagliari,juan rodriguez,6.5,6.5,0,0,0,0,0,0,cagliari,Parma Calcio 1913,0.3468093093093093,0.3764495253641419,Serie A,a,D,weak,weak
Juan Rodríguez,0,1,0.0201353523880243,90,DC,cagliari,inter,0,1,2026-08-30,31576,2026,797988,0.0467063151299953,0,2,0,0.0201353523880243,0.0434372164309024,0.0,cagliari - inter,juan rodriguez,6.0,6.0,0,0,0,0,0,0,cagliari,Inter,0.4833145645645645,0.3564789407064283,Serie A,h,D,top,weak
Junior Messias,0,0,0.0,24,Sub,genoa,napoli,0,2,2026-08-22,31563,2026,795353,0.1043898984789848,0,1,0,0.0,0.1043898984789848,0.1043898984789848,genoa - napoli,junior messias,6.0,6.0,0,0,0,0,0,0,genoa,Napoli,0.4942192192192192,0.7711385173885478,Serie A,h,C,top,weak
Junior Messias,0,1,0.0627050548791885,28,Sub,lazio,genoa,1,0,2026-08-30,31577,2026,798044,0.0406690873205661,0,1,0,0.0627050548791885,0.114628255367279,0.114628255367279,lazio - genoa,junior messias,6.0,6.0,0,0,0,0,0,0,genoa,Lazio,0.693186936936937,0.8067156824685682,Serie A,a,C,mid,weak
Jurgen Ekkelenkamp,0,2,0.1419860422611236,88,AMC,udinese,como,1,1,2026-08-22,31561,2026,795100,0.5192677974700928,1,1,0,0.1419860422611236,0.7874985337257385,0.1549693793058395,udinese - como,jurgen ekkelenkamp,6.5,7.5,0,0,0,0,0,0,udinese,Como,0.7448761261261261,0.177115323664096,Serie A,h,C,mid,weak
Jurgen Ekkelenkamp,1,3,0.2481201291084289,90,AMC,monza,udinese,2,3,2026-08-29,31571,2026,797068,0.0,0,0,1,0.2481201291084289,0.397875964641571,0.2010494023561477,monza - udinese,jurgen ekkelenkamp,7.0,10.0,1,0,0,0,0,0,udinese,Monza,0.7608483483483484,0.177115323664096,Serie A,a,C,weak,weak
Justin Bijlow,0,0,0.0,90,GK,genoa,napoli,0,2,2026-08-22,31563,2026,795342,0.0,0,0,0,0.0,0.0918400809168815,0.0918400809168815,genoa - napoli,justin bijlow,6.0,4.0,-2,0,0,0,0,0,genoa,Napoli,0.1757225975975976,0.3939329037547658,Serie A,h,P,top,weak
Justin Bijlow,0,0,0.0,90,GK,lazio,genoa,1,0,2026-08-30,31577,2026,798033,0.0,0,0,0,0.0,0.4923063516616821,0.4923063516616821,lazio - genoa,justin bijlow,5.5,4.5,-1,0,0,0,0,0,genoa,Lazio,0.1757225975975976,0.1098026067748074,Serie A,a,P,mid,weak
Kaiki,0,1,0.0600709728896617,5,Sub,napoli,como,1,2,2026-08-30,31575,2026,797920,0.0804165005683898,0,1,0,0.0600709728896617,0.1404874771833419,0.0,napoli - como,kaiki,,6.0,0,0,0,0,0,0,como,Napoli,0.531859984984985,0.0582784671327646,Serie A,a,D,top,mid
Keinan Davis,0,2,0.1325485706329345,70,FW,monza,udinese,2,3,2026-08-29,31571,2026,797070,0.1930870413780212,0,2,0,0.1325485706329345,0.430659681558609,0.1050240620970726,monza - udinese,keinan davis,6.5,6.5,0,0,0,0,0,0,udinese,Monza,0.8495870870870871,0.4402125699797749,Serie A,a,A,weak,weak
Kenan Yildiz,0,2,0.1322833001613617,72,AML,frosinone,juventus,0,1,2026-08-23,31564,2026,795775,0.2390583306550979,0,3,0,0.1322833001613617,0.7883044481277466,0.6010693311691284,frosinone - juventus,kenan yildiz,5.0,5.0,0,0,0,0,0,0,juventus,Frosinone,0.7969594594594595,0.812316459943424,Serie A,a,A,weak,top
Kenneth Taylor,0,0,0.0,90,MC,bologna,lazio,0,1,2026-08-24,31568,2026,796026,0.0920789241790771,0,1,0,0.0,0.2152113318443298,0.1231324076652526,bologna - lazio,kenneth taylor,7.0,7.0,0,0,0,0,0,0,lazio,Bologna,0.3701951951951951,1.0,Serie A,a,C,mid,mid
Kenneth Taylor,0,0,0.0,90,MC,lazio,genoa,1,0,2026-08-30,31577,2026,798024,0.0754301697015762,0,2,0,0.0,0.2954654693603515,0.2777314782142639,lazio - genoa,kenneth taylor,6.5,6.5,0,0,0,0,0,0,lazio,Genoa,0.3603228228228228,1.0,Serie A,h,C,weak,mid
Kerim-Sam Alajbegovic,0,0,0.0,29,Sub,juventus,parma,2,0,2026-08-29,31574,2026,797373,0.0,0,0,0,0.0,0.0,0.0,juventus - parma,kerimsam alajbegovic,5.5,5.5,0,0,0,0,0,0,juventus,Parma Calcio 1913,0.3449981231231231,1.0,Serie A,h,C,weak,top
Kevin De Bruyne,1,1,0.4527325332164764,23,Sub,genoa,napoli,0,2,2026-08-22,31563,2026,795369,0.4174423515796661,1,2,1,0.4527325332164764,0.8930292725563049,0.5514583587646484,genoa - napoli,kevin de bruyne,7.0,11.0,1,0,0,0,0,0,napoli,Genoa,0.7561373873873873,0.7196962095353331,Serie A,a,C,weak,top
Kevin De Bruyne,0,1,0.0133373299613595,30,Sub,napoli,como,1,2,2026-08-30,31575,2026,797900,0.1328165531158447,0,4,0,0.0133373299613595,0.0360590666532516,0.0,napoli - como,kevin de bruyne,6.0,6.0,0,0,0,0,0,0,napoli,Como,0.5798423423423423,0.3474966613598533,Serie A,h,C,mid,top
Kevin Omoruyi,0,0,0.0,31,Sub,cagliari,inter,0,1,2026-08-30,31576,2026,798000,0.0,0,0,0,0.0,0.016050849109888,0.016050849109888,cagliari - inter,kevin omoruyi,,,,,,,,,cagliari,Inter,0.3545608108108108,0.3807772063429781,Serie A,h,SUB,top,weak
Kialonda Gaspar,0,0,0.0,90,DC,venezia,lecce,0,2,2026-08-23,31565,2026,795737,0.0,0,0,0,0.0,0.6219924688339233,0.6219924688339233,venezia - lecce,kialonda gaspar,6.5,6.0,0,0,0,1,0,0,lecce,Venezia,0.1757225975975976,0.163138272219721,Serie A,a,D,weak,weak
Kialonda Gaspar,0,1,0.7669241428375244,90,DC,lecce,roma,0,4,2026-08-31,31578,2026,798144,0.0,0,0,0,0.7669241428375244,0.0104357050731778,0.0104357050731778,lecce - roma,kialonda gaspar,4.0,4.0,0,0,0,0,0,0,lecce,Roma,0.5405874624624625,0.1457490215809305,Serie A,h,D,mid,weak
Kian Fitz-Jim,0,1,0.0076751648448407,90,MC,torino,milan,1,2,2026-08-23,31566,2026,795883,0.6216528415679932,0,3,0,0.0076751648448407,0.6660593152046204,0.0996403694152832,torino - milan,kian fitzjim,6.0,6.0,0,0,0,0,0,0,torino,AC Milan,0.4728134384384384,0.4857263288922374,Serie A,h,C,top,weak
Kian Fitz-Jim,0,1,0.0184973161667585,90,MC,sassuolo,torino,2,1,2026-08-29,31572,2026,797100,0.3401920199394226,0,1,0,0.0184973161667585,0.5684961676597595,0.5499988794326782,sassuolo - torino,kian fitzjim,6.0,6.0,0,0,0,0,0,0,torino,Sassuolo,0.4697635135135135,0.4402125699797749,Serie A,a,C,mid,weak
Kieron Bowie,0,2,0.5965149402618408,89,FW,atalanta,sassuolo,2,1,2026-08-23,31567,2026,795934,0.5924830436706543,0,3,0,0.5965149402618408,0.6822787523269653,0.0,atalanta - sassuolo,kieron bowie,6.0,6.0,0,0,0,0,0,0,sassuolo,Atalanta,0.8883633633633634,0.2963323621594965,Serie A,a,A,top,mid
Kieron Bowie,0,3,0.7294891476631165,75,FW,sassuolo,torino,2,1,2026-08-29,31572,2026,797085,0.0577720180153846,0,1,0,0.7294891476631165,0.7016070485115051,0.0,sassuolo - torino,kieron bowie,5.5,5.5,0,0,0,0,0,0,sassuolo,Torino,0.8852289789789789,0.3310845406073143,Serie A,h,A,weak,mid
Kike Pérez,0,0,0.0,72,MC,venezia,lecce,0,2,2026-08-23,31565,2026,795726,0.0320129878818988,0,1,0,0.0,0.1747689992189407,0.1747689992189407,venezia - lecce,kike perez,6.0,6.0,0,0,0,0,0,0,venezia,Lecce,0.3719031531531531,0.4088236240232453,Serie A,h,,weak,weak
Kike Pérez,0,0,0.0,83,MC,milan,venezia,2,0,2026-08-28,31570,2026,796468,0.0,0,0,0,0.0,0.1310406774282455,0.1310406774282455,milan - venezia,kike perez,6.0,5.5,0,0,0,1,0,0,venezia,AC Milan,0.361768018018018,0.4057809751974584,Serie A,a,,top,weak
Kingstone Mutandwa,0,0,0.0,1,Sub,parma,cagliari,0,1,2026-08-22,31562,2026,795218,0.0,0,0,0,0.0,0.0,0.0,parma - cagliari,kingstone mutandwa,,,0,0,0,0,0,0,cagliari,Parma Calcio 1913,0.5756756756756757,0.301169930184842,Serie A,a,A,weak,weak
Konan N’Dri,0,1,0.0507094524800777,76,FWL,venezia,lecce,0,2,2026-08-23,31565,2026,795744,0.0,0,0,0,0.0507094524800777,0.1128646805882453,0.0621552281081676,venezia - lecce,konan ndri,5.5,5.5,0,0,0,0,0,0,lecce,Venezia,0.5401088588588588,0.6330564187201446,Serie A,a,A,weak,weak
Konan N’Dri,0,2,0.1491383612155914,41,Sub,lecce,roma,0,4,2026-08-31,31578,2026,798156,0.0,0,0,0,0.1491383612155914,0.1491383612155914,0.0,lecce - roma,konan ndri,6.0,6.0,0,0,0,0,0,0,lecce,Roma,0.6242867867867867,0.4402125699797749,Serie A,h,A,mid,weak
Koni de Winter,0,1,0.0244792867451906,90,DC,torino,milan,1,2,2026-08-23,31566,2026,795895,0.0,0,0,0,0.0244792867451906,0.398123174905777,0.398123174905777,torino - milan,koni de winter,6.0,6.0,0,0,0,0,0,0,milan,Torino,0.4471096096096096,0.4334909530440488,Serie A,a,D,weak,top
Koni de Winter,0,2,0.1573131829500198,90,DC,milan,venezia,2,0,2026-08-28,31570,2026,796446,0.0,0,0,0,0.1573131829500198,0.9199040532112122,0.9199040532112122,milan - venezia,koni de winter,6.5,6.5,0,0,0,0,0,0,milan,Venezia,0.5802740240240241,0.4334909530440488,Serie A,h,D,weak,top
Konstantinos Koulierakis,0,0,0.0,20,Sub,roma,fiorentina,4,0,2026-08-24,31569,2026,796113,0.0,0,0,0,0.0,0.227322369813919,0.227322369813919,roma - fiorentina,konstantinos koulierakis,6.0,6.0,0,0,0,0,0,0,roma,Fiorentina,0.3585867117117117,0.4334909530440488,Serie A,h,D,mid,mid
Kouadio Kone,0,0,0.0,81,MC,roma,fiorentina,4,0,2026-08-24,31569,2026,796105,0.0290474686771631,0,1,0,0.0,0.1331572532653808,0.1331572532653808,roma - fiorentina,kouadio kone,7.5,7.0,0,0,0,1,0,0,roma,Fiorentina,0.3655405405405405,0.8739591765843817,Serie A,h,C,mid,mid
Kouadio Kone,0,0,0.0,70,MC,lecce,roma,0,4,2026-08-31,31578,2026,798163,0.1669811457395553,0,3,0,0.0,0.907158613204956,0.850832998752594,lecce - roma,kouadio kone,6.5,6.5,0,0,0,0,0,0,roma,Lecce,0.3563813813813814,1.0,Serie A,a,C,weak,mid
Kristian Thorstvedt,0,2,0.0767338424921035,25,Sub,atalanta,sassuolo,2,1,2026-08-23,31567,2026,795936,0.0,0,0,0,0.0767338424921035,0.1473792493343353,0.0706454068422317,atalanta - sassuolo,kristian thorstvedt,6.0,6.0,0,0,0,0,0,0,sassuolo,Atalanta,0.6909534534534534,0.5823434801390884,Serie A,a,C,top,mid
Kristian Thorstvedt,0,1,0.0287264287471771,27,Sub,sassuolo,torino,2,1,2026-08-29,31572,2026,797090,0.0635477751493454,0,1,0,0.0287264287471771,0.0922742038965225,0.0635477751493454,sassuolo - torino,kristian thorstvedt,6.5,6.5,0,0,0,0,0,0,sassuolo,Torino,0.609253003003003,0.6208129358195427,Serie A,h,C,weak,mid
Lassana Coulibaly,0,1,0.0513033233582973,90,MC,venezia,lecce,0,2,2026-08-23,31565,2026,795740,0.0782345309853553,1,2,0,0.0513033233582973,0.8857197165489197,0.8074852228164673,venezia - lecce,lassana coulibaly,6.5,7.5,0,0,0,0,0,0,lecce,Venezia,0.6756193693693694,0.4402125699797749,Serie A,a,C,weak,weak
Lassana Coulibaly,0,0,0.0,90,MC,lecce,roma,0,4,2026-08-31,31578,2026,798148,0.0104357050731778,0,1,0,0.0,0.0725657865405082,0.062130082398653,lecce - roma,lassana coulibaly,5.5,5.5,0,0,0,0,0,0,lecce,Roma,0.4655405405405405,0.4402125699797749,Serie A,h,C,mid,weak
Lautaro Martínez,0,0,0.0,55,FW,inter,monza,4,1,2026-08-22,31560,2026,795036,0.0,0,0,0,0.0,0.0132727418094873,0.0132727418094873,inter - monza,lautaro martinez,5.5,5.0,0,0,0,1,0,0,inter,Monza,0.5693506006006006,0.396169215247028,Serie A,h,A,weak,top
Lautaro Martínez,0,10,1.1310755014419556,90,FW,cagliari,inter,0,1,2026-08-30,31576,2026,798010,0.3419055640697479,0,2,0,1.1310755014419556,1.6437737941741943,0.5515837073326111,cagliari - inter,lautaro martinez,6.5,6.5,0,0,0,0,0,0,inter,Cagliari,0.9343843843843844,0.0310266319124672,Serie A,a,A,weak,top
Lazar Samardzic,0,1,0.0332603566348552,29,Sub,atalanta,sassuolo,2,1,2026-08-23,31567,2026,795923,0.0831975936889648,0,2,0,0.0332603566348552,0.0880675166845321,0.0,atalanta - sassuolo,lazar samardzic,6.0,6.0,0,0,0,0,0,0,atalanta,Sassuolo,0.733521021021021,0.2772331963825123,Serie A,h,C,mid,top
Lazar Samardzic,1,1,0.0143165765330195,21,Sub,atalanta,bologna,1,0,2026-08-31,31579,2026,798248,0.0,0,0,1,0.0143165765330195,0.0143165765330195,0.0,atalanta - bologna,lazar samardzic,7.0,10.0,1,0,0,0,0,0,atalanta,Bologna,0.6832957957957958,0.315397982004785,Serie A,h,C,mid,top
Lennon Miller,0,1,0.0680823251605033,16,Sub,udinese,como,1,1,2026-08-22,31561,2026,795105,0.0,0,0,0,0.0680823251605033,0.3263549506664276,0.2582726180553436,udinese - como,lennon miller,6.0,6.0,0,0,0,0,0,0,udinese,Como,0.39565503003003,0.383594649222887,Serie A,h,C,mid,weak
Lennon Miller,0,0,0.0,28,Sub,monza,udinese,2,3,2026-08-29,31571,2026,797075,0.0,0,0,0,0.0,0.0960253402590751,0.0960253402590751,monza - udinese,lennon miller,6.0,6.0,0,0,0,0,0,0,udinese,Monza,0.1757225975975976,0.3959177408977163,Serie A,a,C,weak,weak
Leo Østigard,0,0,0.0,66,DC,genoa,napoli,0,2,2026-08-22,31563,2026,795345,0.0174750350415706,0,1,0,0.0,0.0736132785677909,0.0561382435262203,genoa - napoli,leo ostigard,6.0,5.5,0,0,0,1,0,0,genoa,Napoli,0.5878003003003003,0.4351930063039504,Serie A,h,D,top,weak
Leo Østigard,0,0,0.0,90,DC,lazio,genoa,1,0,2026-08-30,31577,2026,798036,0.0,0,0,0,0.0,0.6463958621025085,0.6463958621025085,lazio - genoa,leo ostigard,5.5,5.0,0,0,0,1,0,0,genoa,Lazio,0.5779842342342343,0.4504657115835364,Serie A,a,D,mid,weak
Leonardo Spinazzola,0,2,0.1076856032013893,90,DL,genoa,napoli,0,2,2026-08-22,31563,2026,795362,0.0228544045239686,0,1,0,0.1076856032013893,0.5978517532348633,0.4901661872863769,genoa - napoli,leonardo spinazzola,6.0,6.0,0,0,0,0,0,0,napoli,Genoa,0.7353978978978979,0.4381536054841727,Serie A,a,D,weak,top
Leonardo Spinazzola,0,0,0.0,30,Sub,napoli,como,1,2,2026-08-30,31575,2026,797904,0.0,0,0,0,0.0,0.0952890664339065,0.0952890664339065,napoli - como,leonardo spinazzola,6.0,6.0,0,0,0,0,0,0,napoli,Como,0.4611111111111111,0.4381536054841727,Serie A,h,D,mid,top
Lewis Ferguson,0,1,0.4212470650672912,90,DMC,bologna,lazio,0,1,2026-08-24,31568,2026,796010,0.4701377153396606,0,2,0,0.4212470650672912,0.4423996210098266,0.0,bologna - lazio,lewis ferguson,5.5,5.5,0,0,0,0,0,0,bologna,Lazio,0.7363738738738739,0.5071401297842476,Serie A,h,C,mid,mid
Lewis Ferguson,0,1,0.0134041402488946,90,DMC,atalanta,bologna,1,0,2026-08-31,31579,2026,798255,0.0909097641706466,0,2,0,0.0134041402488946,0.4910835921764374,0.4101783335208893,atalanta - bologna,lewis ferguson,7.0,7.0,0,0,0,0,0,0,bologna,Atalanta,0.5166291291291292,0.5054547721900227,Serie A,a,C,top,mid
Lion Lauberbach,0,0,0.0,7,Sub,milan,venezia,2,0,2026-08-28,31570,2026,796473,0.0,0,0,0,0.0,0.042765062302351,0.042765062302351,milan - venezia,lion lauberbach,,,0,0,0,0,0,0,venezia,AC Milan,0.4163100600600601,0.4634364002242754,Serie A,a,A,top,weak
Lloyd Kelly,0,1,0.1187310367822647,90,DC,frosinone,juventus,0,1,2026-08-23,31564,2026,795769,0.0,0,0,0,0.1187310367822647,0.0540099777281284,0.0540099777281284,frosinone - juventus,lloyd kelly,6.0,6.0,0,0,0,0,0,0,juventus,Frosinone,0.5394894894894895,0.5436540621767025,Serie A,a,D,weak,top
Lloyd Kelly,0,0,0.0,11,Sub,juventus,parma,2,0,2026-08-29,31574,2026,797376,0.0,0,0,0,0.0,0.0,0.0,juventus - parma,lloyd kelly,5.5,5.5,0,0,0,0,0,0,juventus,Parma Calcio 1913,0.2665915915915916,0.4372174537833457,Serie A,h,D,weak,top
Lorenzo Bernasconi,0,0,0.0,72,DL,atalanta,sassuolo,2,1,2026-08-23,31567,2026,795913,0.0,0,0,0,0.0,0.0788096636533737,0.0788096636533737,atalanta - sassuolo,lorenzo bernasconi,6.0,6.0,0,0,0,0,0,0,atalanta,Sassuolo,0.1757225975975976,0.8259413185489622,Serie A,h,D,mid,top
Lorenzo Colombo,0,0,0.0,74,FW,genoa,napoli,0,2,2026-08-22,31563,2026,795352,0.0396153964102268,0,1,0,0.0,0.0570904351770877,0.0174750350415706,genoa - napoli,lorenzo colombo,5.5,5.5,0,0,0,0,0,0,genoa,Napoli,0.4781343843843844,1.0,Serie A,h,A,top,weak
Lorenzo Colombo,0,2,0.1013100519776344,90,FW,lazio,genoa,1,0,2026-08-30,31577,2026,798043,0.0,0,0,0,0.1013100519776344,0.18155337870121,0.0802433341741561,lazio - genoa,lorenzo colombo,5.5,5.5,0,0,0,0,0,0,genoa,Lazio,0.7201951951951953,1.0,Serie A,a,A,mid,weak
Lorenzo Lucca,0,0,0.0,12,Sub,genoa,napoli,0,2,2026-08-22,31563,2026,795370,0.0,0,0,0,0.0,0.3415709435939789,0.3415709435939789,genoa - napoli,lorenzo lucca,6.5,6.5,0,0,0,0,0,0,napoli,Genoa,0.4521208708708708,0.2070143907134364,Serie A,a,A,weak,top
Lorenzo Lucca,0,1,0.0803453251719474,6,Sub,napoli,como,1,2,2026-08-30,31575,2026,797903,0.0560646802186965,0,1,0,0.0803453251719474,0.0560646802186965,0.0,napoli - como,lorenzo lucca,,6.0,0,0,0,0,0,0,napoli,Como,0.6747372372372372,0.2637009831042676,Serie A,h,A,mid,top
Lorenzo Lucchesi,0,0,0.0,89,DC,inter,monza,4,1,2026-08-22,31560,2026,795045,0.0,0,0,0,0.0,0.0169760901480913,0.0169760901480913,inter - monza,lorenzo lucchesi,5.0,4.5,0,0,0,1,0,0,monza,Inter,0.424587087087087,0.3207120674782449,Serie A,a,D,top,weak
Lorenzo Lucchesi,0,0,0.0,63,DC,monza,udinese,2,3,2026-08-29,31571,2026,797045,0.0,0,0,0,0.0,0.0130491545423865,0.0130491545423865,monza - udinese,lorenzo lucchesi,5.0,4.5,0,0,0,1,0,0,monza,Udinese,0.3222879129129129,0.35883485881278,Serie A,h,D,weak,weak
Lorenzo Palmisani,0,0,0.0,90,GK,frosinone,juventus,0,1,2026-08-23,31564,2026,795750,0.0328134931623935,0,1,0,0.0,0.0796613842248916,0.0468478873372077,frosinone - juventus,lorenzo palmisani,6.0,5.0,-1,0,0,0,0,0,frosinone,Juventus,0.3222879129129129,0.6191825223967792,Serie A,h,P,top,weak
Lorenzo Palmisani,0,0,0.0,90,GK,fiorentina,frosinone,0,3,2026-08-29,31573,2026,797124,0.0,0,0,0,0.0,0.1373442709445953,0.1373442709445953,fiorentina - frosinone,lorenzo palmisani,6.5,7.5,0,0,0,0,0,0,frosinone,Fiorentina,0.3222879129129129,0.3548611940951912,Serie A,a,P,mid,weak
Luca Lipani,0,0,0.0,1,Sub,sassuolo,torino,2,1,2026-08-29,31572,2026,797089,0.0,0,0,0,0.0,0.0,0.0,sassuolo - torino,luca lipani,,,0,0,0,0,0,0,sassuolo,Torino,0.1757225975975976,0.0,Serie A,h,C,weak,mid
Luca Ranieri,0,0,0.0,90,DC,roma,fiorentina,4,0,2026-08-24,31569,2026,796117,0.0,0,0,0,0.0,0.1219739615917205,0.1219739615917205,roma - fiorentina,luca ranieri,4.0,4.0,0,0,0,0,0,0,fiorentina,Roma,0.2623686186186186,0.4344947395628624,Serie A,a,D,mid,mid
Lucas Da Cunha,0,0,0.0,41,Sub,udinese,como,1,1,2026-08-22,31561,2026,795119,0.0164433754980564,0,1,0,0.0,0.119066447019577,0.119066447019577,udinese - como,lucas da cunha,6.5,6.5,0,0,0,0,0,0,como,Udinese,0.5487424924924925,0.6049338025302722,Serie A,a,C,weak,mid
Lucas Da Cunha,0,3,0.0418817400932312,70,DMC,napoli,como,1,2,2026-08-30,31575,2026,797910,0.0748458355665206,0,2,0,0.0418817400932312,0.415091335773468,0.3871994018554687,napoli - como,lucas da cunha,7.0,7.0,0,0,0,0,0,0,como,Napoli,0.7189189189189189,0.4037596342501318,Serie A,a,C,top,mid
Luis Hasa,0,1,0.0201567411422729,20,Sub,frosinone,juventus,0,1,2026-08-23,31564,2026,795762,0.0316301956772804,0,2,0,0.0201567411422729,0.0517869368195533,0.0,frosinone - juventus,luis hasa,6.5,6.5,0,0,0,0,0,0,frosinone,Juventus,0.538475975975976,0.4037596342501318,Serie A,h,C,top,weak
Luis Henrique,0,0,0.0,14,Sub,inter,monza,4,1,2026-08-22,31560,2026,795039,0.0,0,0,0,0.0,0.0,0.0,inter - monza,luis henrique,6.0,6.0,0,0,0,0,0,0,inter,Monza,0.3646771771771772,0.0,Serie A,h,C,weak,top
Luis Henrique,0,1,0.0564520731568336,83,DMR,cagliari,inter,0,1,2026-08-30,31576,2026,798005,0.0,0,0,0,0.0564520731568336,0.9352177977561952,0.9352177977561952,cagliari - inter,luis henrique,6.0,6.0,0,0,0,0,0,0,inter,Cagliari,0.5597972972972973,0.0,Serie A,a,C,weak,top
Luis Milla,0,0,0.0,90,DMC,udinese,como,1,1,2026-08-22,31561,2026,795112,0.6693801879882812,0,5,0,0.0,0.0439698100090026,0.0439698100090026,udinese - como,luis milla,6.0,6.0,0,0,0,0,0,0,como,Udinese,0.3449981231231231,0.0,Serie A,a,C,weak,mid
Luis Milla,0,0,0.0,90,DMC,napoli,como,1,2,2026-08-30,31575,2026,797911,0.0708336681127548,0,1,0,0.0,0.3643679022789001,0.3643679022789001,napoli - como,luis milla,7.0,7.0,0,0,0,0,0,0,como,Napoli,0.3222879129129129,0.0,Serie A,a,C,top,mid
Luka Modric,0,0,0.0,34,Sub,torino,milan,1,2,2026-08-23,31566,2026,795904,0.0244792867451906,0,1,0,0.0,0.9123160243034364,0.9123160243034364,torino - milan,luka modric,6.5,6.5,0,0,0,0,0,0,milan,Torino,0.291066066066066,0.388143075890675,Serie A,a,C,weak,top
Luka Modric,0,0,0.0,77,MC,milan,venezia,2,0,2026-08-28,31570,2026,796451,0.1573131829500198,0,2,0,0.0,0.1056196391582489,0.1056196391582489,milan - venezia,luka modric,6.0,6.0,0,0,0,0,0,0,milan,Venezia,0.2869181681681682,0.3688052474920726,Serie A,h,C,weak,top
Lukasz Skorupski,0,0,0.0,90,GK,bologna,lazio,0,1,2026-08-24,31568,2026,796004,0.0,0,0,0,0.0,0.0,0.0,bologna - lazio,lukasz skorupski,6.0,5.0,-1,0,0,0,0,0,bologna,Lazio,0.1757225975975976,0.4402125699797749,Serie A,h,P,mid,mid
Lukasz Skorupski,0,0,0.0,90,GK,atalanta,bologna,1,0,2026-08-31,31579,2026,798249,0.0,0,0,0,0.0,0.0265713483095169,0.0265713483095169,atalanta - bologna,lukasz skorupski,4.5,3.5,-1,0,0,0,0,0,bologna,Atalanta,0.1757225975975976,0.4402125699797749,Serie A,a,P,top,mid
Maduka Okoye,0,0,0.0,90,GK,udinese,como,1,1,2026-08-22,31561,2026,795091,0.0,0,0,0,0.0,0.3025014698505401,0.3025014698505401,udinese - como,maduka okoye,7.0,6.0,-1,0,0,0,0,0,udinese,Como,0.1757225975975976,0.4402125699797749,Serie A,h,P,mid,weak
Maduka Okoye,0,0,0.0,90,GK,monza,udinese,2,3,2026-08-29,31571,2026,797060,0.0,0,0,0,0.0,0.0974445566534996,0.0974445566534996,monza - udinese,maduka okoye,6.5,4.5,-2,0,0,0,0,0,udinese,Monza,0.1757225975975976,0.4402125699797749,Serie A,a,P,weak,weak
Mandela Keita,0,0,0.0,78,FWR,parma,cagliari,0,1,2026-08-22,31562,2026,795195,0.0632277354598045,0,1,0,0.0,0.0874247103929519,0.0241969749331474,parma - cagliari,mandela keita,5.0,5.0,0,0,0,0,0,0,parma,Cagliari,0.4561749249249249,0.4402125699797749,Serie A,h,C,weak,weak
Mandela Keita,0,0,0.0,90,ML,juventus,parma,2,0,2026-08-29,31574,2026,797385,0.0,0,0,0,0.0,0.0,0.0,juventus - parma,mandela keita,6.0,6.0,0,0,0,0,0,0,parma,Juventus,0.4429617117117117,0.4402125699797749,Serie A,a,C,top,weak
Manga Foe Ondoa,0,0,0.0,90,MC,inter,monza,4,1,2026-08-22,31560,2026,795049,0.0645121708512306,0,1,0,0.0,0.4317237734794616,0.3672116100788116,inter - monza,manga ondoa,5.5,5.5,0,0,0,0,0,0,monza,Inter,0.3485548048048048,0.4402125699797749,Serie A,a,,top,weak
Manga Foe Ondoa,0,2,0.0975112989544868,56,MC,monza,udinese,2,3,2026-08-29,31571,2026,797050,0.0239064507186412,0,1,0,0.0975112989544868,0.3770148754119873,0.3770148754119873,monza - udinese,manga ondoa,5.0,5.0,0,0,0,0,0,0,monza,Udinese,0.5745026276276276,0.4402125699797749,Serie A,h,,weak,weak
Manuel Akanji,0,1,0.0589062944054603,76,DC,inter,monza,4,1,2026-08-22,31560,2026,795028,0.0229418221861124,0,1,0,0.0589062944054603,0.0132727418094873,0.0132727418094873,inter - monza,manuel akanji,5.5,5.5,0,0,0,0,0,0,inter,Monza,0.5464714714714715,0.4441515850181209,Serie A,h,D,weak,top
Manuel Akanji,0,1,0.1103250980377197,70,DC,cagliari,inter,0,1,2026-08-30,31576,2026,798004,0.0,0,0,0,0.1103250980377197,0.9783088564872742,0.9783088564872742,cagliari - inter,manuel akanji,5.0,4.5,0,0,0,1,0,0,inter,Cagliari,0.5822447447447447,0.4449496325822635,Serie A,a,D,weak,top
Manuel Lazzari,0,0,0.0,6,Sub,lazio,genoa,1,0,2026-08-30,31577,2026,798030,0.0,0,0,0,0.0,0.0,0.0,lazio - genoa,manuel lazzari,,6.0,0,0,0,0,0,0,lazio,Genoa,0.2328265765765765,0.3424813311525421,Serie A,h,D,weak,mid
Manuel Locatelli,0,0,0.0,90,DMC,frosinone,juventus,0,1,2026-08-23,31564,2026,795772,0.0472788736224174,0,1,0,0.0,0.2711591720581054,0.2711591720581054,frosinone - juventus,manuel locatelli,6.0,6.0,0,0,0,0,0,0,juventus,Frosinone,0.5038288288288288,0.4490640478409962,Serie A,a,C,weak,top
Manuel Locatelli,0,0,0.0,90,MC,juventus,parma,2,0,2026-08-29,31574,2026,797368,0.0,1,4,0,0.0,0.0,0.0,juventus - parma,manuel locatelli,6.5,7.0,0,0,0,1,0,0,juventus,Parma Calcio 1913,0.490259009009009,0.4490640478409962,Serie A,h,C,weak,top
Marc-Oliver Kempf,0,0,0.0,21,Sub,napoli,como,1,2,2026-08-30,31575,2026,797919,0.0,0,0,0,0.0,0.0,0.0,napoli - como,marcoliver kempf,6.5,6.5,0,0,0,0,0,0,como,Napoli,0.3348536036036036,0.989020364886298,Serie A,a,D,top,mid
Marco Brescianini,0,1,0.0151015343144536,64,MC,roma,fiorentina,4,0,2026-08-24,31569,2026,796120,0.0,0,0,0,0.0151015343144536,0.0151015343144536,0.0,roma - fiorentina,marco brescianini,4.5,4.5,0,0,0,0,0,0,fiorentina,Roma,0.4868993993993994,0.4402125699797749,Serie A,a,C,mid,mid
Marco Brescianini,0,0,0.0,16,Sub,fiorentina,frosinone,0,3,2026-08-29,31573,2026,797120,0.0,0,0,0,0.0,0.0,0.0,fiorentina - frosinone,marco brescianini,5.5,5.5,0,0,0,0,0,0,fiorentina,Frosinone,0.3467905405405405,0.4402125699797749,Serie A,h,C,weak,mid
Marco Carnesecchi,0,0,0.0,90,GK,atalanta,sassuolo,2,1,2026-08-23,31567,2026,795909,0.0,0,0,0,0.0,0.3985321521759033,0.3985321521759033,atalanta - sassuolo,marco carnesecchi,6.5,5.5,-1,0,0,0,0,0,atalanta,Sassuolo,0.1757225975975976,0.4103596225777276,Serie A,h,P,mid,top
Marco Carnesecchi,0,0,0.0,90,GK,atalanta,bologna,1,0,2026-08-31,31579,2026,798233,0.0,0,0,0,0.0,0.0,0.0,atalanta - bologna,marco carnesecchi,7.0,8.0,0,0,0,0,0,0,atalanta,Bologna,0.1757225975975976,0.4103596225777276,Serie A,h,P,mid,top
Marcus Pedersen,0,0,0.0,70,DMR,torino,milan,1,2,2026-08-23,31566,2026,795881,0.0996403694152832,0,1,0,0.0,0.0996403694152832,0.0996403694152832,torino - milan,marcus pedersen,6.0,6.0,0,0,0,0,0,0,torino,AC Milan,0.3634196696696696,0.4282595036868015,Serie A,h,,top,weak
Marcus Thuram,0,3,0.4870232939720154,23,Sub,cagliari,inter,0,1,2026-08-30,31576,2026,798012,0.0,0,0,0,0.4870232939720154,0.803784966468811,0.3167616426944732,cagliari - inter,marcus thuram,6.0,6.0,0,0,0,0,0,0,inter,Cagliari,0.9528528528528528,0.1420693507567317,Serie A,a,A,weak,top
Mariano Troilo,0,0,0.0,88,DC,parma,cagliari,0,1,2026-08-22,31562,2026,795189,0.0486501790583133,0,1,0,0.0,0.0241969749331474,0.0241969749331474,parma - cagliari,mariano troilo,6.5,6.5,0,0,0,0,0,0,parma,Cagliari,0.2891328828828828,0.0,Serie A,h,D,weak,weak
Mariano Troilo,0,0,0.0,90,DC,juventus,parma,2,0,2026-08-29,31574,2026,797379,0.0,0,0,0,0.0,0.0,0.0,juventus - parma,mariano troilo,5.5,5.0,0,0,0,1,0,0,parma,Juventus,0.2851163663663664,0.0861013579491894,Serie A,a,D,top,weak
Marin Pongracic,0,0,0.0,64,DC,fiorentina,frosinone,0,3,2026-08-29,31573,2026,797110,0.0,0,0,0,0.0,0.1028591692447662,0.1028591692447662,fiorentina - frosinone,marin pongracic,4.5,4.5,0,0,0,0,0,0,fiorentina,Frosinone,0.1757225975975976,0.4457447268616341,Serie A,h,D,weak,mid
Mario Gila,0,0,0.0,76,DC,torino,milan,1,2,2026-08-23,31566,2026,795896,0.1038993224501609,0,1,0,0.0,0.4576143622398376,0.4576143622398376,torino - milan,mario gila,6.5,6.5,0,0,0,0,0,0,milan,Torino,0.2359609609609609,0.4939907517219295,Serie A,a,D,weak,top
Mario Gila,0,0,0.0,90,DC,milan,venezia,2,0,2026-08-28,31570,2026,796448,0.055975928902626,0,1,0,0.0,0.5969899892807007,0.5969899892807007,milan - venezia,mario gila,6.5,6.5,0,0,0,0,0,0,milan,Venezia,0.235792042042042,0.4939907517219295,Serie A,h,D,weak,top
Mario Hermoso,0,0,0.0,70,DC,roma,fiorentina,4,0,2026-08-24,31569,2026,796101,0.0,0,0,0,0.0,0.7746433615684509,0.7746433615684509,roma - fiorentina,mario hermoso,6.0,5.5,0,0,0,1,0,0,roma,Fiorentina,0.4110923423423424,0.3631018691826735,Serie A,h,D,mid,mid
Mario Hermoso,0,0,0.0,90,DC,lecce,roma,0,4,2026-08-31,31578,2026,798160,0.0,0,0,0,0.0,1.6865357160568235,1.6865357160568235,lecce - roma,mario hermoso,6.0,6.0,0,0,0,0,0,0,roma,Lecce,0.3991178678678678,0.2616057155133567,Serie A,a,D,weak,mid
Mario Pasalic,0,0,0.0,61,MC,atalanta,sassuolo,2,1,2026-08-23,31567,2026,795914,0.0,0,0,0,0.0,0.1705549657344818,0.1705549657344818,atalanta - sassuolo,mario pasalic,6.0,6.0,0,0,0,0,0,0,atalanta,Sassuolo,0.3673423423423423,0.1028356387909217,Serie A,h,C,mid,top
Mario Pasalic,0,0,0.0,90,MC,atalanta,bologna,1,0,2026-08-31,31579,2026,798239,0.0780334025621414,0,2,0,0.0,0.1254555732011795,0.0474221669137477,atalanta - bologna,mario pasalic,6.0,6.0,0,0,0,0,0,0,atalanta,Bologna,0.3579767267267267,0.0412631527614802,Serie A,h,C,mid,top
Marten de Roon,0,0,0.0,3,Sub,lecce,roma,0,4,2026-08-31,31578,2026,798171,0.0,0,0,0,0.0,0.0,0.0,lecce - roma,marten de roon,,,0,0,0,0,0,0,roma,Lecce,0.4059872372372373,0.967764691058684,Serie A,a,C,weak,mid
Martin Baturina,0,1,0.018739815801382,49,AMC,udinese,como,1,1,2026-08-22,31561,2026,795115,0.0,0,0,0,0.018739815801382,0.0,0.0,udinese - como,martin baturina,5.0,5.0,0,0,0,0,0,0,como,Udinese,0.6307057057057057,0.2873617353936803,Serie A,a,C,weak,mid
Martin Baturina,1,4,0.2626600563526153,62,AML,napoli,como,1,2,2026-08-30,31575,2026,797914,0.1963008642196655,1,2,1,0.2626600563526153,0.5559384226799011,0.2041589319705963,napoli - como,martin baturina,7.5,11.5,1,0,0,0,0,0,como,Napoli,0.7905968468468468,0.3120199883460035,Serie A,a,C,top,mid
Mateo Pellegrino,0,0,0.0,90,FW,roma,fiorentina,4,0,2026-08-24,31569,2026,796125,0.0161070134490728,0,1,0,0.0,0.0161070134490728,0.0,roma - fiorentina,mateo pellegrino,5.0,5.0,0,0,0,0,0,0,fiorentina,Roma,0.4719031531531531,1.0,Serie A,a,A,mid,mid
Mateo Pellegrino,0,3,0.2856446802616119,90,FW,fiorentina,frosinone,0,3,2026-08-29,31573,2026,797117,0.2033402770757675,0,3,0,0.2856446802616119,0.60865318775177,0.1196682453155517,fiorentina - frosinone,mateo pellegrino,4.0,4.0,0,0,0,0,0,0,fiorentina,Frosinone,0.7753378378378378,0.4402125699797749,Serie A,h,A,weak,mid
Mathis Mout,0,1,0.0645121708512306,71,MC,inter,monza,4,1,2026-08-22,31560,2026,795050,0.0691863894462585,1,1,0,0.0645121708512306,0.4328733086585998,0.2991747260093689,inter - monza,mathis mout,6.5,7.5,0,0,0,0,0,0,monza,Inter,0.5840934684684684,0.4402125699797749,Serie A,a,C,top,weak
Mathis Mout,0,0,0.0,56,MC,monza,udinese,2,3,2026-08-29,31571,2026,797051,0.0,0,0,0,0.0,0.7106794118881226,0.7106794118881226,monza - udinese,mathis mout,5.0,5.0,0,0,0,0,0,0,monza,Udinese,0.3286786786786786,0.4402125699797749,Serie A,h,C,weak,weak
Mathías Olivera,0,0,0.0,9,Sub,genoa,napoli,0,2,2026-08-22,31563,2026,795373,0.0,0,0,0,0.0,0.4527325332164764,0.4527325332164764,genoa - napoli,mathias olivera,,6.0,0,0,0,0,0,0,napoli,Genoa,0.240578078078078,0.3919667891302884,Serie A,a,D,weak,top
Mathías Olivera,0,2,0.1544677764177322,60,DL,napoli,como,1,2,2026-08-30,31575,2026,797893,0.1513612866401672,0,1,0,0.1544677764177322,0.3751125931739807,0.069283552467823,napoli - como,mathias olivera,4.5,4.5,0,0,0,0,0,0,napoli,Como,0.5302552552552553,0.3510932520035101,Serie A,h,D,mid,top
Matteo Cancellieri,0,2,0.0458368584513664,50,FWR,bologna,lazio,0,1,2026-08-24,31568,2026,796028,0.0239126812666654,0,1,0,0.0458368584513664,0.0426002144813537,0.0,bologna - lazio,matteo cancellieri,5.5,5.0,0,0,0,1,0,0,lazio,Bologna,0.5911974474474475,0.4778469516338308,Serie A,a,C,mid,mid
Matteo Cancellieri,0,1,0.0607813857495784,67,FWR,lazio,genoa,1,0,2026-08-30,31577,2026,798025,0.0,0,0,0,0.0607813857495784,0.1354312598705291,0.074649877846241,lazio - genoa,matteo cancellieri,6.0,6.0,0,0,0,0,0,0,lazio,Genoa,0.6021584084084084,0.4778469516338308,Serie A,h,C,weak,mid
Matteo Cichella,0,0,0.0,70,DMC,frosinone,juventus,0,1,2026-08-23,31564,2026,795755,0.0,0,0,0,0.0,0.0,0.0,frosinone - juventus,matteo cichella,6.0,6.0,0,0,0,0,0,0,frosinone,Juventus,0.4137575075075075,0.4702357707211917,Serie A,h,C,top,weak
Matteo Dagasso,0,0,0.0,18,Sub,venezia,lecce,0,2,2026-08-23,31565,2026,795731,0.0,0,0,0,0.0,0.0200285203754901,0.0200285203754901,venezia - lecce,matteo dagasso,6.0,5.5,0,0,0,1,0,0,venezia,Lecce,0.3222879129129129,0.4702357707211917,Serie A,h,C,weak,weak
Matteo Gabbia,0,0,0.0,14,Sub,torino,milan,1,2,2026-08-23,31566,2026,795906,0.0,0,0,0,0.0,0.0,0.0,torino - milan,matteo gabbia,6.0,6.0,0,0,0,0,0,0,milan,Torino,0.2536599099099099,0.6820869167440441,Serie A,a,D,weak,top
Matteo Gabbia,0,0,0.0,1,Sub,milan,venezia,2,0,2026-08-28,31570,2026,796459,0.0,0,0,0,0.0,0.0,0.0,milan - venezia,matteo gabbia,,,0,0,0,0,0,0,milan,Venezia,0.252515015015015,0.6820869167440441,Serie A,h,D,weak,top
Matteo Palma,0,0,0.0,49,DC,udinese,como,1,1,2026-08-22,31561,2026,795094,0.0,0,0,0,0.0,0.0,0.0,udinese - como,matteo palma,6.5,6.5,0,0,0,0,0,0,udinese,Como,0.1757225975975976,0.6126803827059489,Serie A,h,D,mid,weak
Matteo Politano,0,0,0.0,67,FWR,genoa,napoli,0,2,2026-08-22,31563,2026,795366,0.0,0,0,0,0.0,0.0528591461479663,0.0528591461479663,genoa - napoli,matteo politano,5.0,4.5,0,0,0,1,0,0,napoli,Genoa,0.5290728228228229,0.5309584107339145,Serie A,a,C,weak,top
Matteo Politano,0,0,0.0,90,FWR,napoli,como,1,2,2026-08-30,31575,2026,797897,0.3231999576091766,0,2,0,0.0,0.4058208465576172,0.4058208465576172,napoli - como,matteo politano,5.5,5.5,0,0,0,0,0,0,napoli,Como,0.5163663663663663,0.5154822504338927,Serie A,h,C,mid,top
Mattia Felici,0,0,0.0,21,Sub,parma,cagliari,0,1,2026-08-22,31562,2026,795217,0.0,0,0,0,0.0,0.069826029241085,0.069826029241085,parma - cagliari,mattia felici,6.0,6.0,0,0,0,0,0,0,cagliari,Parma Calcio 1913,0.3614677177177177,0.1329687964540986,Serie A,a,C,weak,weak
Mattia Liberali,0,2,0.0918588265776634,16,Sub,udinese,como,1,1,2026-08-22,31561,2026,795122,0.0722536519169807,0,1,0,0.0918588265776634,0.1641124784946441,0.0,udinese - como,mattia liberali,6.5,6.5,0,0,0,0,0,0,como,Udinese,0.5793825075075075,0.3380588449392246,Serie A,a,C,weak,mid
Mattia Perin,0,0,0.0,1,Sub,frosinone,juventus,0,1,2026-08-23,31564,2026,795777,0.0,0,0,0,0.0,0.0,0.0,frosinone - juventus,mattia perin,,,0,0,0,0,0,0,juventus,Frosinone,0.1757225975975976,0.4402125699797749,Serie A,a,SUB,weak,top
Mattia Zaccagni,0,3,0.1407050639390945,90,FWL,bologna,lazio,0,1,2026-08-24,31568,2026,796030,0.0621291100978851,0,1,0,0.1407050639390945,0.1646177470684051,0.0824193060398101,bologna - lazio,mattia zaccagni,6.0,6.0,0,0,0,0,0,0,lazio,Bologna,0.623048048048048,0.0,Serie A,a,C,mid,mid
Mattia Zaccagni,0,3,0.1005562245845794,90,FWL,lazio,genoa,1,0,2026-08-30,31577,2026,798027,0.6742762327194214,0,4,0,0.1005562245845794,0.6382632255554199,0.3807324171066284,lazio - genoa,mattia zaccagni,6.5,6.0,0,0,0,1,0,0,lazio,Genoa,0.5730855855855855,0.2217331505064364,Serie A,h,C,weak,mid
Matìas Soulè Malvano,0,2,0.5622501373291016,34,Sub,roma,fiorentina,4,0,2026-08-24,31569,2026,796111,0.0,0,0,0,0.5622501373291016,1.3847233057022097,0.8224731683731079,roma - fiorentina,soule,6.0,6.0,0,0,0,0,0,0,roma,Fiorentina,0.7422672672672672,0.4402125699797749,Serie A,h,A,mid,mid
Matìas Soulè Malvano,1,4,0.7965960502624512,63,AMC,lecce,roma,0,4,2026-08-31,31578,2026,798166,0.0679446309804916,0,1,1,0.7965960502624512,2.0745131969451904,1.320628046989441,lecce - roma,soule,6.5,9.5,1,0,0,0,0,0,roma,Lecce,0.7470533033033033,0.4402125699797749,Serie A,a,A,weak,mid
Maxence Caqueret,0,0,0.0,1,Sub,udinese,como,1,1,2026-08-22,31561,2026,795118,0.0,0,0,0,0.0,0.0,0.0,udinese - como,maxence caqueret,,,0,0,0,0,0,0,como,Udinese,0.4490803303303303,0.5575071176845493,Serie A,a,C,weak,mid
Maxence Caqueret,0,0,0.0,28,Sub,napoli,como,1,2,2026-08-30,31575,2026,797918,0.0258055347949266,0,1,0,0.0,0.1184629574418068,0.1184629574418068,napoli - como,maxence caqueret,6.0,6.0,0,0,0,0,0,0,como,Napoli,0.4356418918918918,0.5591439820621876,Serie A,a,C,top,mid
Mehmet Zeki Çelik,0,0,0.0,72,DL,frosinone,juventus,0,1,2026-08-23,31564,2026,795770,0.476006269454956,0,1,0,0.0,0.6713900566101074,0.1953838020563125,frosinone - juventus,mehmet celik,5.5,5.0,0,0,0,1,0,0,juventus,Frosinone,0.2607357357357357,0.4089396003650349,Serie A,a,D,weak,top
Mehmet Zeki Çelik,0,0,0.0,90,DL,juventus,parma,2,0,2026-08-29,31574,2026,797365,0.0,0,0,0,0.0,0.0,0.0,juventus - parma,mehmet celik,6.5,6.5,0,0,0,0,0,0,juventus,Parma Calcio 1913,0.2588963963963964,0.3757685152911114,Serie A,h,D,weak,top
Mergim Vojvoda,0,2,0.0737601146101951,90,DMR,udinese,como,1,1,2026-08-22,31561,2026,795095,0.1384160071611404,0,2,0,0.0737601146101951,1.0206018686294556,0.9468417167663574,udinese - como,mergim vojvoda,6.0,6.0,0,0,0,0,0,0,udinese,Como,0.7527777777777778,0.6670818019727744,Serie A,h,D,mid,weak
Mergim Vojvoda,0,0,0.0,87,DMR,monza,udinese,2,3,2026-08-29,31571,2026,797064,0.2010494023561477,0,2,0,0.0,0.2984939515590668,0.0974445566534996,monza - udinese,mergim vojvoda,6.5,6.5,0,0,0,0,0,0,udinese,Monza,0.513795045045045,0.6670818019727744,Serie A,a,D,weak,weak
Michael Folorunsho,0,2,0.0769988819956779,34,Sub,monza,udinese,2,3,2026-08-29,31571,2026,797055,0.0,0,0,0,0.0769988819956779,0.4381205141544342,0.361121654510498,monza - udinese,michael folorunsho,6.0,6.0,0,0,0,0,0,0,monza,Udinese,0.7949887387387388,0.8217239737098415,Serie A,h,C,weak,weak
Mikael Ellertsson,0,1,0.0396153964102268,90,DML,genoa,napoli,0,2,2026-08-22,31563,2026,795347,0.0,0,0,0,0.0396153964102268,0.0570904351770877,0.0174750350415706,genoa - napoli,mikael ellertsson,6.5,6.5,0,0,0,0,0,0,genoa,Napoli,0.4337837837837838,0.3662468411426037,Serie A,h,C,top,weak
Mikael Ellertsson,0,0,0.0,90,DMR,lazio,genoa,1,0,2026-08-30,31577,2026,798037,0.0669251233339309,0,1,0,0.0,0.16707344353199,0.1001483276486396,lazio - genoa,mikael ellertsson,5.0,5.0,0,0,0,0,0,0,genoa,Lazio,0.2533033033033033,0.3768948492293182,Serie A,a,C,mid,weak
Mike Maignan,0,0,0.0,90,GK,torino,milan,1,2,2026-08-23,31566,2026,795893,0.0,0,0,0,0.0,0.1495781540870666,0.1495781540870666,torino - milan,mike maignan,6.0,5.0,-1,0,0,0,0,0,milan,Torino,0.1757225975975976,0.4402125699797749,Serie A,a,P,weak,top
Mike Maignan,0,0,0.0,90,GK,milan,venezia,2,0,2026-08-28,31570,2026,796445,0.0,0,0,0,0.0,0.0354665406048297,0.0354665406048297,milan - venezia,mike maignan,6.0,7.0,0,0,0,0,0,0,milan,Venezia,0.1757225975975976,0.4402125699797749,Serie A,h,P,weak,top
Mikel Amondarain,0,0,0.0,7,Sub,bologna,lazio,0,1,2026-08-24,31568,2026,796015,0.0,0,0,0,0.0,0.0,0.0,bologna - lazio,mikel amondarain,,6.0,0,0,0,0,0,0,bologna,Lazio,0.3222879129129129,0.4402125699797749,Serie A,h,C,mid,mid
Mikel Amondarain,0,1,0.0600223131477832,17,Sub,atalanta,bologna,1,0,2026-08-31,31579,2026,798260,0.0,0,0,0,0.0600223131477832,0.1357888132333755,0.0757665038108825,atalanta - bologna,mikel amondarain,5.0,5.0,0,0,0,0,0,0,bologna,Atalanta,0.5317098348348348,0.4402125699797749,Serie A,a,C,top,mid
Mile Svilar,0,0,0.0,90,GK,roma,fiorentina,4,0,2026-08-24,31569,2026,796099,0.0,0,0,0,0.0,0.0,0.0,roma - fiorentina,mile svilar,6.5,7.5,0,0,0,0,0,0,roma,Fiorentina,0.1757225975975976,0.4402125699797749,Serie A,h,P,mid,mid
Mile Svilar,0,0,0.0,90,GK,lecce,roma,0,4,2026-08-31,31578,2026,798157,0.0,0,0,0,0.0,0.0,0.0,lecce - roma,mile svilar,6.5,7.5,0,0,0,0,0,0,roma,Lecce,0.1757225975975976,0.4402125699797749,Serie A,a,P,weak,mid
Milutin Osmajic,0,1,0.02509431168437,23,Sub,lazio,genoa,1,0,2026-08-30,31577,2026,798045,0.4183471798896789,0,1,0,0.02509431168437,0.4841105937957763,0.0406690873205661,lazio - genoa,milutin osmajic,5.5,5.5,0,0,0,0,0,0,genoa,Lazio,0.4840277777777777,0.4402125699797749,Serie A,a,A,mid,weak
Moise Kean,0,2,0.1251728534698486,25,Sub,roma,fiorentina,4,0,2026-08-24,31569,2026,796127,0.0,0,0,0,0.1251728534698486,0.1251728534698486,0.0,roma - fiorentina,moise kean,6.0,6.0,0,0,0,0,0,0,fiorentina,Roma,0.7596471471471471,0.0,Serie A,a,A,mid,mid
Morten Frendrup,0,1,0.0319657698273658,90,MC,genoa,napoli,0,2,2026-08-22,31563,2026,795348,0.0202545132488012,0,1,0,0.0319657698273658,0.2011508047580719,0.1489305198192596,genoa - napoli,morten frendrup,6.5,6.5,0,0,0,0,0,0,genoa,Napoli,0.5897147147147147,0.4402125699797749,Serie A,h,C,top,weak
Morten Frendrup,0,1,0.0406690873205661,90,MC,lazio,genoa,1,0,2026-08-30,31577,2026,798039,0.09536013007164,0,2,0,0.0406690873205661,0.2029543370008468,0.1227110102772712,lazio - genoa,morten frendrup,6.0,6.0,0,0,0,0,0,0,genoa,Lazio,0.5921546546546547,0.4402125699797749,Serie A,a,C,mid,weak
Máximo Perrone,0,0,0.0,49,DMC,udinese,como,1,1,2026-08-22,31561,2026,795113,0.0,0,0,0,0.0,0.0604235641658306,0.0604235641658306,udinese - como,maximo perrone,5.5,5.5,0,0,0,0,0,0,como,Udinese,0.369801051051051,0.4530548452854894,Serie A,a,C,weak,mid
Máximo Perrone,0,0,0.0,20,Sub,napoli,como,1,2,2026-08-30,31575,2026,797916,0.0325864516198635,0,1,0,0.0,0.1184629574418068,0.1184629574418068,napoli - como,maximo perrone,6.0,6.0,0,0,0,0,0,0,como,Napoli,0.3604542042042042,0.5919294658189147,Serie A,a,C,top,mid
Nadir Zortea,0,1,0.0354204028844833,73,DR,bologna,lazio,0,1,2026-08-24,31568,2026,796005,0.0,0,0,0,0.0354204028844833,0.0354204028844833,0.0,bologna - lazio,nadir zortea,5.5,5.5,0,0,0,0,0,0,bologna,Lazio,0.4282657657657657,0.701658633156599,Serie A,h,D,mid,mid
Nadir Zortea,0,0,0.0,17,Sub,atalanta,bologna,1,0,2026-08-31,31579,2026,798263,0.0,0,0,0,0.0,0.0757665038108825,0.0757665038108825,atalanta - bologna,nadir zortea,5.5,5.5,0,0,0,0,0,0,bologna,Atalanta,0.2546921921921922,0.7941725179044938,Serie A,a,D,top,mid
Nahuel Molina,0,0,0.0,27,Sub,lecce,roma,0,4,2026-08-31,31578,2026,798168,0.0,0,0,0,0.0,1.0457682609558103,1.0457682609558103,lecce - roma,nahuel molina,6.0,6.0,0,0,0,0,0,0,roma,Lecce,0.5343843843843844,0.6415650220167826,Serie A,a,SUB,weak,mid
Ndary Adopo,0,1,0.059290561825037,90,AMR,parma,cagliari,0,1,2026-08-22,31562,2026,795210,0.0810032039880752,1,2,0,0.059290561825037,0.3135378360748291,0.2325346320867538,parma - cagliari,ndary adopo,6.0,7.0,0,0,0,0,0,0,cagliari,Parma Calcio 1913,0.54131006006006,0.5394283112884661,Serie A,a,C,weak,weak
Ndary Adopo,0,1,0.032884556800127,90,AMR,cagliari,inter,0,1,2026-08-30,31576,2026,797992,0.0837405771017074,0,3,0,0.032884556800127,0.1378115862607956,0.0888761729001998,cagliari - inter,ndary adopo,6.0,6.0,0,0,0,0,0,0,cagliari,Inter,0.4828265765765765,0.5394283112884661,Serie A,h,C,top,weak
Neil El Aynaoui,0,0,0.0,9,Sub,roma,fiorentina,4,0,2026-08-24,31569,2026,796112,0.0,0,0,0,0.0,0.6868959665298462,0.6868959665298462,roma - fiorentina,neil el aynaoui,,,0,0,0,0,0,0,roma,Fiorentina,0.3146396396396396,0.4535867610614742,Serie A,h,C,mid,mid
Nemanja Matic,0,1,0.0470216199755668,75,MC,atalanta,sassuolo,2,1,2026-08-23,31567,2026,795930,0.0622653625905513,0,1,0,0.0470216199755668,1.300960898399353,1.238695502281189,atalanta - sassuolo,nemanja matic,6.0,6.0,0,0,0,0,0,0,sassuolo,Atalanta,0.4843656156156156,0.403335522763628,Serie A,a,C,top,mid
Nemanja Matic,0,1,0.010624922811985,90,MC,sassuolo,torino,2,1,2026-08-29,31572,2026,797083,0.0230111368000507,0,1,0,0.010624922811985,0.2579055726528168,0.2472806423902511,sassuolo - torino,nemanja matic,5.5,5.0,0,0,0,1,0,0,sassuolo,Torino,0.4121246246246246,0.4222156916010169,Serie A,h,C,weak,mid
Nesta Elphege,0,1,0.2271450161933899,3,Sub,parma,cagliari,0,1,2026-08-22,31562,2026,795198,0.0,0,0,0,0.2271450161933899,0.0,0.0,parma - cagliari,nesta elphege,,,0,0,0,0,0,0,parma,Cagliari,0.6811373873873874,0.2149568738103655,Serie A,h,A,weak,weak
Nesta Elphege,0,0,0.0,6,Sub,juventus,parma,2,0,2026-08-29,31574,2026,797389,0.0,0,0,0,0.0,0.0,0.0,juventus - parma,nesta elphege,,6.0,0,0,0,0,0,0,parma,Juventus,0.3610735735735736,0.2343581724095889,Serie A,a,A,top,weak
Niakhate Ndiaye,0,1,0.453470230102539,90,DC,parma,cagliari,0,1,2026-08-22,31562,2026,795190,0.0,0,0,0,0.453470230102539,0.0241969749331474,0.0241969749331474,parma - cagliari,niakhate ndiaye,6.0,6.0,0,0,0,0,0,0,parma,Cagliari,0.515625,0.429957460828157,Serie A,h,D,weak,weak
Niccolò Fortini,0,0,0.0,20,Sub,torino,milan,1,2,2026-08-23,31566,2026,795892,0.0,0,0,0,0.0,0.0,0.0,torino - milan,niccolo fortini,6.0,6.0,0,0,0,0,0,0,torino,AC Milan,0.1757225975975976,0.4402125699797749,Serie A,h,D,top,weak
Niccolò Fortini,0,0,0.0,76,DR,sassuolo,torino,2,1,2026-08-29,31572,2026,797093,0.0898875296115875,0,1,0,0.0,0.5499988794326782,0.5499988794326782,sassuolo - torino,niccolo fortini,6.0,6.0,0,0,0,0,0,0,torino,Sassuolo,0.1757225975975976,0.4402125699797749,Serie A,a,D,mid,weak
Niccolò Pisilli,1,1,0.6463994979858398,9,Sub,roma,fiorentina,4,0,2026-08-24,31569,2026,796114,0.1246458068490028,0,1,1,0.6463994979858398,1.230618953704834,0.4595735967159271,roma - fiorentina,niccolo pisilli,6.5,9.5,1,0,0,0,0,0,roma,Fiorentina,0.7309684684684685,0.993120181036522,Serie A,h,C,mid,mid
Niccolò Pisilli,0,0,0.0,20,Sub,lecce,roma,0,4,2026-08-31,31578,2026,798170,0.0,0,0,0,0.0,0.1126051843166351,0.1126051843166351,lecce - roma,niccolo pisilli,6.0,6.0,0,0,0,0,0,0,roma,Lecce,0.4246433933933934,0.526757203502041,Serie A,a,C,weak,mid
Nico Paz,0,4,0.1411932706832885,90,AMR,udinese,como,1,1,2026-08-22,31561,2026,795114,0.0475671999156475,0,1,0,0.1411932706832885,0.2160499095916748,0.0614894032478332,udinese - como,nico paz,5.5,5.5,0,0,0,0,0,0,como,Udinese,0.8643768768768769,0.4150466512069325,Serie A,a,C,weak,mid
Nico Paz,0,5,0.2907859683036804,85,AMC,napoli,como,1,2,2026-08-30,31575,2026,797913,0.07813760638237,0,2,0,0.2907859683036804,0.4321625530719757,0.2324761003255844,napoli - como,nico paz,6.5,6.5,0,0,0,0,0,0,como,Napoli,0.8871809309309309,0.4218598731459592,Serie A,a,C,top,mid
Nicola Zalewski,0,1,0.0869267731904983,61,FWR,atalanta,sassuolo,2,1,2026-08-23,31567,2026,795917,0.080825351178646,0,2,0,0.0869267731904983,0.3474924266338348,0.1797403246164322,atalanta - sassuolo,nicola zalewski,5.5,5.5,0,0,0,0,0,0,atalanta,Sassuolo,0.6615990990990992,0.7171588600338722,Serie A,h,C,mid,top
Nicola Zalewski,0,2,0.0711274817585945,34,Sub,atalanta,bologna,1,0,2026-08-31,31579,2026,798247,0.0143165765330195,1,1,0,0.0711274817585945,0.0854440554976463,0.0,atalanta - bologna,nicola zalewski,6.0,7.0,0,0,0,0,0,0,atalanta,Bologna,0.6313626126126126,0.8626428343241719,Serie A,h,C,mid,top
Nicolas Galazzi,0,1,0.0169760901480913,19,Sub,inter,monza,4,1,2026-08-22,31560,2026,795056,0.0,0,0,0,0.0169760901480913,0.0680368617177009,0.0680368617177009,inter - monza,nicolas galazzi,6.0,6.0,0,0,0,0,0,0,monza,Inter,0.4595251501501501,1.0,Serie A,a,SUB,top,weak
Nicolo Fagioli,0,0,0.0,64,MC,roma,fiorentina,4,0,2026-08-24,31569,2026,796121,0.0,0,0,0,0.0,0.0312085468322038,0.0312085468322038,roma - fiorentina,nicolo fagioli,4.0,3.5,0,0,0,1,0,0,fiorentina,Roma,0.4718468468468468,0.7709077122163688,Serie A,a,C,mid,mid
Nicolo Fagioli,0,1,0.0321674197912216,26,Sub,fiorentina,frosinone,0,3,2026-08-29,31573,2026,797121,0.0158718731254339,0,1,0,0.0321674197912216,0.1540455073118209,0.1060062199831008,fiorentina - frosinone,nicolo fagioli,6.0,6.0,0,0,0,0,0,0,fiorentina,Frosinone,0.625243993993994,0.772131773636237,Serie A,h,C,weak,mid
Nicolo Rovella,0,1,0.038214273750782,90,MC,bologna,lazio,0,1,2026-08-24,31568,2026,796025,0.0271493270993232,0,1,0,0.038214273750782,0.1011068373918533,0.1011068373918533,bologna - lazio,nicolo rovella,6.5,6.5,0,0,0,0,0,0,lazio,Bologna,0.4109046546546546,0.3757478296584868,Serie A,a,C,mid,mid
Nicolo Rovella,0,0,0.0,36,MC,lazio,genoa,1,0,2026-08-30,31577,2026,798023,0.0168390423059463,0,1,0,0.0,0.0383823961019516,0.0383823961019516,lazio - genoa,nicolo rovella,6.0,6.0,0,0,0,0,0,0,lazio,Genoa,0.2343093093093093,0.3901739015074609,Serie A,h,C,weak,mid
Nicolo Zaniolo,0,3,0.113826647400856,90,AMC,udinese,como,1,1,2026-08-22,31561,2026,795099,0.576706051826477,0,2,0,0.113826647400856,0.7518981099128723,0.1118630617856979,udinese - como,nicolo zaniolo,7.0,7.0,0,0,0,0,0,0,udinese,Como,0.6347034534534535,0.6180637487672873,Serie A,h,C,mid,weak
Nicolás González,1,4,0.0,29,Sub,juventus,parma,2,0,2026-08-29,31574,2026,797372,0.0,0,1,1,0.0,0.0,0.0,juventus - parma,nicolas gonzalez,8.0,11.0,1,0,0,0,0,0,juventus,Parma Calcio 1913,0.4814376876876877,0.7355772995371405,Serie A,h,SUB,weak,top
Nicolò Barella,0,2,0.068749263882637,90,MC,inter,monza,4,1,2026-08-22,31560,2026,795035,0.0,0,0,0,0.068749263882637,0.2103767544031143,0.1645693033933639,inter - monza,nicolo barella,6.5,6.5,0,0,0,0,0,0,inter,Monza,0.7809684684684685,0.0596847412199705,Serie A,h,C,weak,top
Nicolò Barella,0,2,0.3409740030765533,90,MC,cagliari,inter,0,1,2026-08-30,31576,2026,798008,0.9557735323905944,1,4,0,0.3409740030765533,2.429015636444092,2.047563314437866,cagliari - inter,nicolo barella,7.0,8.0,0,0,0,0,0,0,inter,Cagliari,0.8726163663663664,0.0071195605589535,Serie A,a,C,weak,top
Nicolò Bertola,0,0,0.0,20,Sub,monza,udinese,2,3,2026-08-29,31571,2026,797072,0.0,0,0,0,0.0,0.0,0.0,monza - udinese,nicolo bertola,6.0,6.0,0,0,0,0,0,0,udinese,Monza,0.1757225975975976,0.3810049291552188,Serie A,a,D,weak,weak
Nicolò Cambiaghi,0,2,0.1970217674970626,64,AML,bologna,lazio,0,1,2026-08-24,31568,2026,796013,0.0,0,0,0,0.1970217674970626,0.0539670102298259,0.0,bologna - lazio,nicolo cambiaghi,6.5,6.0,0,0,0,1,0,0,bologna,Lazio,0.6485172672672673,0.0826659745196049,Serie A,h,C,mid,mid
Nicolò Cambiaghi,0,3,0.1149955168366432,90,AML,atalanta,bologna,1,0,2026-08-31,31579,2026,798258,0.0600223131477832,0,1,0,0.1149955168366432,0.3961825966835022,0.3018061518669128,atalanta - bologna,nicolo cambiaghi,7.0,7.0,0,0,0,0,0,0,bologna,Atalanta,0.6054241741741742,0.0503275723261555,Serie A,a,C,top,mid
Nikola Krstovic,1,3,0.3988772630691528,29,Sub,atalanta,sassuolo,2,1,2026-08-23,31567,2026,795924,0.0170348826795816,0,1,1,0.3988772630691528,0.4159121513366699,0.0,atalanta - sassuolo,nikola krstovic,6.5,9.5,1,0,0,0,0,0,atalanta,Sassuolo,0.929710960960961,0.3833776758820824,Serie A,h,A,mid,top
Nikola Krstovic,0,0,0.0,21,Sub,atalanta,bologna,1,0,2026-08-31,31579,2026,798246,0.0147083131596446,0,1,0,0.0,0.0147083131596446,0.0,atalanta - bologna,nikola krstovic,6.0,5.5,0,0,0,1,0,0,atalanta,Bologna,0.60121996996997,0.4172756586366792,Serie A,h,A,mid,top
Nikola Moro,0,0,0.0,9,Sub,atalanta,bologna,1,0,2026-08-31,31579,2026,798261,0.0,0,0,0,0.0,0.0600223131477832,0.0600223131477832,atalanta - bologna,nikola moro,,6.0,0,0,0,0,0,0,bologna,Atalanta,0.2773648648648649,0.1999469813698247,Serie A,a,A,top,mid
Nikola Stulic,0,3,1.2268424034118652,14,Sub,venezia,lecce,0,2,2026-08-23,31565,2026,795749,0.0,0,0,0,1.2268424034118652,1.2268424034118652,0.0,venezia - lecce,nikola stulic,5.0,5.0,0,0,0,0,0,0,lecce,Venezia,0.7966779279279279,0.6515778961149618,Serie A,a,A,weak,weak
Nikola Stulic,0,0,0.0,33,Sub,lecce,roma,0,4,2026-08-31,31578,2026,798153,0.0,0,0,0,0.0,0.0104357050731778,0.0104357050731778,lecce - roma,nikola stulic,5.5,5.5,0,0,0,0,0,0,lecce,Roma,0.4112987987987988,0.6410926578259172,Serie A,h,A,mid,weak
Nikola Vlasic,0,0,0.0,90,AMC,torino,milan,1,2,2026-08-23,31566,2026,795885,0.0,0,0,0,0.0,0.0996403694152832,0.0996403694152832,torino - milan,nikola vlasic,6.0,6.0,0,0,0,0,0,0,torino,AC Milan,0.4181493993993994,0.4248215076419154,Serie A,h,C,top,weak
Nikola Vlasic,0,2,0.1626597493886947,90,MC,sassuolo,torino,2,1,2026-08-29,31572,2026,797098,0.2599762082099914,0,1,0,0.1626597493886947,0.9911321401596068,0.5684961676597595,sassuolo - torino,nikola vlasic,6.0,6.0,0,0,0,0,0,0,torino,Sassuolo,0.6988738738738739,0.4248215076419154,Serie A,a,C,mid,weak
Noa Lang,0,0,0.0,24,Sub,genoa,napoli,0,2,2026-08-22,31563,2026,795372,0.0,0,0,0,0.0,0.0987258031964302,0.0987258031964302,genoa - napoli,noa lang,6.5,6.5,0,0,0,0,0,0,napoli,Genoa,0.2839339339339339,0.1039822956233001,Serie A,a,A,weak,top
Noa Lang,0,1,0.2839755713939667,60,FWL,napoli,como,1,2,2026-08-30,31575,2026,797899,0.0946439132094383,0,1,0,0.2839755713939667,0.447903037071228,0.069283552467823,napoli - como,noa lang,5.0,5.0,0,0,0,0,0,0,napoli,Como,0.5970720720720721,0.1444565176992952,Serie A,h,A,mid,top
Nuno Tavares,0,0,0.0,8,Sub,bologna,lazio,0,1,2026-08-24,31568,2026,796035,0.0,0,0,0,0.0,0.0,0.0,bologna - lazio,nuno tavares,,6.0,0,0,0,0,0,0,lazio,Bologna,0.1757225975975976,0.4365476041845409,Serie A,a,D,mid,mid
Nuno Tavares,0,5,0.4345525801181793,67,DL,lazio,genoa,1,0,2026-08-30,31577,2026,798021,0.4005286991596222,1,2,0,0.4345525801181793,0.8350812792778015,0.039778035134077,lazio - genoa,nuno tavares,7.0,8.0,0,0,0,0,0,0,lazio,Genoa,0.5133164414414415,0.4365476041845409,Serie A,h,D,weak,mid
Odilon Kossounou,0,0,0.0,90,DC,atalanta,sassuolo,2,1,2026-08-23,31567,2026,795911,0.0,0,0,0,0.0,0.1369807720184326,0.1369807720184326,atalanta - sassuolo,odilon kossounou,5.5,5.5,0,0,0,0,0,0,atalanta,Sassuolo,0.355349099099099,0.4377940895986279,Serie A,h,D,mid,top
Odilon Kossounou,0,0,0.0,90,DC,atalanta,bologna,1,0,2026-08-31,31579,2026,798236,0.0,0,0,0,0.0,0.0143165765330195,0.0143165765330195,atalanta - bologna,odilon kossounou,6.5,6.5,0,0,0,0,0,0,atalanta,Bologna,0.3467342342342342,0.4377940895986279,Serie A,h,D,mid,top
Oier Zarraga,0,0,0.0,1,Sub,udinese,como,1,1,2026-08-22,31561,2026,795104,0.0,0,0,0,0.0,0.0,0.0,udinese - como,oier zarraga,,,0,0,0,0,0,0,udinese,Como,0.2596471471471471,0.4906870290112098,Serie A,h,C,mid,weak
Oier Zarraga,0,0,0.0,28,Sub,monza,udinese,2,3,2026-08-29,31571,2026,797074,0.0,0,0,0,0.0,0.0960253402590751,0.0960253402590751,monza - udinese,oier zarraga,6.0,6.0,0,0,0,0,0,0,udinese,Monza,0.2579579579579579,0.497937334817342,Serie A,a,C,weak,weak
Olaf Gorter,1,1,0.0621552281081676,63,MC,venezia,lecce,0,2,2026-08-23,31565,2026,795741,0.0,0,0,1,0.0621552281081676,0.0621552281081676,0.0,venezia - lecce,olaf gorter,7.0,10.0,1,0,0,0,0,0,lecce,Venezia,0.5346002252252252,0.4443065719400049,Serie A,a,C,weak,weak
Olaf Gorter,0,0,0.0,49,MC,lecce,roma,0,4,2026-08-31,31578,2026,798149,0.0295129306614398,0,1,0,0.0,0.0,0.0,lecce - roma,olaf gorter,4.5,4.5,0,0,0,0,0,0,lecce,Roma,0.5726163663663664,0.4402125699797749,Serie A,h,C,mid,weak
Oliver Provstgaard,0,0,0.0,90,DC,bologna,lazio,0,1,2026-08-24,31568,2026,796022,0.0,0,0,0,0.0,0.1833052784204483,0.1833052784204483,bologna - lazio,oliver provstgaard,6.0,5.5,0,0,0,1,0,0,lazio,Bologna,0.1757225975975976,0.4892993236024794,Serie A,a,D,mid,mid
Oliver Provstgaard,0,0,0.0,90,DC,lazio,genoa,1,0,2026-08-30,31577,2026,798019,0.0,0,0,0,0.0,0.1569746136665344,0.1569746136665344,lazio - genoa,oliver provstgaard,6.5,6.5,0,0,0,0,0,0,lazio,Genoa,0.1757225975975976,0.4956580964651357,Serie A,h,D,weak,mid
Omari Forson,0,0,0.0,19,Sub,inter,monza,4,1,2026-08-22,31560,2026,795057,0.0169760901480913,0,1,0,0.0,0.0680368617177009,0.0510607734322547,inter - monza,omari forson,5.5,5.5,0,0,0,0,0,0,monza,Inter,0.1757225975975976,0.2473277873563629,Serie A,a,SUB,top,weak
Omari Forson,0,0,0.0,4,Sub,monza,udinese,2,3,2026-08-29,31571,2026,797059,0.0230396389961242,0,1,0,0.0,0.0575066395103931,0.0575066395103931,monza - udinese,omari forson,,,0,0,0,0,0,0,monza,Udinese,0.1757225975975976,0.2188176483663208,Serie A,h,SUB,weak,weak
Omri Gandelman,0,0,0.0,1,Sub,venezia,lecce,0,2,2026-08-23,31565,2026,795746,0.0,0,0,0,0.0,0.0,0.0,venezia - lecce,omri gandelman,,,0,0,0,0,0,0,lecce,Venezia,0.2863926426426426,0.0825697765698148,Serie A,a,C,weak,weak
Oumar Ngom,0,1,0.0160792991518974,90,MC,venezia,lecce,0,2,2026-08-23,31565,2026,795739,0.011043170467019,0,1,0,0.0160792991518974,0.6021910905838013,0.5750685930252075,venezia - lecce,oumar ngom,6.0,5.5,0,0,0,1,0,0,lecce,Venezia,0.3105386636636636,0.4402125699797749,Serie A,a,C,weak,weak
Oumar Ngom,0,0,0.0,75,MC,lecce,roma,0,4,2026-08-31,31578,2026,798147,0.0,0,0,0,0.0,0.0104357050731778,0.0104357050731778,lecce - roma,oumar ngom,5.0,5.0,0,0,0,0,0,0,lecce,Roma,0.1757225975975976,0.4402125699797749,Serie A,h,C,mid,weak
Oumar Solet,0,0,0.0,90,DC,udinese,como,1,1,2026-08-22,31561,2026,795092,0.0228221509605646,0,1,0,0.0,0.1549693793058395,0.1321472227573394,udinese - como,oumar solet,6.5,6.5,0,0,0,0,0,0,udinese,Como,0.3849099099099099,1.0,Serie A,h,D,mid,weak
Oumar Solet,0,0,0.0,90,DC,monza,udinese,2,3,2026-08-29,31571,2026,797062,0.0974445566534996,0,1,0,0.0,0.0974445566534996,0.0,monza - udinese,oumar solet,7.0,7.0,0,0,0,0,0,0,udinese,Monza,0.3746996996996997,0.9512709578098308,Serie A,a,D,weak,weak
Ousmane Diallo,0,0,0.0,12,Sub,parma,cagliari,0,1,2026-08-22,31562,2026,795200,0.0,0,0,0,0.0,0.0,0.0,parma - cagliari,ousmane diallo,5.0,5.0,0,0,0,0,0,0,parma,Cagliari,0.3671921921921922,0.8834573024423795,Serie A,h,SUB,weak,weak
Oussama El Azzouzi,0,0,0.0,83,DMC,bologna,lazio,0,1,2026-08-24,31568,2026,796009,0.0539670102298259,0,1,0,0.0,0.0539670102298259,0.0,bologna - lazio,oussama el azzouzi,5.0,4.5,0,0,0,1,0,0,bologna,Lazio,0.4025525525525525,0.3733304152134887,Serie A,h,,mid,mid
Patrick Cutrone,0,0,0.0,19,Sub,inter,monza,4,1,2026-08-22,31560,2026,795054,0.0510607734322547,0,1,0,0.0,0.0680368617177009,0.0680368617177009,inter - monza,patrick cutrone,6.0,6.0,0,0,0,0,0,0,monza,Inter,0.3467717717717717,0.4402125699797749,Serie A,a,A,top,weak
Patrick Cutrone,0,1,0.635704517364502,90,AMC,monza,udinese,2,3,2026-08-29,31571,2026,797052,0.1918876469135284,0,2,0,0.635704517364502,1.1382670402526855,0.3106749057769775,monza - udinese,patrick cutrone,6.0,6.0,0,0,0,0,0,0,monza,Udinese,0.6955518018018019,0.4402125699797749,Serie A,h,A,weak,weak
Patrizio Masini,0,0,0.0,28,Sub,frosinone,juventus,0,1,2026-08-23,31564,2026,795764,0.0,0,0,0,0.0,0.0201567411422729,0.0201567411422729,frosinone - juventus,patrizio masini,6.0,6.0,0,0,0,0,0,0,frosinone,Juventus,0.2426989489489489,0.6186122103554527,Serie A,h,C,top,weak
Patrizio Masini,0,0,0.0,90,DMC,fiorentina,frosinone,0,3,2026-08-29,31573,2026,797130,0.0,0,0,0,0.0,0.6599417924880981,0.6599417924880981,fiorentina - frosinone,patrizio masini,6.5,6.5,0,0,0,0,0,0,frosinone,Fiorentina,0.2421546546546546,0.8369726718447211,Serie A,a,C,mid,weak
Paul Mendy,0,4,0.291590541601181,69,FW,parma,cagliari,0,1,2026-08-22,31562,2026,795213,0.059290561825037,0,1,0,0.291590541601181,0.4190429449081421,0.0681618303060531,parma - cagliari,paul mendy,5.5,5.5,0,0,0,0,0,0,cagliari,Parma Calcio 1913,0.6682995495495496,0.6775253720175619,Serie A,a,,weak,weak
Paul Mendy,0,0,0.0,59,FW,cagliari,inter,0,1,2026-08-30,31576,2026,797995,0.0,0,0,0,0.0,0.0,0.0,cagliari - inter,paul mendy,6.0,6.0,0,0,0,0,0,0,cagliari,Inter,0.3431493993993993,0.8129044409273373,Serie A,h,,top,weak
Paulo Dybala,0,4,0.1830072402954101,81,AMC,roma,fiorentina,4,0,2026-08-24,31569,2026,796107,1.9625507593154907,3,4,0,0.1830072402954101,2.3130910396575928,0.2146331816911697,roma - fiorentina,paulo dybala,8.0,11.0,0,0,0,0,0,0,roma,Fiorentina,0.6987237237237237,0.3684096045334892,Serie A,h,A,mid,mid
Paulo Dybala,0,3,0.4665171504020691,87,AMC,lecce,roma,0,4,2026-08-31,31578,2026,798165,0.7007789015769958,0,3,0,0.4665171504020691,2.3152377605438232,1.147941827774048,lecce - roma,paulo dybala,7.0,7.0,0,0,0,0,0,0,roma,Lecce,0.7289977477477477,0.3684096045334892,Serie A,a,A,weak,mid
Petar Sucic,0,0,0.0,35,Sub,inter,monza,4,1,2026-08-22,31560,2026,795040,0.0,0,0,0,0.0,0.1512965559959411,0.1512965559959411,inter - monza,petar sucic,6.0,6.0,0,0,0,0,0,0,inter,Monza,0.5329204204204204,0.671239918565982,Serie A,h,C,weak,top
Petar Sucic,0,0,0.0,67,MC,cagliari,inter,0,1,2026-08-30,31576,2026,798007,0.0630714744329452,0,1,0,0.0,0.5099983811378479,0.5099983811378479,cagliari - inter,petar sucic,5.5,5.5,0,0,0,0,0,0,inter,Cagliari,0.5204016516516516,0.6607667047085279,Serie A,a,C,weak,top
Pierre Kalulu Kyatengwa,0,1,0.0759004577994346,90,DR,frosinone,juventus,0,1,2026-08-23,31564,2026,795767,0.0165271386504173,0,1,0,0.0759004577994346,0.1946583241224289,0.1187578663229942,frosinone - juventus,pierre kyatengwa,,,,,,,,,juventus,Frosinone,0.5168168168168168,0.5792448616948871,Serie A,a,D,weak,top
Pierre Kalulu Kyatengwa,0,0,0.0,90,DR,juventus,parma,2,0,2026-08-29,31574,2026,797362,0.0,0,2,0,0.0,0.0,0.0,juventus - parma,pierre kyatengwa,,,,,,,,,juventus,Parma Calcio 1913,0.2831268768768769,0.5976105020585255,Serie A,h,D,weak,top
Pietro Comuzzo,0,1,0.2812153697013855,85,DC,torino,milan,1,2,2026-08-23,31566,2026,795880,0.0,0,0,0,0.2812153697013855,0.6647654175758362,0.3835500180721283,torino - milan,pietro comuzzo,6.5,6.5,0,0,0,0,0,0,torino,AC Milan,0.6096846846846847,0.617297393001143,Serie A,h,D,top,weak
Pietro Comuzzo,1,1,0.3513087034225464,90,DC,sassuolo,torino,2,1,2026-08-29,31572,2026,797095,0.0393813736736774,0,1,1,0.3513087034225464,0.4805776178836822,0.4411962330341339,sassuolo - torino,pietro comuzzo,6.0,9.0,1,0,0,0,0,0,torino,Sassuolo,0.6154279279279279,0.8301497508732034,Serie A,a,D,mid,weak
Piotr Zielinski,1,1,0.3323720395565033,84,MC,inter,monza,4,1,2026-08-22,31560,2026,795034,0.0,0,0,1,0.3323720395565033,0.2708772718906402,0.2708772718906402,inter - monza,piotr zielinski,6.5,9.5,1,0,0,0,0,0,inter,Monza,0.9395457957957958,0.1161455872545737,Serie A,h,C,weak,top
Piotr Zielinski,0,1,0.0712032318115234,23,Sub,cagliari,inter,0,1,2026-08-30,31576,2026,798014,0.2510550320148468,0,1,0,0.0712032318115234,0.632189154624939,0.3099309206008911,cagliari - inter,piotr zielinski,6.0,6.0,0,0,0,0,0,0,inter,Cagliari,0.8402027027027027,0.3461201753135463,Serie A,a,C,weak,top
Pontus Almqvist,0,0,0.0,21,Sub,parma,cagliari,0,1,2026-08-22,31562,2026,795201,0.0,0,0,0,0.0,0.0,0.0,parma - cagliari,pontus almqvist,5.5,5.5,0,0,0,0,0,0,parma,Cagliari,0.2546734234234234,0.4402125699797749,Serie A,h,C,weak,weak
Pontus Almqvist,0,0,0.0,2,Sub,juventus,parma,2,0,2026-08-29,31574,2026,797390,0.0,0,1,0,0.0,0.0,0.0,juventus - parma,pontus almqvist,,,0,0,0,0,0,0,parma,Juventus,0.2534159159159159,0.4402125699797749,Serie A,a,C,top,weak
Rachid Kouda,0,0,0.0,12,Sub,parma,cagliari,0,1,2026-08-22,31562,2026,795199,0.0,0,0,0,0.0,0.0,0.0,parma - cagliari,rachid kouda,5.0,5.0,0,0,0,0,0,0,parma,Cagliari,0.3861298798798799,0.4402125699797749,Serie A,h,SUB,weak,weak
Radu Dragusin,0,1,0.0193337183445692,90,DC,roma,fiorentina,4,0,2026-08-24,31569,2026,796118,0.0,0,0,0,0.0193337183445692,0.0161070134490728,0.0161070134490728,roma - fiorentina,radu dragusin,4.0,4.0,0,0,0,0,0,0,fiorentina,Roma,0.6884009009009009,0.2596014452279349,Serie A,a,D,mid,mid
Radu Dragusin,0,0,0.0,90,DC,fiorentina,frosinone,0,3,2026-08-29,31573,2026,797111,0.0,0,0,0,0.0,0.1008327156305313,0.1008327156305313,fiorentina - frosinone,radu dragusin,4.0,3.5,0,0,0,1,0,0,fiorentina,Frosinone,0.5338588588588589,0.3082569927886793,Serie A,h,D,weak,mid
Rafa Marín,0,0,0.0,81,DC,genoa,napoli,0,2,2026-08-22,31563,2026,795360,0.0,0,0,0,0.0,0.1479269862174987,0.1479269862174987,genoa - napoli,rafa marin,5.5,5.5,0,0,0,0,0,0,napoli,Genoa,0.1757225975975976,0.5357133719706343,Serie A,a,,weak,top
Rafa Marín,0,0,0.0,90,DC,napoli,como,1,2,2026-08-30,31575,2026,797891,0.0,0,0,0,0.0,0.3231999576091766,0.3231999576091766,napoli - como,rafa marin,5.5,5.5,0,0,0,0,0,0,napoli,Como,0.1757225975975976,0.5216967809429475,Serie A,h,,mid,top
Rafael Obrador,0,0,0.0,26,Sub,sassuolo,torino,2,1,2026-08-29,31572,2026,797091,0.0,0,0,0,0.0,0.0635477751493454,0.0635477751493454,sassuolo - torino,rafael obrador,6.0,6.0,0,0,0,0,0,0,sassuolo,Torino,0.5795983483483483,0.4020171068570634,Serie A,h,D,weak,mid
Rahim Alhassane,0,0,0.0,90,DL,atalanta,bologna,1,0,2026-08-31,31579,2026,798253,0.0886565148830413,0,3,0,0.0,0.261804848909378,0.1937673836946487,atalanta - bologna,rahim alhassane,6.5,6.5,0,0,0,0,0,0,bologna,Atalanta,0.3378847597597597,0.30332841621752,Serie A,a,D,top,mid
Randal Kolo Muani,0,3,0.6469230651855469,90,FW,frosinone,juventus,0,1,2026-08-23,31564,2026,795776,0.1069664880633354,0,1,0,0.6469230651855469,0.7385568022727966,0.476006269454956,frosinone - juventus,randal muani,5.0,5.0,0,0,0,0,0,0,juventus,Frosinone,0.8674737237237238,0.3579331090000541,Serie A,a,,weak,top
Randal Kolo Muani,0,4,0.0,90,FW,juventus,parma,2,0,2026-08-29,31574,2026,797371,0.0,0,0,0,0.0,0.0,0.0,juventus - parma,randal muani,6.0,6.0,0,0,0,0,0,0,juventus,Parma Calcio 1913,0.4989677177177177,0.3579331090000541,Serie A,h,,weak,top
Raoul Bellanova,0,0,0.0,11,Sub,atalanta,bologna,1,0,2026-08-31,31579,2026,798244,0.0,0,0,0,0.0,0.0143165765330195,0.0143165765330195,atalanta - bologna,raoul bellanova,,6.0,0,0,0,0,0,0,atalanta,Bologna,0.235548048048048,0.1486009143429758,Serie A,h,D,mid,top
Raphael Kofler,0,0,0.0,31,Sub,cagliari,inter,0,1,2026-08-30,31576,2026,797998,0.0,0,0,0,0.0,0.0,0.0,cagliari - inter,raphael kofler,6.0,6.0,0,0,0,0,0,0,cagliari,Inter,0.4010604354354354,0.3469789699998398,Serie A,h,D,top,weak
Rasmus Højlund,0,0,0.0,78,FW,genoa,napoli,0,2,2026-08-22,31563,2026,795367,0.0145792383700609,0,1,0,0.0,0.0145792383700609,0.0,genoa - napoli,rasmus hojlund,5.0,5.0,0,0,0,0,0,0,napoli,Genoa,0.5517079579579579,0.4402125699797749,Serie A,a,A,weak,top
Rasmus Højlund,1,2,0.2206448316574096,84,FW,napoli,como,1,2,2026-08-30,31575,2026,797898,0.0,0,0,1,0.2206448316574096,0.3759444653987884,0.1552996337413787,napoli - como,rasmus hojlund,7.0,10.0,1,0,0,0,0,0,napoli,Como,0.8473348348348348,0.4402125699797749,Serie A,h,A,mid,top
Reda Belahyane,0,0,0.0,54,Sub,lazio,genoa,1,0,2026-08-30,31577,2026,798029,0.1056073904037475,0,1,0,0.0,0.242319643497467,0.1367122530937194,lazio - genoa,reda belahyane,6.5,6.5,0,0,0,0,0,0,lazio,Genoa,0.1757225975975976,1.0,Serie A,h,C,weak,mid
Redouane Halal,0,0,0.0,43,Sub,milan,venezia,2,0,2026-08-28,31570,2026,796472,0.0,0,0,0,0.0,0.07879638671875,0.07879638671875,milan - venezia,redouane halal,,,,,,,,,venezia,AC Milan,0.3400243993993994,0.7150164988703763,Serie A,a,SUB,top,weak
Ricardo Mangas,0,1,0.4208485782146454,90,FWL,inter,monza,4,1,2026-08-22,31560,2026,795053,0.0,0,0,0,0.4208485782146454,0.7369993925094604,0.316150814294815,inter - monza,ricardo mangas,5.5,5.5,0,0,0,0,0,0,monza,Inter,0.6581362612612612,0.6989873629579436,Serie A,a,D,top,weak
Ricardo Mangas,0,0,0.0,90,DML,monza,udinese,2,3,2026-08-29,31571,2026,797049,0.3712257146835327,1,4,0,0.0,1.3650076389312744,1.0163183212280271,monza - udinese,ricardo mangas,6.0,7.0,0,0,0,0,0,0,monza,Udinese,0.3286786786786786,0.688071845227248,Serie A,h,D,weak,weak
Riccardo Ciervo,0,0,0.0,1,Sub,atalanta,sassuolo,2,1,2026-08-23,31567,2026,795937,0.0,0,0,0,0.0,0.0138293867930769,0.0138293867930769,atalanta - sassuolo,riccardo ciervo,,,,,,,,,"cagliari,sassuolo",,0.1757225975975976,0.0,Serie A,,C,weak,weak
Riccardo Ciervo,0,1,0.0475543774664402,5,Sub,cagliari,inter,0,1,2026-08-30,31576,2026,797999,0.0,0,0,0,0.0475543774664402,0.0201353523880243,0.0201353523880243,cagliari - inter,riccardo ciervo,,,,,,,,,"cagliari,sassuolo",,0.367164039039039,0.2192528949944706,Serie A,,C,weak,weak
Riccardo Orsolini,0,0,0.0,64,AMR,bologna,lazio,0,1,2026-08-24,31568,2026,796011,0.1591953039169311,0,2,0,0.0,0.0354204028844833,0.0,bologna - lazio,riccardo orsolini,5.5,5.5,0,0,0,0,0,0,bologna,Lazio,0.5270082582582583,0.2730587952009682,Serie A,h,C,mid,mid
Riccardo Orsolini,0,0,0.0,20,Sub,atalanta,bologna,1,0,2026-08-31,31579,2026,798262,0.0,0,0,0,0.0,0.0,0.0,atalanta - bologna,riccardo orsolini,,6.0,0,0,0,0,0,0,bologna,Atalanta,0.5141516516516517,0.3546177858965866,Serie A,a,C,top,mid
Richie Sagrado,0,0,0.0,3,Sub,venezia,lecce,0,2,2026-08-23,31565,2026,795732,0.0,0,0,0,0.0,0.0,0.0,venezia - lecce,richie sagrado,,,0,0,0,0,0,0,venezia,Lecce,0.1757225975975976,0.4282313320538405,Serie A,h,D,weak,weak
Ridgeciano Haps,0,1,0.5742291808128357,24,Sub,venezia,lecce,0,2,2026-08-23,31565,2026,795730,0.2572977542877197,0,1,0,0.5742291808128357,0.8315269351005554,0.0,venezia - lecce,ridgeciano haps,6.5,6.5,0,0,0,0,0,0,venezia,Lecce,0.8475412912912913,0.1812101084928156,Serie A,h,D,weak,weak
Ridgeciano Haps,0,0,0.0,69,DML,milan,venezia,2,0,2026-08-28,31570,2026,796466,0.0268864911049604,0,1,0,0.0,0.1317005157470703,0.1317005157470703,milan - venezia,ridgeciano haps,6.5,6.0,0,0,0,1,0,0,venezia,AC Milan,0.4829954954954955,0.2509775309399116,Serie A,a,D,top,weak
Roberto Piccoli,0,1,0.0583978071808815,64,FW,bologna,lazio,0,1,2026-08-24,31568,2026,796014,0.0,0,0,0,0.0583978071808815,0.0354204028844833,0.0354204028844833,bologna - lazio,roberto piccoli,6.0,6.0,0,0,0,0,0,0,bologna,Lazio,0.7704954954954955,0.8270539893306574,Serie A,h,A,mid,mid
Roberto Piccoli,0,3,0.6973000764846802,61,FW,atalanta,bologna,1,0,2026-08-31,31579,2026,798259,0.0,0,0,0,0.6973000764846802,0.6973000764846802,0.0,atalanta - bologna,roberto piccoli,5.5,5.5,0,0,0,0,0,0,bologna,Atalanta,0.9128566066066066,0.8172716350436269,Serie A,a,A,top,mid
Rodrigo Mora,0,2,0.081729382276535,56,AMC,roma,fiorentina,4,0,2026-08-24,31569,2026,796108,0.0384264476597309,0,1,0,0.081729382276535,0.1201558262109756,0.0,roma - fiorentina,rodrigo mora,6.5,6.5,0,0,0,0,0,0,roma,Fiorentina,0.6773836336336336,0.8172716350436269,Serie A,h,C,mid,mid
Rodrigo Mora,1,1,0.6475932002067566,27,Sub,lecce,roma,0,4,2026-08-31,31578,2026,798172,0.3981751203536987,0,1,1,0.6475932002067566,1.0457682609558103,0.3981751203536987,lecce - roma,rodrigo mora,6.5,9.5,1,0,0,0,0,0,roma,Lecce,0.6897616366366366,0.8172716350436269,Serie A,a,C,weak,mid
Rolando Mandragora,0,0,0.0,14,Sub,roma,fiorentina,4,0,2026-08-24,31569,2026,796126,0.0,0,0,0,0.0,0.0,0.0,roma - fiorentina,rolando mandragora,,6.0,0,0,0,0,0,0,fiorentina,Roma,0.6181306306306307,1.0,Serie A,a,C,mid,mid
Rolando Mandragora,0,1,0.0241509713232517,16,Sub,fiorentina,frosinone,0,3,2026-08-29,31573,2026,797119,0.0,0,0,0,0.0241509713232517,0.0,0.0,fiorentina - frosinone,rolando mandragora,6.0,6.0,0,0,0,0,0,0,fiorentina,Frosinone,0.7708333333333334,0.7345509018649854,Serie A,h,C,weak,mid
Romano Floriani,0,1,0.0621291100978851,72,Sub,bologna,lazio,0,1,2026-08-24,31568,2026,796032,0.0,0,0,0,0.0621291100978851,0.4970377385616302,0.4970377385616302,bologna - lazio,romano floriani,,,,,,,,,lazio,Bologna,0.3879973723723723,0.3771498637323393,Serie A,a,C,mid,mid
Romano Floriani,0,0,0.0,84,DR,lazio,genoa,1,0,2026-08-30,31577,2026,798018,0.0,0,0,0,0.0,0.0914889201521873,0.0914889201521873,lazio - genoa,romano floriani,,,,,,,,,lazio,Genoa,0.1757225975975976,0.3393009481792144,Serie A,h,C,weak,mid
Romano Schmid,0,0,0.0,62,AMC,frosinone,juventus,0,1,2026-08-23,31564,2026,795758,0.0,0,0,0,0.0,0.0,0.0,frosinone - juventus,romano schmid,5.0,4.5,0,0,0,1,0,0,frosinone,Juventus,0.3370307807807807,0.3128393881890519,Serie A,h,C,top,weak
Romano Schmid,0,0,0.0,90,AMC,fiorentina,frosinone,0,3,2026-08-29,31573,2026,797132,0.0,0,0,0,0.0,0.6994026899337769,0.6994026899337769,fiorentina - frosinone,romano schmid,7.0,7.0,0,0,0,0,0,0,frosinone,Fiorentina,0.3222879129129129,0.2404649566702156,Serie A,a,C,mid,weak
Ruben Loftus-Cheek,0,4,0.2738364040851593,56,AMC,torino,milan,1,2,2026-08-23,31566,2026,795901,0.2027313709259033,0,3,0,0.2738364040851593,0.5234216451644897,0.0804833248257637,torino - milan,ruben loftuscheek,5.0,4.5,0,0,0,1,0,0,milan,Torino,0.7168731231231231,0.4402125699797749,Serie A,a,C,weak,top
Ruben Loftus-Cheek,0,0,0.0,62,AMC,milan,venezia,2,0,2026-08-28,31570,2026,796453,0.2201608419418335,0,3,0,0.0,0.2761367559432983,0.0771555453538894,milan - venezia,ruben loftuscheek,5.0,5.0,0,0,0,0,0,0,milan,Venezia,0.3923048048048048,0.4402125699797749,Serie A,h,C,weak,top
Samuel Chukwueze,0,2,0.1787120252847671,90,DMR,torino,milan,1,2,2026-08-23,31566,2026,795897,0.6870925426483154,1,4,0,0.1787120252847671,1.213600754737854,0.4895640015602112,torino - milan,samuel chukwueze,7.0,8.0,0,0,0,0,0,0,milan,Torino,0.7814189189189189,0.318819715840539,Serie A,a,C,weak,top
Samuel Chukwueze,0,1,0.0152447614818811,90,DMR,milan,venezia,2,0,2026-08-28,31570,2026,796449,0.3139984607696533,0,3,0,0.0152447614818811,0.922208607196808,0.6284319162368774,milan - venezia,samuel chukwueze,6.0,6.0,0,0,0,0,0,0,milan,Venezia,0.6034534534534535,0.3402306004951931,Serie A,h,C,weak,top
Samuele Birindelli,0,1,0.0510607734322547,90,DML,inter,monza,4,1,2026-08-22,31560,2026,795048,0.0,0,0,0,0.0510607734322547,0.0510607734322547,0.0,inter - monza,samuele birindelli,5.0,5.0,0,0,0,0,0,0,monza,Inter,0.6355292792792793,0.4176473252618287,Serie A,a,D,top,weak
Samuele Birindelli,0,1,0.0130491545423865,86,DMR,monza,udinese,2,3,2026-08-29,31571,2026,797048,0.0,0,0,0,0.0130491545423865,0.9268871545791626,0.913838028907776,monza - udinese,samuele birindelli,6.0,6.0,0,0,0,0,0,0,monza,Udinese,0.553246996996997,0.2775976491272185,Serie A,h,D,weak,weak
Sandro Kulenovic,0,0,0.0,5,Sub,torino,milan,1,2,2026-08-23,31566,2026,795890,0.0,0,0,0,0.0,0.0,0.0,torino - milan,sandro kulenovic,,,0,0,0,0,0,0,torino,AC Milan,0.1757225975975976,0.7214896138285505,Serie A,h,A,top,weak
Sandro Kulenovic,0,0,0.0,14,Sub,sassuolo,torino,2,1,2026-08-29,31572,2026,797105,0.0,0,0,0,0.0,0.0,0.0,sassuolo - torino,sandro kulenovic,5.5,5.5,0,0,0,0,0,0,torino,Sassuolo,0.1757225975975976,0.4780470975573915,Serie A,a,A,mid,weak
Santiago Castro,0,1,0.1246458068490028,20,Sub,roma,fiorentina,4,0,2026-08-24,31569,2026,796110,0.0,0,0,0,0.1246458068490028,0.5842193961143494,0.4595735967159271,roma - fiorentina,santiago castro,6.0,6.0,0,0,0,0,0,0,roma,Fiorentina,0.6783033033033032,0.2373136456600845,Serie A,h,A,mid,mid
Santiago Castro,0,1,0.1126051843166351,20,Sub,lecce,roma,0,4,2026-08-31,31578,2026,798169,0.0,0,0,0,0.1126051843166351,0.1126051843166351,0.0,lecce - roma,santiago castro,5.5,5.5,0,0,0,0,0,0,roma,Lecce,0.6578078078078078,0.1863273416167197,Serie A,a,A,weak,mid
Santiago Pierotti,0,2,0.1744495779275894,90,FWR,venezia,lecce,0,2,2026-08-23,31565,2026,795742,0.6148409247398376,0,1,0,0.1744495779275894,0.8362143635749817,0.0469238460063934,venezia - lecce,santiago pierotti,6.0,6.0,0,0,0,0,0,0,lecce,Venezia,0.6085960960960961,0.388066419936539,Serie A,a,C,weak,weak
Santiago Pierotti,0,1,0.0104357050731778,75,FW,lecce,roma,0,4,2026-08-31,31578,2026,798150,0.2284357100725174,0,1,0,0.0104357050731778,0.2388714253902435,0.0,lecce - roma,santiago pierotti,5.0,5.0,0,0,0,0,0,0,lecce,Roma,0.4287725225225225,0.3742197632913058,Serie A,h,C,mid,weak
Sascha Britschgi,0,0,0.0,88,MR,juventus,parma,2,0,2026-08-29,31574,2026,797382,0.0,0,0,0,0.0,0.0,0.0,juventus - parma,sascha britschgi,6.0,6.0,0,0,0,0,0,0,parma,Juventus,0.1757225975975976,0.440053505783845,Serie A,a,D,top,weak
Saúl Coco,0,1,0.0629090666770935,90,DC,torino,milan,1,2,2026-08-23,31566,2026,795879,0.0,0,0,0,0.0629090666770935,0.3835500180721283,0.3835500180721283,torino - milan,saul coco,5.5,5.5,0,0,0,0,0,0,torino,AC Milan,0.4661036036036036,0.6778977955413379,Serie A,h,D,top,weak
Saúl Coco,0,1,0.3401920199394226,90,DC,sassuolo,torino,2,1,2026-08-29,31572,2026,797094,0.0184973161667585,0,1,0,0.3401920199394226,0.5684961676597595,0.5684961676597595,sassuolo - torino,saul coco,5.5,5.5,0,0,0,0,0,0,torino,Sassuolo,0.5761824324324324,0.8784560171627432,Serie A,a,D,mid,weak
Scott McTominay,0,1,0.0203547161072492,90,MC,genoa,napoli,0,2,2026-08-22,31563,2026,795365,0.1099831089377403,0,2,0,0.0203547161072492,0.6587839126586914,0.5284460783004761,genoa - napoli,scott mctominay,6.0,6.0,0,0,0,0,0,0,napoli,Genoa,0.7035660660660661,0.4326740462320589,Serie A,a,C,weak,top
Scott McTominay,0,1,0.1552996337413787,60,MC,napoli,como,1,2,2026-08-30,31575,2026,797896,0.0,0,0,0,0.1552996337413787,0.2245831787586212,0.069283552467823,napoli - como,scott mctominay,5.0,5.0,0,0,0,0,0,0,napoli,Como,0.8368618618618618,0.4326740462320589,Serie A,h,C,mid,top
Sead Kolasinac,0,0,0.0,18,Sub,atalanta,sassuolo,2,1,2026-08-23,31567,2026,795920,0.0,0,0,0,0.0,0.0,0.0,atalanta - sassuolo,sead kolasinac,6.0,6.0,0,0,0,0,0,0,atalanta,Sassuolo,0.2415352852852852,0.0586408339046587,Serie A,h,D,mid,top
Sead Kolasinac,0,0,0.0,79,DL,atalanta,bologna,1,0,2026-08-31,31579,2026,798237,0.0,0,0,0,0.0,0.0,0.0,atalanta - bologna,sead kolasinac,6.0,6.0,0,0,0,0,0,0,atalanta,Bologna,0.2411036036036036,0.0285134903561207,Serie A,h,D,mid,top
Sebastian Otoa,0,0,0.0,24,Sub,genoa,napoli,0,2,2026-08-22,31563,2026,795354,0.0,0,0,0,0.0,0.0,0.0,genoa - napoli,sebastian otoa,5.5,5.5,0,0,0,0,0,0,genoa,Napoli,0.1757225975975976,0.5321465610709799,Serie A,h,D,top,weak
Semuel Pizzignacco,0,0,0.0,90,GK,inter,monza,4,1,2026-08-22,31560,2026,795043,0.0,0,0,0,0.0,0.0,0.0,inter - monza,semuel pizzignacco,4.0,0.0,-4,0,0,0,0,0,monza,Inter,0.1757225975975976,0.3294871892270474,Serie A,a,,top,weak
Seydou Fini,0,1,0.0468478873372077,62,AMR,frosinone,juventus,0,1,2026-08-23,31564,2026,795757,0.0,0,0,0,0.0468478873372077,0.0468478873372077,0.0,frosinone - juventus,seydou fini,5.0,5.0,0,0,0,0,0,0,frosinone,Juventus,0.3660754504504504,0.3490505112506831,Serie A,h,C,top,weak
Seydou Fini,0,1,0.3246402144432068,49,AMR,fiorentina,frosinone,0,3,2026-08-29,31573,2026,797131,0.0,0,0,0,0.3246402144432068,0.3864169716835022,0.0617767423391342,fiorentina - frosinone,seydou fini,6.0,6.0,0,0,0,0,0,0,frosinone,Fiorentina,0.497926051051051,0.4036266520016709,Serie A,a,C,mid,weak
Simon Sohm,0,0,0.0,22,Sub,milan,venezia,2,0,2026-08-28,31570,2026,796475,0.0091448323801159,0,1,0,0.0,0.0091448323801159,0.0,milan - venezia,simon sohm,5.5,5.5,0,0,0,0,0,0,venezia,AC Milan,0.2519707207207207,0.0,Serie A,a,C,top,weak
Simone Cinquegrano,0,1,0.0187577325850725,90,DR,atalanta,sassuolo,2,1,2026-08-23,31567,2026,795926,0.0548703037202358,0,1,0,0.0187577325850725,0.4926914274692535,0.4190633893013,atalanta - sassuolo,simone cinquegrano,5.0,5.0,0,0,0,0,0,0,sassuolo,Atalanta,0.5111486486486487,0.0,Serie A,a,D,top,mid
Simone Cinquegrano,0,2,0.1037444174289703,90,DR,sassuolo,torino,2,1,2026-08-29,31572,2026,797077,0.0,0,0,0,0.1037444174289703,0.2156397849321365,0.1390964090824127,sassuolo - torino,simone cinquegrano,6.0,6.0,0,0,0,0,0,0,sassuolo,Torino,0.5867117117117117,0.2226241846648168,Serie A,h,D,weak,mid
Simone Lontani,0,1,0.0632277354598045,78,FWL,parma,cagliari,0,1,2026-08-22,31562,2026,795197,0.453470230102539,0,1,0,0.0632277354598045,0.0874247103929519,0.0241969749331474,parma - cagliari,simone lontani,6.5,6.5,0,0,0,0,0,0,parma,Cagliari,0.5475882132132132,0.0851313200874669,Serie A,h,A,weak,weak
Simone Lontani,0,0,0.0,66,FW,juventus,parma,2,0,2026-08-29,31574,2026,797387,0.0,0,0,0,0.0,0.0,0.0,juventus - parma,simone lontani,5.0,5.0,0,0,0,0,0,0,parma,Juventus,0.3286786786786786,0.1162860735121089,Serie A,a,A,top,weak
Stanislav Lobotka,0,2,0.0757135525345802,90,MC,genoa,napoli,0,2,2026-08-22,31563,2026,795364,0.0203547161072492,0,1,0,0.0757135525345802,0.1106474995613098,0.090292789041996,genoa - napoli,stanislav lobotka,6.5,6.5,0,0,0,0,0,0,napoli,Genoa,0.5984046546546546,0.4480475596418151,Serie A,a,C,weak,top
Stanislav Lobotka,0,0,0.0,90,MC,napoli,como,1,2,2026-08-30,31575,2026,797895,0.0,0,0,0,0.0,0.392483502626419,0.392483502626419,napoli - como,stanislav lobotka,6.0,6.0,0,0,0,0,0,0,napoli,Como,0.3605292792792792,0.4480475596418151,Serie A,h,C,mid,top
Strahinja Pavlovic,0,0,0.0,90,DC,torino,milan,1,2,2026-08-23,31566,2026,795894,0.0,0,0,0,0.0,0.4786064922809601,0.4786064922809601,torino - milan,strahinja pavlovic,6.5,6.5,0,0,0,0,0,0,milan,Torino,0.4962087087087087,0.4402125699797749,Serie A,a,D,weak,top
Strahinja Pavlovic,0,1,0.0681055784225463,90,DC,milan,venezia,2,0,2026-08-28,31570,2026,796447,0.0,0,0,0,0.0681055784225463,1.172419190406799,1.104313611984253,milan - venezia,strahinja pavlovic,7.0,6.5,0,0,0,1,0,0,milan,Venezia,0.7024024024024024,0.4402125699797749,Serie A,h,D,weak,top
Tasos Douvikas,1,4,1.3558305501937866,90,FW,udinese,como,1,1,2026-08-22,31561,2026,795117,0.0,0,0,1,1.3558305501937866,0.6235967874526978,0.0303694196045398,udinese - como,tasos douvikas,6.5,9.5,1,0,0,0,0,0,como,Udinese,0.9166854354354356,0.4402125699797749,Serie A,a,A,weak,mid
Tasos Douvikas,1,3,0.2010390609502792,90,FW,napoli,como,1,2,2026-08-30,31575,2026,797915,0.1511705070734024,0,2,1,0.2010390609502792,0.4919774234294891,0.1397678554058075,napoli - como,tasos douvikas,7.0,10.0,1,0,0,0,0,0,como,Napoli,0.8416291291291291,0.4402125699797749,Serie A,a,A,top,mid
Teun Koopmeiners,0,1,0.0368878841400146,8,Sub,frosinone,juventus,0,1,2026-08-23,31564,2026,795779,0.0,0,0,0,0.0368878841400146,0.0368878841400146,0.0,frosinone - juventus,teun koopmeiners,,6.0,0,0,0,0,0,0,juventus,Frosinone,0.444557057057057,0.0,Serie A,a,C,weak,top
Teun Koopmeiners,1,1,0.0,1,Sub,juventus,parma,2,0,2026-08-29,31574,2026,797375,0.0,0,0,1,0.0,0.0,0.0,juventus - parma,teun koopmeiners,6.5,9.5,1,0,0,0,0,0,juventus,Parma Calcio 1913,0.2673235735735736,0.0,Serie A,h,C,weak,top
Thierry Correia,0,3,0.4740511476993561,66,DML,venezia,lecce,0,2,2026-08-23,31565,2026,795724,0.0389066264033317,0,1,0,0.4740511476993561,0.5364706516265869,0.0624195039272308,venezia - lecce,thierry correia,6.0,6.0,0,0,0,0,0,0,venezia,Lecce,0.7801801801801802,0.02570105535895,Serie A,h,,weak,weak
Thierry Correia,0,0,0.0,21,Sub,milan,venezia,2,0,2026-08-28,31570,2026,796474,0.0,0,0,0,0.0,0.0091448323801159,0.0091448323801159,milan - venezia,thierry correia,5.5,5.5,0,0,0,0,0,0,venezia,AC Milan,0.3337743993993994,0.02570105535895,Serie A,a,SUB,top,weak
Tiago Gabriel,1,1,0.8139055371284485,14,Sub,venezia,lecce,0,2,2026-08-23,31565,2026,795748,0.0,0,0,1,0.8139055371284485,0.6219924688339233,0.6219924688339233,venezia - lecce,tiago gabriel,6.5,9.5,1,0,0,0,0,0,lecce,Venezia,0.68506006006006,0.3445776844883991,Serie A,a,D,weak,weak
Tiago Gabriel,0,0,0.0,49,DC,lecce,roma,0,4,2026-08-31,31578,2026,798143,0.0,0,0,0,0.0,0.0,0.0,lecce - roma,tiago gabriel,5.0,5.0,0,0,0,0,0,0,lecce,Roma,0.3771396396396396,0.1428715038447339,Serie A,h,D,mid,weak
Tijjani Noslin,0,0,0.0,7,Sub,bologna,lazio,0,1,2026-08-24,31568,2026,796034,0.0,0,0,0,0.0,0.0,0.0,bologna - lazio,tijjani noslin,,6.0,0,0,0,0,0,0,lazio,Bologna,0.5889264264264265,0.9507613951027796,Serie A,a,A,mid,mid
Toma Basic,0,0,0.0,87,MC,venezia,lecce,0,2,2026-08-23,31565,2026,795725,0.5602833032608032,0,3,0,0.0,0.2763234376907348,0.2763234376907348,venezia - lecce,toma basic,6.0,6.0,0,0,0,0,0,0,venezia,Lecce,0.4609609609609609,0.3844065724847572,Serie A,h,C,weak,weak
Toma Basic,0,0,0.0,68,MC,milan,venezia,2,0,2026-08-28,31570,2026,796467,0.0,0,0,0,0.0,0.0268864911049604,0.0268864911049604,milan - venezia,toma basic,5.5,5.5,0,0,0,0,0,0,venezia,AC Milan,0.4478978978978979,0.407816202830289,Serie A,a,C,top,weak
Tommaso Baldanzi,0,4,0.1535919904708862,66,AMC,genoa,napoli,0,2,2026-08-22,31563,2026,795350,0.0,0,0,0,0.1535919904708862,0.2371843308210373,0.1324076652526855,genoa - napoli,tommaso baldanzi,6.5,6.5,0,0,0,0,0,0,genoa,Napoli,0.6404091591591592,0.7459668964772106,Serie A,h,C,top,weak
Tommaso Baldanzi,0,0,0.0,82,AMC,lazio,genoa,1,0,2026-08-30,31577,2026,798041,0.0,0,0,0,0.0,0.0,0.0,lazio - genoa,tommaso baldanzi,5.5,5.5,0,0,0,0,0,0,genoa,Lazio,0.3440878378378378,0.2655856630733342,Serie A,a,C,mid,weak
Tommaso Macchioni,0,0,0.0,75,DC,atalanta,sassuolo,2,1,2026-08-23,31567,2026,795928,0.0,0,0,0,0.0,0.1774751543998718,0.1774751543998718,atalanta - sassuolo,tommaso macchioni,5.0,5.0,0,0,0,0,0,0,sassuolo,Atalanta,0.3286786786786786,0.2057654028868217,Serie A,a,,top,mid
Tommaso Pobega,0,1,0.0139866638928651,73,DMC,atalanta,bologna,1,0,2026-08-31,31579,2026,798254,0.0307013615965843,0,1,0,0.0139866638928651,0.2925061881542206,0.2478181719779968,atalanta - bologna,tommaso pobega,6.0,6.0,0,0,0,0,0,0,bologna,Atalanta,0.743018018018018,0.4923317290830644,Serie A,a,C,top,mid
Torbjørn Heggem,0,0,0.0,90,DC,bologna,lazio,0,1,2026-08-24,31568,2026,796007,0.1231054067611694,0,1,0,0.0,0.0,0.0,bologna - lazio,torbjorn heggem,5.5,5.0,0,0,0,1,0,0,bologna,Lazio,0.1757225975975976,0.4178471559376528,Serie A,h,D,mid,mid
Torbjørn Heggem,0,0,0.0,90,DC,atalanta,bologna,1,0,2026-08-31,31579,2026,798252,0.0537298060953617,0,2,0,0.0,0.2506598830223083,0.1969300657510757,atalanta - bologna,torbjorn heggem,5.5,5.5,0,0,0,0,0,0,bologna,Atalanta,0.1757225975975976,0.2811357836274704,Serie A,a,D,top,mid
Trevoh Chalobah,0,1,0.0744732692837715,90,DC,udinese,como,1,1,2026-08-22,31561,2026,795109,0.0,0,0,0,0.0744732692837715,0.0722536519169807,0.0722536519169807,udinese - como,trevoh chalobah,7.0,7.0,0,0,0,0,0,0,como,Udinese,0.5692849099099099,0.3230350668917414,Serie A,a,,weak,mid
Trevoh Chalobah,0,0,0.0,90,DC,napoli,como,1,2,2026-08-30,31575,2026,797908,0.020203998312354,0,1,0,0.0,0.0923362597823143,0.0923362597823143,napoli - como,trevoh chalobah,6.5,6.5,0,0,0,0,0,0,como,Napoli,0.3286786786786786,0.2938061260948242,Serie A,a,,top,mid
Unai Gómez,0,0,0.0,2,Sub,udinese,como,1,1,2026-08-22,31561,2026,795106,0.0,0,0,0,0.0,0.0,0.0,udinese - como,unai gomez,,5.5,0,0,0,1,0,0,udinese,Como,0.3286786786786786,0.2938061260948242,Serie A,h,C,mid,weak
Unai Gómez,0,2,0.2120501846075058,62,AMC,monza,udinese,2,3,2026-08-29,31571,2026,797069,0.1214792877435684,0,1,0,0.2120501846075058,0.2120501846075058,0.0,monza - udinese,unai gomez,5.5,5.5,0,0,0,0,0,0,udinese,Monza,0.6283877627627628,0.5051879451260235,Serie A,a,C,weak,weak
Vakoun Bayo,0,2,0.7668963074684143,15,Sub,udinese,como,1,1,2026-08-22,31561,2026,795103,0.0,0,0,0,0.7668963074684143,0.7668963074684143,0.0,udinese - como,vakoun bayo,4.0,4.0,0,0,0,0,0,0,udinese,Como,0.5405686936936938,0.397225064027117,Serie A,h,A,mid,weak
Valde,0,0,0.0,8,Sub,roma,fiorentina,4,0,2026-08-24,31569,2026,796130,0.0,0,0,0,0.0,0.0,0.0,roma - fiorentina,valde,,,0,0,0,0,0,0,fiorentina,Roma,0.3449981231231231,0.397225064027117,Serie A,a,SUB,mid,mid
Valde,0,1,0.0730720311403274,90,DL,fiorentina,frosinone,0,3,2026-08-29,31573,2026,797112,0.1566302478313446,0,2,0,0.0730720311403274,0.3646286129951477,0.1936568319797516,fiorentina - frosinone,valde,6.0,6.0,0,0,0,0,0,0,fiorentina,Frosinone,0.5489583333333333,0.8012841299865556,Serie A,h,,weak,mid
Vasilije Adzic,0,4,0.6620826125144958,65,MC,atalanta,sassuolo,2,1,2026-08-23,31567,2026,795931,0.0717401877045631,0,2,0,0.6620826125144958,0.9036532044410706,0.3452087044715881,atalanta - sassuolo,vasilije adzic,5.5,5.5,0,0,0,0,0,0,sassuolo,Atalanta,0.8980105105105105,0.4456789060269299,Serie A,a,C,top,mid
Vasilije Adzic,0,1,0.0178624764084815,63,MC,sassuolo,torino,2,1,2026-08-29,31572,2026,797082,0.1496211290359497,1,4,0,0.0178624764084815,0.1674836128950119,0.0,sassuolo - torino,vasilije adzic,6.5,7.5,0,0,0,0,0,0,sassuolo,Torino,0.6702702702702703,0.4425248195260495,Serie A,h,C,weak,mid
Viery,0,0,0.0,26,Sub,fiorentina,frosinone,0,3,2026-08-29,31573,2026,797123,0.0,0,0,0,0.0,0.1060062199831008,0.1060062199831008,fiorentina - frosinone,viery,5.0,5.0,0,0,0,0,0,0,fiorentina,Frosinone,0.3417323573573573,0.4283854170063857,Serie A,h,D,weak,mid
Vitinha,0,3,0.1538083106279373,90,AMC,genoa,napoli,0,2,2026-08-22,31563,2026,795351,0.0,0,0,0,0.1538083106279373,0.2978135943412781,0.1440052986145019,genoa - napoli,vitinha,5.5,5.5,0,0,0,0,0,0,genoa,Napoli,0.818674924924925,0.2656711233335884,Serie A,h,A,top,weak
Vitinha,0,1,0.0557858869433403,67,AMC,lazio,genoa,1,0,2026-08-30,31577,2026,798042,0.0,0,0,0,0.0557858869433403,0.0557858869433403,0.0,lazio - genoa,vitinha,5.5,5.5,0,0,0,0,0,0,genoa,Lazio,0.7209647147147147,0.3076013677298062,Serie A,a,A,mid,weak
Wesley,0,0,0.0,90,DML,roma,fiorentina,4,0,2026-08-24,31569,2026,796104,0.1586963981389999,0,3,0,0.0,0.7209465503692627,0.6052828431129456,roma - fiorentina,wesley,6.0,6.0,0,0,0,0,0,0,roma,Fiorentina,0.5558746246246247,0.6305308124654221,Serie A,h,D,mid,mid
Wesley,0,1,0.0256534591317176,63,DML,lecce,roma,0,4,2026-08-31,31578,2026,798162,0.6460464596748352,1,1,0,0.0256534591317176,0.7823554873466492,0.110655553638935,lecce - roma,wesley,7.0,8.0,0,0,0,0,0,0,roma,Lecce,0.7001876876876877,0.61799699996439,Serie A,a,D,weak,mid
Weston McKennie,0,2,0.1562824100255966,90,AMC,frosinone,juventus,0,1,2026-08-23,31564,2026,795774,0.0,0,0,0,0.1562824100255966,0.192217469215393,0.1203272938728332,frosinone - juventus,weston mckennie,6.0,6.0,0,0,0,0,0,0,juventus,Frosinone,0.6893581081081082,0.6299241122617723,Serie A,a,C,weak,top
Willem Geubbels,0,0,0.0,76,FW,venezia,lecce,0,2,2026-08-23,31565,2026,795743,0.0,0,0,0,0.0,0.0,0.0,venezia - lecce,willem geubbels,5.5,5.5,0,0,0,0,0,0,lecce,Venezia,0.4264264264264265,0.540345725476322,Serie A,a,A,weak,weak
Willem Geubbels,0,2,0.257948637008667,57,FW,lecce,roma,0,4,2026-08-31,31578,2026,798151,0.0,0,0,0,0.257948637008667,0.2284357100725174,0.0,lecce - roma,willem geubbels,4.5,4.5,0,0,0,0,0,0,lecce,Roma,0.6357263513513514,0.5121653551737091,Serie A,h,A,mid,weak
Wladimiro Falcone,0,0,0.0,90,GK,venezia,lecce,0,2,2026-08-23,31565,2026,795734,0.0,0,0,0,0.0,0.0,0.0,venezia - lecce,wladimiro falcone,7.0,8.0,0,0,0,0,0,0,lecce,Venezia,0.1757225975975976,0.4402125699797749,Serie A,a,P,weak,weak
Wladimiro Falcone,0,0,0.0,90,GK,lecce,roma,0,4,2026-08-31,31578,2026,798141,0.0,0,0,0,0.0,0.0104357050731778,0.0104357050731778,lecce - roma,wladimiro falcone,5.5,1.5,-4,0,0,0,0,0,lecce,Roma,0.1757225975975976,0.4402125699797749,Serie A,h,P,mid,weak
Yan Couto,0,1,0.0149596305564045,90,DR,udinese,como,1,1,2026-08-22,31561,2026,795108,0.0907929837703704,0,2,0,0.0149596305564045,0.1630466282367706,0.0722536519169807,udinese - como,yan couto,5.0,5.0,0,0,0,0,0,0,como,Udinese,0.4540446696696697,0.4402125699797749,Serie A,a,D,weak,mid
Yan Couto,0,0,0.0,62,DR,napoli,como,1,2,2026-08-30,31575,2026,797906,0.0,0,0,0,0.0,0.1134846433997154,0.1134846433997154,napoli - como,yan couto,6.5,6.5,0,0,0,0,0,0,como,Napoli,0.3286786786786786,0.4402125699797749,Serie A,a,D,top,mid
Yann Bisseck,1,1,0.0776367038488388,90,DC,inter,monza,4,1,2026-08-22,31560,2026,795030,0.0242913346737623,0,1,1,0.0776367038488388,0.1610082238912582,0.0590801872313022,inter - monza,yann bisseck,7.0,10.0,1,0,0,0,0,0,inter,Monza,0.6528903903903904,0.8509101744351492,Serie A,h,D,weak,top
Yann Bisseck,0,0,0.0,7,Sub,cagliari,inter,0,1,2026-08-30,31576,2026,798013,0.0,0,0,0,0.0,0.0,0.0,cagliari - inter,yann bisseck,6.5,6.5,0,0,0,0,0,0,inter,Cagliari,0.5690690690690691,0.8520676209282706,Serie A,a,D,weak,top
Youssef Maleh,0,1,0.0469238460063934,27,Sub,venezia,lecce,0,2,2026-08-23,31565,2026,795747,0.1487121433019638,0,1,0,0.0469238460063934,0.211715281009674,0.1647914350032806,venezia - lecce,youssef maleh,6.0,6.0,0,0,0,0,0,0,lecce,Venezia,0.7694256756756757,0.3715170213083154,Serie A,a,C,weak,weak
Youssef Maleh,0,1,0.0181125961244106,41,Sub,lecce,roma,0,4,2026-08-31,31578,2026,798152,0.0,0,0,0,0.0181125961244106,0.0181125961244106,0.0,lecce - roma,youssef maleh,5.5,5.5,0,0,0,0,0,0,lecce,Roma,0.7081456456456456,0.3715170213083154,Serie A,h,C,mid,weak
Yunus Musah,0,0,0.0,90,MC,torino,milan,1,2,2026-08-23,31566,2026,795899,0.0,0,0,0,0.0,0.2631072402000427,0.2631072402000427,torino - milan,yunus musah,6.5,6.5,0,0,0,0,0,0,milan,Torino,0.3588213213213213,0.4242101328297706,Serie A,a,C,weak,top
Yunus Musah,0,1,0.6009324789047241,90,MC,milan,venezia,2,0,2026-08-28,31570,2026,796452,0.0284640975296497,0,1,0,0.6009324789047241,0.2314654886722564,0.2314654886722564,milan - venezia,yunus musah,6.5,6.5,0,0,0,0,0,0,milan,Venezia,0.704222972972973,0.4242101328297706,Serie A,h,C,weak,top
Zakaria Aboukhlal,0,1,0.2839096188545227,9,Sub,torino,milan,1,2,2026-08-23,31566,2026,795889,0.0,0,0,0,0.2839096188545227,0.2839096188545227,0.0,torino - milan,zakaria aboukhlal,5.0,5.0,0,0,0,0,0,0,torino,AC Milan,0.4925394144144144,0.4125485041325802,Serie A,h,C,top,weak
Zakaria Aboukhlal,0,1,0.0393813736736774,14,Sub,sassuolo,torino,2,1,2026-08-29,31572,2026,797106,0.0,0,0,0,0.0393813736736774,0.0393813736736774,0.0,sassuolo - torino,zakaria aboukhlal,5.0,5.0,0,0,0,0,0,0,torino,Sassuolo,0.3546077327327327,0.4125485041325802,Serie A,a,C,mid,weak
Zé Pedro,0,1,0.3354292809963226,69,DR,parma,cagliari,0,1,2026-08-22,31562,2026,795204,0.0421984754502773,0,1,0,0.3354292809963226,0.2049070745706558,0.1627085953950882,parma - cagliari,ze pedro,5.0,4.5,0,0,0,1,0,0,cagliari,Parma Calcio 1913,0.4993337087087087,0.4019360018169306,Serie A,a,A,weak,weak
Zé Pedro,0,0,0.0,90,DR,cagliari,inter,0,1,2026-08-30,31576,2026,797986,0.0,0,0,0,0.0,0.0888761729001998,0.0888761729001998,cagliari - inter,ze pedro,6.0,6.0,0,0,0,0,0,0,cagliari,Inter,0.1757225975975976,0.4124816384175772,Serie A,h,A,top,weak
Álex Valle,0,2,0.0532269962131977,90,DL,udinese,como,1,1,2026-08-22,31561,2026,795111,0.0439698100090026,0,1,0,0.0532269962131977,0.1377218961715698,0.0722536519169807,udinese - como,alex valle,6.0,6.0,0,0,0,0,0,0,como,Udinese,0.5641704204204204,0.3422724400514679,Serie A,a,D,weak,mid
Álex Valle,0,2,0.1030709967017173,90,DL,napoli,como,1,2,2026-08-30,31575,2026,797909,0.1268848478794098,0,3,0,0.1030709967017173,0.3220970630645752,0.1832614243030548,napoli - como,alex valle,6.5,6.5,0,0,0,0,0,0,como,Napoli,0.614573948948949,0.3422724400514679,Serie A,a,D,top,mid
Éderson,0,2,0.0365609787404537,90,MC,atalanta,sassuolo,2,1,2026-08-23,31567,2026,795915,0.0788096636533737,0,1,0,0.0365609787404537,0.1153706386685371,0.0788096636533737,atalanta - sassuolo,ederson,5.5,5.5,0,0,0,0,0,0,atalanta,Sassuolo,0.7718280780780781,0.289901341582108,Serie A,h,C,mid,top
Éderson,0,0,0.0,69,MC,atalanta,bologna,1,0,2026-08-31,31579,2026,798238,0.0,0,0,0,0.0,0.0361802689731121,0.0361802689731121,atalanta - bologna,ederson,5.5,5.5,0,0,0,0,0,0,atalanta,Bologna,0.5901463963963964,0.2186179430812378,Serie A,h,C,mid,top
