stagione,giornata,squadra,player,player_norm,voto_gds,fantavoto,gol,assist,ammonizioni,espulsioni,autogol,rig_segnati,rig_sbagliati
2025-2026,1,Atalanta,CARNESECCHI Marco,carnesecchi marco,6.5,5.5,-1,0,0,0,0,0,0
2025-2026,1,Atalanta,DAJCAR Matevz,dajcar matevz,,,0,0,0,0,0,0,0
2025-2026,1,Atalanta,ROSSI Francesco,rossi francesco,,,0,0,0,0,0,0,0
2025-2026,1,Atalanta,SPORTIELLO Marco,sportiello marco,,,0,0,0,0,0,0,0
2025-2026,1,Atalanta,AHANOR Honest,ahanor honest,,,0,0,0,0,0,0,0
2025-2026,1,Atalanta,BAKKER Mitchel,bakker mitchel,,,0,0,0,0,0,0,0
2025-2026,1,Atalanta,BELLANOVA Raoul,bellanova raoul,5.5,5.5,0,0,0,0,0,0,0
2025-2026,1,Atalanta,BERNASCONI Lorenzo,bernasconi lorenzo,,,0,0,0,0,0,0,0
2025-2026,1,Atalanta,BONFANTI Giovanni,bonfanti giovanni,,,0,0,0,0,0,0,0
2025-2026,1,Atalanta,COMI Pietro,comi pietro,,,0,0,0,0,0,0,0
2025-2026,1,Atalanta,DJIMSITI Berat,djimsiti berat,5.5,5.5,0,0,0,0,0,0,0
2025-2026,1,Atalanta,HIEN Isak,hien isak,5.0,3.0,0,0,0,0,1,0,0
2025-2026,1,Atalanta,KOLASINAC Sead,kolasinac sead,,,0,0,0,0,0,0,0
2025-2026,1,Atalanta,KOSSOUNOU Odilon,kossounou odilon,,,0,0,0,0,0,0,0
2025-2026,1,Atalanta,PALESTRA Marco,palestra marco,,,0,0,0,0,0,0,0
2025-2026,1,Atalanta,SCALVINI Giorgio,scalvini giorgio,6.0,6.0,0,0,0,0,0,0,0
2025-2026,1,Atalanta,ZAPPACOSTA Davide,zappacosta davide,,,0,0,0,0,0,0,0
2025-2026,1,Atalanta,BRESCIANINI Marco,brescianini marco,,,0,0,0,0,0,0,0
2025-2026,1,Atalanta,CASSA Federico,cassa federico,,,0,0,0,0,0,0,0
2025-2026,1,Atalanta,DE ROON Marten,de roon marten,6.0,6.0,0,0,0,0,0,0,0
2025-2026,1,Atalanta,EDERSON,ederson,6.0,6.0,0,0,0,0,0,0,0
2025-2026,1,Atalanta,MALDINI Daniel,maldini daniel,5.5,5.0,0,0,1,0,0,0,0
2025-2026,1,Atalanta,MANZONI Alberto,manzoni alberto,,,0,0,0,0,0,0,0
2025-2026,1,Atalanta,PASALIC Mario,pasalic mario,5.5,6.5,0,1,0,0,0,0,0
2025-2026,1,Atalanta,SAMARDZIC Lazar,samardzic lazar,,,0,0,0,0,0,0,0
2025-2026,1,Atalanta,SULEMANA,sulemana,,,0,0,0,0,0,0,0
2025-2026,1,Atalanta,ZALEWSKI Nicola,zalewski nicola,6.0,6.0,0,0,0,0,0,0,0
2025-2026,1,Atalanta,DE KETELAERE Charles,de ketelaere charles,5.0,5.0,0,0,0,0,0,0,0
2025-2026,1,Atalanta,KRSTOVIC Nikola,krstovic nikola,6.0,6.0,0,0,0,0,0,0,0
2025-2026,1,Atalanta,LOOKMAN Ademola,lookman ademola,,,0,0,0,0,0,0,0
2025-2026,1,Atalanta,SCAMACCA Gianluca,scamacca gianluca,6.5,9.5,1,0,0,0,0,0,0
2025-2026,1,Atalanta,SULEMANA Kamaldeen,sulemana kamaldeen,6.0,5.5,0,0,1,0,0,0,0
2025-2026,1,Atalanta,TOURE El Bilal,toure el bilal,,,0,0,0,0,0,0,0
2025-2026,1,Bologna,PESSINA Massimo,pessina massimo,,,0,0,0,0,0,0,0
2025-2026,1,Bologna,RAVAGLIA Federico,ravaglia federico,,,0,0,0,0,0,0,0
2025-2026,1,Bologna,SKORUPSKI Lukasz,skorupski lukasz,6.5,5.5,-1,0,0,0,0,0,0
2025-2026,1,Bologna,BONIFAZI Kevin,bonifazi kevin,,,0,0,0,0,0,0,0
2025-2026,1,Bologna,CASALE Nicolo',casale nicolo',5.0,5.0,0,0,0,0,0,0,0
2025-2026,1,Bologna,CORAZZA Tommaso,corazza tommaso,,,0,0,0,0,0,0,0
2025-2026,1,Bologna,DE SILVESTRI Lorenzo,de silvestri lorenzo,5.0,5.0,0,0,0,0,0,0,0
2025-2026,1,Bologna,HEGGEM Torbjorn,heggem torbjorn,,,0,0,0,0,0,0,0
2025-2026,1,Bologna,HOLM Emil,holm emil,,,0,0,0,0,0,0,0
2025-2026,1,Bologna,ILIC Mihajlo,ilic mihajlo,,,0,0,0,0,0,0,0
2025-2026,1,Bologna,LUCUMI Jhon,lucumi jhon,4.0,4.0,0,0,0,0,0,0,0
2025-2026,1,Bologna,LYKOGIANNIS Charala.,lykogiannis charala.,5.0,5.0,0,0,0,0,0,0,0
2025-2026,1,Bologna,MIRANDA Juan,miranda juan,,,0,0,0,0,0,0,0
2025-2026,1,Bologna,POSCH Stefan,posch stefan,,,0,0,0,0,0,0,0
2025-2026,1,Bologna,VITIK Martin,vitik martin,5.5,5.5,0,0,0,0,0,0,0
2025-2026,1,Bologna,ZORTEA Nadir,zortea nadir,5.5,5.5,0,0,0,0,0,0,0
2025-2026,1,Bologna,BERNARDESCHI Federi.,bernardeschi federi.,6.0,6.0,0,0,0,0,0,0,0
2025-2026,1,Bologna,EL AZZOUZI Oussama,el azzouzi oussama,,,0,0,0,0,0,0,0
2025-2026,1,Bologna,FABBIAN Giovanni,fabbian giovanni,5.5,5.5,0,0,0,0,0,0,0
2025-2026,1,Bologna,FERGUSON Lewis,ferguson lewis,,,0,0,0,0,0,0,0
2025-2026,1,Bologna,FREULER Remo,freuler remo,6.0,5.5,0,0,1,0,0,0,0
2025-2026,1,Bologna,MORO Nikola,moro nikola,,,0,0,0,0,0,0,0
2025-2026,1,Bologna,POBEGA Tommaso,pobega tommaso,5.0,5.0,0,0,0,0,0,0,0
2025-2026,1,Bologna,URBANSKI Kacper,urbanski kacper,,,0,0,0,0,0,0,0
2025-2026,1,Bologna,CAMBIAGHI Nicolo',cambiaghi nicolo',5.5,5.5,0,0,0,0,0,0,0
2025-2026,1,Bologna,CASTRO Santiago,castro santiago,6.5,6.5,0,0,0,0,0,0,0
2025-2026,1,Bologna,DALLINGA Thijs,dallinga thijs,,,0,0,0,0,0,0,0
2025-2026,1,Bologna,DOMINGUEZ Benjamin,dominguez benjamin,,,0,0,0,0,0,0,0
2025-2026,1,Bologna,IMMOBILE Ciro,immobile ciro,5.5,5.5,0,0,0,0,0,0,0
2025-2026,1,Bologna,KARLSSON Jesper,karlsson jesper,,,0,0,0,0,0,0,0
2025-2026,1,Bologna,ODGAARD Jens,odgaard jens,5.0,5.0,0,0,0,0,0,0,0
2025-2026,1,Bologna,ORSOLINI Riccardo,orsolini riccardo,6.0,6.0,0,0,0,0,0,0,0
2025-2026,1,Bologna,ROWE Jonathan,rowe jonathan,,,0,0,0,0,0,0,0
2025-2026,1,Cagliari,CAPRILE Elia,caprile elia,6.0,5.0,-1,0,0,0,0,0,0
2025-2026,1,Cagliari,ILIEV Velizar-Iliya,iliev velizar-iliya,,,0,0,0,0,0,0,0
2025-2026,1,Cagliari,RADUNOVIC Boris,radunovic boris,,,0,0,0,0,0,0,0
2025-2026,1,Cagliari,IDRISSI Riyad,idrissi riyad,6.0,6.0,0,0,0,0,0,0,0
2025-2026,1,Cagliari,LUPERTO Sebastiano,luperto sebastiano,7.0,10.0,1,0,0,0,0,0,0
2025-2026,1,Cagliari,MINA Yerry,mina yerry,6.0,6.0,0,0,0,0,0,0,0
2025-2026,1,Cagliari,OBERT Adam,obert adam,5.5,5.0,0,0,1,0,0,0,0
2025-2026,1,Cagliari,ZAPPA Gabriele,zappa gabriele,6.0,6.0,0,0,0,0,0,0,0
2025-2026,1,Cagliari,ADOPO Michel,adopo michel,6.0,6.0,0,0,0,0,0,0,0
2025-2026,1,Cagliari,CAVUOTI Nicolo',cavuoti nicolo',,,0,0,0,0,0,0,0
2025-2026,1,Cagliari,DEIOLA Alessandro,deiola alessandro,6.0,6.0,0,0,0,0,0,0,0
2025-2026,1,Cagliari,DI PARDO Alessandro,di pardo alessandro,,,0,0,0,0,0,0,0
2025-2026,1,Cagliari,FOLORUNSHO Michael,folorunsho michael,6.0,6.0,0,0,0,0,0,0,0
2025-2026,1,Cagliari,GAETANO Gianluca,gaetano gianluca,6.5,7.5,0,1,0,0,0,0,0
2025-2026,1,Cagliari,MAZZITELLI Luca,mazzitelli luca,5.5,5.0,0,0,1,0,0,0,0
2025-2026,1,Cagliari,PRATI Matteo,prati matteo,6.0,6.0,0,0,0,0,0,0,0
2025-2026,1,Cagliari,ROG Marko,rog marko,,,0,0,0,0,0,0,0
2025-2026,1,Cagliari,BORRELLI Gennaro,borrelli gennaro,6.5,6.0,0,0,1,0,0,0,0
2025-2026,1,Cagliari,ESPOSITO Sebastiano,esposito sebastiano,6.5,6.5,0,0,0,0,0,0,0
2025-2026,1,Cagliari,FELICI Mattia,felici mattia,,,0,0,0,0,0,0,0
2025-2026,1,Cagliari,KILICSOY Semih,kilicsoy semih,,5.5,0,0,1,0,0,0,0
2025-2026,1,Cagliari,LUVUMBO Sebastiao Z.,luvumbo sebastiao z.,6.0,6.0,0,0,0,0,0,0,0
2025-2026,1,Cagliari,PAVOLETTI Leonardo,pavoletti leonardo,,,0,0,0,0,0,0,0
2025-2026,1,Cagliari,PICCOLI Roberto,piccoli roberto,,,0,0,0,0,0,0,0
2025-2026,1,Cagliari,PRELEC Nik,prelec nik,,,0,0,0,0,0,0,0
2025-2026,1,Cagliari,VINCIGUERRA Alessan.,vinciguerra alessan.,,,0,0,0,0,0,0,0
2025-2026,1,Fiorentina,DE GEA David,de gea david,6.0,5.0,-1,0,0,0,0,0,0
2025-2026,1,Fiorentina,LEZZERINI Luca,lezzerini luca,,,0,0,0,0,0,0,0
2025-2026,1,Fiorentina,MARTINELLI Tommaso,martinelli tommaso,,,0,0,0,0,0,0,0
2025-2026,1,Fiorentina,COMUZZO Pietro,comuzzo pietro,6.0,6.0,0,0,0,0,0,0,0
2025-2026,1,Fiorentina,DODO,dodo,6.5,6.5,0,0,0,0,0,0,0
2025-2026,1,Fiorentina,FORTINI Niccolo',fortini niccolo',,,0,0,0,0,0,0,0
2025-2026,1,Fiorentina,GOSENS Robin,gosens robin,6.0,6.0,0,0,0,0,0,0,0
2025-2026,1,Fiorentina,KOSPO Eman,kospo eman,,,0,0,0,0,0,0,0
2025-2026,1,Fiorentina,KOUADIO Eddy,kouadio eddy,,,0,0,0,0,0,0,0
2025-2026,1,Fiorentina,MARI Pablo,mari pablo,5.0,4.5,0,0,1,0,0,0,0
2025-2026,1,Fiorentina,MORENO Matias,moreno matias,,,0,0,0,0,0,0,0
2025-2026,1,Fiorentina,PARISI Fabiano,parisi fabiano,6.0,6.0,0,0,0,0,0,0,0
2025-2026,1,Fiorentina,PONGRACIC Marin,pongracic marin,6.0,5.5,0,0,1,0,0,0,0
2025-2026,1,Fiorentina,RANIERI Luca,ranieri luca,5.5,5.5,0,0,0,0,0,0,0
2025-2026,1,Fiorentina,VITI Mattia,viti mattia,5.5,5.5,0,0,0,0,0,0,0
2025-2026,1,Fiorentina,AMATUCCI Lorenzo,amatucci lorenzo,,,0,0,0,0,0,0,0
2025-2026,1,Fiorentina,BARAK Antonin,barak antonin,,,0,0,0,0,0,0,0
2025-2026,1,Fiorentina,BIANCO Alessandro,bianco alessandro,,,0,0,0,0,0,0,0
2025-2026,1,Fiorentina,FAGIOLI Nicolo',fagioli nicolo',6.0,6.0,0,0,0,0,0,0,0
2025-2026,1,Fiorentina,FAZZINI Jacopo,fazzini jacopo,6.0,6.0,0,0,0,0,0,0,0
2025-2026,1,Fiorentina,INFANTINO Gino,infantino gino,,,0,0,0,0,0,0,0
2025-2026,1,Fiorentina,MANDRAGORA Rolando,mandragora rolando,7.0,10.0,1,0,0,0,0,0,0
2025-2026,1,Fiorentina,NDOUR Cher,ndour cher,5.0,5.0,0,0,0,0,0,0,0
2025-2026,1,Fiorentina,RICHARDSON Amir,richardson amir,,,0,0,0,0,0,0,0
2025-2026,1,Fiorentina,SABIRI Abdelhamid,sabiri abdelhamid,,,0,0,0,0,0,0,0
2025-2026,1,Fiorentina,SOHM Simon,sohm simon,5.5,5.5,0,0,0,0,0,0,0
2025-2026,1,Fiorentina,BELTRAN Lucas,beltran lucas,,,0,0,0,0,0,0,0
2025-2026,1,Fiorentina,DZEKO Edin,dzeko edin,,,0,0,0,0,0,0,0
2025-2026,1,Fiorentina,GUDMUNDSSON Albert,gudmundsson albert,5.5,6.5,0,1,0,0,0,0,0
2025-2026,1,Fiorentina,IKONE' Jonathan,ikone' jonathan,,,0,0,0,0,0,0,0
2025-2026,1,Fiorentina,KEAN Moise,kean moise,5.0,5.0,0,0,0,0,0,0,0
2025-2026,1,Fiorentina,KOUAME' Christian,kouame' christian,,,0,0,0,0,0,0,0
2025-2026,1,Genoa,LEALI Nicola,leali nicola,6.0,7.0,0,0,0,0,0,0,0
2025-2026,1,Genoa,SIEGRIST Benjamin,siegrist benjamin,,,0,0,0,0,0,0,0
2025-2026,1,Genoa,SOMMARIVA Daniele,sommariva daniele,,,0,0,0,0,0,0,0
2025-2026,1,Genoa,KUMER CELIK Alin,kumer celik alin,,,0,0,0,0,0,0,0
2025-2026,1,Genoa,MARCANDALLI Alessan.,marcandalli alessan.,6.0,6.0,0,0,0,0,0,0,0
2025-2026,1,Genoa,MARTIN Aaron,martin aaron,6.0,5.5,0,0,1,0,0,0,0
2025-2026,1,Genoa,NORTON-CUFFY Brooke,norton-cuffy brooke,6.0,6.0,0,0,0,0,0,0,0
2025-2026,1,Genoa,OSTIGARD Leo,ostigard leo,,,0,0,0,0,0,0,0
2025-2026,1,Genoa,OTOA Sebastian,otoa sebastian,,,0,0,0,0,0,0,0
2025-2026,1,Genoa,SABELLI Stefano,sabelli stefano,,,0,0,0,0,0,0,0
2025-2026,1,Genoa,VASQUEZ Johan,vasquez johan,6.0,6.0,0,0,0,0,0,0,0
2025-2026,1,Genoa,VOGLIACCO Alessandro,vogliacco alessandro,,,0,0,0,0,0,0,0
2025-2026,1,Genoa,BOHINEN Emil,bohinen emil,,,0,0,0,0,0,0,0
2025-2026,1,Genoa,CARBONI Valentin,carboni valentin,6.0,6.0,0,0,0,0,0,0,0
2025-2026,1,Genoa,CUENCA Hugo,cuenca hugo,,,0,0,0,0,0,0,0
2025-2026,1,Genoa,ELLERTSSON Mikael,ellertsson mikael,6.0,6.0,0,0,0,0,0,0,0
2025-2026,1,Genoa,FINI Seydou,fini seydou,,,0,0,0,0,0,0,0
2025-2026,1,Genoa,FRENDRUP Morten,frendrup morten,6.0,6.0,0,0,0,0,0,0,0
2025-2026,1,Genoa,GRONBAEK Alberto,gronbaek alberto,6.0,6.0,0,0,0,0,0,0,0
2025-2026,1,Genoa,LAFONT Gael,lafont gael,,,0,0,0,0,0,0,0
2025-2026,1,Genoa,MALINOVSKIY Ruslan,malinovskiy ruslan,,,0,0,0,0,0,0,0
2025-2026,1,Genoa,MASINI Patrizio,masini patrizio,6.0,6.0,0,0,0,0,0,0,0
2025-2026,1,Genoa,MESSIAS Junior,messias junior,6.0,6.0,0,0,0,0,0,0,0
2025-2026,1,Genoa,STANCIU Nicolae,stanciu nicolae,6.5,6.5,0,0,0,0,0,0,0
2025-2026,1,Genoa,THORSBY Morten,thorsby morten,,,0,0,0,0,0,0,0
2025-2026,1,Genoa,COLOMBO Lorenzo,colombo lorenzo,5.5,5.5,0,0,0,0,0,0,0
2025-2026,1,Genoa,EKHATOR Jeff,ekhator jeff,5.5,5.0,0,0,1,0,0,0,0
2025-2026,1,Genoa,EKUBAN Caleb,ekuban caleb,,,0,0,0,0,0,0,0
2025-2026,1,Genoa,VENTURINO Lorenzo,venturino lorenzo,,,0,0,0,0,0,0,0
2025-2026,1,Genoa,VITINHA,vitinha,,,0,0,0,0,0,0,0
2025-2026,1,Inter,DI GENNARO Raffaele,di gennaro raffaele,,,0,0,0,0,0,0,0
2025-2026,1,Inter,MARTINEZ Josep,martinez josep,,,0,0,0,0,0,0,0
2025-2026,1,Inter,SOMMER Yann,sommer yann,6.5,7.5,0,0,0,0,0,0,0
2025-2026,1,Inter,ACERBI Francesco,acerbi francesco,6.5,6.5,0,0,0,0,0,0,0
2025-2026,1,Inter,ALEXIOU Christos,alexiou christos,,,0,0,0,0,0,0,0
2025-2026,1,Inter,BASTONI Alessandro,bastoni alessandro,7.5,11.5,1,1,0,0,0,0,0
2025-2026,1,Inter,BISSECK Yann Aurel,bisseck yann aurel,,,0,0,0,0,0,0,0
2025-2026,1,Inter,CARLOS AUGUSTO,carlos augusto,6.5,6.5,0,0,0,0,0,0,0
2025-2026,1,Inter,COCCHI Matteo,cocchi matteo,,,0,0,0,0,0,0,0
2025-2026,1,Inter,DARMIAN Matteo,darmian matteo,,,0,0,0,0,0,0,0
2025-2026,1,Inter,DE VRIJ Stefan,de vrij stefan,,,0,0,0,0,0,0,0
2025-2026,1,Inter,DIMARCO Federico,dimarco federico,6.5,6.5,0,0,0,0,0,0,0
2025-2026,1,Inter,DUMFRIES Denzel,dumfries denzel,7.0,7.0,0,0,0,0,0,0,0
2025-2026,1,Inter,LUIS HENRIQUE,luis henrique,,,0,0,0,0,0,0,0
2025-2026,1,Inter,PALACIOS Tomas,palacios tomas,,,0,0,0,0,0,0,0
2025-2026,1,Inter,PAVARD Benjamin,pavard benjamin,6.5,6.5,0,0,0,0,0,0,0
2025-2026,1,Inter,RE CECCONI Gabriele,re cecconi gabriele,,,0,0,0,0,0,0,0
2025-2026,1,Inter,ASLLANI Kristjan,asllani kristjan,,,0,0,0,0,0,0,0
2025-2026,1,Inter,BARELLA Nicolo',barella nicolo',7.0,8.0,0,1,0,0,0,0,0
2025-2026,1,Inter,BERENBRUCH Thomas,berenbruch thomas,,,0,0,0,0,0,0,0
2025-2026,1,Inter,CALHANOGLU Hakan,calhanoglu hakan,,,0,0,0,0,0,0,0
2025-2026,1,Inter,DIOUF Andy,diouf andy,6.0,6.0,0,0,0,0,0,0,0
2025-2026,1,Inter,FRATTESI Davide,frattesi davide,,,0,0,0,0,0,0,0
2025-2026,1,Inter,MKHITARYAN Henrikh,mkhitaryan henrikh,6.0,6.0,0,0,0,0,0,0,0
2025-2026,1,Inter,SUCIC Petar,sucic petar,8.0,9.0,0,1,0,0,0,0,0
2025-2026,1,Inter,TOPALOVIC Luka,topalovic luka,,,0,0,0,0,0,0,0
2025-2026,1,Inter,ZIELINSKI Piotr,zielinski piotr,6.0,6.0,0,0,0,0,0,0,0
2025-2026,1,Inter,BONNY Ange-Yoan,bonny ange-yoan,7.5,10.5,1,0,0,0,0,0,0
2025-2026,1,Inter,ESPOSITO Francesco .,esposito francesco .,,,0,0,0,0,0,0,0
2025-2026,1,Inter,MARTINEZ Lautaro,martinez lautaro,7.5,11.5,1,1,0,0,0,0,0
2025-2026,1,Inter,TAREMI Mehdi,taremi mehdi,,,0,0,0,0,0,0,0
2025-2026,1,Inter,THURAM Marcus,thuram marcus,8.0,14.0,2,0,0,0,0,0,0
2025-2026,1,Juventus,DI GREGORIO Michele,di gregorio michele,6.0,7.0,0,0,0,0,0,0,0
2025-2026,1,Juventus,PERIN Mattia,perin mattia,,,0,0,0,0,0,0,0
2025-2026,1,Juventus,PINSOGLIO Carlo,pinsoglio carlo,,,0,0,0,0,0,0,0
2025-2026,1,Juventus,BREMER Gleison,bremer gleison,7.0,7.0,0,0,0,0,0,0,0
2025-2026,1,Juventus,CABAL Juan,cabal juan,,,0,0,0,0,0,0,0
2025-2026,1,Juventus,CAMBIASO Andrea,cambiaso andrea,5.0,4.0,0,0,0,1,0,0,0
2025-2026,1,Juventus,DJALO Tiago,djalo tiago,,,0,0,0,0,0,0,0
2025-2026,1,Juventus,GATTI Federico,gatti federico,6.0,5.5,0,0,1,0,0,0,0
2025-2026,1,Juventus,GONZALEZ Facundo,gonzalez facundo,,,0,0,0,0,0,0,0
2025-2026,1,Juventus,KALULU Pierre,kalulu pierre,6.0,6.0,0,0,0,0,0,0,0
2025-2026,1,Juventus,KELLY Lloyd,kelly lloyd,6.0,6.0,0,0,0,0,0,0,0
2025-2026,1,Juventus,MARIO Joao,mario joao,6.5,6.5,0,0,0,0,0,0,0
2025-2026,1,Juventus,ROUHI Jonas,rouhi jonas,,,0,0,0,0,0,0,0
2025-2026,1,Juventus,RUGANI Daniele,rugani daniele,,,0,0,0,0,0,0,0
2025-2026,1,Juventus,SAVONA Nicolo,savona nicolo,,,0,0,0,0,0,0,0
2025-2026,1,Juventus,ADZIC Vasilije,adzic vasilije,,,0,0,0,0,0,0,0
2025-2026,1,Juventus,ARTHUR,arthur,,,0,0,0,0,0,0,0
2025-2026,1,Juventus,KOOPMEINERS Teun,koopmeiners teun,6.0,6.0,0,0,0,0,0,0,0
2025-2026,1,Juventus,KOSTIC Filip,kostic filip,,,0,0,0,0,0,0,0
2025-2026,1,Juventus,LOCATELLI Manuel,locatelli manuel,6.0,6.0,0,0,0,0,0,0,0
2025-2026,1,Juventus,MCKENNIE Weston,mckennie weston,,,0,0,0,0,0,0,0
2025-2026,1,Juventus,MIRETTI Fabio,miretti fabio,,,0,0,0,0,0,0,0
2025-2026,1,Juventus,THURAM Khephren,thuram khephren,6.5,6.5,0,0,0,0,0,0,0
2025-2026,1,Juventus,CONCEICAO Francisco,conceicao francisco,6.5,6.5,0,0,0,0,0,0,0
2025-2026,1,Juventus,DAVID Jonathan,david jonathan,7.0,10.0,1,0,0,0,0,0,0
2025-2026,1,Juventus,GONZALEZ Nicolas,gonzalez nicolas,,,0,0,0,0,0,0,0
2025-2026,1,Juventus,MILIK Arek,milik arek,,,0,0,0,0,0,0,0
2025-2026,1,Juventus,PUGNO Diego,pugno diego,,,0,0,0,0,0,0,0
2025-2026,1,Juventus,VLAHOVIC Dusan,vlahovic dusan,7.0,10.0,1,0,0,0,0,0,0
2025-2026,1,Juventus,YILDIZ Kenan,yildiz kenan,7.0,9.0,0,2,0,0,0,0,0
2025-2026,1,Lazio,FURLANETTO Alessio,furlanetto alessio,,,0,0,0,0,0,0,0
2025-2026,1,Lazio,MANDAS Christos,mandas christos,,,0,0,0,0,0,0,0
2025-2026,1,Lazio,PROVEDEL Ivan,provedel ivan,5.0,3.0,-2,0,0,0,0,0,0
2025-2026,1,Lazio,GIGOT Samuel,gigot samuel,,,0,0,0,0,0,0,0
2025-2026,1,Lazio,GILA Mario,gila mario,5.0,5.0,0,0,0,0,0,0,0
2025-2026,1,Lazio,HYSAJ Elseid,hysaj elseid,,,0,0,0,0,0,0,0
2025-2026,1,Lazio,LAZZARI Manuel,lazzari manuel,4.5,4.5,0,0,0,0,0,0,0
2025-2026,1,Lazio,MARUSIC Adam,marusic adam,5.0,5.0,0,0,0,0,0,0,0
2025-2026,1,Lazio,NUNO TAVARES,nuno tavares,5.0,5.0,0,0,0,0,0,0,0
2025-2026,1,Lazio,PATRIC,patric,,,0,0,0,0,0,0,0
2025-2026,1,Lazio,PELLEGRINI Luca,pellegrini luca,5.0,5.0,0,0,0,0,0,0,0
2025-2026,1,Lazio,PROVSTGAARD Oliver,provstgaard oliver,5.5,5.5,0,0,0,0,0,0,0
2025-2026,1,Lazio,ROMAGNOLI Alessio,romagnoli alessio,,,0,0,0,0,0,0,0
2025-2026,1,Lazio,BASIC Toma,basic toma,,,0,0,0,0,0,0,0
2025-2026,1,Lazio,BELAHYANE Reda,belahyane reda,,,0,0,0,0,0,0,0
2025-2026,1,Lazio,CATALDI Danilo,cataldi danilo,4.5,4.5,0,0,0,0,0,0,0
2025-2026,1,Lazio,DELE-BASHIRU Fisayo,dele-bashiru fisayo,4.5,4.5,0,0,0,0,0,0,0
2025-2026,1,Lazio,GUENDOUZI Matteo,guendouzi matteo,5.0,4.5,0,0,1,0,0,0,0
2025-2026,1,Lazio,ROVELLA Nicolo,rovella nicolo,5.5,5.5,0,0,0,0,0,0,0
2025-2026,1,Lazio,VECINO Matias,vecino matias,,,0,0,0,0,0,0,0
2025-2026,1,Lazio,CANCELLIERI Matteo,cancellieri matteo,5.0,5.0,0,0,0,0,0,0,0
2025-2026,1,Lazio,CASTELLANOS Valentin,castellanos valentin,5.5,5.0,0,0,1,0,0,0,0
2025-2026,1,Lazio,DIA Boulaye,dia boulaye,5.0,5.0,0,0,0,0,0,0,0
2025-2026,1,Lazio,ISAKSEN Gustav,isaksen gustav,,,0,0,0,0,0,0,0
2025-2026,1,Lazio,NOSLIN Tijjani,noslin tijjani,,,0,0,0,0,0,0,0
2025-2026,1,Lazio,PEDRO,pedro,5.0,5.0,0,0,0,0,0,0,0
2025-2026,1,Lazio,ZACCAGNI Mattia,zaccagni mattia,5.0,4.5,0,0,1,0,0,0,0
2025-2026,1,Lecce,FALCONE Wladimiro,falcone wladimiro,6.5,7.5,0,0,0,0,0,0,0
2025-2026,1,Lecce,FRUCHTL Christian,fruchtl christian,,,0,0,0,0,0,0,0
2025-2026,1,Lecce,SAMOOJA Jasper,samooja jasper,,,0,0,0,0,0,0,0
2025-2026,1,Lecce,GABRIEL Tiago,gabriel tiago,6.5,6.5,0,0,0,0,0,0,0
2025-2026,1,Lecce,GALLO Antonino,gallo antonino,6.0,6.0,0,0,0,0,0,0,0
2025-2026,1,Lecce,GASPAR Kialonda,gaspar kialonda,6.0,6.0,0,0,0,0,0,0,0
2025-2026,1,Lecce,GUILBERT Frederic,guilbert frederic,,,0,0,0,0,0,0,0
2025-2026,1,Lecce,JEAN Gaby,jean gaby,,,0,0,0,0,0,0,0
2025-2026,1,Lecce,KOUASSI Owen,kouassi owen,6.0,6.0,0,0,0,0,0,0,0
2025-2026,1,Lecce,NDABA Corrie,ndaba corrie,,,0,0,0,0,0,0,0
2025-2026,1,Lecce,PEHLIVANOV Cristian,pehlivanov cristian,,,0,0,0,0,0,0,0
2025-2026,1,Lecce,PEREZ Matias,perez matias,,,0,0,0,0,0,0,0
2025-2026,1,Lecce,SCOTT Elijah,scott elijah,,,0,0,0,0,0,0,0
2025-2026,1,Lecce,SIEBERT Jamil,siebert jamil,,,0,0,0,0,0,0,0
2025-2026,1,Lecce,VEIGA Danilo,veiga danilo,6.0,5.5,0,0,1,0,0,0,0
2025-2026,1,Lecce,BERISHA Medon,berisha medon,5.5,5.5,0,0,0,0,0,0,0
2025-2026,1,Lecce,COULIBALY Lassana,coulibaly lassana,6.0,6.0,0,0,0,0,0,0,0
2025-2026,1,Lecce,GORTER Olaf,gorter olaf,,,0,0,0,0,0,0,0
2025-2026,1,Lecce,HELGASON Thorir,helgason thorir,,,0,0,0,0,0,0,0
2025-2026,1,Lecce,KABA Mohamed,kaba mohamed,6.0,6.0,0,0,0,0,0,0,0
2025-2026,1,Lecce,MALEH Youssef,maleh youssef,,,0,0,0,0,0,0,0
2025-2026,1,Lecce,MARCHWINSKI Filip,marchwinski filip,,,0,0,0,0,0,0,0
2025-2026,1,Lecce,OUDIN Remi,oudin remi,,,0,0,0,0,0,0,0
2025-2026,1,Lecce,PIERRET Balthazar,pierret balthazar,,,0,0,0,0,0,0,0
2025-2026,1,Lecce,RAFIA Hamza,rafia hamza,,,0,0,0,0,0,0,0
2025-2026,1,Lecce,RAMADANI Ylber,ramadani ylber,6.0,6.0,0,0,0,0,0,0,0
2025-2026,1,Lecce,SALA Alex,sala alex,,,0,0,0,0,0,0,0
2025-2026,1,Lecce,SOTTIL Riccardo,sottil riccardo,6.0,6.0,0,0,0,0,0,0,0
2025-2026,1,Lecce,BANDA Lameck,banda lameck,6.0,5.5,0,0,1,0,0,0,0
2025-2026,1,Lecce,BURNETE Rares,burnete rares,,,0,0,0,0,0,0,0
2025-2026,1,Lecce,CAMARDA Francesco,camarda francesco,5.5,5.5,0,0,0,0,0,0,0
2025-2026,1,Lecce,MORENTE Tete,morente tete,6.0,5.5,0,0,1,0,0,0,0
2025-2026,1,Lecce,N'DRI Konan,n'dri konan,,,0,0,0,0,0,0,0
2025-2026,1,Lecce,PIEROTTI Santiago,pierotti santiago,,,0,0,0,0,0,0,0
2025-2026,1,Milan,MAIGNAN Mike,maignan mike,6.0,4.0,-2,0,0,0,0,0,0
2025-2026,1,Milan,TERRACCIANO Pietro,terracciano pietro,,,0,0,0,0,0,0,0
2025-2026,1,Milan,TORRIANI Lorenzo,torriani lorenzo,,,0,0,0,0,0,0,0
2025-2026,1,Milan,ATHEKAME Zachary,athekame zachary,,,0,0,0,0,0,0,0
2025-2026,1,Milan,BARTESAGHI Davide,bartesaghi davide,,,0,0,0,0,0,0,0
2025-2026,1,Milan,DE WINTER Koni,de winter koni,,,0,0,0,0,0,0,0
2025-2026,1,Milan,ESTUPINAN Pervis,estupinan pervis,6.0,7.0,0,1,0,0,0,0,0
2025-2026,1,Milan,GABBIA Matteo,gabbia matteo,5.5,5.5,0,0,0,0,0,0,0
2025-2026,1,Milan,JIMENEZ Alex,jimenez alex,5.5,5.0,0,0,1,0,0,0,0
2025-2026,1,Milan,PAVLOVIC Strahinja,pavlovic strahinja,6.0,9.0,1,0,0,0,0,0,0
2025-2026,1,Milan,TOMORI Fikayo,tomori fikayo,5.0,5.0,0,0,0,0,0,0,0
2025-2026,1,Milan,ADLI Yacine,adli yacine,,,0,0,0,0,0,0,0
2025-2026,1,Milan,BENNACER Ismael,bennacer ismael,,,0,0,0,0,0,0,0
2025-2026,1,Milan,CHUKWUEZE Samuel,chukwueze samuel,5.5,5.5,0,0,0,0,0,0,0
2025-2026,1,Milan,FOFANA Youssouf,fofana youssouf,5.0,5.0,0,0,0,0,0,0,0
2025-2026,1,Milan,JASHARI Ardon,jashari ardon,5.5,5.5,0,0,0,0,0,0,0
2025-2026,1,Milan,LOFTUS-CHEEK Ruben,loftus-cheek ruben,5.0,5.0,0,0,0,0,0,0,0
2025-2026,1,Milan,MODRIC Luka,modric luka,6.5,6.5,0,0,0,0,0,0,0
2025-2026,1,Milan,MUSAH Yunus,musah yunus,,,0,0,0,0,0,0,0
2025-2026,1,Milan,RICCI Samuele,ricci samuele,,,0,0,0,0,0,0,0
2025-2026,1,Milan,SAELEMAEKERS Alexis,saelemaekers alexis,5.5,5.5,0,0,0,0,0,0,0
2025-2026,1,Milan,TRAORE Chaka,traore chaka,,,0,0,0,0,0,0,0
2025-2026,1,Milan,VOS Silvano,vos silvano,,,0,0,0,0,0,0,0
2025-2026,1,Milan,ZEROLI Kevin,zeroli kevin,,,0,0,0,0,0,0,0
2025-2026,1,Milan,GIMENEZ Santiago,gimenez santiago,4.5,4.5,0,0,0,0,0,0,0
2025-2026,1,Milan,LEAO Rafael,leao rafael,,,0,0,0,0,0,0,0
2025-2026,1,Milan,PULISIC Christian,pulisic christian,5.0,5.0,0,0,0,0,0,0,0
2025-2026,1,Napoli,CONTINI Nikita,contini nikita,,,0,0,0,0,0,0,0
2025-2026,1,Napoli,MERET Alex,meret alex,5.5,6.5,0,0,0,0,0,0,0
2025-2026,1,Napoli,MILINKOVIC Vanja,milinkovic vanja,,,0,0,0,0,0,0,0
2025-2026,1,Napoli,BEUKEMA Sam,beukema sam,,,0,0,0,0,0,0,0
2025-2026,1,Napoli,BUONGIORNO Alessand.,buongiorno alessand.,,,0,0,0,0,0,0,0
2025-2026,1,Napoli,DI LORENZO Giovanni,di lorenzo giovanni,6.5,6.5,0,0,0,0,0,0,0
2025-2026,1,Napoli,GUTIERREZ Miguel,gutierrez miguel,,,0,0,0,0,0,0,0
2025-2026,1,Napoli,JESUS Juan,jesus juan,6.0,6.0,0,0,0,0,0,0,0
2025-2026,1,Napoli,MARIANUCCI Luca,marianucci luca,,,0,0,0,0,0,0,0
2025-2026,1,Napoli,MAZZOCCHI Pasquale,mazzocchi pasquale,,,0,0,0,0,0,0,0
2025-2026,1,Napoli,OLIVERA Mathias,olivera mathias,6.0,6.0,0,0,0,0,0,0,0
2025-2026,1,Napoli,RRAHMANI Amir,rrahmani amir,6.5,6.5,0,0,0,0,0,0,0
2025-2026,1,Napoli,SPINAZZOLA Leonardo,spinazzola leonardo,,,0,0,0,0,0,0,0
2025-2026,1,Napoli,ZANOLI Alessandro,zanoli alessandro,,,0,0,0,0,0,0,0
2025-2026,1,Napoli,ANGUISSA Andre' Zam.,anguissa andre' zam.,6.5,6.5,0,0,0,0,0,0,0
2025-2026,1,Napoli,DE BRUYNE Kevin,de bruyne kevin,7.0,10.0,1,0,0,0,0,0,0
2025-2026,1,Napoli,GILMOUR Billy,gilmour billy,,,0,0,0,0,0,0,0
2025-2026,1,Napoli,HASA Luis,hasa luis,,,0,0,0,0,0,0,0
2025-2026,1,Napoli,LOBOTKA Stanislav,lobotka stanislav,7.0,7.0,0,0,0,0,0,0,0
2025-2026,1,Napoli,MCTOMINAY Scott,mctominay scott,7.5,10.5,1,0,0,0,0,0,0
2025-2026,1,Napoli,VERGARA Antonio,vergara antonio,,,0,0,0,0,0,0,0
2025-2026,1,Napoli,AMBROSINO Giuseppe,ambrosino giuseppe,,,0,0,0,0,0,0,0
2025-2026,1,Napoli,CHEDDIRA Walid,cheddira walid,,,0,0,0,0,0,0,0
2025-2026,1,Napoli,LANG Noa,lang noa,,,0,0,0,0,0,0,0
2025-2026,1,Napoli,LUCCA Lorenzo,lucca lorenzo,5.0,4.5,0,0,1,0,0,0,0
2025-2026,1,Napoli,LUKAKU Romelu,lukaku romelu,,,0,0,0,0,0,0,0
2025-2026,1,Napoli,NERES David,neres david,6.0,6.0,0,0,0,0,0,0,0
2025-2026,1,Napoli,POLITANO Matteo,politano matteo,7.5,8.5,0,1,0,0,0,0,0
2025-2026,1,Roma,GOLLINI Pierluigi,gollini pierluigi,,,0,0,0,0,0,0,0
2025-2026,1,Roma,SVILAR Mile,svilar mile,6.0,7.0,0,0,0,0,0,0,0
2025-2026,1,Roma,VASQUEZ Devis,vasquez devis,,,0,0,0,0,0,0,0
2025-2026,1,Roma,ANGELINO Jose',angelino jose',6.0,6.0,0,0,0,0,0,0,0
2025-2026,1,Roma,CELIK Zeki,celik zeki,,,0,0,0,0,0,0,0
2025-2026,1,Roma,GHILARDI Daniele,ghilardi daniele,,,0,0,0,0,0,0,0
2025-2026,1,Roma,HERMOSO Mario,hermoso mario,6.5,6.5,0,0,0,0,0,0,0
2025-2026,1,Roma,MANCINI Gianluca,mancini gianluca,6.0,5.5,0,0,1,0,0,0,0
2025-2026,1,Roma,NDICKA Evan,ndicka evan,6.5,6.5,0,0,0,0,0,0,0
2025-2026,1,Roma,RENSCH Devyne,rensch devyne,,,0,0,0,0,0,0,0
2025-2026,1,Roma,SALAH-EDDINE Anass,salah-eddine anass,,,0,0,0,0,0,0,0
2025-2026,1,Roma,SANGARe' Buba,sangare' buba,,,0,0,0,0,0,0,0
2025-2026,1,Roma,WESLEY,wesley,7.0,10.0,1,0,0,0,0,0,0
2025-2026,1,Roma,BALDANZI Tommaso,baldanzi tommaso,,,0,0,0,0,0,0,0
2025-2026,1,Roma,CRISTANTE Bryan,cristante bryan,6.5,6.5,0,0,0,0,0,0,0
2025-2026,1,Roma,EL AYNAOUI Neil,el aynaoui neil,6.0,6.0,0,0,0,0,0,0,0
2025-2026,1,Roma,EL SHAARAWY Stephan,el shaarawy stephan,6.0,6.0,0,0,0,0,0,0,0
2025-2026,1,Roma,KONE' Manu,kone' manu,7.0,7.0,0,0,0,0,0,0,0
2025-2026,1,Roma,PELLEGRINI Lorenzo,pellegrini lorenzo,,,0,0,0,0,0,0,0
2025-2026,1,Roma,PISILLI Niccolo',pisilli niccolo',,,0,0,0,0,0,0,0
2025-2026,1,Roma,ROMANO Alessandro,romano alessandro,,,0,0,0,0,0,0,0
2025-2026,1,Roma,ARENA Antonio,arena antonio,,,0,0,0,0,0,0,0
2025-2026,1,Roma,BAILEY Leon,bailey leon,,,0,0,0,0,0,0,0
2025-2026,1,Roma,DOVBYK Artem,dovbyk artem,5.5,5.5,0,0,0,0,0,0,0
2025-2026,1,Roma,DYBALA Paulo,dybala paulo,6.0,6.0,0,0,0,0,0,0,0
2025-2026,1,Roma,FERGUSON Evan,ferguson evan,7.0,7.0,0,0,0,0,0,0,0
2025-2026,1,Roma,SOULE' Matias,soule' matias,6.0,6.0,0,0,0,0,0,0,0
2025-2026,1,Sassuolo,MURIC Arijanet,muric arijanet,,,0,0,0,0,0,0,0
2025-2026,1,Sassuolo,RUSSO Alessandro,russo alessandro,,,0,0,0,0,0,0,0
2025-2026,1,Sassuolo,SATALINO Giacomo,satalino giacomo,,,0,0,0,0,0,0,0
2025-2026,1,Sassuolo,TURATI Stefano,turati stefano,5.0,3.0,-2,0,0,0,0,0,0
2025-2026,1,Sassuolo,ZACCHI Gioele,zacchi gioele,,,0,0,0,0,0,0,0
2025-2026,1,Sassuolo,CANDE' Fali,cande' fali,,,0,0,0,0,0,0,0
2025-2026,1,Sassuolo,DOIG Josh,doig josh,6.0,6.0,0,0,0,0,0,0,0
2025-2026,1,Sassuolo,IDZES Jay,idzes jay,,,0,0,0,0,0,0,0
2025-2026,1,Sassuolo,MISSORI Filippo,missori filippo,,,0,0,0,0,0,0,0
2025-2026,1,Sassuolo,MUHAREMOVIC Tarik,muharemovic tarik,5.5,5.5,0,0,0,0,0,0,0
2025-2026,1,Sassuolo,ODENTHAL Cas,odenthal cas,,,0,0,0,0,0,0,0
2025-2026,1,Sassuolo,PAZ Yeferson,paz yeferson,,,0,0,0,0,0,0,0
2025-2026,1,Sassuolo,PIERAGNOLO Edoardo,pieragnolo edoardo,,,0,0,0,0,0,0,0
2025-2026,1,Sassuolo,ROMAGNA Filippo,romagna filippo,6.0,6.0,0,0,0,0,0,0,0
2025-2026,1,Sassuolo,TRESSOLDI Ruan,tressoldi ruan,,,0,0,0,0,0,0,0
2025-2026,1,Sassuolo,WALUKIEWICZ Sebasti.,walukiewicz sebasti.,5.5,5.5,0,0,0,0,0,0,0
2025-2026,1,Sassuolo,BOLOCA Daniel,boloca daniel,5.5,5.5,0,0,0,0,0,0,0
2025-2026,1,Sassuolo,CALIGARA Fabrizio,caligara fabrizio,,,0,0,0,0,0,0,0
2025-2026,1,Sassuolo,FADERA Alieu,fadera alieu,6.0,6.0,0,0,0,0,0,0,0
2025-2026,1,Sassuolo,GHION Andrea,ghion andrea,,,0,0,0,0,0,0,0
2025-2026,1,Sassuolo,IANNONI Edoardo,iannoni edoardo,,,0,0,0,0,0,0,0
2025-2026,1,Sassuolo,KONE Ismael,kone ismael,5.0,4.0,0,0,0,1,0,0,0
2025-2026,1,Sassuolo,KUMI Justin,kumi justin,,,0,0,0,0,0,0,0
2025-2026,1,Sassuolo,LIPANI Luca,lipani luca,5.0,5.0,0,0,0,0,0,0,0
2025-2026,1,Sassuolo,THORSTVEDT Kristian,thorstvedt kristian,,,0,0,0,0,0,0,0
2025-2026,1,Sassuolo,VOLPATO Cristian,volpato cristian,,,0,0,0,0,0,0,0
2025-2026,1,Sassuolo,VRANCKX Aster,vranckx aster,,,0,0,0,0,0,0,0
2025-2026,1,Sassuolo,ALVAREZ Agustin,alvarez agustin,,,0,0,0,0,0,0,0
2025-2026,1,Sassuolo,BERARDI Domenico,berardi domenico,5.0,4.5,0,0,1,0,0,0,0
2025-2026,1,Sassuolo,LAURIENTE' Armand,lauriente' armand,6.0,6.0,0,0,0,0,0,0,0
2025-2026,1,Sassuolo,MORO Luca,moro luca,,,0,0,0,0,0,0,0
2025-2026,1,Sassuolo,MULATTIERI Samuele,mulattieri samuele,,,0,0,0,0,0,0,0
2025-2026,1,Sassuolo,PIERINI Nicholas,pierini nicholas,,,0,0,0,0,0,0,0
2025-2026,1,Sassuolo,PINAMONTI Andrea,pinamonti andrea,5.5,5.5,0,0,0,0,0,0,0
2025-2026,1,Sassuolo,SKJELLERUP Laurs,skjellerup laurs,,,0,0,0,0,0,0,0
2025-2026,1,Torino,ISRAEL Franco,israel franco,5.5,0.5,-5,0,0,0,0,0,0
2025-2026,1,Torino,PALEARI Alberto,paleari alberto,,,0,0,0,0,0,0,0
2025-2026,1,Torino,POPA Mihai,popa mihai,,,0,0,0,0,0,0,0
2025-2026,1,Torino,BIRAGHI Cristiano,biraghi cristiano,4.0,4.0,0,0,0,0,0,0,0
2025-2026,1,Torino,COCO Saul,coco saul,5.0,5.0,0,0,0,0,0,0,0
2025-2026,1,Torino,DEMBELE' Ali,dembele' ali,,,0,0,0,0,0,0,0
2025-2026,1,Torino,ISMAJLI Ardian,ismajli ardian,,,0,0,0,0,0,0,0
2025-2026,1,Torino,LAZARO Valentino,lazaro valentino,4.5,4.5,0,0,0,0,0,0,0
2025-2026,1,Torino,MARIPAN Guillermo,maripan guillermo,,,0,0,0,0,0,0,0
2025-2026,1,Torino,MASINA Adam,masina adam,4.0,4.0,0,0,0,0,0,0,0
2025-2026,1,Torino,PEDERSEN Marcus,pedersen marcus,,,0,0,0,0,0,0,0
2025-2026,1,Torino,SAZONOV Saba,sazonov saba,,,0,0,0,0,0,0,0
2025-2026,1,Torino,SCHUURS Perr,schuurs perr,,,0,0,0,0,0,0,0
2025-2026,1,Torino,ZAIA Edoardo,zaia edoardo,,,0,0,0,0,0,0,0
2025-2026,1,Torino,ANJORIN Tino,anjorin tino,,,0,0,0,0,0,0,0
2025-2026,1,Torino,CACCIAMANI Alessio,cacciamani alessio,,,0,0,0,0,0,0,0
2025-2026,1,Torino,CASADEI Cesare,casadei cesare,4.5,4.5,0,0,0,0,0,0,0
2025-2026,1,Torino,GINEITIS Gvidas,gineitis gvidas,4.0,4.0,0,0,0,0,0,0,0
2025-2026,1,Torino,ILIC Ivan,ilic ivan,,,0,0,0,0,0,0,0
2025-2026,1,Torino,ILKHAN Emirhan,ilkhan emirhan,6.0,6.0,0,0,0,0,0,0,0
2025-2026,1,Torino,PERCIUN Sergiu,perciun sergiu,,,0,0,0,0,0,0,0
2025-2026,1,Torino,TAMEZE Adrien,tameze adrien,5.0,5.0,0,0,0,0,0,0,0
2025-2026,1,Torino,VLASIC Nikola,vlasic nikola,5.0,5.0,0,0,0,0,0,0,0
2025-2026,1,Torino,ABOUKHLAL Zakaria,aboukhlal zakaria,5.5,5.5,0,0,0,0,0,0,0
2025-2026,1,Torino,ADAMS Che',adams che',,6.0,0,0,0,0,0,0,0
2025-2026,1,Torino,GABELLINI Tommaso,gabellini tommaso,,,0,0,0,0,0,0,0
2025-2026,1,Torino,NGONGE Cyril,ngonge cyril,5.5,5.5,0,0,0,0,0,0,0
2025-2026,1,Torino,NJIE Alieu,njie alieu,,,0,0,0,0,0,0,0
2025-2026,1,Torino,SAVVA Zanos,savva zanos,,,0,0,0,0,0,0,0
2025-2026,1,Torino,SIMEONE Giovanni,simeone giovanni,5.0,5.0,0,0,0,0,0,0,0
2025-2026,1,Torino,ZAPATA Duvan,zapata duvan,,,0,0,0,0,0,0,0
2025-2026,1,Udinese,NUNZIANTE Alessandro,nunziante alessandro,,,0,0,0,0,0,0,0
2025-2026,1,Udinese,OKOYE Maduka,okoye maduka,,,0,0,0,0,0,0,0
2025-2026,1,Udinese,PADELLI Daniele,padelli daniele,,,0,0,0,0,0,0,0
2025-2026,1,Udinese,SAVA Razvan,sava razvan,6.0,5.0,-1,0,0,0,0,0,0
2025-2026,1,Udinese,BERTOLA Nicolo',bertola nicolo',6.0,5.5,0,0,1,0,0,0,0
2025-2026,1,Udinese,EHIZIBUE Kingsley,ehizibue kingsley,5.0,5.0,0,0,0,0,0,0,0
2025-2026,1,Udinese,GOGLICHIDZE Saba,goglichidze saba,,,0,0,0,0,0,0,0
2025-2026,1,Udinese,KABASELE Christian,kabasele christian,,,0,0,0,0,0,0,0
2025-2026,1,Udinese,KAMARA Hassane,kamara hassane,6.5,6.5,0,0,0,0,0,0,0
2025-2026,1,Udinese,KRISTENSEN Thomas,kristensen thomas,6.5,9.5,1,0,0,0,0,0,0
2025-2026,1,Udinese,MODESTO Rui,modesto rui,,,0,0,0,0,0,0,0
2025-2026,1,Udinese,PALMA Matteo,palma matteo,,,0,0,0,0,0,0,0
2025-2026,1,Udinese,SOLET Oumar,solet oumar,6.0,6.0,0,0,0,0,0,0,0
2025-2026,1,Udinese,TOURE' Isaak,toure' isaak,,,0,0,0,0,0,0,0
2025-2026,1,Udinese,ZEMURA Jordan,zemura jordan,5.5,5.5,0,0,0,0,0,0,0
2025-2026,1,Udinese,ATTA Arthur,atta arthur,6.0,6.0,0,0,0,0,0,0,0
2025-2026,1,Udinese,EKKELENKAMP Jurgen,ekkelenkamp jurgen,,,0,0,0,0,0,0,0
2025-2026,1,Udinese,KARLSTROM Jesper,karlstrom jesper,6.0,6.0,0,0,0,0,0,0,0
2025-2026,1,Udinese,LOVRIC Sandi,lovric sandi,6.0,7.0,0,1,0,0,0,0,0
2025-2026,1,Udinese,MILLER Lennon,miller lennon,,,0,0,0,0,0,0,0
2025-2026,1,Udinese,PEJICIC David,pejicic david,,,0,0,0,0,0,0,0
2025-2026,1,Udinese,PIOTROWSKI Jakub,piotrowski jakub,6.0,6.0,0,0,0,0,0,0,0
2025-2026,1,Udinese,ZARRAGA Oier,zarraga oier,6.0,6.0,0,0,0,0,0,0,0
2025-2026,1,Udinese,BAYO Vakoun,bayo vakoun,6.0,6.0,0,0,0,0,0,0,0
2025-2026,1,Udinese,BRAVO Iker,bravo iker,5.5,5.0,0,0,1,0,0,0,0
2025-2026,1,Udinese,BRENNER Souza da Si.,brenner souza da si.,,,0,0,0,0,0,0,0
2025-2026,1,Udinese,BUKSA Adam,buksa adam,,,0,0,0,0,0,0,0
2025-2026,1,Udinese,DAMIAN PIZARRO,damian pizarro,,,0,0,0,0,0,0,0
2025-2026,1,Udinese,DAVIS Keinan,davis keinan,5.5,5.0,0,0,1,0,0,0,0
2025-2026,1,Udinese,VINCIATI Giulio,vinciati giulio,,,0,0,0,0,0,0,0
2025-2026,1,Verona,MONTIPO' Lorenzo,montipo' lorenzo,6.0,5.0,-1,0,0,0,0,0,0
2025-2026,1,Verona,PERILLI Simone,perilli simone,,,0,0,0,0,0,0,0
2025-2026,1,Verona,BELGHALI Rafik,belghali rafik,6.0,5.5,0,0,1,0,0,0,0
2025-2026,1,Verona,BRADARIC Domagoj,bradaric domagoj,5.5,5.5,0,0,0,0,0,0,0
2025-2026,1,Verona,CHAM Fallou,cham fallou,6.0,6.0,0,0,0,0,0,0,0
2025-2026,1,Verona,EBOSSE Enzo,ebosse enzo,,5.5,0,0,1,0,0,0,0
2025-2026,1,Verona,FRESE Martin,frese martin,6.0,6.0,0,0,0,0,0,0,0
2025-2026,1,Verona,KURTI Adi,kurti adi,,,0,0,0,0,0,0,0
2025-2026,1,Verona,NELSSON Victor,nelsson victor,6.5,6.5,0,0,0,0,0,0,0
2025-2026,1,Verona,NUNEZ Unai,nunez unai,6.0,6.0,0,0,0,0,0,0,0
2025-2026,1,Verona,OYEGOKE Daniel,oyegoke daniel,,,0,0,0,0,0,0,0
2025-2026,1,Verona,SLOTSAGER Tobias,slotsager tobias,,,0,0,0,0,0,0,0
2025-2026,1,Verona,VALENTINI Nicolas,valentini nicolas,,,0,0,0,0,0,0,0
2025-2026,1,Verona,YELLU Santiago,yellu santiago,,,0,0,0,0,0,0,0
2025-2026,1,Verona,BERNEDE Antoine,bernede antoine,6.0,6.0,0,0,0,0,0,0,0
2025-2026,1,Verona,CHARLYS Matheus,charlys matheus,,,0,0,0,0,0,0,0
2025-2026,1,Verona,HARROUI Abdou,harroui abdou,6.0,6.0,0,0,0,0,0,0,0
2025-2026,1,Verona,KASTANOS Grigoris,kastanos grigoris,,,0,0,0,0,0,0,0
2025-2026,1,Verona,MITROVIC Stefan,mitrovic stefan,,,0,0,0,0,0,0,0
2025-2026,1,Verona,NIASSE Cheikh,niasse cheikh,5.0,5.0,0,0,0,0,0,0,0
2025-2026,1,Verona,SERDAR Suat,serdar suat,6.5,9.5,1,0,0,0,0,0,0
2025-2026,1,Verona,SUSLOV Tomas,suslov tomas,,,0,0,0,0,0,0,0
2025-2026,1,Verona,AJAYI Junior,ajayi junior,,,0,0,0,0,0,0,0
2025-2026,1,Verona,BRAAF Jayden,braaf jayden,,,0,0,0,0,0,0,0
2025-2026,1,Verona,GIOVANE Do Nascimie.,giovane do nascimie.,7.0,8.0,0,1,0,0,0,0,0
2025-2026,1,Verona,LAMBOURDE Mathis,lambourde mathis,,,0,0,0,0,0,0,0
2025-2026,1,Verona,LIVRAMENTO Dailon,livramento dailon,,,0,0,0,0,0,0,0
2025-2026,1,Verona,LUNA Agustin,luna agustin,,,0,0,0,0,0,0,0
2025-2026,1,Verona,MOSQUERA Daniel,mosquera daniel,6.0,6.0,0,0,0,0,0,0,0
2025-2026,1,Verona,SARR Amin,sarr amin,5.5,5.5,0,0,0,0,0,0,0
2025-2026,1,Cremonese,AUDERO Emil,audero emil,6.0,5.0,-1,0,0,0,0,0,0
2025-2026,1,Cremonese,MALOVEC Adrian,malovec adrian,,,0,0,0,0,0,0,0
2025-2026,1,Cremonese,NAVA Lapo,nava lapo,,,0,0,0,0,0,0,0
2025-2026,1,Cremonese,SARO Gianluca,saro gianluca,,,0,0,0,0,0,0,0
2025-2026,1,Cremonese,SILVESTRI Marco,silvestri marco,,,0,0,0,0,0,0,0
2025-2026,1,Cremonese,BARBIERI Tommaso,barbieri tommaso,,,0,0,0,0,0,0,0
2025-2026,1,Cremonese,BASCHIROTTO Federico,baschirotto federico,8.0,11.0,1,0,0,0,0,0,0
2025-2026,1,Cremonese,BIANCHETTI Matteo,bianchetti matteo,6.5,6.5,0,0,0,0,0,0,0
2025-2026,1,Cremonese,CECCHERINI Federico,ceccherini federico,,,0,0,0,0,0,0,0
2025-2026,1,Cremonese,FLORIANI MUSSOLINI .,floriani mussolini .,,,0,0,0,0,0,0,0
2025-2026,1,Cremonese,FOLINO Francesco,folino francesco,,,0,0,0,0,0,0,0
2025-2026,1,Cremonese,MORETTI Lorenzo,moretti lorenzo,,,0,0,0,0,0,0,0
2025-2026,1,Cremonese,PEZZELLA Giuseppe,pezzella giuseppe,7.0,8.0,0,1,0,0,0,0,0
2025-2026,1,Cremonese,PICKEL Charles,pickel charles,,,0,0,0,0,0,0,0
2025-2026,1,Cremonese,ROCCHETTI Yuri,rocchetti yuri,,,0,0,0,0,0,0,0
2025-2026,1,Cremonese,SERNICOLA Leonardo,sernicola leonardo,,,0,0,0,0,0,0,0
2025-2026,1,Cremonese,TERRACCIANO Filippo,terracciano filippo,6.5,6.0,0,0,1,0,0,0,0
2025-2026,1,Cremonese,BONDO Warren,bondo warren,6.0,5.5,0,0,1,0,0,0,0
2025-2026,1,Cremonese,CASTAGNETTI Michele,castagnetti michele,,,0,0,0,0,0,0,0
2025-2026,1,Cremonese,COLLOCOLO Michele,collocolo michele,6.5,6.5,0,0,0,0,0,0,0
2025-2026,1,Cremonese,GRASSI Alberto,grassi alberto,6.0,5.5,0,0,1,0,0,0,0
2025-2026,1,Cremonese,LORDKIPANIDZE Dachi,lordkipanidze dachi,,,0,0,0,0,0,0,0
2025-2026,1,Cremonese,PAYERO Martin,payero martin,6.0,5.5,0,0,1,0,0,0,0
2025-2026,1,Cremonese,VALOTI Mattia,valoti mattia,,,0,0,0,0,0,0,0
2025-2026,1,Cremonese,VANDEPUTTE Jari,vandeputte jari,5.5,5.5,0,0,0,0,0,0,0
2025-2026,1,Cremonese,BONAZZOLI Federico,bonazzoli federico,8.0,11.0,1,0,0,0,0,0,0
2025-2026,1,Cremonese,DE LUCA Manuel,de luca manuel,,,0,0,0,0,0,0,0
2025-2026,1,Cremonese,GABBIANI Giacomo,gabbiani giacomo,,,0,0,0,0,0,0,0
2025-2026,1,Cremonese,JOHNSEN Dennis,johnsen dennis,,,0,0,0,0,0,0,0
2025-2026,1,Cremonese,OKEREKE David,okereke david,6.0,6.0,0,0,0,0,0,0,0
2025-2026,1,Cremonese,SANABRIA Antonio,sanabria antonio,6.0,6.0,0,0,0,0,0,0,0
2025-2026,1,Cremonese,TSADJOUT Frank,tsadjout frank,,,0,0,0,0,0,0,0
2025-2026,1,Cremonese,VAZQUEZ Franco,vazquez franco,,,0,0,0,0,0,0,0
2025-2026,1,Cremonese,ZERBIN Alessio,zerbin alessio,6.5,7.5,0,1,0,0,0,0,0
2025-2026,1,Parma,CORVI Edoardo,corvi edoardo,,,0,0,0,0,0,0,0
2025-2026,1,Parma,RINALDI Filippo,rinaldi filippo,,,0,0,0,0,0,0,0
2025-2026,1,Parma,SUZUKI Zion,suzuki zion,6.5,4.0,-2,0,1,0,0,0,0
2025-2026,1,Parma,AMORAN Peter,amoran peter,,,0,0,0,0,0,0,0
2025-2026,1,Parma,BALOGH Botond,balogh botond,,,0,0,0,0,0,0,0
2025-2026,1,Parma,BRITSCHGI Sascha,britschgi sascha,,,0,0,0,0,0,0,0
2025-2026,1,Parma,CIRCATI Alessandro,circati alessandro,4.5,4.5,0,0,0,0,0,0,0
2025-2026,1,Parma,DEL PRATO Enrico,del prato enrico,5.5,5.5,0,0,0,0,0,0,0
2025-2026,1,Parma,LOVIK Mathias,lovik mathias,5.5,5.5,0,0,0,0,0,0,0
2025-2026,1,Parma,NDIAYE Abdoulaye,ndiaye abdoulaye,,,0,0,0,0,0,0,0
2025-2026,1,Parma,TRABUCCHI Nicolas,trabucchi nicolas,,,0,0,0,0,0,0,0
2025-2026,1,Parma,TROILO Mariano,troilo mariano,,,0,0,0,0,0,0,0
2025-2026,1,Parma,VALENTI Lautaro,valenti lautaro,6.0,6.0,0,0,0,0,0,0,0
2025-2026,1,Parma,VALERI Emanuele,valeri emanuele,5.0,5.0,0,0,0,0,0,0,0
2025-2026,1,Parma,BERNABE' Adrian,bernabe' adrian,6.0,6.0,0,0,0,0,0,0,0
2025-2026,1,Parma,ESTEVEZ Nahuel,estevez nahuel,,,0,0,0,0,0,0,0
2025-2026,1,Parma,HERNANI,hernani,,,0,0,0,0,0,0,0
2025-2026,1,Parma,KEITA Mandela,keita mandela,5.5,5.5,0,0,0,0,0,0,0
2025-2026,1,Parma,ORDONEZ Christian,ordonez christian,5.0,5.0,0,0,0,0,0,0,0
2025-2026,1,Parma,PLICCO Elia,plicco elia,,,0,0,0,0,0,0,0
2025-2026,1,Parma,SORENSEN Oliver,sorensen oliver,6.0,5.5,0,0,1,0,0,0,0
2025-2026,1,Parma,ALMQVIST Pontus,almqvist pontus,6.0,6.0,0,0,0,0,0,0,0
2025-2026,1,Parma,ANAS Mohamed,anas mohamed,,,0,0,0,0,0,0,0
2025-2026,1,Parma,BEGIC Tjas,begic tjas,,,0,0,0,0,0,0,0
2025-2026,1,Parma,BENEDYCZAK Adrian,benedyczak adrian,,,0,0,0,0,0,0,0
2025-2026,1,Parma,CHARPENTIER Gabriel,charpentier gabriel,,,0,0,0,0,0,0,0
2025-2026,1,Parma,DJURIC Milan,djuric milan,,,0,0,0,0,0,0,0
2025-2026,1,Parma,FRIGAN Matija,frigan matija,,,0,0,0,0,0,0,0
2025-2026,1,Parma,JOUJOU Antoine,joujou antoine,,,0,0,0,0,0,0,0
2025-2026,1,Parma,ONDREJKA Jacob,ondrejka jacob,,,0,0,0,0,0,0,0
2025-2026,1,Parma,PELLEGRINO Mateo,pellegrino mateo,5.5,5.5,0,0,0,0,0,0,0
2025-2026,1,Pisa,NICOLAS,nicolas,,,0,0,0,0,0,0,0
2025-2026,1,Pisa,SCUFFET Simone,scuffet simone,,,0,0,0,0,0,0,0
2025-2026,1,Pisa,SEMPER Adrian,semper adrian,6.5,5.5,-1,0,0,0,0,0,0
2025-2026,1,Pisa,ANGORI Samuele,angori samuele,7.0,7.0,0,0,0,0,0,0,0
2025-2026,1,Pisa,CALABRESI Arturo,calabresi arturo,,,0,0,0,0,0,0,0
2025-2026,1,Pisa,CANESTRELLI Simone,canestrelli simone,6.0,6.0,0,0,0,0,0,0,0
2025-2026,1,Pisa,CARACCIOLO Antonio,caracciolo antonio,6.5,6.5,0,0,0,0,0,0,0
2025-2026,1,Pisa,CUADRADO Juan,cuadrado juan,6.0,6.0,0,0,0,0,0,0,0
2025-2026,1,Pisa,DENOON Daniel,denoon daniel,5.0,5.0,0,0,0,0,0,0,0
2025-2026,1,Pisa,ESTEVES Tomas,esteves tomas,,,0,0,0,0,0,0,0
2025-2026,1,Pisa,LUSUARDI Mateus,lusuardi mateus,,,0,0,0,0,0,0,0
2025-2026,1,Pisa,MBAMBI Jeremy,mbambi jeremy,,,0,0,0,0,0,0,0
2025-2026,1,Pisa,RUS Adrian,rus adrian,,,0,0,0,0,0,0,0
2025-2026,1,Pisa,AEBISCHER Michel,aebischer michel,5.5,5.5,0,0,0,0,0,0,0
2025-2026,1,Pisa,AKINSANMIRO Ebenezer,akinsanmiro ebenezer,5.5,5.5,0,0,0,0,0,0,0
2025-2026,1,Pisa,HOJHOLT Malthe,hojholt malthe,,,0,0,0,0,0,0,0
2025-2026,1,Pisa,JEVSENAK Zan,jevsenak zan,,,0,0,0,0,0,0,0
2025-2026,1,Pisa,LERIS Mehdi,leris mehdi,,,0,0,0,0,0,0,0
2025-2026,1,Pisa,MARIN Marius,marin marius,7.0,7.0,0,0,0,0,0,0,0
2025-2026,1,Pisa,MAUCCI Giacomo,maucci giacomo,,,0,0,0,0,0,0,0
2025-2026,1,Pisa,PICCININI Gabriele,piccinini gabriele,,,0,0,0,0,0,0,0
2025-2026,1,Pisa,TOURE Idrissa,toure idrissa,6.5,6.5,0,0,0,0,0,0,0
2025-2026,1,Pisa,TRAMONI Matteo,tramoni matteo,6.0,6.0,0,0,0,0,0,0,0
2025-2026,1,Pisa,VURAL Isak,vural isak,,,0,0,0,0,0,0,0
2025-2026,1,Pisa,ARENA Alessandro,arena alessandro,,,0,0,0,0,0,0,0
2025-2026,1,Pisa,BUFFON Louis,buffon louis,,,0,0,0,0,0,0,0
2025-2026,1,Pisa,LIND Alexander,lind alexander,,,0,0,0,0,0,0,0
2025-2026,1,Pisa,MEISTER Henrik,meister henrik,6.0,6.0,0,0,0,0,0,0,0
2025-2026,1,Pisa,MOREO Stefano,moreo stefano,6.5,6.5,0,0,0,0,0,0,0
2025-2026,1,Pisa,MORUTAN Olimpiu,morutan olimpiu,,,0,0,0,0,0,0,0
2025-2026,1,Pisa,NZOLA M'Bala,nzola m'bala,6.0,6.0,0,0,0,0,0,0,0
2025-2026,1,Pisa,VIGNATO Emanuel,vignato emanuel,,,0,0,0,0,0,0,0
2025-2026,1,Como,BUTEZ Jean,butez jean,6.0,7.0,0,0,0,0,0,0,0
2025-2026,1,Como,VIGORITO Mauro,vigorito mauro,,,0,0,0,0,0,0,0
2025-2026,1,Como,DOSSENA Alberto,dossena alberto,,,0,0,0,0,0,0,0
2025-2026,1,Como,GOLDANIGA Edoardo,goldaniga edoardo,,,0,0,0,0,0,0,0
2025-2026,1,Como,IOANNOU Nicholas,ioannou nicholas,,,0,0,0,0,0,0,0
2025-2026,1,Como,JACK Fellipe,jack fellipe,,,0,0,0,0,0,0,0
2025-2026,1,Como,KEMPF Marc-Oliver,kempf marc-oliver,6.5,6.5,0,0,0,0,0,0,0
2025-2026,1,Como,MORENO Alberto,moreno alberto,,,0,0,0,0,0,0,0
2025-2026,1,Como,RAMON Jacobo,ramon jacobo,7.0,7.0,0,0,0,0,0,0,0
2025-2026,1,Como,ROBERTO Sergi,roberto sergi,6.5,6.5,0,0,0,0,0,0,0
2025-2026,1,Como,SALA Marco,sala marco,,,0,0,0,0,0,0,0
2025-2026,1,Como,SMOLCIC Ivan,smolcic ivan,6.0,6.0,0,0,0,0,0,0,0
2025-2026,1,Como,VALLE Alex,valle alex,7.0,7.0,0,0,0,0,0,0,0
2025-2026,1,Como,VAN DER BREMPT Igna.,van der brempt igna.,6.5,6.0,0,0,1,0,0,0,0
2025-2026,1,Como,VOJVODA Mergim,vojvoda mergim,7.5,7.5,0,0,0,0,0,0,0
2025-2026,1,Como,ALLI Dele,alli dele,,,0,0,0,0,0,0,0
2025-2026,1,Como,BALLET Samuel,ballet samuel,,,0,0,0,0,0,0,0
2025-2026,1,Como,BATURINA Martin,baturina martin,,,0,0,0,0,0,0,0
2025-2026,1,Como,CAQUERET Maxence,caqueret maxence,6.5,6.5,0,0,0,0,0,0,0
2025-2026,1,Como,DA CUNHA Lucas,da cunha lucas,7.0,7.0,0,0,0,0,0,0,0
2025-2026,1,Como,ENGELHARDT Yannick,engelhardt yannick,,,0,0,0,0,0,0,0
2025-2026,1,Como,KONE Ben,kone ben,,,0,0,0,0,0,0,0
2025-2026,1,Como,PAZ Nico,paz nico,8.0,11.5,1,1,1,0,0,0,0
2025-2026,1,Como,PERRONE Maximo,perrone maximo,7.0,7.0,0,0,0,0,0,0,0
2025-2026,1,Como,ADDAI Jaden,addai jaden,,,0,0,0,0,0,0,0
2025-2026,1,Como,AZON Ivan,azon ivan,,,0,0,0,0,0,0,0
2025-2026,1,Como,BELOTTI Andrea,belotti andrea,,,0,0,0,0,0,0,0
2025-2026,1,Como,CERRI Alberto,cerri alberto,,,0,0,0,0,0,0,0
2025-2026,1,Como,CUTRONE Patrick,cutrone patrick,,,0,0,0,0,0,0,0
2025-2026,1,Como,DIAO Assane,diao assane,,,0,0,0,0,0,0,0
2025-2026,1,Como,DOUVIKAS Tasos,douvikas tasos,7.5,10.5,1,0,0,0,0,0,0
2025-2026,1,Como,GABRIELLONI Alessan.,gabrielloni alessan.,,,0,0,0,0,0,0,0
2025-2026,1,Como,KUHN Nicolas,kuhn nicolas,,,0,0,0,0,0,0,0
2025-2026,1,Como,MORATA Alvaro,morata alvaro,6.5,6.5,0,0,0,0,0,0,0
2025-2026,1,Como,RODRIGUEZ Jesus,rodriguez jesus,7.5,7.5,0,0,0,0,0,0,0
2025-2026,2,Atalanta,CARNESECCHI Marco,carnesecchi marco,6.0,5.0,-1,0,0,0,0,0,0
2025-2026,2,Atalanta,DAJCAR Matevz,dajcar matevz,,,0,0,0,0,0,0,0
2025-2026,2,Atalanta,ROSSI Francesco,rossi francesco,,,0,0,0,0,0,0,0
2025-2026,2,Atalanta,SPORTIELLO Marco,sportiello marco,,,0,0,0,0,0,0,0
2025-2026,2,Atalanta,AHANOR Honest,ahanor honest,,,0,0,0,0,0,0,0
2025-2026,2,Atalanta,BAKKER Mitchel,bakker mitchel,,,0,0,0,0,0,0,0
2025-2026,2,Atalanta,BELLANOVA Raoul,bellanova raoul,5.5,5.5,0,0,0,0,0,0,0
2025-2026,2,Atalanta,BERNASCONI Lorenzo,bernasconi lorenzo,,,0,0,0,0,0,0,0
2025-2026,2,Atalanta,COMI Pietro,comi pietro,,,0,0,0,0,0,0,0
2025-2026,2,Atalanta,DJIMSITI Berat,djimsiti berat,6.0,6.0,0,0,0,0,0,0,0
2025-2026,2,Atalanta,HIEN Isak,hien isak,6.5,6.0,0,0,1,0,0,0,0
2025-2026,2,Atalanta,KOLASINAC Sead,kolasinac sead,,,0,0,0,0,0,0,0
2025-2026,2,Atalanta,KOSSOUNOU Odilon,kossounou odilon,,,0,0,0,0,0,0,0
2025-2026,2,Atalanta,SCALVINI Giorgio,scalvini giorgio,6.0,6.0,0,0,0,0,0,0,0
2025-2026,2,Atalanta,ZAPPACOSTA Davide,zappacosta davide,6.0,6.0,0,0,0,0,0,0,0
2025-2026,2,Atalanta,BRESCIANINI Marco,brescianini marco,,,0,0,0,0,0,0,0
2025-2026,2,Atalanta,CASSA Federico,cassa federico,,,0,0,0,0,0,0,0
2025-2026,2,Atalanta,DE ROON Marten,de roon marten,6.5,6.0,0,0,1,0,0,0,0
2025-2026,2,Atalanta,EDERSON,ederson,,,0,0,0,0,0,0,0
2025-2026,2,Atalanta,MALDINI Daniel,maldini daniel,5.0,5.0,0,0,0,0,0,0,0
2025-2026,2,Atalanta,MANZONI Alberto,manzoni alberto,,,0,0,0,0,0,0,0
2025-2026,2,Atalanta,MUSAH Yunus,musah yunus,6.0,6.0,0,0,0,0,0,0,0
2025-2026,2,Atalanta,PASALIC Mario,pasalic mario,7.0,10.0,1,0,0,0,0,0,0
2025-2026,2,Atalanta,SAMARDZIC Lazar,samardzic lazar,,,0,0,0,0,0,0,0
2025-2026,2,Atalanta,ZALEWSKI Nicola,zalewski nicola,6.0,6.0,0,0,0,0,0,0,0
2025-2026,2,Atalanta,DE KETELAERE Charles,de ketelaere charles,6.0,6.0,0,0,0,0,0,0,0
2025-2026,2,Atalanta,KRSTOVIC Nikola,krstovic nikola,6.0,7.0,0,1,0,0,0,0,0
2025-2026,2,Atalanta,LOOKMAN Ademola,lookman ademola,,,0,0,0,0,0,0,0
2025-2026,2,Atalanta,SCAMACCA Gianluca,scamacca gianluca,6.0,6.0,0,0,0,0,0,0,0
2025-2026,2,Atalanta,SULEMANA Kamaldeen,sulemana kamaldeen,5.0,5.0,0,0,0,0,0,0,0
2025-2026,2,Bologna,PESSINA Massimo,pessina massimo,,,0,0,0,0,0,0,0
2025-2026,2,Bologna,RAVAGLIA Federico,ravaglia federico,,,0,0,0,0,0,0,0
2025-2026,2,Bologna,SKORUPSKI Lukasz,skorupski lukasz,6.5,7.5,0,0,0,0,0,0,0
2025-2026,2,Bologna,BONIFAZI Kevin,bonifazi kevin,,,0,0,0,0,0,0,0
2025-2026,2,Bologna,CASALE Nicolo',casale nicolo',,,0,0,0,0,0,0,0
2025-2026,2,Bologna,DE SILVESTRI Lorenzo,de silvestri lorenzo,,,0,0,0,0,0,0,0
2025-2026,2,Bologna,HEGGEM Torbjorn,heggem torbjorn,6.5,6.5,0,0,0,0,0,0,0
2025-2026,2,Bologna,HOLM Emil,holm emil,,,0,0,0,0,0,0,0
2025-2026,2,Bologna,ILIC Mihajlo,ilic mihajlo,,,0,0,0,0,0,0,0
2025-2026,2,Bologna,LUCUMI Jhon,lucumi jhon,7.0,6.5,0,0,1,0,0,0,0
2025-2026,2,Bologna,LYKOGIANNIS Charala.,lykogiannis charala.,6.0,6.0,0,0,0,0,0,0,0
2025-2026,2,Bologna,MIRANDA Juan,miranda juan,,,0,0,0,0,0,0,0
2025-2026,2,Bologna,VITIK Martin,vitik martin,6.0,5.5,0,0,1,0,0,0,0
2025-2026,2,Bologna,ZORTEA Nadir,zortea nadir,6.5,6.5,0,0,0,0,0,0,0
2025-2026,2,Bologna,BERNARDESCHI Federi.,bernardeschi federi.,,,0,0,0,0,0,0,0
2025-2026,2,Bologna,FABBIAN Giovanni,fabbian giovanni,6.5,6.5,0,0,0,0,0,0,0
2025-2026,2,Bologna,FERGUSON Lewis,ferguson lewis,,,0,0,0,0,0,0,0
2025-2026,2,Bologna,FREULER Remo,freuler remo,7.0,7.0,0,0,0,0,0,0,0
2025-2026,2,Bologna,MORO Nikola,moro nikola,6.0,6.0,0,0,0,0,0,0,0
2025-2026,2,Bologna,POBEGA Tommaso,pobega tommaso,6.0,5.5,0,0,1,0,0,0,0
2025-2026,2,Bologna,SULEMANA,sulemana,,,0,0,0,0,0,0,0
2025-2026,2,Bologna,CAMBIAGHI Nicolo',cambiaghi nicolo',6.5,6.0,0,0,1,0,0,0,0
2025-2026,2,Bologna,CASTRO Santiago,castro santiago,6.5,7.5,0,1,0,0,0,0,0
2025-2026,2,Bologna,DALLINGA Thijs,dallinga thijs,6.0,6.0,0,0,0,0,0,0,0
2025-2026,2,Bologna,DOMINGUEZ Benjamin,dominguez benjamin,,,0,0,0,0,0,0,0
2025-2026,2,Bologna,IMMOBILE Ciro,immobile ciro,,,0,0,0,0,0,0,0
2025-2026,2,Bologna,ODGAARD Jens,odgaard jens,5.5,5.5,0,0,0,0,0,0,0
2025-2026,2,Bologna,ORSOLINI Riccardo,orsolini riccardo,7.5,10.5,1,0,0,0,0,0,0
2025-2026,2,Bologna,ROWE Jonathan,rowe jonathan,,,0,0,0,0,0,0,0
2025-2026,2,Cagliari,CAPRILE Elia,caprile elia,6.5,5.5,-1,0,0,0,0,0,0
2025-2026,2,Cagliari,RADUNOVIC Boris,radunovic boris,,,0,0,0,0,0,0,0
2025-2026,2,Cagliari,IDRISSI Riyad,idrissi riyad,,,0,0,0,0,0,0,0
2025-2026,2,Cagliari,LUPERTO Sebastiano,luperto sebastiano,7.0,7.0,0,0,0,0,0,0,0
2025-2026,2,Cagliari,MINA Yerry,mina yerry,7.0,7.0,0,0,0,0,0,0,0
2025-2026,2,Cagliari,OBERT Adam,obert adam,6.0,6.0,0,0,0,0,0,0,0
2025-2026,2,Cagliari,PALESTRA Marco,palestra marco,6.0,6.0,0,0,0,0,0,0,0
2025-2026,2,Cagliari,RODRIGUEZ Juan,rodriguez juan,,,0,0,0,0,0,0,0
2025-2026,2,Cagliari,ZAPPA Gabriele,zappa gabriele,6.0,5.5,0,0,1,0,0,0,0
2025-2026,2,Cagliari,ZE PEDRO,ze pedro,,,0,0,0,0,0,0,0
2025-2026,2,Cagliari,ADOPO Michel,adopo michel,6.0,6.0,0,0,0,0,0,0,0
2025-2026,2,Cagliari,CAVUOTI Nicolo',cavuoti nicolo',,,0,0,0,0,0,0,0
2025-2026,2,Cagliari,DEIOLA Alessandro,deiola alessandro,6.5,6.5,0,0,0,0,0,0,0
2025-2026,2,Cagliari,DI PARDO Alessandro,di pardo alessandro,,,0,0,0,0,0,0,0
2025-2026,2,Cagliari,FOLORUNSHO Michael,folorunsho michael,5.5,5.5,0,0,0,0,0,0,0
2025-2026,2,Cagliari,GAETANO Gianluca,gaetano gianluca,6.0,6.0,0,0,0,0,0,0,0
2025-2026,2,Cagliari,MAZZITELLI Luca,mazzitelli luca,,,0,0,0,0,0,0,0
2025-2026,2,Cagliari,PRATI Matteo,prati matteo,6.5,6.5,0,0,0,0,0,0,0
2025-2026,2,Cagliari,ROG Marko,rog marko,,,0,0,0,0,0,0,0
2025-2026,2,Cagliari,BELOTTI Andrea,belotti andrea,,,0,0,0,0,0,0,0
2025-2026,2,Cagliari,BORRELLI Gennaro,borrelli gennaro,5.5,5.5,0,0,0,0,0,0,0
2025-2026,2,Cagliari,ESPOSITO Sebastiano,esposito sebastiano,5.0,5.0,0,0,0,0,0,0,0
2025-2026,2,Cagliari,FELICI Mattia,felici mattia,,,0,0,0,0,0,0,0
2025-2026,2,Cagliari,KILICSOY Semih,kilicsoy semih,,,0,0,0,0,0,0,0
2025-2026,2,Cagliari,LUVUMBO Sebastiao Z.,luvumbo sebastiao z.,6.0,6.0,0,0,0,0,0,0,0
2025-2026,2,Cagliari,PAVOLETTI Leonardo,pavoletti leonardo,,,0,0,0,0,0,0,0
2025-2026,2,Fiorentina,DE GEA David,de gea david,7.0,8.0,0,0,0,0,0,0,0
2025-2026,2,Fiorentina,LEZZERINI Luca,lezzerini luca,,,0,0,0,0,0,0,0
2025-2026,2,Fiorentina,MARTINELLI Tommaso,martinelli tommaso,,,0,0,0,0,0,0,0
2025-2026,2,Fiorentina,COMUZZO Pietro,comuzzo pietro,6.0,6.0,0,0,0,0,0,0,0
2025-2026,2,Fiorentina,DODO,dodo,6.5,6.5,0,0,0,0,0,0,0
2025-2026,2,Fiorentina,FORTINI Niccolo',fortini niccolo',,,0,0,0,0,0,0,0
2025-2026,2,Fiorentina,GOSENS Robin,gosens robin,6.0,6.0,0,0,0,0,0,0,0
2025-2026,2,Fiorentina,KOSPO Eman,kospo eman,,,0,0,0,0,0,0,0
2025-2026,2,Fiorentina,KOUADIO Eddy,kouadio eddy,6.0,6.0,0,0,0,0,0,0,0
2025-2026,2,Fiorentina,LAMPTEY Tariq,lamptey tariq,,,0,0,0,0,0,0,0
2025-2026,2,Fiorentina,MARI Pablo,mari pablo,,,0,0,0,0,0,0,0
2025-2026,2,Fiorentina,PARISI Fabiano,parisi fabiano,,,0,0,0,0,0,0,0
2025-2026,2,Fiorentina,PONGRACIC Marin,pongracic marin,6.5,6.0,0,0,1,0,0,0,0
2025-2026,2,Fiorentina,RANIERI Luca,ranieri luca,6.0,6.0,0,0,0,0,0,0,0
2025-2026,2,Fiorentina,VITI Mattia,viti mattia,,,0,0,0,0,0,0,0
2025-2026,2,Fiorentina,FAGIOLI Nicolo',fagioli nicolo',6.0,6.0,0,0,0,0,0,0,0
2025-2026,2,Fiorentina,FAZZINI Jacopo,fazzini jacopo,,,0,0,0,0,0,0,0
2025-2026,2,Fiorentina,INFANTINO Gino,infantino gino,,,0,0,0,0,0,0,0
2025-2026,2,Fiorentina,MANDRAGORA Rolando,mandragora rolando,6.0,6.0,0,0,0,0,0,0,0
2025-2026,2,Fiorentina,NDOUR Cher,ndour cher,5.5,5.5,0,0,0,0,0,0,0
2025-2026,2,Fiorentina,NICOLUSSI CAVIGLIA .,nicolussi caviglia .,,,0,0,0,0,0,0,0
2025-2026,2,Fiorentina,RICHARDSON Amir,richardson amir,,,0,0,0,0,0,0,0
2025-2026,2,Fiorentina,SABIRI Abdelhamid,sabiri abdelhamid,,,0,0,0,0,0,0,0
2025-2026,2,Fiorentina,SOHM Simon,sohm simon,5.5,5.0,0,0,1,0,0,0,0
2025-2026,2,Fiorentina,DZEKO Edin,dzeko edin,,6.0,0,0,0,0,0,0,0
2025-2026,2,Fiorentina,GUDMUNDSSON Albert,gudmundsson albert,5.5,5.5,0,0,0,0,0,0,0
2025-2026,2,Fiorentina,KEAN Moise,kean moise,5.5,5.5,0,0,0,0,0,0,0
2025-2026,2,Fiorentina,KOUAME' Christian,kouame' christian,,,0,0,0,0,0,0,0
2025-2026,2,Fiorentina,PICCOLI Roberto,piccoli roberto,6.0,6.0,0,0,0,0,0,0,0
2025-2026,2,Genoa,LEALI Nicola,leali nicola,6.5,5.5,-1,0,0,0,0,0,0
2025-2026,2,Genoa,SIEGRIST Benjamin,siegrist benjamin,,,0,0,0,0,0,0,0
2025-2026,2,Genoa,SOMMARIVA Daniele,sommariva daniele,,,0,0,0,0,0,0,0
2025-2026,2,Genoa,KUMER CELIK Alin,kumer celik alin,,,0,0,0,0,0,0,0
2025-2026,2,Genoa,MARCANDALLI Alessan.,marcandalli alessan.,,,0,0,0,0,0,0,0
2025-2026,2,Genoa,MARTIN Aaron,martin aaron,6.0,6.0,0,0,0,0,0,0,0
2025-2026,2,Genoa,NORTON-CUFFY Brooke,norton-cuffy brooke,7.0,7.0,0,0,0,0,0,0,0
2025-2026,2,Genoa,OSTIGARD Leo,ostigard leo,6.5,6.0,0,0,1,0,0,0,0
2025-2026,2,Genoa,OTOA Sebastian,otoa sebastian,,,0,0,0,0,0,0,0
2025-2026,2,Genoa,SABELLI Stefano,sabelli stefano,,,0,0,0,0,0,0,0
2025-2026,2,Genoa,VASQUEZ Johan,vasquez johan,7.0,7.0,0,0,0,0,0,0,0
2025-2026,2,Genoa,CARBONI Valentin,carboni valentin,5.5,5.5,0,0,0,0,0,0,0
2025-2026,2,Genoa,CUENCA Hugo,cuenca hugo,,,0,0,0,0,0,0,0
2025-2026,2,Genoa,ELLERTSSON Mikael,ellertsson mikael,6.5,6.5,0,0,0,0,0,0,0
2025-2026,2,Genoa,FINI Seydou,fini seydou,,,0,0,0,0,0,0,0
2025-2026,2,Genoa,FRENDRUP Morten,frendrup morten,6.5,6.5,0,0,0,0,0,0,0
2025-2026,2,Genoa,GRONBAEK Alberto,gronbaek alberto,,,0,0,0,0,0,0,0
2025-2026,2,Genoa,LAFONT Gael,lafont gael,,,0,0,0,0,0,0,0
2025-2026,2,Genoa,MALINOVSKIY Ruslan,malinovskiy ruslan,5.5,5.5,0,0,0,0,0,0,0
2025-2026,2,Genoa,MASINI Patrizio,masini patrizio,6.5,6.5,0,0,0,0,0,0,0
2025-2026,2,Genoa,MESSIAS Junior,messias junior,,,0,0,0,0,0,0,0
2025-2026,2,Genoa,ONANA Jean,onana jean,,,0,0,0,0,0,0,0
2025-2026,2,Genoa,STANCIU Nicolae,stanciu nicolae,5.5,5.5,0,0,0,0,0,0,0
2025-2026,2,Genoa,THORSBY Morten,thorsby morten,5.5,5.5,0,0,0,0,0,0,0
2025-2026,2,Genoa,COLOMBO Lorenzo,colombo lorenzo,6.5,6.5,0,0,0,0,0,0,0
2025-2026,2,Genoa,CORNET Maxwel,cornet maxwel,,,0,0,0,0,0,0,0
2025-2026,2,Genoa,EKHATOR Jeff,ekhator jeff,,6.0,0,0,0,0,0,0,0
2025-2026,2,Genoa,EKUBAN Caleb,ekuban caleb,,6.0,0,0,0,0,0,0,0
2025-2026,2,Genoa,VENTURINO Lorenzo,venturino lorenzo,,,0,0,0,0,0,0,0
2025-2026,2,Genoa,VITINHA,vitinha,,6.0,0,0,0,0,0,0,0
2025-2026,2,Inter,DI GENNARO Raffaele,di gennaro raffaele,,,0,0,0,0,0,0,0
2025-2026,2,Inter,MARTINEZ Josep,martinez josep,,,0,0,0,0,0,0,0
2025-2026,2,Inter,SOMMER Yann,sommer yann,6.0,4.0,-2,0,0,0,0,0,1
2025-2026,2,Inter,ACERBI Francesco,acerbi francesco,5.0,5.0,0,0,0,0,0,0,0
2025-2026,2,Inter,AKANJI Manuel,akanji manuel,,,0,0,0,0,0,0,0
2025-2026,2,Inter,ALEXIOU Christos,alexiou christos,,,0,0,0,0,0,0,0
2025-2026,2,Inter,BASTONI Alessandro,bastoni alessandro,5.5,5.5,0,0,0,0,0,0,0
2025-2026,2,Inter,BISSECK Yann Aurel,bisseck yann aurel,5.0,5.0,0,0,0,0,0,0,0
2025-2026,2,Inter,CARLOS AUGUSTO,carlos augusto,,,0,0,0,0,0,0,0
2025-2026,2,Inter,COCCHI Matteo,cocchi matteo,,,0,0,0,0,0,0,0
2025-2026,2,Inter,DARMIAN Matteo,darmian matteo,,,0,0,0,0,0,0,0
2025-2026,2,Inter,DE VRIJ Stefan,de vrij stefan,,,0,0,0,0,0,0,0
2025-2026,2,Inter,DIMARCO Federico,dimarco federico,5.5,5.5,0,0,0,0,0,0,0
2025-2026,2,Inter,DUMFRIES Denzel,dumfries denzel,5.0,8.0,1,0,0,0,0,0,0
2025-2026,2,Inter,LUIS HENRIQUE,luis henrique,,,0,0,0,0,0,0,0
2025-2026,2,Inter,PALACIOS Tomas,palacios tomas,,,0,0,0,0,0,0,0
2025-2026,2,Inter,RE CECCONI Gabriele,re cecconi gabriele,,,0,0,0,0,0,0,0
2025-2026,2,Inter,BARELLA Nicolo',barella nicolo',5.5,5.5,0,0,0,0,0,0,0
2025-2026,2,Inter,BERENBRUCH Thomas,berenbruch thomas,,,0,0,0,0,0,0,0
2025-2026,2,Inter,CALHANOGLU Hakan,calhanoglu hakan,5.0,5.0,0,0,0,0,0,0,0
2025-2026,2,Inter,DIOUF Andy,diouf andy,,,0,0,0,0,0,0,0
2025-2026,2,Inter,FRATTESI Davide,frattesi davide,,,0,0,0,0,0,0,0
2025-2026,2,Inter,MKHITARYAN Henrikh,mkhitaryan henrikh,5.5,5.5,0,0,0,0,0,0,0
2025-2026,2,Inter,SUCIC Petar,sucic petar,4.5,4.5,0,0,0,0,0,0,0
2025-2026,2,Inter,TOPALOVIC Luka,topalovic luka,,,0,0,0,0,0,0,0
2025-2026,2,Inter,ZIELINSKI Piotr,zielinski piotr,,,0,0,0,0,0,0,0
2025-2026,2,Inter,BONNY Ange-Yoan,bonny ange-yoan,,,0,0,0,0,0,0,0
2025-2026,2,Inter,ESPOSITO Francesco .,esposito francesco .,6.0,6.0,0,0,0,0,0,0,0
2025-2026,2,Inter,MARTINEZ Lautaro,martinez lautaro,5.0,4.5,0,0,1,0,0,0,0
2025-2026,2,Inter,THURAM Marcus,thuram marcus,6.0,7.0,0,1,0,0,0,0,0
2025-2026,2,Juventus,DI GREGORIO Michele,di gregorio michele,6.0,7.0,0,0,0,0,0,0,0
2025-2026,2,Juventus,PERIN Mattia,perin mattia,,,0,0,0,0,0,0,0
2025-2026,2,Juventus,PINSOGLIO Carlo,pinsoglio carlo,,,0,0,0,0,0,0,0
2025-2026,2,Juventus,BREMER Gleison,bremer gleison,6.5,6.5,0,0,0,0,0,0,0
2025-2026,2,Juventus,CABAL Juan,cabal juan,,,0,0,0,0,0,0,0
2025-2026,2,Juventus,CAMBIASO Andrea,cambiaso andrea,,,0,0,0,0,0,0,0
2025-2026,2,Juventus,GATTI Federico,gatti federico,6.5,6.5,0,0,0,0,0,0,0
2025-2026,2,Juventus,KALULU Pierre,kalulu pierre,6.0,6.0,0,0,0,0,0,0,0
2025-2026,2,Juventus,KELLY Lloyd,kelly lloyd,6.5,6.5,0,0,0,0,0,0,0
2025-2026,2,Juventus,MARIO Joao,mario joao,5.0,4.5,0,0,1,0,0,0,0
2025-2026,2,Juventus,ROUHI Jonas,rouhi jonas,,,0,0,0,0,0,0,0
2025-2026,2,Juventus,RUGANI Daniele,rugani daniele,,,0,0,0,0,0,0,0
2025-2026,2,Juventus,ADZIC Vasilije,adzic vasilije,,,0,0,0,0,0,0,0
2025-2026,2,Juventus,KOOPMEINERS Teun,koopmeiners teun,6.0,5.5,0,0,1,0,0,0,0
2025-2026,2,Juventus,KOSTIC Filip,kostic filip,6.0,7.0,0,1,0,0,0,0,0
2025-2026,2,Juventus,LOCATELLI Manuel,locatelli manuel,5.5,5.5,0,0,0,0,0,0,0
2025-2026,2,Juventus,MCKENNIE Weston,mckennie weston,,,0,0,0,0,0,0,0
2025-2026,2,Juventus,MIRETTI Fabio,miretti fabio,,,0,0,0,0,0,0,0
2025-2026,2,Juventus,THURAM Khephren,thuram khephren,6.0,6.0,0,0,0,0,0,0,0
2025-2026,2,Juventus,CONCEICAO Francisco,conceicao francisco,5.5,5.5,0,0,0,0,0,0,0
2025-2026,2,Juventus,DAVID Jonathan,david jonathan,5.5,5.5,0,0,0,0,0,0,0
2025-2026,2,Juventus,MILIK Arek,milik arek,,,0,0,0,0,0,0,0
2025-2026,2,Juventus,OPENDA Lois,openda lois,,,0,0,0,0,0,0,0
2025-2026,2,Juventus,PUGNO Diego,pugno diego,,,0,0,0,0,0,0,0
2025-2026,2,Juventus,VLAHOVIC Dusan,vlahovic dusan,7.0,10.0,1,0,0,0,0,0,0
2025-2026,2,Juventus,YILDIZ Kenan,yildiz kenan,6.5,6.5,0,0,0,0,0,0,0
2025-2026,2,Juventus,ZHEGROVA Edon,zhegrova edon,,,0,0,0,0,0,0,0
2025-2026,2,Lazio,FURLANETTO Alessio,furlanetto alessio,,,0,0,0,0,0,0,0
2025-2026,2,Lazio,MANDAS Christos,mandas christos,,,0,0,0,0,0,0,0
2025-2026,2,Lazio,PROVEDEL Ivan,provedel ivan,6.5,7.5,0,0,0,0,0,0,0
2025-2026,2,Lazio,GIGOT Samuel,gigot samuel,,,0,0,0,0,0,0,0
2025-2026,2,Lazio,GILA Mario,gila mario,6.5,6.5,0,0,0,0,0,0,0
2025-2026,2,Lazio,HYSAJ Elseid,hysaj elseid,,,0,0,0,0,0,0,0
2025-2026,2,Lazio,LAZZARI Manuel,lazzari manuel,,,0,0,0,0,0,0,0
2025-2026,2,Lazio,MARUSIC Adam,marusic adam,6.5,6.5,0,0,0,0,0,0,0
2025-2026,2,Lazio,NUNO TAVARES,nuno tavares,6.5,6.5,0,0,0,0,0,0,0
2025-2026,2,Lazio,PATRIC,patric,,,0,0,0,0,0,0,0
2025-2026,2,Lazio,PELLEGRINI Luca,pellegrini luca,6.5,6.5,0,0,0,0,0,0,0
2025-2026,2,Lazio,PROVSTGAARD Oliver,provstgaard oliver,7.0,7.0,0,0,0,0,0,0,0
2025-2026,2,Lazio,ROMAGNOLI Alessio,romagnoli alessio,,,0,0,0,0,0,0,0
2025-2026,2,Lazio,BASIC Toma,basic toma,,,0,0,0,0,0,0,0
2025-2026,2,Lazio,BELAHYANE Reda,belahyane reda,6.5,7.5,0,1,0,0,0,0,0
2025-2026,2,Lazio,CATALDI Danilo,cataldi danilo,,,0,0,0,0,0,0,0
2025-2026,2,Lazio,DELE-BASHIRU Fisayo,dele-bashiru fisayo,6.5,6.5,0,0,0,0,0,0,0
2025-2026,2,Lazio,GUENDOUZI Matteo,guendouzi matteo,7.0,10.0,1,0,0,0,0,0,0
2025-2026,2,Lazio,ROVELLA Nicolo,rovella nicolo,7.0,8.0,0,1,0,0,0,0,0
2025-2026,2,Lazio,VECINO Matias,vecino matias,,,0,0,0,0,0,0,0
2025-2026,2,Lazio,CANCELLIERI Matteo,cancellieri matteo,6.5,6.5,0,0,0,0,0,0,0
2025-2026,2,Lazio,CASTELLANOS Valentin,castellanos valentin,8.0,13.0,1,2,0,0,0,0,0
2025-2026,2,Lazio,DIA Boulaye,dia boulaye,6.5,9.5,1,0,0,0,0,0,0
2025-2026,2,Lazio,ISAKSEN Gustav,isaksen gustav,,,0,0,0,0,0,0,0
2025-2026,2,Lazio,NOSLIN Tijjani,noslin tijjani,,,0,0,0,0,0,0,0
2025-2026,2,Lazio,PEDRO,pedro,6.5,6.5,0,0,0,0,0,0,0
2025-2026,2,Lazio,ZACCAGNI Mattia,zaccagni mattia,7.5,10.5,1,0,0,0,0,0,0
2025-2026,2,Lecce,FALCONE Wladimiro,falcone wladimiro,7.0,5.0,-2,0,0,0,0,0,0
2025-2026,2,Lecce,FRUCHTL Christian,fruchtl christian,,,0,0,0,0,0,0,0
2025-2026,2,Lecce,SAMOOJA Jasper,samooja jasper,,,0,0,0,0,0,0,0
2025-2026,2,Lecce,ESTEBAN Paco,esteban paco,,,0,0,0,0,0,0,0
2025-2026,2,Lecce,GABRIEL Tiago,gabriel tiago,5.5,5.5,0,0,0,0,0,0,0
2025-2026,2,Lecce,GALLO Antonino,gallo antonino,6.0,6.0,0,0,0,0,0,0,0
2025-2026,2,Lecce,GASPAR Kialonda,gaspar kialonda,4.0,3.5,0,0,1,0,0,0,0
2025-2026,2,Lecce,GUILBERT Frederic,guilbert frederic,,,0,0,0,0,0,0,0
2025-2026,2,Lecce,JEAN Gaby,jean gaby,,,0,0,0,0,0,0,0
2025-2026,2,Lecce,KOUASSI Owen,kouassi owen,,,0,0,0,0,0,0,0
2025-2026,2,Lecce,NDABA Corrie,ndaba corrie,,,0,0,0,0,0,0,0
2025-2026,2,Lecce,PEHLIVANOV Cristian,pehlivanov cristian,,,0,0,0,0,0,0,0
2025-2026,2,Lecce,PEREZ Matias,perez matias,,,0,0,0,0,0,0,0
2025-2026,2,Lecce,SCOTT Elijah,scott elijah,,,0,0,0,0,0,0,0
2025-2026,2,Lecce,SIEBERT Jamil,siebert jamil,,,0,0,0,0,0,0,0
2025-2026,2,Lecce,VEIGA Danilo,veiga danilo,5.5,5.5,0,0,0,0,0,0,0
2025-2026,2,Lecce,BERISHA Medon,berisha medon,5.5,5.5,0,0,0,0,0,0,0
2025-2026,2,Lecce,COULIBALY Lassana,coulibaly lassana,5.5,5.5,0,0,0,0,0,0,0
2025-2026,2,Lecce,GORTER Olaf,gorter olaf,,,0,0,0,0,0,0,0
2025-2026,2,Lecce,HELGASON Thorir,helgason thorir,,,0,0,0,0,0,0,0
2025-2026,2,Lecce,KABA Mohamed,kaba mohamed,6.0,6.0,0,0,0,0,0,0,0
2025-2026,2,Lecce,MALEH Youssef,maleh youssef,,,0,0,0,0,0,0,0
2025-2026,2,Lecce,MARCHWINSKI Filip,marchwinski filip,,,0,0,0,0,0,0,0
2025-2026,2,Lecce,PIERRET Balthazar,pierret balthazar,,,0,0,0,0,0,0,0
2025-2026,2,Lecce,RAFIA Hamza,rafia hamza,,,0,0,0,0,0,0,0
2025-2026,2,Lecce,RAMADANI Ylber,ramadani ylber,6.0,6.0,0,0,0,0,0,0,0
2025-2026,2,Lecce,SALA Alex,sala alex,,,0,0,0,0,0,0,0
2025-2026,2,Lecce,SOTTIL Riccardo,sottil riccardo,5.5,5.5,0,0,0,0,0,0,0
2025-2026,2,Lecce,BANDA Lameck,banda lameck,,,0,0,0,0,0,0,0
2025-2026,2,Lecce,CAMARDA Francesco,camarda francesco,5.5,5.5,0,0,0,0,0,0,0
2025-2026,2,Lecce,MORENTE Tete,morente tete,5.0,5.0,0,0,0,0,0,0,0
2025-2026,2,Lecce,N'DRI Konan,n'dri konan,,,0,0,0,0,0,0,0
2025-2026,2,Lecce,PIEROTTI Santiago,pierotti santiago,6.5,6.5,0,0,0,0,0,0,0
2025-2026,2,Lecce,STULIC Nikola,stulic nikola,6.0,6.0,0,0,0,0,0,0,0
2025-2026,2,Milan,MAIGNAN Mike,maignan mike,6.0,7.0,0,0,0,0,0,0,0
2025-2026,2,Milan,TERRACCIANO Pietro,terracciano pietro,,,0,0,0,0,0,0,0
2025-2026,2,Milan,TORRIANI Lorenzo,torriani lorenzo,,,0,0,0,0,0,0,0
2025-2026,2,Milan,ATHEKAME Zachary,athekame zachary,,,0,0,0,0,0,0,0
2025-2026,2,Milan,BARTESAGHI Davide,bartesaghi davide,,,0,0,0,0,0,0,0
2025-2026,2,Milan,DE WINTER Koni,de winter koni,,,0,0,0,0,0,0,0
2025-2026,2,Milan,ESTUPINAN Pervis,estupinan pervis,5.5,5.5,0,0,0,0,0,0,0
2025-2026,2,Milan,GABBIA Matteo,gabbia matteo,6.5,6.5,0,0,0,0,0,0,0
2025-2026,2,Milan,ODOGU David,odogu david,,,0,0,0,0,0,0,0
2025-2026,2,Milan,PAVLOVIC Strahinja,pavlovic strahinja,6.0,6.0,0,0,0,0,0,0,0
2025-2026,2,Milan,TOMORI Fikayo,tomori fikayo,6.0,6.0,0,0,0,0,0,0,0
2025-2026,2,Milan,ADLI Yacine,adli yacine,,,0,0,0,0,0,0,0
2025-2026,2,Milan,BENNACER Ismael,bennacer ismael,,,0,0,0,0,0,0,0
2025-2026,2,Milan,FOFANA Youssouf,fofana youssouf,6.5,6.5,0,0,0,0,0,0,0
2025-2026,2,Milan,JASHARI Ardon,jashari ardon,,,0,0,0,0,0,0,0
2025-2026,2,Milan,LOFTUS-CHEEK Ruben,loftus-cheek ruben,7.0,10.0,1,0,0,0,0,0,0
2025-2026,2,Milan,MODRIC Luka,modric luka,7.0,8.0,0,1,0,0,0,0,0
2025-2026,2,Milan,RABIOT Adrien,rabiot adrien,,,0,0,0,0,0,0,0
2025-2026,2,Milan,RICCI Samuele,ricci samuele,6.0,6.0,0,0,0,0,0,0,0
2025-2026,2,Milan,SAELEMAEKERS Alexis,saelemaekers alexis,6.5,6.5,0,0,0,0,0,0,0
2025-2026,2,Milan,TRAORE Chaka,traore chaka,,,0,0,0,0,0,0,0
2025-2026,2,Milan,VOS Silvano,vos silvano,,,0,0,0,0,0,0,0
2025-2026,2,Milan,BALENTIEN Chevejo,balentien chevejo,,,0,0,0,0,0,0,0
2025-2026,2,Milan,GIMENEZ Santiago,gimenez santiago,6.0,6.0,0,0,0,0,0,0,0
2025-2026,2,Milan,LEAO Rafael,leao rafael,,,0,0,0,0,0,0,0
2025-2026,2,Milan,NKUNKU Cristopher,nkunku cristopher,,,0,0,0,0,0,0,0
2025-2026,2,Milan,PULISIC Christian,pulisic christian,7.0,10.0,1,0,0,0,0,0,0
2025-2026,2,Napoli,CONTINI Nikita,contini nikita,,,0,0,0,0,0,0,0
2025-2026,2,Napoli,MERET Alex,meret alex,6.0,7.0,0,0,0,0,0,0,0
2025-2026,2,Napoli,MILINKOVIC Vanja,milinkovic vanja,,,0,0,0,0,0,0,0
2025-2026,2,Napoli,BEUKEMA Sam,beukema sam,,,0,0,0,0,0,0,0
2025-2026,2,Napoli,BUONGIORNO Alessand.,buongiorno alessand.,6.5,7.5,0,1,0,0,0,0,0
2025-2026,2,Napoli,DI LORENZO Giovanni,di lorenzo giovanni,6.0,6.0,0,0,0,0,0,0,0
2025-2026,2,Napoli,GUTIERREZ Miguel,gutierrez miguel,,,0,0,0,0,0,0,0
2025-2026,2,Napoli,JESUS Juan,jesus juan,6.0,5.5,0,0,1,0,0,0,0
2025-2026,2,Napoli,MARIANUCCI Luca,marianucci luca,,,0,0,0,0,0,0,0
2025-2026,2,Napoli,MAZZOCCHI Pasquale,mazzocchi pasquale,,,0,0,0,0,0,0,0
2025-2026,2,Napoli,OLIVERA Mathias,olivera mathias,,6.0,0,0,0,0,0,0,0
2025-2026,2,Napoli,RRAHMANI Amir,rrahmani amir,6.0,6.0,0,0,0,0,0,0,0
2025-2026,2,Napoli,SPINAZZOLA Leonardo,spinazzola leonardo,6.5,6.5,0,0,0,0,0,0,0
2025-2026,2,Napoli,ANGUISSA Andre' Zam.,anguissa andre' zam.,6.5,9.5,1,0,0,0,0,0,0
2025-2026,2,Napoli,DE BRUYNE Kevin,de bruyne kevin,5.5,5.0,0,0,1,0,0,0,0
2025-2026,2,Napoli,ELMAS Eljif,elmas eljif,,,0,0,0,0,0,0,0
2025-2026,2,Napoli,GILMOUR Billy,gilmour billy,,,0,0,0,0,0,0,0
2025-2026,2,Napoli,LOBOTKA Stanislav,lobotka stanislav,5.5,5.5,0,0,0,0,0,0,0
2025-2026,2,Napoli,MCTOMINAY Scott,mctominay scott,6.0,6.0,0,0,0,0,0,0,0
2025-2026,2,Napoli,VERGARA Antonio,vergara antonio,,,0,0,0,0,0,0,0
2025-2026,2,Napoli,AMBROSINO Giuseppe,ambrosino giuseppe,6.0,6.0,0,0,0,0,0,0,0
2025-2026,2,Napoli,HOJLUND Rasmus,hojlund rasmus,,,0,0,0,0,0,0,0
2025-2026,2,Napoli,LANG Noa,lang noa,6.0,6.0,0,0,0,0,0,0,0
2025-2026,2,Napoli,LUCCA Lorenzo,lucca lorenzo,5.0,5.0,0,0,0,0,0,0,0
2025-2026,2,Napoli,LUKAKU Romelu,lukaku romelu,,,0,0,0,0,0,0,0
2025-2026,2,Napoli,NERES David,neres david,,,0,0,0,0,0,0,0
2025-2026,2,Napoli,POLITANO Matteo,politano matteo,6.0,6.0,0,0,0,0,0,0,0
2025-2026,2,Roma,GOLLINI Pierluigi,gollini pierluigi,,,0,0,0,0,0,0,0
2025-2026,2,Roma,SVILAR Mile,svilar mile,7.0,8.0,0,0,0,0,0,0,0
2025-2026,2,Roma,VASQUEZ Devis,vasquez devis,,,0,0,0,0,0,0,0
2025-2026,2,Roma,ANGELINO Jose',angelino jose',6.0,6.0,0,0,0,0,0,0,0
2025-2026,2,Roma,CELIK Zeki,celik zeki,,,0,0,0,0,0,0,0
2025-2026,2,Roma,GHILARDI Daniele,ghilardi daniele,,,0,0,0,0,0,0,0
2025-2026,2,Roma,HERMOSO Mario,hermoso mario,6.5,6.5,0,0,0,0,0,0,0
2025-2026,2,Roma,MANCINI Gianluca,mancini gianluca,6.5,6.5,0,0,0,0,0,0,0
2025-2026,2,Roma,NDICKA Evan,ndicka evan,7.0,7.0,0,0,0,0,0,0,0
2025-2026,2,Roma,RENSCH Devyne,rensch devyne,,,0,0,0,0,0,0,0
2025-2026,2,Roma,SANGARe' Buba,sangare' buba,,,0,0,0,0,0,0,0
2025-2026,2,Roma,TSIMIKAS Konstantin.,tsimikas konstantin.,,,0,0,0,0,0,0,0
2025-2026,2,Roma,WESLEY,wesley,6.5,6.5,0,0,0,0,0,0,0
2025-2026,2,Roma,ZIOLKOWSKI Jan,ziolkowski jan,,,0,0,0,0,0,0,0
2025-2026,2,Roma,BALDANZI Tommaso,baldanzi tommaso,,,0,0,0,0,0,0,0
2025-2026,2,Roma,CRISTANTE Bryan,cristante bryan,6.5,6.5,0,0,0,0,0,0,0
2025-2026,2,Roma,EL AYNAOUI Neil,el aynaoui neil,,,0,0,0,0,0,0,0
2025-2026,2,Roma,EL SHAARAWY Stephan,el shaarawy stephan,5.5,5.5,0,0,0,0,0,0,0
2025-2026,2,Roma,KONE' Manu,kone' manu,7.0,7.0,0,0,0,0,0,0,0
2025-2026,2,Roma,PELLEGRINI Lorenzo,pellegrini lorenzo,,,0,0,0,0,0,0,0
2025-2026,2,Roma,PISILLI Niccolo',pisilli niccolo',,,0,0,0,0,0,0,0
2025-2026,2,Roma,ROMANO Alessandro,romano alessandro,,,0,0,0,0,0,0,0
2025-2026,2,Roma,ARENA Antonio,arena antonio,,,0,0,0,0,0,0,0
2025-2026,2,Roma,BAILEY Leon,bailey leon,,,0,0,0,0,0,0,0
2025-2026,2,Roma,DOVBYK Artem,dovbyk artem,5.0,5.0,0,0,0,0,0,0,0
2025-2026,2,Roma,DYBALA Paulo,dybala paulo,7.5,7.5,0,0,0,0,0,0,0
2025-2026,2,Roma,FERGUSON Evan,ferguson evan,6.5,7.0,0,1,1,0,0,0,0
2025-2026,2,Roma,SOULE' Matias,soule' matias,7.0,10.0,1,0,0,0,0,0,0
2025-2026,2,Sassuolo,MURIC Arijanet,muric arijanet,5.0,2.0,-3,0,0,0,0,0,1
2025-2026,2,Sassuolo,SATALINO Giacomo,satalino giacomo,,,0,0,0,0,0,0,0
2025-2026,2,Sassuolo,TURATI Stefano,turati stefano,,,0,0,0,0,0,0,0
2025-2026,2,Sassuolo,ZACCHI Gioele,zacchi gioele,,,0,0,0,0,0,0,0
2025-2026,2,Sassuolo,CANDE' Fali,cande' fali,5.0,5.0,0,0,0,0,0,0,0
2025-2026,2,Sassuolo,COULIBALY Woyo,coulibaly woyo,,,0,0,0,0,0,0,0
2025-2026,2,Sassuolo,DOIG Josh,doig josh,4.5,4.0,0,0,1,0,0,0,0
2025-2026,2,Sassuolo,IDZES Jay,idzes jay,5.5,5.5,0,0,0,0,0,0,0
2025-2026,2,Sassuolo,MUHAREMOVIC Tarik,muharemovic tarik,5.5,5.5,0,0,0,0,0,0,0
2025-2026,2,Sassuolo,PAZ Yeferson,paz yeferson,,,0,0,0,0,0,0,0
2025-2026,2,Sassuolo,PIERAGNOLO Edoardo,pieragnolo edoardo,,,0,0,0,0,0,0,0
2025-2026,2,Sassuolo,ROMAGNA Filippo,romagna filippo,,,0,0,0,0,0,0,0
2025-2026,2,Sassuolo,WALUKIEWICZ Sebasti.,walukiewicz sebasti.,6.0,6.0,0,0,0,0,0,0,0
2025-2026,2,Sassuolo,BOLOCA Daniel,boloca daniel,5.5,5.5,0,0,0,0,0,0,0
2025-2026,2,Sassuolo,FADERA Alieu,fadera alieu,6.5,6.5,0,0,0,0,0,0,0
2025-2026,2,Sassuolo,IANNONI Edoardo,iannoni edoardo,,5.5,0,0,1,0,0,0,0
2025-2026,2,Sassuolo,KONE Ismael,kone ismael,,,0,0,0,0,0,0,0
2025-2026,2,Sassuolo,KUMI Justin,kumi justin,,,0,0,0,0,0,0,0
2025-2026,2,Sassuolo,LIPANI Luca,lipani luca,6.0,6.0,0,0,0,0,0,0,0
2025-2026,2,Sassuolo,MATIC Nemanja,matic nemanja,5.0,5.0,0,0,0,0,0,0,0
2025-2026,2,Sassuolo,THORSTVEDT Kristian,thorstvedt kristian,,,0,0,0,0,0,0,0
2025-2026,2,Sassuolo,VOLPATO Cristian,volpato cristian,7.0,8.0,0,1,0,0,0,0,0
2025-2026,2,Sassuolo,VRANCKX Aster,vranckx aster,6.0,6.0,0,0,0,0,0,0,0
2025-2026,2,Sassuolo,BERARDI Domenico,berardi domenico,6.0,9.0,1,0,0,0,0,1,0
2025-2026,2,Sassuolo,CHEDDIRA Walid,cheddira walid,,,0,0,0,0,0,0,0
2025-2026,2,Sassuolo,LAURIENTE' Armand,lauriente' armand,4.0,4.0,0,0,0,0,0,0,0
2025-2026,2,Sassuolo,MORO Luca,moro luca,,,0,0,0,0,0,0,0
2025-2026,2,Sassuolo,PIERINI Nicholas,pierini nicholas,,,0,0,0,0,0,0,0
2025-2026,2,Sassuolo,PINAMONTI Andrea,pinamonti andrea,7.0,10.0,1,0,0,0,0,0,0
2025-2026,2,Sassuolo,SKJELLERUP Laurs,skjellerup laurs,,,0,0,0,0,0,0,0
2025-2026,2,Torino,ISRAEL Franco,israel franco,6.5,7.5,0,0,0,0,0,0,0
2025-2026,2,Torino,PALEARI Alberto,paleari alberto,,,0,0,0,0,0,0,0
2025-2026,2,Torino,POPA Mihai,popa mihai,,,0,0,0,0,0,0,0
2025-2026,2,Torino,BIRAGHI Cristiano,biraghi cristiano,6.0,6.0,0,0,0,0,0,0,0
2025-2026,2,Torino,COCO Saul,coco saul,6.5,6.5,0,0,0,0,0,0,0
2025-2026,2,Torino,DEMBELE' Ali,dembele' ali,,,0,0,0,0,0,0,0
2025-2026,2,Torino,ISMAJLI Ardian,ismajli ardian,,,0,0,0,0,0,0,0
2025-2026,2,Torino,LAZARO Valentino,lazaro valentino,5.5,5.0,0,0,1,0,0,0,0
2025-2026,2,Torino,MARIPAN Guillermo,maripan guillermo,7.0,7.0,0,0,0,0,0,0,0
2025-2026,2,Torino,MASINA Adam,masina adam,,,0,0,0,0,0,0,0
2025-2026,2,Torino,NKOUNKOU Niels,nkounkou niels,,,0,0,0,0,0,0,0
2025-2026,2,Torino,PEDERSEN Marcus,pedersen marcus,6.5,6.5,0,0,0,0,0,0,0
2025-2026,2,Torino,PEREZ Alex,perez alex,,,0,0,0,0,0,0,0
2025-2026,2,Torino,SAZONOV Saba,sazonov saba,,,0,0,0,0,0,0,0
2025-2026,2,Torino,SCHUURS Perr,schuurs perr,,,0,0,0,0,0,0,0
2025-2026,2,Torino,ZAIA Edoardo,zaia edoardo,,,0,0,0,0,0,0,0
2025-2026,2,Torino,ANJORIN Tino,anjorin tino,,,0,0,0,0,0,0,0
2025-2026,2,Torino,ASLLANI Kristjan,asllani kristjan,6.5,6.5,0,0,0,0,0,0,0
2025-2026,2,Torino,CASADEI Cesare,casadei cesare,6.0,6.0,0,0,0,0,0,0,0
2025-2026,2,Torino,GINEITIS Gvidas,gineitis gvidas,6.0,6.0,0,0,0,0,0,0,0
2025-2026,2,Torino,ILIC Ivan,ilic ivan,6.0,6.0,0,0,0,0,0,0,0
2025-2026,2,Torino,ILKHAN Emirhan,ilkhan emirhan,,,0,0,0,0,0,0,0
2025-2026,2,Torino,PERCIUN Sergiu,perciun sergiu,,,0,0,0,0,0,0,0
2025-2026,2,Torino,TAMEZE Adrien,tameze adrien,,,0,0,0,0,0,0,0
2025-2026,2,Torino,VLASIC Nikola,vlasic nikola,6.5,6.0,0,0,1,0,0,0,0
2025-2026,2,Torino,ABOUKHLAL Zakaria,aboukhlal zakaria,,,0,0,0,0,0,0,0
2025-2026,2,Torino,ADAMS Che',adams che',6.0,6.0,0,0,0,0,0,0,0
2025-2026,2,Torino,GABELLINI Tommaso,gabellini tommaso,,,0,0,0,0,0,0,0
2025-2026,2,Torino,NGONGE Cyril,ngonge cyril,5.5,5.5,0,0,0,0,0,0,0
2025-2026,2,Torino,NJIE Alieu,njie alieu,,,0,0,0,0,0,0,0
2025-2026,2,Torino,SAVVA Zanos,savva zanos,,,0,0,0,0,0,0,0
2025-2026,2,Torino,SIMEONE Giovanni,simeone giovanni,5.5,5.5,0,0,0,0,0,0,0
2025-2026,2,Torino,ZAPATA Duvan,zapata duvan,,,0,0,0,0,0,0,0
2025-2026,2,Udinese,NUNZIANTE Alessandro,nunziante alessandro,,,0,0,0,0,0,0,0
2025-2026,2,Udinese,OKOYE Maduka,okoye maduka,,,0,0,0,0,0,0,0
2025-2026,2,Udinese,PADELLI Daniele,padelli daniele,,,0,0,0,0,0,0,0
2025-2026,2,Udinese,SAVA Razvan,sava razvan,6.0,4.5,-1,0,1,0,0,0,0
2025-2026,2,Udinese,BERTOLA Nicolo',bertola nicolo',6.0,5.5,0,0,1,0,0,0,0
2025-2026,2,Udinese,EHIZIBUE Kingsley,ehizibue kingsley,6.5,6.5,0,0,0,0,0,0,0
2025-2026,2,Udinese,GOGLICHIDZE Saba,goglichidze saba,6.5,6.5,0,0,0,0,0,0,0
2025-2026,2,Udinese,KABASELE Christian,kabasele christian,,,0,0,0,0,0,0,0
2025-2026,2,Udinese,KAMARA Hassane,kamara hassane,,,0,0,0,0,0,0,0
2025-2026,2,Udinese,KRISTENSEN Thomas,kristensen thomas,7.0,7.0,0,0,0,0,0,0,0
2025-2026,2,Udinese,MODESTO Rui,modesto rui,,,0,0,0,0,0,0,0
2025-2026,2,Udinese,PALMA Matteo,palma matteo,,,0,0,0,0,0,0,0
2025-2026,2,Udinese,SOLET Oumar,solet oumar,7.5,7.5,0,0,0,0,0,0,0
2025-2026,2,Udinese,ZANOLI Alessandro,zanoli alessandro,,,0,0,0,0,0,0,0
2025-2026,2,Udinese,ZEMURA Jordan,zemura jordan,7.0,7.0,0,0,0,0,0,0,0
2025-2026,2,Udinese,ATTA Arthur,atta arthur,7.5,10.5,1,0,0,0,0,0,0
2025-2026,2,Udinese,EKKELENKAMP Jurgen,ekkelenkamp jurgen,6.5,6.5,0,0,0,0,0,0,0
2025-2026,2,Udinese,KARLSTROM Jesper,karlstrom jesper,7.0,7.0,0,0,0,0,0,0,0
2025-2026,2,Udinese,LOVRIC Sandi,lovric sandi,,,0,0,0,0,0,0,0
2025-2026,2,Udinese,MILLER Lennon,miller lennon,,,0,0,0,0,0,0,0
2025-2026,2,Udinese,PEJICIC David,pejicic david,,,0,0,0,0,0,0,0
2025-2026,2,Udinese,PIOTROWSKI Jakub,piotrowski jakub,6.5,6.5,0,0,0,0,0,0,0
2025-2026,2,Udinese,ZANIOLO Nicolo',zaniolo nicolo',,,0,0,0,0,0,0,0
2025-2026,2,Udinese,ZARRAGA Oier,zarraga oier,6.0,5.5,0,0,1,0,0,0,0
2025-2026,2,Udinese,BAYO Vakoun,bayo vakoun,6.5,6.5,0,0,0,0,0,0,0
2025-2026,2,Udinese,BRAVO Iker,bravo iker,,,0,0,0,0,0,0,0
2025-2026,2,Udinese,BUKSA Adam,buksa adam,6.0,6.0,0,0,0,0,0,0,0
2025-2026,2,Udinese,DAVIS Keinan,davis keinan,7.5,11.5,1,1,0,0,0,1,0
2025-2026,2,Udinese,GUEYE Idrissa,gueye idrissa,,,0,0,0,0,0,0,0
2025-2026,2,Udinese,VINCIATI Giulio,vinciati giulio,,,0,0,0,0,0,0,0
2025-2026,2,Verona,MONTIPO' Lorenzo,montipo' lorenzo,4.5,0.5,-4,0,0,0,0,0,0
2025-2026,2,Verona,PERILLI Simone,perilli simone,,,0,0,0,0,0,0,0
2025-2026,2,Verona,BELGHALI Rafik,belghali rafik,5.0,5.0,0,0,0,0,0,0,0
2025-2026,2,Verona,BELLA-KOTCHAP Armel,bella-kotchap armel,5.5,5.5,0,0,0,0,0,0,0
2025-2026,2,Verona,BRADARIC Domagoj,bradaric domagoj,6.0,6.0,0,0,0,0,0,0,0
2025-2026,2,Verona,CHAM Fallou,cham fallou,4.5,4.5,0,0,0,0,0,0,0
2025-2026,2,Verona,EBOSSE Enzo,ebosse enzo,4.5,4.5,0,0,0,0,0,0,0
2025-2026,2,Verona,FRESE Martin,frese martin,5.0,5.0,0,0,0,0,0,0,0
2025-2026,2,Verona,KURTI Adi,kurti adi,,,0,0,0,0,0,0,0
2025-2026,2,Verona,NELSSON Victor,nelsson victor,5.0,5.0,0,0,0,0,0,0,0
2025-2026,2,Verona,NUNEZ Unai,nunez unai,5.0,5.0,0,0,0,0,0,0,0
2025-2026,2,Verona,OYEGOKE Daniel,oyegoke daniel,,,0,0,0,0,0,0,0
2025-2026,2,Verona,SLOTSAGER Tobias,slotsager tobias,,,0,0,0,0,0,0,0
2025-2026,2,Verona,VALENTINI Nicolas,valentini nicolas,,,0,0,0,0,0,0,0
2025-2026,2,Verona,YELLU Santiago,yellu santiago,,,0,0,0,0,0,0,0
2025-2026,2,Verona,AL-MUSRATI Moatasem,al-musrati moatasem,,,0,0,0,0,0,0,0
2025-2026,2,Verona,BERNEDE Antoine,bernede antoine,6.0,6.0,0,0,0,0,0,0,0
2025-2026,2,Verona,HARROUI Abdou,harroui abdou,4.5,4.5,0,0,0,0,0,0,0
2025-2026,2,Verona,KASTANOS Grigoris,kastanos grigoris,,,0,0,0,0,0,0,0
2025-2026,2,Verona,MITROVIC Stefan,mitrovic stefan,,,0,0,0,0,0,0,0
2025-2026,2,Verona,NIASSE Cheikh,niasse cheikh,,,0,0,0,0,0,0,0
2025-2026,2,Verona,SERDAR Suat,serdar suat,5.0,5.0,0,0,0,0,0,0,0
2025-2026,2,Verona,SUSLOV Tomas,suslov tomas,,,0,0,0,0,0,0,0
2025-2026,2,Verona,YILDIZ Veis,yildiz veis,,,0,0,0,0,0,0,0
2025-2026,2,Verona,AJAYI Junior,ajayi junior,,,0,0,0,0,0,0,0
2025-2026,2,Verona,GIOVANE Do Nascimie.,giovane do nascimie.,5.5,5.5,0,0,0,0,0,0,0
2025-2026,2,Verona,LUNA Agustin,luna agustin,,,0,0,0,0,0,0,0
2025-2026,2,Verona,MOSQUERA Daniel,mosquera daniel,5.0,5.0,0,0,0,0,0,0,0
2025-2026,2,Verona,ORBAN Gift,orban gift,,,0,0,0,0,0,0,0
2025-2026,2,Verona,SARR Amin,sarr amin,4.5,4.5,0,0,0,0,0,0,0
2025-2026,2,Cremonese,AUDERO Emil,audero emil,6.5,4.5,-2,0,0,0,0,0,1
2025-2026,2,Cremonese,MALOVEC Adrian,malovec adrian,,,0,0,0,0,0,0,0
2025-2026,2,Cremonese,NAVA Lapo,nava lapo,,,0,0,0,0,0,0,0
2025-2026,2,Cremonese,SILVESTRI Marco,silvestri marco,,,0,0,0,0,0,0,0
2025-2026,2,Cremonese,BARBIERI Tommaso,barbieri tommaso,,,0,0,0,0,0,0,0
2025-2026,2,Cremonese,BASCHIROTTO Federico,baschirotto federico,6.0,6.0,0,0,0,0,0,0,0
2025-2026,2,Cremonese,BIANCHETTI Matteo,bianchetti matteo,6.0,6.0,0,0,0,0,0,0,0
2025-2026,2,Cremonese,CECCHERINI Federico,ceccherini federico,,,0,0,0,0,0,0,0
2025-2026,2,Cremonese,FAYE Mikayil,faye mikayil,,,0,0,0,0,0,0,0
2025-2026,2,Cremonese,FLORIANI MUSSOLINI .,floriani mussolini .,7.0,7.0,0,0,0,0,0,0,0
2025-2026,2,Cremonese,FOLINO Francesco,folino francesco,,,0,0,0,0,0,0,0
2025-2026,2,Cremonese,PEZZELLA Giuseppe,pezzella giuseppe,6.0,6.0,0,0,0,0,0,0,0
2025-2026,2,Cremonese,SERNICOLA Leonardo,sernicola leonardo,,,0,0,0,0,0,0,0
2025-2026,2,Cremonese,TERRACCIANO Filippo,terracciano filippo,7.0,10.0,1,0,0,0,0,0,0
2025-2026,2,Cremonese,BONDO Warren,bondo warren,5.5,5.5,0,0,0,0,0,0,0
2025-2026,2,Cremonese,COLLOCOLO Michele,collocolo michele,6.0,6.0,0,0,0,0,0,0,0
2025-2026,2,Cremonese,GRASSI Alberto,grassi alberto,5.0,4.5,0,0,1,0,0,0,0
2025-2026,2,Cremonese,LORDKIPANIDZE Dachi,lordkipanidze dachi,,,0,0,0,0,0,0,0
2025-2026,2,Cremonese,PAYERO Martin,payero martin,5.5,5.5,0,0,0,0,0,0,0
2025-2026,2,Cremonese,VALOTI Mattia,valoti mattia,,,0,0,0,0,0,0,0
2025-2026,2,Cremonese,VANDEPUTTE Jari,vandeputte jari,6.0,7.0,0,1,0,0,0,0,0
2025-2026,2,Cremonese,BONAZZOLI Federico,bonazzoli federico,,,0,0,0,0,0,0,0
2025-2026,2,Cremonese,DE LUCA Manuel,de luca manuel,6.5,9.5,1,0,0,0,0,1,0
2025-2026,2,Cremonese,JOHNSEN Dennis,johnsen dennis,,,0,0,0,0,0,0,0
2025-2026,2,Cremonese,MOUMBAGNA Faris,moumbagna faris,,,0,0,0,0,0,0,0
2025-2026,2,Cremonese,OKEREKE David,okereke david,6.0,6.0,0,0,0,0,0,0,0
2025-2026,2,Cremonese,SANABRIA Antonio,sanabria antonio,6.5,7.0,0,1,1,0,0,0,0
2025-2026,2,Cremonese,SARMIENTO Jeremy,sarmiento jeremy,,,0,0,0,0,0,0,0
2025-2026,2,Cremonese,VARDY Jamie,vardy jamie,,,0,0,0,0,0,0,0
2025-2026,2,Cremonese,VAZQUEZ Franco,vazquez franco,7.0,10.0,1,0,0,0,0,0,0
2025-2026,2,Cremonese,ZERBIN Alessio,zerbin alessio,6.5,6.5,0,0,0,0,0,0,0
2025-2026,2,Parma,CORVI Edoardo,corvi edoardo,,,0,0,0,0,0,0,0
2025-2026,2,Parma,RINALDI Filippo,rinaldi filippo,,,0,0,0,0,0,0,0
2025-2026,2,Parma,SUZUKI Zion,suzuki zion,6.0,5.0,-1,0,0,0,0,0,0
2025-2026,2,Parma,BALOGH Botond,balogh botond,,,0,0,0,0,0,0,0
2025-2026,2,Parma,BRITSCHGI Sascha,britschgi sascha,,,0,0,0,0,0,0,0
2025-2026,2,Parma,CIRCATI Alessandro,circati alessandro,6.5,6.5,0,0,0,0,0,0,0
2025-2026,2,Parma,DEL PRATO Enrico,del prato enrico,6.5,6.5,0,0,0,0,0,0,0
2025-2026,2,Parma,LOVIK Mathias,lovik mathias,6.0,6.0,0,0,0,0,0,0,0
2025-2026,2,Parma,NDIAYE Abdoulaye,ndiaye abdoulaye,,,0,0,0,0,0,0,0
2025-2026,2,Parma,TRABUCCHI Nicolas,trabucchi nicolas,,,0,0,0,0,0,0,0
2025-2026,2,Parma,TROILO Mariano,troilo mariano,,,0,0,0,0,0,0,0
2025-2026,2,Parma,VALENTI Lautaro,valenti lautaro,6.0,5.5,0,0,1,0,0,0,0
2025-2026,2,Parma,VALERI Emanuele,valeri emanuele,6.0,6.0,0,0,0,0,0,0,0
2025-2026,2,Parma,BERNABE' Adrian,bernabe' adrian,6.0,6.0,0,0,0,0,0,0,0
2025-2026,2,Parma,CREMASCHI Benjamin,cremaschi benjamin,,,0,0,0,0,0,0,0
2025-2026,2,Parma,ESTEVEZ Nahuel,estevez nahuel,,,0,0,0,0,0,0,0
2025-2026,2,Parma,HERNANI,hernani,,,0,0,0,0,0,0,0
2025-2026,2,Parma,KEITA Mandela,keita mandela,5.5,5.5,0,0,0,0,0,0,0
2025-2026,2,Parma,ORDONEZ Christian,ordonez christian,6.0,6.0,0,0,0,0,0,0,0
2025-2026,2,Parma,ORISTANIO Gaetano,oristanio gaetano,6.0,5.5,0,0,1,0,0,0,0
2025-2026,2,Parma,PLICCO Elia,plicco elia,,,0,0,0,0,0,0,0
2025-2026,2,Parma,SORENSEN Oliver,sorensen oliver,5.5,5.5,0,0,0,0,0,0,0
2025-2026,2,Parma,ALMQVIST Pontus,almqvist pontus,5.0,5.0,0,0,0,0,0,0,0
2025-2026,2,Parma,ANAS Mohamed,anas mohamed,,,0,0,0,0,0,0,0
2025-2026,2,Parma,BEGIC Tjas,begic tjas,,,0,0,0,0,0,0,0
2025-2026,2,Parma,BENEDYCZAK Adrian,benedyczak adrian,,,0,0,0,0,0,0,0
2025-2026,2,Parma,CHARPENTIER Gabriel,charpentier gabriel,,,0,0,0,0,0,0,0
2025-2026,2,Parma,CUTRONE Patrick,cutrone patrick,7.0,10.0,1,0,0,0,0,0,0
2025-2026,2,Parma,DJURIC Milan,djuric milan,,,0,0,0,0,0,0,0
2025-2026,2,Parma,FRIGAN Matija,frigan matija,,,0,0,0,0,0,0,0
2025-2026,2,Parma,ONDREJKA Jacob,ondrejka jacob,,,0,0,0,0,0,0,0
2025-2026,2,Parma,PELLEGRINO Mateo,pellegrino mateo,6.0,6.0,0,0,0,0,0,0,0
2025-2026,2,Pisa,NICOLAS,nicolas,,,0,0,0,0,0,0,0
2025-2026,2,Pisa,SCUFFET Simone,scuffet simone,,,0,0,0,0,0,0,0
2025-2026,2,Pisa,SEMPER Adrian,semper adrian,6.0,5.0,-1,0,0,0,0,0,0
2025-2026,2,Pisa,ALBIOL Raul,albiol raul,,,0,0,0,0,0,0,0
2025-2026,2,Pisa,ANGORI Samuele,angori samuele,5.5,5.5,0,0,0,0,0,0,0
2025-2026,2,Pisa,BONFANTI Giovanni,bonfanti giovanni,,,0,0,0,0,0,0,0
2025-2026,2,Pisa,CALABRESI Arturo,calabresi arturo,6.0,6.0,0,0,0,0,0,0,0
2025-2026,2,Pisa,CANESTRELLI Simone,canestrelli simone,5.5,5.5,0,0,0,0,0,0,0
2025-2026,2,Pisa,CARACCIOLO Antonio,caracciolo antonio,6.0,6.0,0,0,0,0,0,0,0
2025-2026,2,Pisa,CUADRADO Juan,cuadrado juan,6.0,6.0,0,0,0,0,0,0,0
2025-2026,2,Pisa,DENOON Daniel,denoon daniel,,,0,0,0,0,0,0,0
2025-2026,2,Pisa,ESTEVES Tomas,esteves tomas,,,0,0,0,0,0,0,0
2025-2026,2,Pisa,LUSUARDI Mateus,lusuardi mateus,5.0,5.0,0,0,0,0,0,0,0
2025-2026,2,Pisa,MBAMBI Jeremy,mbambi jeremy,,,0,0,0,0,0,0,0
2025-2026,2,Pisa,AEBISCHER Michel,aebischer michel,6.5,6.5,0,0,0,0,0,0,0
2025-2026,2,Pisa,AKINSANMIRO Ebenezer,akinsanmiro ebenezer,,,0,0,0,0,0,0,0
2025-2026,2,Pisa,HOJHOLT Malthe,hojholt malthe,,,0,0,0,0,0,0,0
2025-2026,2,Pisa,JEVSENAK Zan,jevsenak zan,,,0,0,0,0,0,0,0
2025-2026,2,Pisa,LERIS Mehdi,leris mehdi,,,0,0,0,0,0,0,0
2025-2026,2,Pisa,LORRAN De Sousa,lorran de sousa,,,0,0,0,0,0,0,0
2025-2026,2,Pisa,MARIN Marius,marin marius,5.5,5.0,0,0,1,0,0,0,0
2025-2026,2,Pisa,MAUCCI Giacomo,maucci giacomo,,,0,0,0,0,0,0,0
2025-2026,2,Pisa,PICCININI Gabriele,piccinini gabriele,,,0,0,0,0,0,0,0
2025-2026,2,Pisa,STENGS Calvin,stengs calvin,,,0,0,0,0,0,0,0
2025-2026,2,Pisa,TOURE Idrissa,toure idrissa,6.0,6.0,0,0,0,0,0,0,0
2025-2026,2,Pisa,TRAMONI Matteo,tramoni matteo,5.5,5.5,0,0,0,0,0,0,0
2025-2026,2,Pisa,VURAL Isak,vural isak,,,0,0,0,0,0,0,0
2025-2026,2,Pisa,BUFFON Louis,buffon louis,,,0,0,0,0,0,0,0
2025-2026,2,Pisa,MEISTER Henrik,meister henrik,5.5,5.0,0,0,1,0,0,0,0
2025-2026,2,Pisa,MOREO Stefano,moreo stefano,6.0,6.0,0,0,0,0,0,0,0
2025-2026,2,Pisa,NZOLA M'Bala,nzola m'bala,5.0,5.0,0,0,0,0,0,0,0
2025-2026,2,Pisa,VIGNATO Emanuel,vignato emanuel,,,0,0,0,0,0,0,0
2025-2026,2,Como,BUTEZ Jean,butez jean,6.0,5.0,-1,0,0,0,0,0,0
2025-2026,2,Como,CAVLINA Nikola,cavlina nikola,,,0,0,0,0,0,0,0
2025-2026,2,Como,VIGORITO Mauro,vigorito mauro,,,0,0,0,0,0,0,0
2025-2026,2,Como,CARLOS Diego,carlos diego,,,0,0,0,0,0,0,0
2025-2026,2,Como,DOSSENA Alberto,dossena alberto,,,0,0,0,0,0,0,0
2025-2026,2,Como,GOLDANIGA Edoardo,goldaniga edoardo,,,0,0,0,0,0,0,0
2025-2026,2,Como,IOANNOU Nicholas,ioannou nicholas,,,0,0,0,0,0,0,0
2025-2026,2,Como,KEMPF Marc-Oliver,kempf marc-oliver,6.0,6.0,0,0,0,0,0,0,0
2025-2026,2,Como,MORENO Alberto,moreno alberto,,,0,0,0,0,0,0,0
2025-2026,2,Como,POSCH Stefan,posch stefan,,,0,0,0,0,0,0,0
2025-2026,2,Como,RAMON Jacobo,ramon jacobo,5.5,5.0,0,0,1,0,0,0,0
2025-2026,2,Como,ROBERTO Sergi,roberto sergi,5.5,5.5,0,0,0,0,0,0,0
2025-2026,2,Como,SALA Marco,sala marco,,,0,0,0,0,0,0,0
2025-2026,2,Como,SMOLCIC Ivan,smolcic ivan,5.5,5.0,0,0,1,0,0,0,0
2025-2026,2,Como,VALLE Alex,valle alex,5.5,5.5,0,0,0,0,0,0,0
2025-2026,2,Como,VAN DER BREMPT Igna.,van der brempt igna.,6.0,6.0,0,0,0,0,0,0,0
2025-2026,2,Como,VOJVODA Mergim,vojvoda mergim,6.0,6.0,0,0,0,0,0,0,0
2025-2026,2,Como,BALLET Samuel,ballet samuel,,,0,0,0,0,0,0,0
2025-2026,2,Como,BATURINA Martin,baturina martin,,6.0,0,0,0,0,0,0,0
2025-2026,2,Como,CAQUERET Maxence,caqueret maxence,,,0,0,0,0,0,0,0
2025-2026,2,Como,DA CUNHA Lucas,da cunha lucas,5.5,5.5,0,0,0,0,0,0,0
2025-2026,2,Como,PAZ Nico,paz nico,5.5,5.5,0,0,0,0,0,0,0
2025-2026,2,Como,PERRONE Maximo,perrone maximo,6.0,5.5,0,0,1,0,0,0,0
2025-2026,2,Como,ADDAI Jaden,addai jaden,,,0,0,0,0,0,0,0
2025-2026,2,Como,CERRI Alberto,cerri alberto,,,0,0,0,0,0,0,0
2025-2026,2,Como,DIAO Assane,diao assane,,,0,0,0,0,0,0,0
2025-2026,2,Como,DOUVIKAS Tasos,douvikas tasos,5.5,5.5,0,0,0,0,0,0,0
2025-2026,2,Como,KUHN Nicolas,kuhn nicolas,5.5,5.5,0,0,0,0,0,0,0
2025-2026,2,Como,MORATA Alvaro,morata alvaro,5.0,5.0,0,0,0,0,0,0,0
2025-2026,2,Como,RODRIGUEZ Jesus,rodriguez jesus,6.0,6.0,0,0,0,0,0,0,0
2025-2026,3,Atalanta,CARNESECCHI Marco,carnesecchi marco,6.5,5.5,-1,0,0,0,0,0,0
2025-2026,3,Atalanta,ROSSI Francesco,rossi francesco,,,0,0,0,0,0,0,0
2025-2026,3,Atalanta,SPORTIELLO Marco,sportiello marco,,,0,0,0,0,0,0,0
2025-2026,3,Atalanta,AHANOR Honest,ahanor honest,,,0,0,0,0,0,0,0
2025-2026,3,Atalanta,BAKKER Mitchel,bakker mitchel,,,0,0,0,0,0,0,0
2025-2026,3,Atalanta,BELLANOVA Raoul,bellanova raoul,6.0,6.0,0,0,0,0,0,0,0
2025-2026,3,Atalanta,BERNASCONI Lorenzo,bernasconi lorenzo,,,0,0,0,0,0,0,0
2025-2026,3,Atalanta,COMI Pietro,comi pietro,,,0,0,0,0,0,0,0
2025-2026,3,Atalanta,DJIMSITI Berat,djimsiti berat,,,0,0,0,0,0,0,0
2025-2026,3,Atalanta,HIEN Isak,hien isak,6.0,6.0,0,0,0,0,0,0,0
2025-2026,3,Atalanta,KOLASINAC Sead,kolasinac sead,,,0,0,0,0,0,0,0
2025-2026,3,Atalanta,KOSSOUNOU Odilon,kossounou odilon,7.0,7.0,0,0,0,0,0,0,0
2025-2026,3,Atalanta,SCALVINI Giorgio,scalvini giorgio,7.0,10.0,1,0,0,0,0,0,0
2025-2026,3,Atalanta,ZAPPACOSTA Davide,zappacosta davide,,,0,0,0,0,0,0,0
2025-2026,3,Atalanta,BRESCIANINI Marco,brescianini marco,6.0,6.0,0,0,0,0,0,0,0
2025-2026,3,Atalanta,CASSA Federico,cassa federico,,,0,0,0,0,0,0,0
2025-2026,3,Atalanta,DE ROON Marten,de roon marten,6.5,6.5,0,0,0,0,0,0,0
2025-2026,3,Atalanta,EDERSON,ederson,,,0,0,0,0,0,0,0
2025-2026,3,Atalanta,MALDINI Daniel,maldini daniel,6.0,6.0,0,0,0,0,0,0,0
2025-2026,3,Atalanta,MANZONI Alberto,manzoni alberto,,,0,0,0,0,0,0,0
2025-2026,3,Atalanta,MUSAH Yunus,musah yunus,6.0,6.0,0,0,0,0,0,0,0
2025-2026,3,Atalanta,PASALIC Mario,pasalic mario,6.5,6.5,0,0,0,0,0,0,0
2025-2026,3,Atalanta,SAMARDZIC Lazar,samardzic lazar,6.0,6.0,0,0,0,0,0,0,0
2025-2026,3,Atalanta,ZALEWSKI Nicola,zalewski nicola,7.5,11.5,1,1,0,0,0,0,0
2025-2026,3,Atalanta,DE KETELAERE Charles,de ketelaere charles,8.0,14.0,2,0,0,0,0,0,0
2025-2026,3,Atalanta,KRSTOVIC Nikola,krstovic nikola,6.5,8.5,0,2,0,0,0,0,0
2025-2026,3,Atalanta,LOOKMAN Ademola,lookman ademola,,,0,0,0,0,0,0,0
2025-2026,3,Atalanta,SCAMACCA Gianluca,scamacca gianluca,,,0,0,0,0,0,0,0
2025-2026,3,Atalanta,SULEMANA Kamaldeen,sulemana kamaldeen,6.5,6.5,0,0,0,0,0,0,0
2025-2026,3,Bologna,PESSINA Massimo,pessina massimo,,,0,0,0,0,0,0,0
2025-2026,3,Bologna,RAVAGLIA Federico,ravaglia federico,,,0,0,0,0,0,0,0
2025-2026,3,Bologna,SKORUPSKI Lukasz,skorupski lukasz,5.5,4.0,-1,0,1,0,0,0,0
2025-2026,3,Bologna,BONIFAZI Kevin,bonifazi kevin,,,0,0,0,0,0,0,0
2025-2026,3,Bologna,CASALE Nicolo',casale nicolo',,,0,0,0,0,0,0,0
2025-2026,3,Bologna,DE SILVESTRI Lorenzo,de silvestri lorenzo,,,0,0,0,0,0,0,0
2025-2026,3,Bologna,HEGGEM Torbjorn,heggem torbjorn,5.5,5.5,0,0,0,0,0,0,0
2025-2026,3,Bologna,HOLM Emil,holm emil,,,0,0,0,0,0,0,0
2025-2026,3,Bologna,LUCUMI Jhon,lucumi jhon,5.5,5.5,0,0,0,0,0,0,0
2025-2026,3,Bologna,LYKOGIANNIS Charala.,lykogiannis charala.,5.0,5.0,0,0,0,0,0,0,0
2025-2026,3,Bologna,MIRANDA Juan,miranda juan,5.5,5.0,0,0,1,0,0,0,0
2025-2026,3,Bologna,VITIK Martin,vitik martin,,,0,0,0,0,0,0,0
2025-2026,3,Bologna,ZORTEA Nadir,zortea nadir,5.0,5.0,0,0,0,0,0,0,0
2025-2026,3,Bologna,BERNARDESCHI Federi.,bernardeschi federi.,5.5,5.5,0,0,0,0,0,0,0
2025-2026,3,Bologna,FABBIAN Giovanni,fabbian giovanni,5.0,5.0,0,0,0,0,0,0,0
2025-2026,3,Bologna,FERGUSON Lewis,ferguson lewis,6.0,6.0,0,0,0,0,0,0,0
2025-2026,3,Bologna,FREULER Remo,freuler remo,6.0,6.0,0,0,0,0,0,0,0
2025-2026,3,Bologna,MORO Nikola,moro nikola,,,0,0,0,0,0,0,0
2025-2026,3,Bologna,POBEGA Tommaso,pobega tommaso,,,0,0,0,0,0,0,0
2025-2026,3,Bologna,SULEMANA,sulemana,,,0,0,0,0,0,0,0
2025-2026,3,Bologna,CAMBIAGHI Nicolo',cambiaghi nicolo',5.5,5.5,0,0,0,0,0,0,0
2025-2026,3,Bologna,CASTRO Santiago,castro santiago,5.5,5.5,0,0,0,0,0,0,0
2025-2026,3,Bologna,DALLINGA Thijs,dallinga thijs,,6.0,0,0,0,0,0,0,0
2025-2026,3,Bologna,DOMINGUEZ Benjamin,dominguez benjamin,,,0,0,0,0,0,0,0
2025-2026,3,Bologna,IMMOBILE Ciro,immobile ciro,,,0,0,0,0,0,0,0
2025-2026,3,Bologna,ODGAARD Jens,odgaard jens,,6.0,0,0,0,0,0,0,0
2025-2026,3,Bologna,ORSOLINI Riccardo,orsolini riccardo,5.0,5.0,0,0,0,0,0,0,0
2025-2026,3,Bologna,ROWE Jonathan,rowe jonathan,5.5,5.5,0,0,0,0,0,0,0
2025-2026,3,Cagliari,CAPRILE Elia,caprile elia,8.0,9.0,0,0,0,0,0,0,0
2025-2026,3,Cagliari,CIOCCI Giuseppe,ciocci giuseppe,,,0,0,0,0,0,0,0
2025-2026,3,Cagliari,RADUNOVIC Boris,radunovic boris,,,0,0,0,0,0,0,0
2025-2026,3,Cagliari,IDRISSI Riyad,idrissi riyad,,,0,0,0,0,0,0,0
2025-2026,3,Cagliari,LUPERTO Sebastiano,luperto sebastiano,6.0,6.0,0,0,0,0,0,0,0
2025-2026,3,Cagliari,MINA Yerry,mina yerry,6.5,9.5,1,0,0,0,0,0,0
2025-2026,3,Cagliari,OBERT Adam,obert adam,6.5,6.5,0,0,0,0,0,0,0
2025-2026,3,Cagliari,PALESTRA Marco,palestra marco,6.5,6.5,0,0,0,0,0,0,0
2025-2026,3,Cagliari,RODRIGUEZ Juan,rodriguez juan,,,0,0,0,0,0,0,0
2025-2026,3,Cagliari,ZAPPA Gabriele,zappa gabriele,5.5,5.0,0,0,1,0,0,0,0
2025-2026,3,Cagliari,ZE PEDRO,ze pedro,,,0,0,0,0,0,0,0
2025-2026,3,Cagliari,ADOPO Michel,adopo michel,6.0,6.0,0,0,0,0,0,0,0
2025-2026,3,Cagliari,CAVUOTI Nicolo',cavuoti nicolo',,,0,0,0,0,0,0,0
2025-2026,3,Cagliari,DEIOLA Alessandro,deiola alessandro,6.0,5.5,0,0,1,0,0,0,0
2025-2026,3,Cagliari,DI PARDO Alessandro,di pardo alessandro,,,0,0,0,0,0,0,0
2025-2026,3,Cagliari,FOLORUNSHO Michael,folorunsho michael,6.0,6.0,0,0,0,0,0,0,0
2025-2026,3,Cagliari,GAETANO Gianluca,gaetano gianluca,5.5,5.5,0,0,0,0,0,0,0
2025-2026,3,Cagliari,MAZZITELLI Luca,mazzitelli luca,,,0,0,0,0,0,0,0
2025-2026,3,Cagliari,PRATI Matteo,prati matteo,6.0,6.0,0,0,0,0,0,0,0
2025-2026,3,Cagliari,ROG Marko,rog marko,,,0,0,0,0,0,0,0
2025-2026,3,Cagliari,BELOTTI Andrea,belotti andrea,6.0,6.0,0,0,0,0,0,0,0
2025-2026,3,Cagliari,BORRELLI Gennaro,borrelli gennaro,6.5,6.5,0,0,0,0,0,0,0
2025-2026,3,Cagliari,ESPOSITO Sebastiano,esposito sebastiano,6.5,6.0,0,0,1,0,0,0,0
2025-2026,3,Cagliari,FELICI Mattia,felici mattia,7.0,10.0,1,0,0,0,0,0,0
2025-2026,3,Cagliari,KILICSOY Semih,kilicsoy semih,,,0,0,0,0,0,0,0
2025-2026,3,Cagliari,LUVUMBO Sebastiao Z.,luvumbo sebastiao z.,,,0,0,0,0,0,0,0
2025-2026,3,Cagliari,PAVOLETTI Leonardo,pavoletti leonardo,,,0,0,0,0,0,0,0
2025-2026,3,Fiorentina,DE GEA David,de gea david,6.5,3.5,-3,0,0,0,0,0,1
2025-2026,3,Fiorentina,LEZZERINI Luca,lezzerini luca,,,0,0,0,0,0,0,0
2025-2026,3,Fiorentina,MARTINELLI Tommaso,martinelli tommaso,,,0,0,0,0,0,0,0
2025-2026,3,Fiorentina,COMUZZO Pietro,comuzzo pietro,5.0,5.0,0,0,0,0,0,0,0
2025-2026,3,Fiorentina,DODO,dodo,6.0,6.0,0,0,0,0,0,0,0
2025-2026,3,Fiorentina,FORTINI Niccolo',fortini niccolo',,,0,0,0,0,0,0,0
2025-2026,3,Fiorentina,GOSENS Robin,gosens robin,6.0,6.0,0,0,0,0,0,0,0
2025-2026,3,Fiorentina,KOSPO Eman,kospo eman,,,0,0,0,0,0,0,0
2025-2026,3,Fiorentina,KOUADIO Eddy,kouadio eddy,,,0,0,0,0,0,0,0
2025-2026,3,Fiorentina,LAMPTEY Tariq,lamptey tariq,,,0,0,0,0,0,0,0
2025-2026,3,Fiorentina,MARI Pablo,mari pablo,,,0,0,0,0,0,0,0
2025-2026,3,Fiorentina,PARISI Fabiano,parisi fabiano,,,0,0,0,0,0,0,0
2025-2026,3,Fiorentina,PONGRACIC Marin,pongracic marin,5.5,5.5,0,0,0,0,0,0,0
2025-2026,3,Fiorentina,RANIERI Luca,ranieri luca,6.0,9.0,1,0,0,0,0,0,0
2025-2026,3,Fiorentina,VITI Mattia,viti mattia,,,0,0,0,0,0,0,0
2025-2026,3,Fiorentina,FAGIOLI Nicolo',fagioli nicolo',5.0,5.0,0,0,0,0,0,0,0
2025-2026,3,Fiorentina,FAZZINI Jacopo,fazzini jacopo,6.5,6.5,0,0,0,0,0,0,0
2025-2026,3,Fiorentina,INFANTINO Gino,infantino gino,,,0,0,0,0,0,0,0
2025-2026,3,Fiorentina,MANDRAGORA Rolando,mandragora rolando,6.0,6.0,0,0,0,0,0,0,0
2025-2026,3,Fiorentina,NDOUR Cher,ndour cher,,,0,0,0,0,0,0,0
2025-2026,3,Fiorentina,NICOLUSSI CAVIGLIA .,nicolussi caviglia .,6.0,6.0,0,0,0,0,0,0,0
2025-2026,3,Fiorentina,RICHARDSON Amir,richardson amir,,,0,0,0,0,0,0,0
2025-2026,3,Fiorentina,SABIRI Abdelhamid,sabiri abdelhamid,,,0,0,0,0,0,0,0
2025-2026,3,Fiorentina,SOHM Simon,sohm simon,5.5,5.5,0,0,0,0,0,0,0
2025-2026,3,Fiorentina,DZEKO Edin,dzeko edin,4.5,4.5,0,0,0,0,0,0,0
2025-2026,3,Fiorentina,GUDMUNDSSON Albert,gudmundsson albert,,,0,0,0,0,0,0,0
2025-2026,3,Fiorentina,KEAN Moise,kean moise,6.0,6.0,0,0,0,0,0,0,0
2025-2026,3,Fiorentina,KOUAME' Christian,kouame' christian,,,0,0,0,0,0,0,0
2025-2026,3,Fiorentina,PICCOLI Roberto,piccoli roberto,6.0,6.0,0,0,0,0,0,0,0
2025-2026,3,Genoa,LEALI Nicola,leali nicola,6.5,5.5,-1,0,0,0,0,0,0
2025-2026,3,Genoa,SIEGRIST Benjamin,siegrist benjamin,,,0,0,0,0,0,0,0
2025-2026,3,Genoa,SOMMARIVA Daniele,sommariva daniele,,,0,0,0,0,0,0,0
2025-2026,3,Genoa,KUMER CELIK Alin,kumer celik alin,,,0,0,0,0,0,0,0
2025-2026,3,Genoa,MARCANDALLI Alessan.,marcandalli alessan.,,,0,0,0,0,0,0,0
2025-2026,3,Genoa,MARTIN Aaron,martin aaron,5.0,5.0,0,0,0,0,0,0,0
2025-2026,3,Genoa,NORTON-CUFFY Brooke,norton-cuffy brooke,6.0,6.0,0,0,0,0,0,0,0
2025-2026,3,Genoa,OSTIGARD Leo,ostigard leo,6.0,5.5,0,0,1,0,0,0,0
2025-2026,3,Genoa,OTOA Sebastian,otoa sebastian,,,0,0,0,0,0,0,0
2025-2026,3,Genoa,SABELLI Stefano,sabelli stefano,5.5,5.5,0,0,0,0,0,0,0
2025-2026,3,Genoa,VASQUEZ Johan,vasquez johan,6.0,6.0,0,0,0,0,0,0,0
2025-2026,3,Genoa,CARBONI Valentin,carboni valentin,6.5,6.5,0,0,0,0,0,0,0
2025-2026,3,Genoa,CUENCA Hugo,cuenca hugo,,,0,0,0,0,0,0,0
2025-2026,3,Genoa,ELLERTSSON Mikael,ellertsson mikael,5.5,5.5,0,0,0,0,0,0,0
2025-2026,3,Genoa,FINI Seydou,fini seydou,,,0,0,0,0,0,0,0
2025-2026,3,Genoa,FRENDRUP Morten,frendrup morten,6.0,6.0,0,0,0,0,0,0,0
2025-2026,3,Genoa,GRONBAEK Alberto,gronbaek alberto,,,0,0,0,0,0,0,0
2025-2026,3,Genoa,LAFONT Gael,lafont gael,,,0,0,0,0,0,0,0
2025-2026,3,Genoa,MALINOVSKIY Ruslan,malinovskiy ruslan,5.0,4.5,0,0,1,0,0,0,0
2025-2026,3,Genoa,MASINI Patrizio,masini patrizio,5.5,5.5,0,0,0,0,0,0,0
2025-2026,3,Genoa,MESSIAS Junior,messias junior,5.5,5.5,0,0,0,0,0,0,0
2025-2026,3,Genoa,ONANA Jean,onana jean,,,0,0,0,0,0,0,0
2025-2026,3,Genoa,STANCIU Nicolae,stanciu nicolae,,,0,0,0,0,0,0,0
2025-2026,3,Genoa,THORSBY Morten,thorsby morten,,,0,0,0,0,0,0,0
2025-2026,3,Genoa,COLOMBO Lorenzo,colombo lorenzo,5.0,5.0,0,0,0,0,0,0,0
2025-2026,3,Genoa,CORNET Maxwel,cornet maxwel,,,0,0,0,0,0,0,0
2025-2026,3,Genoa,EKHATOR Jeff,ekhator jeff,,6.0,0,0,0,0,0,0,0
2025-2026,3,Genoa,EKUBAN Caleb,ekuban caleb,7.0,10.0,1,0,0,0,0,0,0
2025-2026,3,Genoa,VENTURINO Lorenzo,venturino lorenzo,,,0,0,0,0,0,0,0
2025-2026,3,Genoa,VITINHA,vitinha,,,0,0,0,0,0,0,0
2025-2026,3,Inter,DI GENNARO Raffaele,di gennaro raffaele,,,0,0,0,0,0,0,0
2025-2026,3,Inter,MARTINEZ Josep,martinez josep,,,0,0,0,0,0,0,0
2025-2026,3,Inter,SOMMER Yann,sommer yann,4.0,0.0,-4,0,0,0,0,0,0
2025-2026,3,Inter,ACERBI Francesco,acerbi francesco,6.0,6.0,0,0,0,0,0,0,0
2025-2026,3,Inter,AKANJI Manuel,akanji manuel,5.5,5.5,0,0,0,0,0,0,0
2025-2026,3,Inter,ALEXIOU Christos,alexiou christos,,,0,0,0,0,0,0,0
2025-2026,3,Inter,BASTONI Alessandro,bastoni alessandro,5.5,5.5,0,0,0,0,0,0,0
2025-2026,3,Inter,BISSECK Yann Aurel,bisseck yann aurel,,,0,0,0,0,0,0,0
2025-2026,3,Inter,CARLOS AUGUSTO,carlos augusto,6.0,7.0,0,1,0,0,0,0,0
2025-2026,3,Inter,COCCHI Matteo,cocchi matteo,,,0,0,0,0,0,0,0
2025-2026,3,Inter,DARMIAN Matteo,darmian matteo,5.5,5.5,0,0,0,0,0,0,0
2025-2026,3,Inter,DE VRIJ Stefan,de vrij stefan,,,0,0,0,0,0,0,0
2025-2026,3,Inter,DIMARCO Federico,dimarco federico,5.5,6.5,0,1,0,0,0,0,0
2025-2026,3,Inter,DUMFRIES Denzel,dumfries denzel,5.0,5.0,0,0,0,0,0,0,0
2025-2026,3,Inter,LUIS HENRIQUE,luis henrique,,,0,0,0,0,0,0,0
2025-2026,3,Inter,PALACIOS Tomas,palacios tomas,,,0,0,0,0,0,0,0
2025-2026,3,Inter,RE CECCONI Gabriele,re cecconi gabriele,,,0,0,0,0,0,0,0
2025-2026,3,Inter,BARELLA Nicolo',barella nicolo',5.0,5.0,0,0,0,0,0,0,0
2025-2026,3,Inter,BERENBRUCH Thomas,berenbruch thomas,,,0,0,0,0,0,0,0
2025-2026,3,Inter,CALHANOGLU Hakan,calhanoglu hakan,8.0,14.0,2,0,0,0,0,0,0
2025-2026,3,Inter,DIOUF Andy,diouf andy,,,0,0,0,0,0,0,0
2025-2026,3,Inter,FRATTESI Davide,frattesi davide,,,0,0,0,0,0,0,0
2025-2026,3,Inter,MKHITARYAN Henrikh,mkhitaryan henrikh,5.5,5.0,0,0,1,0,0,0,0
2025-2026,3,Inter,SUCIC Petar,sucic petar,,6.0,0,0,0,0,0,0,0
2025-2026,3,Inter,TOPALOVIC Luka,topalovic luka,,,0,0,0,0,0,0,0
2025-2026,3,Inter,ZIELINSKI Piotr,zielinski piotr,6.0,7.0,0,1,0,0,0,0,0
2025-2026,3,Inter,BONNY Ange-Yoan,bonny ange-yoan,6.0,6.0,0,0,0,0,0,0,0
2025-2026,3,Inter,ESPOSITO Francesco .,esposito francesco .,,,0,0,0,0,0,0,0
2025-2026,3,Inter,MARTINEZ Lautaro,martinez lautaro,4.5,4.5,0,0,0,0,0,0,0
2025-2026,3,Inter,THURAM Marcus,thuram marcus,6.5,9.5,1,0,0,0,0,0,0
2025-2026,3,Juventus,DI GREGORIO Michele,di gregorio michele,5.0,2.0,-3,0,0,0,0,0,0
2025-2026,3,Juventus,PERIN Mattia,perin mattia,,,0,0,0,0,0,0,0
2025-2026,3,Juventus,PINSOGLIO Carlo,pinsoglio carlo,,,0,0,0,0,0,0,0
2025-2026,3,Juventus,BREMER Gleison,bremer gleison,7.5,9.5,0,2,0,0,0,0,0
2025-2026,3,Juventus,CABAL Juan,cabal juan,5.5,5.5,0,0,0,0,0,0,0
2025-2026,3,Juventus,CAMBIASO Andrea,cambiaso andrea,,,0,0,0,0,0,0,0
2025-2026,3,Juventus,GATTI Federico,gatti federico,6.0,6.0,0,0,0,0,0,0,0
2025-2026,3,Juventus,KALULU Pierre,kalulu pierre,6.0,6.0,0,0,0,0,0,0,0
2025-2026,3,Juventus,KELLY Lloyd,kelly lloyd,7.0,10.0,1,0,0,0,0,0,0
2025-2026,3,Juventus,MARIO Joao,mario joao,,6.0,0,0,0,0,0,0,0
2025-2026,3,Juventus,ROUHI Jonas,rouhi jonas,,,0,0,0,0,0,0,0
2025-2026,3,Juventus,RUGANI Daniele,rugani daniele,,,0,0,0,0,0,0,0
2025-2026,3,Juventus,ADZIC Vasilije,adzic vasilije,7.5,10.5,1,0,0,0,0,0,0
2025-2026,3,Juventus,KOOPMEINERS Teun,koopmeiners teun,4.5,4.0,0,0,1,0,0,0,0
2025-2026,3,Juventus,KOSTIC Filip,kostic filip,,,0,0,0,0,0,0,0
2025-2026,3,Juventus,LOCATELLI Manuel,locatelli manuel,7.0,6.5,0,0,1,0,0,0,0
2025-2026,3,Juventus,MCKENNIE Weston,mckennie weston,6.5,6.5,0,0,0,0,0,0,0
2025-2026,3,Juventus,MIRETTI Fabio,miretti fabio,,,0,0,0,0,0,0,0
2025-2026,3,Juventus,THURAM Khephren,thuram khephren,6.5,9.5,1,0,0,0,0,0,0
2025-2026,3,Juventus,CONCEICAO Francisco,conceicao francisco,,,0,0,0,0,0,0,0
2025-2026,3,Juventus,DAVID Jonathan,david jonathan,,7.0,0,1,0,0,0,0,0
2025-2026,3,Juventus,MILIK Arek,milik arek,,,0,0,0,0,0,0,0
2025-2026,3,Juventus,OPENDA Lois,openda lois,6.0,6.0,0,0,0,0,0,0,0
2025-2026,3,Juventus,PUGNO Diego,pugno diego,,,0,0,0,0,0,0,0
2025-2026,3,Juventus,VLAHOVIC Dusan,vlahovic dusan,4.5,4.5,0,0,0,0,0,0,0
2025-2026,3,Juventus,YILDIZ Kenan,yildiz kenan,8.0,12.0,1,1,0,0,0,0,0
2025-2026,3,Juventus,ZHEGROVA Edon,zhegrova edon,,,0,0,0,0,0,0,0
2025-2026,3,Lazio,FURLANETTO Alessio,furlanetto alessio,,,0,0,0,0,0,0,0
2025-2026,3,Lazio,MANDAS Christos,mandas christos,,,0,0,0,0,0,0,0
2025-2026,3,Lazio,PROVEDEL Ivan,provedel ivan,6.0,5.0,-1,0,0,0,0,0,0
2025-2026,3,Lazio,GIGOT Samuel,gigot samuel,,,0,0,0,0,0,0,0
2025-2026,3,Lazio,GILA Mario,gila mario,5.0,5.0,0,0,0,0,0,0,0
2025-2026,3,Lazio,HYSAJ Elseid,hysaj elseid,,,0,0,0,0,0,0,0
2025-2026,3,Lazio,LAZZARI Manuel,lazzari manuel,,,0,0,0,0,0,0,0
2025-2026,3,Lazio,MARUSIC Adam,marusic adam,5.0,4.5,0,0,1,0,0,0,0
2025-2026,3,Lazio,NUNO TAVARES,nuno tavares,5.5,5.5,0,0,0,0,0,0,0
2025-2026,3,Lazio,PATRIC,patric,,,0,0,0,0,0,0,0
2025-2026,3,Lazio,PELLEGRINI Luca,pellegrini luca,,,0,0,0,0,0,0,0
2025-2026,3,Lazio,PROVSTGAARD Oliver,provstgaard oliver,,,0,0,0,0,0,0,0
2025-2026,3,Lazio,ROMAGNOLI Alessio,romagnoli alessio,5.0,5.0,0,0,0,0,0,0,0
2025-2026,3,Lazio,BASIC Toma,basic toma,,,0,0,0,0,0,0,0
2025-2026,3,Lazio,BELAHYANE Reda,belahyane reda,6.0,5.5,0,0,1,0,0,0,0
2025-2026,3,Lazio,CATALDI Danilo,cataldi danilo,5.0,5.0,0,0,0,0,0,0,0
2025-2026,3,Lazio,DELE-BASHIRU Fisayo,dele-bashiru fisayo,4.5,4.5,0,0,0,0,0,0,0
2025-2026,3,Lazio,GUENDOUZI Matteo,guendouzi matteo,5.5,5.5,0,0,0,0,0,0,0
2025-2026,3,Lazio,ROVELLA Nicolo,rovella nicolo,5.0,4.5,0,0,1,0,0,0,0
2025-2026,3,Lazio,VECINO Matias,vecino matias,,,0,0,0,0,0,0,0
2025-2026,3,Lazio,CANCELLIERI Matteo,cancellieri matteo,4.5,4.5,0,0,0,0,0,0,0
2025-2026,3,Lazio,CASTELLANOS Valentin,castellanos valentin,5.0,5.0,0,0,0,0,0,0,0
2025-2026,3,Lazio,DIA Boulaye,dia boulaye,5.0,5.0,0,0,0,0,0,0,0
2025-2026,3,Lazio,ISAKSEN Gustav,isaksen gustav,,6.0,0,0,0,0,0,0,0
2025-2026,3,Lazio,NOSLIN Tijjani,noslin tijjani,,,0,0,0,0,0,0,0
2025-2026,3,Lazio,PEDRO,pedro,5.5,5.5,0,0,0,0,0,0,0
2025-2026,3,Lazio,ZACCAGNI Mattia,zaccagni mattia,5.0,5.0,0,0,0,0,0,0,0
2025-2026,3,Lecce,FALCONE Wladimiro,falcone wladimiro,6.0,2.0,-4,0,0,0,0,0,0
2025-2026,3,Lecce,FRUCHTL Christian,fruchtl christian,,,0,0,0,0,0,0,0
2025-2026,3,Lecce,SAMOOJA Jasper,samooja jasper,,,0,0,0,0,0,0,0
2025-2026,3,Lecce,ESTEBAN Paco,esteban paco,,,0,0,0,0,0,0,0
2025-2026,3,Lecce,GABRIEL Tiago,gabriel tiago,,6.0,0,0,0,0,0,0,0
2025-2026,3,Lecce,GALLO Antonino,gallo antonino,6.0,6.0,0,0,0,0,0,0,0
2025-2026,3,Lecce,GASPAR Kialonda,gaspar kialonda,5.0,5.0,0,0,0,0,0,0,0
2025-2026,3,Lecce,GUILBERT Frederic,guilbert frederic,,,0,0,0,0,0,0,0
2025-2026,3,Lecce,JEAN Gaby,jean gaby,,,0,0,0,0,0,0,0
2025-2026,3,Lecce,KOUASSI Owen,kouassi owen,5.5,5.5,0,0,0,0,0,0,0
2025-2026,3,Lecce,NDABA Corrie,ndaba corrie,,,0,0,0,0,0,0,0
2025-2026,3,Lecce,PEHLIVANOV Cristian,pehlivanov cristian,,,0,0,0,0,0,0,0
2025-2026,3,Lecce,PEREZ Matias,perez matias,,,0,0,0,0,0,0,0
2025-2026,3,Lecce,SCOTT Elijah,scott elijah,,,0,0,0,0,0,0,0
2025-2026,3,Lecce,SIEBERT Jamil,siebert jamil,4.5,4.5,0,0,0,0,0,0,0
2025-2026,3,Lecce,VEIGA Danilo,veiga danilo,5.5,6.5,0,1,0,0,0,0,0
2025-2026,3,Lecce,BERISHA Medon,berisha medon,,,0,0,0,0,0,0,0
2025-2026,3,Lecce,COULIBALY Lassana,coulibaly lassana,5.5,5.5,0,0,0,0,0,0,0
2025-2026,3,Lecce,GORTER Olaf,gorter olaf,,,0,0,0,0,0,0,0
2025-2026,3,Lecce,HELGASON Thorir,helgason thorir,,,0,0,0,0,0,0,0
2025-2026,3,Lecce,KABA Mohamed,kaba mohamed,,,0,0,0,0,0,0,0
2025-2026,3,Lecce,MALEH Youssef,maleh youssef,,,0,0,0,0,0,0,0
2025-2026,3,Lecce,MARCHWINSKI Filip,marchwinski filip,,,0,0,0,0,0,0,0
2025-2026,3,Lecce,PIERRET Balthazar,pierret balthazar,,,0,0,0,0,0,0,0
2025-2026,3,Lecce,RAFIA Hamza,rafia hamza,,,0,0,0,0,0,0,0
2025-2026,3,Lecce,RAMADANI Ylber,ramadani ylber,5.5,5.5,0,0,0,0,0,0,0
2025-2026,3,Lecce,SALA Alex,sala alex,5.5,5.5,0,0,0,0,0,0,0
2025-2026,3,Lecce,SOTTIL Riccardo,sottil riccardo,5.5,5.5,0,0,0,0,0,0,0
2025-2026,3,Lecce,BANDA Lameck,banda lameck,,,0,0,0,0,0,0,0
2025-2026,3,Lecce,CAMARDA Francesco,camarda francesco,5.5,5.5,0,0,0,0,0,0,0
2025-2026,3,Lecce,MORENTE Tete,morente tete,5.5,5.5,0,0,0,0,0,0,0
2025-2026,3,Lecce,N'DRI Konan,n'dri konan,7.0,10.0,1,0,0,0,0,0,0
2025-2026,3,Lecce,PIEROTTI Santiago,pierotti santiago,5.5,5.5,0,0,0,0,0,0,0
2025-2026,3,Lecce,STULIC Nikola,stulic nikola,6.0,6.0,0,0,0,0,0,0,0
2025-2026,3,Milan,MAIGNAN Mike,maignan mike,6.0,7.0,0,0,0,0,0,0,0
2025-2026,3,Milan,TERRACCIANO Pietro,terracciano pietro,,7.0,0,0,0,0,0,0,0
2025-2026,3,Milan,TORRIANI Lorenzo,torriani lorenzo,,,0,0,0,0,0,0,0
2025-2026,3,Milan,ATHEKAME Zachary,athekame zachary,,,0,0,0,0,0,0,0
2025-2026,3,Milan,BARTESAGHI Davide,bartesaghi davide,,,0,0,0,0,0,0,0
2025-2026,3,Milan,DE WINTER Koni,de winter koni,6.0,6.0,0,0,0,0,0,0,0
2025-2026,3,Milan,ESTUPINAN Pervis,estupinan pervis,6.0,5.5,0,0,1,0,0,0,0
2025-2026,3,Milan,GABBIA Matteo,gabbia matteo,6.5,6.5,0,0,0,0,0,0,0
2025-2026,3,Milan,ODOGU David,odogu david,,,0,0,0,0,0,0,0
2025-2026,3,Milan,PAVLOVIC Strahinja,pavlovic strahinja,6.0,6.0,0,0,0,0,0,0,0
2025-2026,3,Milan,TOMORI Fikayo,tomori fikayo,6.5,6.0,0,0,1,0,0,0,0
2025-2026,3,Milan,FOFANA Youssouf,fofana youssouf,6.0,6.0,0,0,0,0,0,0,0
2025-2026,3,Milan,JASHARI Ardon,jashari ardon,,,0,0,0,0,0,0,0
2025-2026,3,Milan,LOFTUS-CHEEK Ruben,loftus-cheek ruben,6.5,6.5,0,0,0,0,0,0,0
2025-2026,3,Milan,MODRIC Luka,modric luka,8.0,11.0,1,0,0,0,0,0,0
2025-2026,3,Milan,RABIOT Adrien,rabiot adrien,6.5,6.5,0,0,0,0,0,0,0
2025-2026,3,Milan,RICCI Samuele,ricci samuele,6.5,6.5,0,0,0,0,0,0,0
2025-2026,3,Milan,SAELEMAEKERS Alexis,saelemaekers alexis,6.5,7.0,0,1,1,0,0,0,0
2025-2026,3,Milan,TRAORE Chaka,traore chaka,,,0,0,0,0,0,0,0
2025-2026,3,Milan,VOS Silvano,vos silvano,,,0,0,0,0,0,0,0
2025-2026,3,Milan,BALENTIEN Chevejo,balentien chevejo,,,0,0,0,0,0,0,0
2025-2026,3,Milan,GIMENEZ Santiago,gimenez santiago,5.0,5.0,0,0,0,0,0,0,0
2025-2026,3,Milan,LEAO Rafael,leao rafael,,,0,0,0,0,0,0,0
2025-2026,3,Milan,NKUNKU Cristopher,nkunku cristopher,6.5,6.5,0,0,0,0,0,0,0
2025-2026,3,Milan,PULISIC Christian,pulisic christian,6.5,6.5,0,0,0,0,0,0,0
2025-2026,3,Napoli,CONTINI Nikita,contini nikita,,,0,0,0,0,0,0,0
2025-2026,3,Napoli,MERET Alex,meret alex,,,0,0,0,0,0,0,0
2025-2026,3,Napoli,MILINKOVIC Vanja,milinkovic vanja,6.5,5.5,-1,0,0,0,0,0,0
2025-2026,3,Napoli,BEUKEMA Sam,beukema sam,7.0,10.0,1,0,0,0,0,0,0
2025-2026,3,Napoli,BUONGIORNO Alessand.,buongiorno alessand.,6.5,6.5,0,0,0,0,0,0,0
2025-2026,3,Napoli,DI LORENZO Giovanni,di lorenzo giovanni,6.5,6.5,0,0,0,0,0,0,0
2025-2026,3,Napoli,GUTIERREZ Miguel,gutierrez miguel,,,0,0,0,0,0,0,0
2025-2026,3,Napoli,JESUS Juan,jesus juan,,,0,0,0,0,0,0,0
2025-2026,3,Napoli,MARIANUCCI Luca,marianucci luca,,,0,0,0,0,0,0,0
2025-2026,3,Napoli,MAZZOCCHI Pasquale,mazzocchi pasquale,,,0,0,0,0,0,0,0
2025-2026,3,Napoli,OLIVERA Mathias,olivera mathias,5.5,5.5,0,0,0,0,0,0,0
2025-2026,3,Napoli,RRAHMANI Amir,rrahmani amir,,,0,0,0,0,0,0,0
2025-2026,3,Napoli,SPINAZZOLA Leonardo,spinazzola leonardo,6.5,7.5,0,1,0,0,0,0,0
2025-2026,3,Napoli,ANGUISSA Andre' Zam.,anguissa andre' zam.,7.5,8.5,0,1,0,0,0,0,0
2025-2026,3,Napoli,DE BRUYNE Kevin,de bruyne kevin,7.0,10.0,1,0,0,0,0,1,0
2025-2026,3,Napoli,ELMAS Eljif,elmas eljif,6.0,6.0,0,0,0,0,0,0,0
2025-2026,3,Napoli,GILMOUR Billy,gilmour billy,,,0,0,0,0,0,0,0
2025-2026,3,Napoli,LOBOTKA Stanislav,lobotka stanislav,6.5,6.5,0,0,0,0,0,0,0
2025-2026,3,Napoli,MCTOMINAY Scott,mctominay scott,6.5,6.5,0,0,0,0,0,0,0
2025-2026,3,Napoli,VERGARA Antonio,vergara antonio,,,0,0,0,0,0,0,0
2025-2026,3,Napoli,AMBROSINO Giuseppe,ambrosino giuseppe,,,0,0,0,0,0,0,0
2025-2026,3,Napoli,HOJLUND Rasmus,hojlund rasmus,7.5,10.5,1,0,0,0,0,0,0
2025-2026,3,Napoli,LANG Noa,lang noa,,,0,0,0,0,0,0,0
2025-2026,3,Napoli,LUCCA Lorenzo,lucca lorenzo,5.0,5.0,0,0,0,0,0,0,0
2025-2026,3,Napoli,LUKAKU Romelu,lukaku romelu,,,0,0,0,0,0,0,0
2025-2026,3,Napoli,NERES David,neres david,6.0,6.0,0,0,0,0,0,0,0
2025-2026,3,Napoli,POLITANO Matteo,politano matteo,6.5,6.5,0,0,0,0,0,0,0
2025-2026,3,Roma,GOLLINI Pierluigi,gollini pierluigi,,,0,0,0,0,0,0,0
2025-2026,3,Roma,SVILAR Mile,svilar mile,7.0,6.0,-1,0,0,0,0,0,0
2025-2026,3,Roma,VASQUEZ Devis,vasquez devis,,,0,0,0,0,0,0,0
2025-2026,3,Roma,ANGELINO Jose',angelino jose',4.5,4.0,0,0,1,0,0,0,0
2025-2026,3,Roma,CELIK Zeki,celik zeki,,6.0,0,0,0,0,0,0,0
2025-2026,3,Roma,GHILARDI Daniele,ghilardi daniele,,,0,0,0,0,0,0,0
2025-2026,3,Roma,HERMOSO Mario,hermoso mario,5.0,5.0,0,0,0,0,0,0,0
2025-2026,3,Roma,MANCINI Gianluca,mancini gianluca,5.5,5.5,0,0,0,0,0,0,0
2025-2026,3,Roma,NDICKA Evan,ndicka evan,6.0,6.0,0,0,0,0,0,0,0
2025-2026,3,Roma,RENSCH Devyne,rensch devyne,,,0,0,0,0,0,0,0
2025-2026,3,Roma,SANGARe' Buba,sangare' buba,,,0,0,0,0,0,0,0
2025-2026,3,Roma,TSIMIKAS Konstantin.,tsimikas konstantin.,,,0,0,0,0,0,0,0
2025-2026,3,Roma,WESLEY,wesley,5.0,4.5,0,0,1,0,0,0,0
2025-2026,3,Roma,ZIOLKOWSKI Jan,ziolkowski jan,,,0,0,0,0,0,0,0
2025-2026,3,Roma,BALDANZI Tommaso,baldanzi tommaso,4.5,4.5,0,0,0,0,0,0,0
2025-2026,3,Roma,CRISTANTE Bryan,cristante bryan,5.0,5.0,0,0,0,0,0,0,0
2025-2026,3,Roma,EL AYNAOUI Neil,el aynaoui neil,4.5,4.5,0,0,0,0,0,0,0
2025-2026,3,Roma,EL SHAARAWY Stephan,el shaarawy stephan,,6.0,0,0,0,0,0,0,0
2025-2026,3,Roma,KONE' Manu,kone' manu,5.5,5.5,0,0,0,0,0,0,0
2025-2026,3,Roma,PELLEGRINI Lorenzo,pellegrini lorenzo,,,0,0,0,0,0,0,0
2025-2026,3,Roma,PISILLI Niccolo',pisilli niccolo',5.5,5.5,0,0,0,0,0,0,0
2025-2026,3,Roma,ROMANO Alessandro,romano alessandro,,,0,0,0,0,0,0,0
2025-2026,3,Roma,ARENA Antonio,arena antonio,,,0,0,0,0,0,0,0
2025-2026,3,Roma,BAILEY Leon,bailey leon,,,0,0,0,0,0,0,0
2025-2026,3,Roma,DOVBYK Artem,dovbyk artem,,,0,0,0,0,0,0,0
2025-2026,3,Roma,DYBALA Paulo,dybala paulo,5.5,5.5,0,0,0,0,0,0,0
2025-2026,3,Roma,FERGUSON Evan,ferguson evan,5.0,5.0,0,0,0,0,0,0,0
2025-2026,3,Roma,SOULE' Matias,soule' matias,6.0,6.0,0,0,0,0,0,0,0
2025-2026,3,Sassuolo,MURIC Arijanet,muric arijanet,7.0,8.0,0,0,0,0,0,0,0
2025-2026,3,Sassuolo,SATALINO Giacomo,satalino giacomo,,,0,0,0,0,0,0,0
2025-2026,3,Sassuolo,TURATI Stefano,turati stefano,,,0,0,0,0,0,0,0
2025-2026,3,Sassuolo,ZACCHI Gioele,zacchi gioele,,,0,0,0,0,0,0,0
2025-2026,3,Sassuolo,CANDE' Fali,cande' fali,,,0,0,0,0,0,0,0
2025-2026,3,Sassuolo,COULIBALY Woyo,coulibaly woyo,6.5,6.5,0,0,0,0,0,0,0
2025-2026,3,Sassuolo,DOIG Josh,doig josh,6.0,5.5,0,0,1,0,0,0,0
2025-2026,3,Sassuolo,IDZES Jay,idzes jay,6.0,6.0,0,0,0,0,0,0,0
2025-2026,3,Sassuolo,MUHAREMOVIC Tarik,muharemovic tarik,7.0,7.5,0,1,1,0,0,0,0
2025-2026,3,Sassuolo,PAZ Yeferson,paz yeferson,,,0,0,0,0,0,0,0
2025-2026,3,Sassuolo,PIERAGNOLO Edoardo,pieragnolo edoardo,,,0,0,0,0,0,0,0
2025-2026,3,Sassuolo,ROMAGNA Filippo,romagna filippo,,,0,0,0,0,0,0,0
2025-2026,3,Sassuolo,WALUKIEWICZ Sebasti.,walukiewicz sebasti.,5.5,5.5,0,0,0,0,0,0,0
2025-2026,3,Sassuolo,BOLOCA Daniel,boloca daniel,,,0,0,0,0,0,0,0
2025-2026,3,Sassuolo,FADERA Alieu,fadera alieu,7.0,10.0,1,0,0,0,0,0,0
2025-2026,3,Sassuolo,IANNONI Edoardo,iannoni edoardo,,,0,0,0,0,0,0,0
2025-2026,3,Sassuolo,KONE Ismael,kone ismael,6.0,6.0,0,0,0,0,0,0,0
2025-2026,3,Sassuolo,LIPANI Luca,lipani luca,,,0,0,0,0,0,0,0
2025-2026,3,Sassuolo,MATIC Nemanja,matic nemanja,7.0,6.5,0,0,1,0,0,0,0
2025-2026,3,Sassuolo,THORSTVEDT Kristian,thorstvedt kristian,,6.0,0,0,0,0,0,0,0
2025-2026,3,Sassuolo,VOLPATO Cristian,volpato cristian,6.5,6.0,0,0,1,0,0,0,0
2025-2026,3,Sassuolo,VRANCKX Aster,vranckx aster,6.0,5.5,0,0,1,0,0,0,0
2025-2026,3,Sassuolo,BERARDI Domenico,berardi domenico,6.0,6.0,0,0,0,0,0,0,0
2025-2026,3,Sassuolo,CHEDDIRA Walid,cheddira walid,,6.0,0,0,0,0,0,0,0
2025-2026,3,Sassuolo,LAURIENTE' Armand,lauriente' armand,6.5,6.5,0,0,0,0,0,0,0
2025-2026,3,Sassuolo,MORO Luca,moro luca,,,0,0,0,0,0,0,0
2025-2026,3,Sassuolo,PIERINI Nicholas,pierini nicholas,,,0,0,0,0,0,0,0
2025-2026,3,Sassuolo,PINAMONTI Andrea,pinamonti andrea,6.5,6.0,0,0,1,0,0,0,0
2025-2026,3,Sassuolo,SKJELLERUP Laurs,skjellerup laurs,,,0,0,0,0,0,0,0
2025-2026,3,Torino,ISRAEL Franco,israel franco,6.5,7.5,0,0,0,0,0,0,0
2025-2026,3,Torino,PALEARI Alberto,paleari alberto,,,0,0,0,0,0,0,0
2025-2026,3,Torino,POPA Mihai,popa mihai,,,0,0,0,0,0,0,0
2025-2026,3,Torino,BIRAGHI Cristiano,biraghi cristiano,6.5,6.5,0,0,0,0,0,0,0
2025-2026,3,Torino,COCO Saul,coco saul,7.0,7.0,0,0,0,0,0,0,0
2025-2026,3,Torino,DEMBELE' Ali,dembele' ali,,,0,0,0,0,0,0,0
2025-2026,3,Torino,ISMAJLI Ardian,ismajli ardian,7.0,6.5,0,0,1,0,0,0,0
2025-2026,3,Torino,LAZARO Valentino,lazaro valentino,6.5,6.5,0,0,0,0,0,0,0
2025-2026,3,Torino,MARIPAN Guillermo,maripan guillermo,7.5,7.5,0,0,0,0,0,0,0
2025-2026,3,Torino,MASINA Adam,masina adam,,,0,0,0,0,0,0,0
2025-2026,3,Torino,NKOUNKOU Niels,nkounkou niels,,,0,0,0,0,0,0,0
2025-2026,3,Torino,PEDERSEN Marcus,pedersen marcus,,,0,0,0,0,0,0,0
2025-2026,3,Torino,PEREZ Alex,perez alex,,,0,0,0,0,0,0,0
2025-2026,3,Torino,SAZONOV Saba,sazonov saba,,,0,0,0,0,0,0,0
2025-2026,3,Torino,SCHUURS Perr,schuurs perr,,,0,0,0,0,0,0,0
2025-2026,3,Torino,ZAIA Edoardo,zaia edoardo,,,0,0,0,0,0,0,0
2025-2026,3,Torino,ANJORIN Tino,anjorin tino,,6.0,0,0,0,0,0,0,0
2025-2026,3,Torino,ASLLANI Kristjan,asllani kristjan,7.5,7.0,0,0,1,0,0,0,0
2025-2026,3,Torino,CASADEI Cesare,casadei cesare,6.0,6.0,0,0,0,0,0,0,0
2025-2026,3,Torino,GINEITIS Gvidas,gineitis gvidas,,,0,0,0,0,0,0,0
2025-2026,3,Torino,ILIC Ivan,ilic ivan,6.0,6.0,0,0,0,0,0,0,0
2025-2026,3,Torino,ILKHAN Emirhan,ilkhan emirhan,,,0,0,0,0,0,0,0
2025-2026,3,Torino,PERCIUN Sergiu,perciun sergiu,,,0,0,0,0,0,0,0
2025-2026,3,Torino,TAMEZE Adrien,tameze adrien,,6.0,0,0,0,0,0,0,0
2025-2026,3,Torino,VLASIC Nikola,vlasic nikola,7.5,7.5,0,0,0,0,0,0,0
2025-2026,3,Torino,ABOUKHLAL Zakaria,aboukhlal zakaria,7.0,6.5,0,0,1,0,0,0,0
2025-2026,3,Torino,ADAMS Che',adams che',6.5,6.5,0,0,0,0,0,0,0
2025-2026,3,Torino,GABELLINI Tommaso,gabellini tommaso,,,0,0,0,0,0,0,0
2025-2026,3,Torino,NGONGE Cyril,ngonge cyril,7.0,8.0,0,1,0,0,0,0,0
2025-2026,3,Torino,NJIE Alieu,njie alieu,,,0,0,0,0,0,0,0
2025-2026,3,Torino,SAVVA Zanos,savva zanos,,,0,0,0,0,0,0,0
2025-2026,3,Torino,SIMEONE Giovanni,simeone giovanni,8.0,11.0,1,0,0,0,0,0,0
2025-2026,3,Torino,ZAPATA Duvan,zapata duvan,,,0,0,0,0,0,0,0
2025-2026,3,Udinese,NUNZIANTE Alessandro,nunziante alessandro,,,0,0,0,0,0,0,0
2025-2026,3,Udinese,OKOYE Maduka,okoye maduka,,,0,0,0,0,0,0,0
2025-2026,3,Udinese,PADELLI Daniele,padelli daniele,,,0,0,0,0,0,0,0
2025-2026,3,Udinese,SAVA Razvan,sava razvan,5.0,6.0,0,0,0,0,0,0,0
2025-2026,3,Udinese,BERTOLA Nicolo',bertola nicolo',6.0,6.0,0,0,0,0,0,0,0
2025-2026,3,Udinese,EHIZIBUE Kingsley,ehizibue kingsley,6.0,6.0,0,0,0,0,0,0,0
2025-2026,3,Udinese,GOGLICHIDZE Saba,goglichidze saba,,6.0,0,0,0,0,0,0,0
2025-2026,3,Udinese,KABASELE Christian,kabasele christian,,,0,0,0,0,0,0,0
2025-2026,3,Udinese,KAMARA Hassane,kamara hassane,6.0,5.5,0,0,1,0,0,0,0
2025-2026,3,Udinese,KRISTENSEN Thomas,kristensen thomas,7.0,7.0,0,0,0,0,0,0,0
2025-2026,3,Udinese,MODESTO Rui,modesto rui,,,0,0,0,0,0,0,0
2025-2026,3,Udinese,PALMA Matteo,palma matteo,,,0,0,0,0,0,0,0
2025-2026,3,Udinese,SOLET Oumar,solet oumar,6.0,6.0,0,0,0,0,0,0,0
2025-2026,3,Udinese,ZANOLI Alessandro,zanoli alessandro,,,0,0,0,0,0,0,0
2025-2026,3,Udinese,ZEMURA Jordan,zemura jordan,,6.0,0,0,0,0,0,0,0
2025-2026,3,Udinese,ATTA Arthur,atta arthur,6.0,6.0,0,0,0,0,0,0,0
2025-2026,3,Udinese,EKKELENKAMP Jurgen,ekkelenkamp jurgen,,,0,0,0,0,0,0,0
2025-2026,3,Udinese,KARLSTROM Jesper,karlstrom jesper,6.0,5.5,0,0,1,0,0,0,0
2025-2026,3,Udinese,LOVRIC Sandi,lovric sandi,,,0,0,0,0,0,0,0
2025-2026,3,Udinese,MILLER Lennon,miller lennon,,,0,0,0,0,0,0,0
2025-2026,3,Udinese,PEJICIC David,pejicic david,,,0,0,0,0,0,0,0
2025-2026,3,Udinese,PIOTROWSKI Jakub,piotrowski jakub,5.5,5.5,0,0,0,0,0,0,0
2025-2026,3,Udinese,ZANIOLO Nicolo',zaniolo nicolo',5.5,5.5,0,0,0,0,0,0,0
2025-2026,3,Udinese,ZARRAGA Oier,zarraga oier,6.0,6.0,0,0,0,0,0,0,0
2025-2026,3,Udinese,BAYO Vakoun,bayo vakoun,,,0,0,0,0,0,0,0
2025-2026,3,Udinese,BRAVO Iker,bravo iker,7.0,10.0,1,0,0,0,0,0,0
2025-2026,3,Udinese,BUKSA Adam,buksa adam,6.0,6.0,0,0,0,0,0,0,0
2025-2026,3,Udinese,DAVIS Keinan,davis keinan,5.5,5.5,0,0,0,0,0,0,0
2025-2026,3,Udinese,GUEYE Idrissa,gueye idrissa,,,0,0,0,0,0,0,0
2025-2026,3,Udinese,VINCIATI Giulio,vinciati giulio,,,0,0,0,0,0,0,0
2025-2026,3,Verona,MONTIPO' Lorenzo,montipo' lorenzo,6.0,7.0,0,0,0,0,0,0,0
2025-2026,3,Verona,PERILLI Simone,perilli simone,,,0,0,0,0,0,0,0
2025-2026,3,Verona,BELGHALI Rafik,belghali rafik,6.0,6.0,0,0,0,0,0,0,0
2025-2026,3,Verona,BELLA-KOTCHAP Armel,bella-kotchap armel,6.0,6.0,0,0,0,0,0,0,0
2025-2026,3,Verona,BRADARIC Domagoj,bradaric domagoj,5.5,5.5,0,0,0,0,0,0,0
2025-2026,3,Verona,CHAM Fallou,cham fallou,,,0,0,0,0,0,0,0
2025-2026,3,Verona,EBOSSE Enzo,ebosse enzo,,,0,0,0,0,0,0,0
2025-2026,3,Verona,FRESE Martin,frese martin,6.0,6.0,0,0,0,0,0,0,0
2025-2026,3,Verona,KURTI Adi,kurti adi,,,0,0,0,0,0,0,0
2025-2026,3,Verona,NELSSON Victor,nelsson victor,6.5,6.5,0,0,0,0,0,0,0
2025-2026,3,Verona,NUNEZ Unai,nunez unai,6.5,6.5,0,0,0,0,0,0,0
2025-2026,3,Verona,OYEGOKE Daniel,oyegoke daniel,,,0,0,0,0,0,0,0
2025-2026,3,Verona,SLOTSAGER Tobias,slotsager tobias,,,0,0,0,0,0,0,0
2025-2026,3,Verona,VALENTINI Nicolas,valentini nicolas,,,0,0,0,0,0,0,0
2025-2026,3,Verona,YELLU Santiago,yellu santiago,,,0,0,0,0,0,0,0
2025-2026,3,Verona,AKPA-AKPRO Jean-Dan.,akpa-akpro jean-dan.,6.0,6.0,0,0,0,0,0,0,0
2025-2026,3,Verona,AL-MUSRATI Moatasem,al-musrati moatasem,,6.0,0,0,0,0,0,0,0
2025-2026,3,Verona,BERNEDE Antoine,bernede antoine,6.5,6.5,0,0,0,0,0,0,0
2025-2026,3,Verona,GAGLIARDINI Roberto,gagliardini roberto,6.0,6.0,0,0,0,0,0,0,0
2025-2026,3,Verona,HARROUI Abdou,harroui abdou,,,0,0,0,0,0,0,0
2025-2026,3,Verona,KASTANOS Grigoris,kastanos grigoris,,,0,0,0,0,0,0,0
2025-2026,3,Verona,NIASSE Cheikh,niasse cheikh,,6.0,0,0,0,0,0,0,0
2025-2026,3,Verona,SERDAR Suat,serdar suat,7.0,6.5,0,0,1,0,0,0,0
2025-2026,3,Verona,SUSLOV Tomas,suslov tomas,,,0,0,0,0,0,0,0
2025-2026,3,Verona,YILDIZ Veis,yildiz veis,,,0,0,0,0,0,0,0
2025-2026,3,Verona,AJAYI Junior,ajayi junior,,,0,0,0,0,0,0,0
2025-2026,3,Verona,GIOVANE Do Nascimie.,giovane do nascimie.,7.0,6.5,0,0,1,0,0,0,0
2025-2026,3,Verona,LUNA Agustin,luna agustin,,,0,0,0,0,0,0,0
2025-2026,3,Verona,MOSQUERA Daniel,mosquera daniel,,,0,0,0,0,0,0,0
2025-2026,3,Verona,ORBAN Gift,orban gift,6.0,6.0,0,0,0,0,0,0,0
2025-2026,3,Verona,SARR Amin,sarr amin,,6.0,0,0,0,0,0,0,0
2025-2026,3,Cremonese,AUDERO Emil,audero emil,8.0,9.0,0,0,0,0,0,0,0
2025-2026,3,Cremonese,MALOVEC Adrian,malovec adrian,,,0,0,0,0,0,0,0
2025-2026,3,Cremonese,NAVA Lapo,nava lapo,,,0,0,0,0,0,0,0
2025-2026,3,Cremonese,SILVESTRI Marco,silvestri marco,,,0,0,0,0,0,0,0
2025-2026,3,Cremonese,BARBIERI Tommaso,barbieri tommaso,,,0,0,0,0,0,0,0
2025-2026,3,Cremonese,BASCHIROTTO Federico,baschirotto federico,6.0,6.0,0,0,0,0,0,0,0
2025-2026,3,Cremonese,BIANCHETTI Matteo,bianchetti matteo,5.5,5.5,0,0,0,0,0,0,0
2025-2026,3,Cremonese,CECCHERINI Federico,ceccherini federico,,,0,0,0,0,0,0,0
2025-2026,3,Cremonese,FAYE Mikayil,faye mikayil,,,0,0,0,0,0,0,0
2025-2026,3,Cremonese,FLORIANI MUSSOLINI .,floriani mussolini .,,,0,0,0,0,0,0,0
2025-2026,3,Cremonese,FOLINO Francesco,folino francesco,,,0,0,0,0,0,0,0
2025-2026,3,Cremonese,PEZZELLA Giuseppe,pezzella giuseppe,5.0,5.0,0,0,0,0,0,0,0
2025-2026,3,Cremonese,SERNICOLA Leonardo,sernicola leonardo,,,0,0,0,0,0,0,0
2025-2026,3,Cremonese,TERRACCIANO Filippo,terracciano filippo,6.0,6.0,0,0,0,0,0,0,0
2025-2026,3,Cremonese,BONDO Warren,bondo warren,5.0,5.0,0,0,0,0,0,0,0
2025-2026,3,Cremonese,COLLOCOLO Michele,collocolo michele,6.0,5.5,0,0,1,0,0,0,0
2025-2026,3,Cremonese,GRASSI Alberto,grassi alberto,6.5,6.5,0,0,0,0,0,0,0
2025-2026,3,Cremonese,LORDKIPANIDZE Dachi,lordkipanidze dachi,,,0,0,0,0,0,0,0
2025-2026,3,Cremonese,PAYERO Martin,payero martin,,,0,0,0,0,0,0,0
2025-2026,3,Cremonese,VALOTI Mattia,valoti mattia,,,0,0,0,0,0,0,0
2025-2026,3,Cremonese,VANDEPUTTE Jari,vandeputte jari,6.0,6.0,0,0,0,0,0,0,0
2025-2026,3,Cremonese,BONAZZOLI Federico,bonazzoli federico,5.5,5.5,0,0,0,0,0,0,0
2025-2026,3,Cremonese,DE LUCA Manuel,de luca manuel,,,0,0,0,0,0,0,0
2025-2026,3,Cremonese,JOHNSEN Dennis,johnsen dennis,,,0,0,0,0,0,0,0
2025-2026,3,Cremonese,MOUMBAGNA Faris,moumbagna faris,,,0,0,0,0,0,0,0
2025-2026,3,Cremonese,OKEREKE David,okereke david,,,0,0,0,0,0,0,0
2025-2026,3,Cremonese,SANABRIA Antonio,sanabria antonio,5.0,5.0,0,0,0,0,0,0,0
2025-2026,3,Cremonese,SARMIENTO Jeremy,sarmiento jeremy,6.0,6.0,0,0,0,0,0,0,0
2025-2026,3,Cremonese,VARDY Jamie,vardy jamie,6.0,6.0,0,0,0,0,0,0,0
2025-2026,3,Cremonese,VAZQUEZ Franco,vazquez franco,6.0,6.0,0,0,0,0,0,0,0
2025-2026,3,Cremonese,ZERBIN Alessio,zerbin alessio,5.5,5.5,0,0,0,0,0,0,0
2025-2026,3,Parma,CORVI Edoardo,corvi edoardo,,,0,0,0,0,0,0,0
2025-2026,3,Parma,RINALDI Filippo,rinaldi filippo,,,0,0,0,0,0,0,0
2025-2026,3,Parma,SUZUKI Zion,suzuki zion,5.0,3.0,-2,0,0,0,0,0,0
2025-2026,3,Parma,BRITSCHGI Sascha,britschgi sascha,,,0,0,0,0,0,0,0
2025-2026,3,Parma,CIRCATI Alessandro,circati alessandro,5.5,5.5,0,0,0,0,0,0,0
2025-2026,3,Parma,DEL PRATO Enrico,del prato enrico,5.5,5.5,0,0,0,0,0,0,0
2025-2026,3,Parma,LOVIK Mathias,lovik mathias,5.5,5.5,0,0,0,0,0,0,0
2025-2026,3,Parma,NDIAYE Abdoulaye,ndiaye abdoulaye,5.5,5.5,0,0,0,0,0,0,0
2025-2026,3,Parma,TRABUCCHI Nicolas,trabucchi nicolas,,,0,0,0,0,0,0,0
2025-2026,3,Parma,TROILO Mariano,troilo mariano,,,0,0,0,0,0,0,0
2025-2026,3,Parma,VALENTI Lautaro,valenti lautaro,,,0,0,0,0,0,0,0
2025-2026,3,Parma,VALERI Emanuele,valeri emanuele,6.5,6.5,0,0,0,0,0,0,0
2025-2026,3,Parma,BERNABE' Adrian,bernabe' adrian,7.0,7.0,0,0,0,0,0,0,0
2025-2026,3,Parma,CREMASCHI Benjamin,cremaschi benjamin,,,0,0,0,0,0,0,0
2025-2026,3,Parma,ESTEVEZ Nahuel,estevez nahuel,,6.0,0,0,0,0,0,0,0
2025-2026,3,Parma,HERNANI,hernani,,,0,0,0,0,0,0,0
2025-2026,3,Parma,KEITA Mandela,keita mandela,,,0,0,0,0,0,0,0
2025-2026,3,Parma,ORDONEZ Christian,ordonez christian,5.5,5.0,0,0,1,0,0,0,0
2025-2026,3,Parma,ORISTANIO Gaetano,oristanio gaetano,6.0,6.0,0,0,0,0,0,0,0
2025-2026,3,Parma,PLICCO Elia,plicco elia,,,0,0,0,0,0,0,0
2025-2026,3,Parma,SORENSEN Oliver,sorensen oliver,5.0,5.0,0,0,0,0,0,0,0
2025-2026,3,Parma,ALMQVIST Pontus,almqvist pontus,6.5,6.5,0,0,0,0,0,0,0
2025-2026,3,Parma,BEGIC Tjas,begic tjas,,,0,0,0,0,0,0,0
2025-2026,3,Parma,BENEDYCZAK Adrian,benedyczak adrian,,,0,0,0,0,0,0,0
2025-2026,3,Parma,CUTRONE Patrick,cutrone patrick,6.5,6.5,0,0,0,0,0,0,0
2025-2026,3,Parma,DJURIC Milan,djuric milan,,,0,0,0,0,0,0,0
2025-2026,3,Parma,FRIGAN Matija,frigan matija,,,0,0,0,0,0,0,0
2025-2026,3,Parma,ONDREJKA Jacob,ondrejka jacob,,,0,0,0,0,0,0,0
2025-2026,3,Parma,PELLEGRINO Mateo,pellegrino mateo,5.0,5.0,0,0,0,0,0,0,0
2025-2026,3,Pisa,NICOLAS,nicolas,,,0,0,0,0,0,0,0
2025-2026,3,Pisa,SCUFFET Simone,scuffet simone,,,0,0,0,0,0,0,0
2025-2026,3,Pisa,SEMPER Adrian,semper adrian,5.5,4.5,-1,0,0,0,0,0,0
2025-2026,3,Pisa,ALBIOL Raul,albiol raul,,,0,0,0,0,0,0,0
2025-2026,3,Pisa,ANGORI Samuele,angori samuele,6.0,6.0,0,0,0,0,0,0,0
2025-2026,3,Pisa,BONFANTI Giovanni,bonfanti giovanni,6.0,6.0,0,0,0,0,0,0,0
2025-2026,3,Pisa,CALABRESI Arturo,calabresi arturo,,,0,0,0,0,0,0,0
2025-2026,3,Pisa,CANESTRELLI Simone,canestrelli simone,5.0,5.0,0,0,0,0,0,0,0
2025-2026,3,Pisa,CARACCIOLO Antonio,caracciolo antonio,6.0,5.5,0,0,1,0,0,0,0
2025-2026,3,Pisa,CUADRADO Juan,cuadrado juan,,,0,0,0,0,0,0,0
2025-2026,3,Pisa,DENOON Daniel,denoon daniel,,,0,0,0,0,0,0,0
2025-2026,3,Pisa,ESTEVES Tomas,esteves tomas,,,0,0,0,0,0,0,0
2025-2026,3,Pisa,LUSUARDI Mateus,lusuardi mateus,4.0,4.0,0,0,0,0,0,0,0
2025-2026,3,Pisa,MBAMBI Jeremy,mbambi jeremy,,,0,0,0,0,0,0,0
2025-2026,3,Pisa,AEBISCHER Michel,aebischer michel,5.0,5.0,0,0,0,0,0,0,0
2025-2026,3,Pisa,AKINSANMIRO Ebenezer,akinsanmiro ebenezer,6.0,6.0,0,0,0,0,0,0,0
2025-2026,3,Pisa,HOJHOLT Malthe,hojholt malthe,,,0,0,0,0,0,0,0
2025-2026,3,Pisa,LERIS Mehdi,leris mehdi,6.5,6.5,0,0,0,0,0,0,0
2025-2026,3,Pisa,LORRAN De Sousa,lorran de sousa,,,0,0,0,0,0,0,0
2025-2026,3,Pisa,MARIN Marius,marin marius,,,0,0,0,0,0,0,0
2025-2026,3,Pisa,MAUCCI Giacomo,maucci giacomo,,,0,0,0,0,0,0,0
2025-2026,3,Pisa,PICCININI Gabriele,piccinini gabriele,,,0,0,0,0,0,0,0
2025-2026,3,Pisa,STENGS Calvin,stengs calvin,,,0,0,0,0,0,0,0
2025-2026,3,Pisa,TOURE Idrissa,toure idrissa,6.5,6.5,0,0,0,0,0,0,0
2025-2026,3,Pisa,TRAMONI Matteo,tramoni matteo,6.0,6.0,0,0,0,0,0,0,0
2025-2026,3,Pisa,VURAL Isak,vural isak,,,0,0,0,0,0,0,0
2025-2026,3,Pisa,BUFFON Louis,buffon louis,,,0,0,0,0,0,0,0
2025-2026,3,Pisa,MEISTER Henrik,meister henrik,4.5,4.5,0,0,0,0,0,0,0
2025-2026,3,Pisa,MOREO Stefano,moreo stefano,4.5,4.5,0,0,0,0,0,0,0
2025-2026,3,Pisa,NZOLA M'Bala,nzola m'bala,5.5,5.5,0,0,0,0,0,0,0
2025-2026,3,Como,BUTEZ Jean,butez jean,6.5,5.5,-1,0,0,0,0,0,0
2025-2026,3,Como,CAVLINA Nikola,cavlina nikola,,,0,0,0,0,0,0,0
2025-2026,3,Como,VIGORITO Mauro,vigorito mauro,,,0,0,0,0,0,0,0
2025-2026,3,Como,CARLOS Diego,carlos diego,,,0,0,0,0,0,0,0
2025-2026,3,Como,DOSSENA Alberto,dossena alberto,,,0,0,0,0,0,0,0
2025-2026,3,Como,GOLDANIGA Edoardo,goldaniga edoardo,,,0,0,0,0,0,0,0
2025-2026,3,Como,KEMPF Marc-Oliver,kempf marc-oliver,6.5,6.5,0,0,0,0,0,0,0
2025-2026,3,Como,MORENO Alberto,moreno alberto,,,0,0,0,0,0,0,0
2025-2026,3,Como,POSCH Stefan,posch stefan,,,0,0,0,0,0,0,0
2025-2026,3,Como,RAMON Jacobo,ramon jacobo,5.5,4.5,0,0,0,1,0,0,0
2025-2026,3,Como,ROBERTO Sergi,roberto sergi,6.0,5.5,0,0,1,0,0,0,0
2025-2026,3,Como,SALA Marco,sala marco,,,0,0,0,0,0,0,0
2025-2026,3,Como,SMOLCIC Ivan,smolcic ivan,,,0,0,0,0,0,0,0
2025-2026,3,Como,VALLE Alex,valle alex,6.5,6.0,0,0,1,0,0,0,0
2025-2026,3,Como,VAN DER BREMPT Igna.,van der brempt igna.,,,0,0,0,0,0,0,0
2025-2026,3,Como,VOJVODA Mergim,vojvoda mergim,6.0,6.0,0,0,0,0,0,0,0
2025-2026,3,Como,BALLET Samuel,ballet samuel,,,0,0,0,0,0,0,0
2025-2026,3,Como,BATURINA Martin,baturina martin,,,0,0,0,0,0,0,0
2025-2026,3,Como,CAQUERET Maxence,caqueret maxence,6.5,6.5,0,0,0,0,0,0,0
2025-2026,3,Como,DA CUNHA Lucas,da cunha lucas,6.5,6.5,0,0,0,0,0,0,0
2025-2026,3,Como,PAZ Nico,paz nico,7.0,10.0,1,0,0,0,0,0,0
2025-2026,3,Como,PERRONE Maximo,perrone maximo,6.0,6.0,0,0,0,0,0,0,0
2025-2026,3,Como,ADDAI Jaden,addai jaden,6.0,6.0,0,0,0,0,0,0,0
2025-2026,3,Como,CERRI Alberto,cerri alberto,,,0,0,0,0,0,0,0
2025-2026,3,Como,DIAO Assane,diao assane,,,0,0,0,0,0,0,0
2025-2026,3,Como,DOUVIKAS Tasos,douvikas tasos,6.0,6.0,0,0,0,0,0,0,0
2025-2026,3,Como,KUHN Nicolas,kuhn nicolas,7.0,7.0,0,0,0,0,0,0,0
2025-2026,3,Como,MORATA Alvaro,morata alvaro,5.5,6.5,0,1,0,0,0,0,0
2025-2026,3,Como,RODRIGUEZ Jesus,rodriguez jesus,6.5,6.5,0,0,0,0,0,0,0
2025-2026,4,Atalanta,CARNESECCHI Marco,carnesecchi marco,7.0,11.0,0,0,0,0,0,1,0
2025-2026,4,Atalanta,ROSSI Francesco,rossi francesco,,,0,0,0,0,0,0,0
2025-2026,4,Atalanta,SPORTIELLO Marco,sportiello marco,,,0,0,0,0,0,0,0
2025-2026,4,Atalanta,AHANOR Honest,ahanor honest,6.5,6.5,0,0,0,0,0,0,0
2025-2026,4,Atalanta,BAKKER Mitchel,bakker mitchel,,,0,0,0,0,0,0,0
2025-2026,4,Atalanta,BELLANOVA Raoul,bellanova raoul,6.5,6.5,0,0,0,0,0,0,0
2025-2026,4,Atalanta,BERNASCONI Lorenzo,bernasconi lorenzo,,,0,0,0,0,0,0,0
2025-2026,4,Atalanta,COMI Pietro,comi pietro,,,0,0,0,0,0,0,0
2025-2026,4,Atalanta,DJIMSITI Berat,djimsiti berat,6.0,6.0,0,0,0,0,0,0,0
2025-2026,4,Atalanta,HIEN Isak,hien isak,6.5,6.5,0,0,0,0,0,0,0
2025-2026,4,Atalanta,KOLASINAC Sead,kolasinac sead,,,0,0,0,0,0,0,0
2025-2026,4,Atalanta,KOSSOUNOU Odilon,kossounou odilon,6.5,6.5,0,0,0,0,0,0,0
2025-2026,4,Atalanta,SCALVINI Giorgio,scalvini giorgio,,,0,0,0,0,0,0,0
2025-2026,4,Atalanta,ZAPPACOSTA Davide,zappacosta davide,6.5,7.5,0,1,0,0,0,0,0
2025-2026,4,Atalanta,BRESCIANINI Marco,brescianini marco,,,0,0,0,0,0,0,0
2025-2026,4,Atalanta,CASSA Federico,cassa federico,,,0,0,0,0,0,0,0
2025-2026,4,Atalanta,DE ROON Marten,de roon marten,7.0,7.0,0,0,0,0,0,0,0
2025-2026,4,Atalanta,EDERSON,ederson,,,0,0,0,0,0,0,0
2025-2026,4,Atalanta,MALDINI Daniel,maldini daniel,,,0,0,0,0,0,0,0
2025-2026,4,Atalanta,MANZONI Alberto,manzoni alberto,,,0,0,0,0,0,0,0
2025-2026,4,Atalanta,MUSAH Yunus,musah yunus,,,0,0,0,0,0,0,0
2025-2026,4,Atalanta,PASALIC Mario,pasalic mario,6.5,6.5,0,0,0,0,0,0,0
2025-2026,4,Atalanta,SAMARDZIC Lazar,samardzic lazar,7.5,8.5,0,1,0,0,0,0,0
2025-2026,4,Atalanta,ZALEWSKI Nicola,zalewski nicola,,,0,0,0,0,0,0,0
2025-2026,4,Atalanta,DE KETELAERE Charles,de ketelaere charles,,,0,0,0,0,0,0,0
2025-2026,4,Atalanta,KRSTOVIC Nikola,krstovic nikola,7.5,13.5,2,0,0,0,0,0,0
2025-2026,4,Atalanta,LOOKMAN Ademola,lookman ademola,,,0,0,0,0,0,0,0
2025-2026,4,Atalanta,SCAMACCA Gianluca,scamacca gianluca,,,0,0,0,0,0,0,0
2025-2026,4,Atalanta,SULEMANA Kamaldeen,sulemana kamaldeen,7.0,11.0,1,1,0,0,0,0,0
2025-2026,4,Bologna,PESSINA Massimo,pessina massimo,,,0,0,0,0,0,0,0
2025-2026,4,Bologna,RAVAGLIA Federico,ravaglia federico,,,0,0,0,0,0,0,0
2025-2026,4,Bologna,SKORUPSKI Lukasz,skorupski lukasz,7.0,6.0,-1,0,0,0,0,0,0
2025-2026,4,Bologna,BONIFAZI Kevin,bonifazi kevin,,,0,0,0,0,0,0,0
2025-2026,4,Bologna,CASALE Nicolo',casale nicolo',,,0,0,0,0,0,0,0
2025-2026,4,Bologna,DE SILVESTRI Lorenzo,de silvestri lorenzo,6.0,6.0,0,0,0,0,0,0,0
2025-2026,4,Bologna,HEGGEM Torbjorn,heggem torbjorn,5.5,5.5,0,0,0,0,0,0,0
2025-2026,4,Bologna,HOLM Emil,holm emil,,,0,0,0,0,0,0,0
2025-2026,4,Bologna,LUCUMI Jhon,lucumi jhon,,6.0,0,0,0,0,0,0,0
2025-2026,4,Bologna,LYKOGIANNIS Charala.,lykogiannis charala.,,,0,0,0,0,0,0,0
2025-2026,4,Bologna,MIRANDA Juan,miranda juan,5.5,5.5,0,0,0,0,0,0,0
2025-2026,4,Bologna,VITIK Martin,vitik martin,6.0,6.0,0,0,0,0,0,0,0
2025-2026,4,Bologna,ZORTEA Nadir,zortea nadir,5.5,5.5,0,0,0,0,0,0,0
2025-2026,4,Bologna,BERNARDESCHI Federi.,bernardeschi federi.,5.5,5.0,0,0,1,0,0,0,0
2025-2026,4,Bologna,FABBIAN Giovanni,fabbian giovanni,,,0,0,0,0,0,0,0
2025-2026,4,Bologna,FERGUSON Lewis,ferguson lewis,6.5,6.5,0,0,0,0,0,0,0
2025-2026,4,Bologna,FREULER Remo,freuler remo,6.5,6.5,0,0,0,0,0,0,0
2025-2026,4,Bologna,MORO Nikola,moro nikola,5.5,5.5,0,0,0,0,0,0,0
2025-2026,4,Bologna,POBEGA Tommaso,pobega tommaso,,,0,0,0,0,0,0,0
2025-2026,4,Bologna,SULEMANA,sulemana,,,0,0,0,0,0,0,0
2025-2026,4,Bologna,CAMBIAGHI Nicolo',cambiaghi nicolo',7.0,8.0,0,1,0,0,0,0,0
2025-2026,4,Bologna,CASTRO Santiago,castro santiago,7.5,10.5,1,0,0,0,0,0,0
2025-2026,4,Bologna,DALLINGA Thijs,dallinga thijs,5.5,5.5,0,0,0,0,0,0,0
2025-2026,4,Bologna,DOMINGUEZ Benjamin,dominguez benjamin,5.5,5.5,0,0,0,0,0,0,0
2025-2026,4,Bologna,IMMOBILE Ciro,immobile ciro,,,0,0,0,0,0,0,0
2025-2026,4,Bologna,ODGAARD Jens,odgaard jens,,,0,0,0,0,0,0,0
2025-2026,4,Bologna,ORSOLINI Riccardo,orsolini riccardo,7.5,10.5,1,0,0,0,0,1,0
2025-2026,4,Bologna,ROWE Jonathan,rowe jonathan,,,0,0,0,0,0,0,0
2025-2026,4,Cagliari,CAPRILE Elia,caprile elia,6.5,5.5,-1,0,0,0,0,0,0
2025-2026,4,Cagliari,CIOCCI Giuseppe,ciocci giuseppe,,,0,0,0,0,0,0,0
2025-2026,4,Cagliari,RADUNOVIC Boris,radunovic boris,,,0,0,0,0,0,0,0
2025-2026,4,Cagliari,IDRISSI Riyad,idrissi riyad,,,0,0,0,0,0,0,0
2025-2026,4,Cagliari,LUPERTO Sebastiano,luperto sebastiano,6.0,6.0,0,0,0,0,0,0,0
2025-2026,4,Cagliari,MINA Yerry,mina yerry,6.0,6.0,0,0,0,0,0,0,0
2025-2026,4,Cagliari,OBERT Adam,obert adam,6.0,5.5,0,0,1,0,0,0,0
2025-2026,4,Cagliari,PALESTRA Marco,palestra marco,6.5,7.5,0,1,0,0,0,0,0
2025-2026,4,Cagliari,RODRIGUEZ Juan,rodriguez juan,,,0,0,0,0,0,0,0
2025-2026,4,Cagliari,ZAPPA Gabriele,zappa gabriele,6.0,6.0,0,0,0,0,0,0,0
2025-2026,4,Cagliari,ZE PEDRO,ze pedro,,,0,0,0,0,0,0,0
2025-2026,4,Cagliari,ADOPO Michel,adopo michel,6.0,6.0,0,0,0,0,0,0,0
2025-2026,4,Cagliari,CAVUOTI Nicolo',cavuoti nicolo',,,0,0,0,0,0,0,0
2025-2026,4,Cagliari,DEIOLA Alessandro,deiola alessandro,6.0,6.0,0,0,0,0,0,0,0
2025-2026,4,Cagliari,DI PARDO Alessandro,di pardo alessandro,,,0,0,0,0,0,0,0
2025-2026,4,Cagliari,FOLORUNSHO Michael,folorunsho michael,5.5,5.5,0,0,0,0,0,0,0
2025-2026,4,Cagliari,GAETANO Gianluca,gaetano gianluca,6.0,6.0,0,0,0,0,0,0,0
2025-2026,4,Cagliari,MAZZITELLI Luca,mazzitelli luca,,,0,0,0,0,0,0,0
2025-2026,4,Cagliari,PRATI Matteo,prati matteo,5.5,5.0,0,0,1,0,0,0,0
2025-2026,4,Cagliari,ROG Marko,rog marko,,,0,0,0,0,0,0,0
2025-2026,4,Cagliari,BELOTTI Andrea,belotti andrea,7.0,13.0,2,0,0,0,0,1,0
2025-2026,4,Cagliari,BORRELLI Gennaro,borrelli gennaro,,,0,0,0,0,0,0,0
2025-2026,4,Cagliari,ESPOSITO Sebastiano,esposito sebastiano,6.5,6.0,0,0,1,0,0,0,0
2025-2026,4,Cagliari,FELICI Mattia,felici mattia,6.0,6.0,0,0,0,0,0,0,0
2025-2026,4,Cagliari,KILICSOY Semih,kilicsoy semih,6.0,6.0,0,0,0,0,0,0,0
2025-2026,4,Cagliari,LUVUMBO Sebastiao Z.,luvumbo sebastiao z.,,,0,0,0,0,0,0,0
2025-2026,4,Cagliari,PAVOLETTI Leonardo,pavoletti leonardo,,,0,0,0,0,0,0,0
2025-2026,4,Fiorentina,DE GEA David,de gea david,5.5,3.5,-2,0,0,0,0,0,0
2025-2026,4,Fiorentina,LEZZERINI Luca,lezzerini luca,,,0,0,0,0,0,0,0
2025-2026,4,Fiorentina,MARTINELLI Tommaso,martinelli tommaso,,,0,0,0,0,0,0,0
2025-2026,4,Fiorentina,COMUZZO Pietro,comuzzo pietro,,,0,0,0,0,0,0,0
2025-2026,4,Fiorentina,DODO,dodo,5.0,4.5,0,0,1,0,0,0,0
2025-2026,4,Fiorentina,FORTINI Niccolo',fortini niccolo',5.0,5.0,0,0,0,0,0,0,0
2025-2026,4,Fiorentina,GOSENS Robin,gosens robin,5.0,5.0,0,0,0,0,0,0,0
2025-2026,4,Fiorentina,KOSPO Eman,kospo eman,,,0,0,0,0,0,0,0
2025-2026,4,Fiorentina,KOUADIO Eddy,kouadio eddy,,,0,0,0,0,0,0,0
2025-2026,4,Fiorentina,LAMPTEY Tariq,lamptey tariq,5.5,5.5,0,0,0,0,0,0,0
2025-2026,4,Fiorentina,MARI Pablo,mari pablo,,,0,0,0,0,0,0,0
2025-2026,4,Fiorentina,PARISI Fabiano,parisi fabiano,,,0,0,0,0,0,0,0
2025-2026,4,Fiorentina,PONGRACIC Marin,pongracic marin,4.5,4.0,0,0,1,0,0,0,0
2025-2026,4,Fiorentina,RANIERI Luca,ranieri luca,5.0,4.5,0,0,1,0,0,0,0
2025-2026,4,Fiorentina,VITI Mattia,viti mattia,5.5,5.5,0,0,0,0,0,0,0
2025-2026,4,Fiorentina,FAGIOLI Nicolo',fagioli nicolo',5.0,5.0,0,0,0,0,0,0,0
2025-2026,4,Fiorentina,FAZZINI Jacopo,fazzini jacopo,5.5,5.5,0,0,0,0,0,0,0
2025-2026,4,Fiorentina,INFANTINO Gino,infantino gino,,,0,0,0,0,0,0,0
2025-2026,4,Fiorentina,MANDRAGORA Rolando,mandragora rolando,6.0,9.0,1,0,0,0,0,0,0
2025-2026,4,Fiorentina,NDOUR Cher,ndour cher,,,0,0,0,0,0,0,0
2025-2026,4,Fiorentina,NICOLUSSI CAVIGLIA .,nicolussi caviglia .,6.0,6.0,0,0,0,0,0,0,0
2025-2026,4,Fiorentina,RICHARDSON Amir,richardson amir,,,0,0,0,0,0,0,0
2025-2026,4,Fiorentina,SABIRI Abdelhamid,sabiri abdelhamid,,,0,0,0,0,0,0,0
2025-2026,4,Fiorentina,SOHM Simon,sohm simon,5.0,4.5,0,0,1,0,0,0,0
2025-2026,4,Fiorentina,DZEKO Edin,dzeko edin,6.0,6.0,0,0,0,0,0,0,0
2025-2026,4,Fiorentina,GUDMUNDSSON Albert,gudmundsson albert,,,0,0,0,0,0,0,0
2025-2026,4,Fiorentina,KEAN Moise,kean moise,5.0,5.0,0,0,0,0,0,0,0
2025-2026,4,Fiorentina,KOUAME' Christian,kouame' christian,,,0,0,0,0,0,0,0
2025-2026,4,Fiorentina,PICCOLI Roberto,piccoli roberto,4.5,4.5,0,0,0,0,0,0,0
2025-2026,4,Genoa,LEALI Nicola,leali nicola,6.0,4.0,-2,0,0,0,0,0,1
2025-2026,4,Genoa,SIEGRIST Benjamin,siegrist benjamin,,,0,0,0,0,0,0,0
2025-2026,4,Genoa,SOMMARIVA Daniele,sommariva daniele,,,0,0,0,0,0,0,0
2025-2026,4,Genoa,KUMER CELIK Alin,kumer celik alin,,,0,0,0,0,0,0,0
2025-2026,4,Genoa,MARCANDALLI Alessan.,marcandalli alessan.,5.0,5.0,0,0,0,0,0,0,0
2025-2026,4,Genoa,MARTIN Aaron,martin aaron,6.5,6.5,0,0,0,0,0,0,0
2025-2026,4,Genoa,NORTON-CUFFY Brooke,norton-cuffy brooke,5.5,5.0,0,0,1,0,0,0,0
2025-2026,4,Genoa,OSTIGARD Leo,ostigard leo,6.0,5.5,0,0,1,0,0,0,0
2025-2026,4,Genoa,OTOA Sebastian,otoa sebastian,,,0,0,0,0,0,0,0
2025-2026,4,Genoa,SABELLI Stefano,sabelli stefano,,,0,0,0,0,0,0,0
2025-2026,4,Genoa,VASQUEZ Johan,vasquez johan,6.0,6.0,0,0,0,0,0,0,0
2025-2026,4,Genoa,CARBONI Valentin,carboni valentin,5.0,4.5,0,0,1,0,0,0,0
2025-2026,4,Genoa,CUENCA Hugo,cuenca hugo,,,0,0,0,0,0,0,0
2025-2026,4,Genoa,ELLERTSSON Mikael,ellertsson mikael,7.0,10.0,1,0,0,0,0,0,0
2025-2026,4,Genoa,FINI Seydou,fini seydou,,,0,0,0,0,0,0,0
2025-2026,4,Genoa,FRENDRUP Morten,frendrup morten,6.0,6.0,0,0,0,0,0,0,0
2025-2026,4,Genoa,GRONBAEK Alberto,gronbaek alberto,,,0,0,0,0,0,0,0
2025-2026,4,Genoa,LAFONT Gael,lafont gael,,,0,0,0,0,0,0,0
2025-2026,4,Genoa,MALINOVSKIY Ruslan,malinovskiy ruslan,7.0,8.0,0,1,0,0,0,0,0
2025-2026,4,Genoa,MASINI Patrizio,masini patrizio,5.0,4.5,0,0,1,0,0,0,0
2025-2026,4,Genoa,MESSIAS Junior,messias junior,,,0,0,0,0,0,0,0
2025-2026,4,Genoa,ONANA Jean,onana jean,,,0,0,0,0,0,0,0
2025-2026,4,Genoa,STANCIU Nicolae,stanciu nicolae,,,0,0,0,0,0,0,0
2025-2026,4,Genoa,THORSBY Morten,thorsby morten,,,0,0,0,0,0,0,0
2025-2026,4,Genoa,COLOMBO Lorenzo,colombo lorenzo,5.0,5.0,0,0,0,0,0,0,0
2025-2026,4,Genoa,CORNET Maxwel,cornet maxwel,,,0,0,0,0,0,0,0
2025-2026,4,Genoa,EKHATOR Jeff,ekhator jeff,5.5,5.5,0,0,0,0,0,0,0
2025-2026,4,Genoa,EKUBAN Caleb,ekuban caleb,6.0,6.0,0,0,0,0,0,0,0
2025-2026,4,Genoa,VENTURINO Lorenzo,venturino lorenzo,,,0,0,0,0,0,0,0
2025-2026,4,Genoa,VITINHA,vitinha,5.5,5.0,0,0,1,0,0,0,0
2025-2026,4,Inter,DI GENNARO Raffaele,di gennaro raffaele,,,0,0,0,0,0,0,0
2025-2026,4,Inter,MARTINEZ Josep,martinez josep,7.0,6.0,-1,0,0,0,0,0,0
2025-2026,4,Inter,SOMMER Yann,sommer yann,,,0,0,0,0,0,0,0
2025-2026,4,Inter,ACERBI Francesco,acerbi francesco,5.5,5.5,0,0,0,0,0,0,0
2025-2026,4,Inter,AKANJI Manuel,akanji manuel,6.0,6.0,0,0,0,0,0,0,0
2025-2026,4,Inter,ALEXIOU Christos,alexiou christos,,,0,0,0,0,0,0,0
2025-2026,4,Inter,BASTONI Alessandro,bastoni alessandro,,,0,0,0,0,0,0,0
2025-2026,4,Inter,BISSECK Yann Aurel,bisseck yann aurel,,,0,0,0,0,0,0,0
2025-2026,4,Inter,CARLOS AUGUSTO,carlos augusto,7.0,7.0,0,0,0,0,0,0,0
2025-2026,4,Inter,COCCHI Matteo,cocchi matteo,,,0,0,0,0,0,0,0
2025-2026,4,Inter,DARMIAN Matteo,darmian matteo,,,0,0,0,0,0,0,0
2025-2026,4,Inter,DE VRIJ Stefan,de vrij stefan,,,0,0,0,0,0,0,0
2025-2026,4,Inter,DIMARCO Federico,dimarco federico,6.5,9.0,1,0,1,0,0,0,0
2025-2026,4,Inter,DUMFRIES Denzel,dumfries denzel,6.0,6.0,0,0,0,0,0,0,0
2025-2026,4,Inter,LUIS HENRIQUE,luis henrique,6.5,6.5,0,0,0,0,0,0,0
2025-2026,4,Inter,PALACIOS Tomas,palacios tomas,,,0,0,0,0,0,0,0
2025-2026,4,Inter,RE CECCONI Gabriele,re cecconi gabriele,,,0,0,0,0,0,0,0
2025-2026,4,Inter,BARELLA Nicolo',barella nicolo',6.0,6.0,0,0,0,0,0,0,0
2025-2026,4,Inter,BERENBRUCH Thomas,berenbruch thomas,,,0,0,0,0,0,0,0
2025-2026,4,Inter,CALHANOGLU Hakan,calhanoglu hakan,6.0,5.5,0,0,1,0,0,0,0
2025-2026,4,Inter,DIOUF Andy,diouf andy,,,0,0,0,0,0,0,0
2025-2026,4,Inter,FRATTESI Davide,frattesi davide,6.0,6.0,0,0,0,0,0,0,0
2025-2026,4,Inter,MKHITARYAN Henrikh,mkhitaryan henrikh,,,0,0,0,0,0,0,0
2025-2026,4,Inter,SUCIC Petar,sucic petar,7.0,8.0,0,1,0,0,0,0,0
2025-2026,4,Inter,TOPALOVIC Luka,topalovic luka,,,0,0,0,0,0,0,0
2025-2026,4,Inter,ZIELINSKI Piotr,zielinski piotr,,,0,0,0,0,0,0,0
2025-2026,4,Inter,BONNY Ange-Yoan,bonny ange-yoan,,6.0,0,0,0,0,0,0,0
2025-2026,4,Inter,ESPOSITO Francesco .,esposito francesco .,6.5,6.5,0,0,0,0,0,0,0
2025-2026,4,Inter,MARTINEZ Lautaro,martinez lautaro,6.0,6.0,0,0,0,0,0,0,0
2025-2026,4,Inter,THURAM Marcus,thuram marcus,6.0,6.0,0,0,0,0,0,0,0
2025-2026,4,Juventus,DI GREGORIO Michele,di gregorio michele,6.5,5.5,-1,0,0,0,0,0,1
2025-2026,4,Juventus,PERIN Mattia,perin mattia,,,0,0,0,0,0,0,0
2025-2026,4,Juventus,PINSOGLIO Carlo,pinsoglio carlo,,,0,0,0,0,0,0,0
2025-2026,4,Juventus,BREMER Gleison,bremer gleison,,,0,0,0,0,0,0,0
2025-2026,4,Juventus,CABAL Juan,cabal juan,,,0,0,0,0,0,0,0
2025-2026,4,Juventus,CAMBIASO Andrea,cambiaso andrea,5.0,5.0,0,0,0,0,0,0,0
2025-2026,4,Juventus,GATTI Federico,gatti federico,5.0,4.5,0,0,1,0,0,0,0
2025-2026,4,Juventus,KALULU Pierre,kalulu pierre,5.0,5.0,0,0,0,0,0,0,0
2025-2026,4,Juventus,KELLY Lloyd,kelly lloyd,5.5,5.0,0,0,1,0,0,0,0
2025-2026,4,Juventus,MARIO Joao,mario joao,5.0,5.0,0,0,0,0,0,0,0
2025-2026,4,Juventus,ROUHI Jonas,rouhi jonas,,,0,0,0,0,0,0,0
2025-2026,4,Juventus,RUGANI Daniele,rugani daniele,,,0,0,0,0,0,0,0
2025-2026,4,Juventus,ADZIC Vasilije,adzic vasilije,6.5,6.5,0,0,0,0,0,0,0
2025-2026,4,Juventus,KOOPMEINERS Teun,koopmeiners teun,5.5,5.0,0,0,1,0,0,0,0
2025-2026,4,Juventus,KOSTIC Filip,kostic filip,,,0,0,0,0,0,0,0
2025-2026,4,Juventus,LOCATELLI Manuel,locatelli manuel,5.0,5.0,0,0,0,0,0,0,0
2025-2026,4,Juventus,MCKENNIE Weston,mckennie weston,,,0,0,0,0,0,0,0
2025-2026,4,Juventus,MIRETTI Fabio,miretti fabio,,,0,0,0,0,0,0,0
2025-2026,4,Juventus,THURAM Khephren,thuram khephren,5.0,6.0,0,1,0,0,0,0,0
2025-2026,4,Juventus,CONCEICAO Francisco,conceicao francisco,7.0,10.0,1,0,0,0,0,0,0
2025-2026,4,Juventus,DAVID Jonathan,david jonathan,5.0,5.0,0,0,0,0,0,0,0
2025-2026,4,Juventus,MILIK Arek,milik arek,,,0,0,0,0,0,0,0
2025-2026,4,Juventus,OPENDA Lois,openda lois,5.0,5.0,0,0,0,0,0,0,0
2025-2026,4,Juventus,PUGNO Diego,pugno diego,,,0,0,0,0,0,0,0
2025-2026,4,Juventus,VLAHOVIC Dusan,vlahovic dusan,5.0,5.0,0,0,0,0,0,0,0
2025-2026,4,Juventus,YILDIZ Kenan,yildiz kenan,5.5,5.5,0,0,0,0,0,0,0
2025-2026,4,Juventus,ZHEGROVA Edon,zhegrova edon,,6.0,0,0,0,0,0,0,0
2025-2026,4,Lazio,FURLANETTO Alessio,furlanetto alessio,,,0,0,0,0,0,0,0
2025-2026,4,Lazio,MANDAS Christos,mandas christos,,,0,0,0,0,0,0,0
2025-2026,4,Lazio,PROVEDEL Ivan,provedel ivan,6.0,5.0,-1,0,0,0,0,0,0
2025-2026,4,Lazio,GIGOT Samuel,gigot samuel,,,0,0,0,0,0,0,0
2025-2026,4,Lazio,GILA Mario,gila mario,6.5,6.0,0,0,1,0,0,0,0
2025-2026,4,Lazio,HYSAJ Elseid,hysaj elseid,,,0,0,0,0,0,0,0
2025-2026,4,Lazio,LAZZARI Manuel,lazzari manuel,,,0,0,0,0,0,0,0
2025-2026,4,Lazio,MARUSIC Adam,marusic adam,5.5,5.5,0,0,0,0,0,0,0
2025-2026,4,Lazio,NUNO TAVARES,nuno tavares,4.0,4.0,0,0,0,0,0,0,0
2025-2026,4,Lazio,PATRIC,patric,,,0,0,0,0,0,0,0
2025-2026,4,Lazio,PELLEGRINI Luca,pellegrini luca,6.0,6.0,0,0,0,0,0,0,0
2025-2026,4,Lazio,PROVSTGAARD Oliver,provstgaard oliver,,,0,0,0,0,0,0,0
2025-2026,4,Lazio,ROMAGNOLI Alessio,romagnoli alessio,6.0,6.0,0,0,0,0,0,0,0
2025-2026,4,Lazio,BASIC Toma,basic toma,,,0,0,0,0,0,0,0
2025-2026,4,Lazio,BELAHYANE Reda,belahyane reda,4.0,3.0,0,0,0,1,0,0,0
2025-2026,4,Lazio,CATALDI Danilo,cataldi danilo,6.5,6.5,0,0,0,0,0,0,0
2025-2026,4,Lazio,DELE-BASHIRU Fisayo,dele-bashiru fisayo,,,0,0,0,0,0,0,0
2025-2026,4,Lazio,GUENDOUZI Matteo,guendouzi matteo,6.0,5.0,0,0,0,1,0,0,0
2025-2026,4,Lazio,ROVELLA Nicolo,rovella nicolo,5.5,5.5,0,0,0,0,0,0,0
2025-2026,4,Lazio,VECINO Matias,vecino matias,,,0,0,0,0,0,0,0
2025-2026,4,Lazio,CANCELLIERI Matteo,cancellieri matteo,,,0,0,0,0,0,0,0
2025-2026,4,Lazio,CASTELLANOS Valentin,castellanos valentin,6.5,6.5,0,0,0,0,0,0,0
2025-2026,4,Lazio,DIA Boulaye,dia boulaye,4.5,4.5,0,0,0,0,0,0,0
2025-2026,4,Lazio,ISAKSEN Gustav,isaksen gustav,,,0,0,0,0,0,0,0
2025-2026,4,Lazio,NOSLIN Tijjani,noslin tijjani,,6.0,0,0,0,0,0,0,0
2025-2026,4,Lazio,PEDRO,pedro,6.5,6.5,0,0,0,0,0,0,0
2025-2026,4,Lazio,ZACCAGNI Mattia,zaccagni mattia,5.5,5.5,0,0,0,0,0,0,0
2025-2026,4,Lecce,FALCONE Wladimiro,falcone wladimiro,7.0,5.0,-2,0,0,0,0,0,1
2025-2026,4,Lecce,FRUCHTL Christian,fruchtl christian,,,0,0,0,0,0,0,0
2025-2026,4,Lecce,SAMOOJA Jasper,samooja jasper,,,0,0,0,0,0,0,0
2025-2026,4,Lecce,ESTEBAN Paco,esteban paco,,,0,0,0,0,0,0,0
2025-2026,4,Lecce,GABRIEL Tiago,gabriel tiago,6.0,8.5,1,0,1,0,0,0,0
2025-2026,4,Lecce,GALLO Antonino,gallo antonino,5.0,5.0,0,0,0,0,0,0,0
2025-2026,4,Lecce,GASPAR Kialonda,gaspar kialonda,6.0,6.0,0,0,0,0,0,0,0
2025-2026,4,Lecce,GUILBERT Frederic,guilbert frederic,,,0,0,0,0,0,0,0
2025-2026,4,Lecce,JEAN Gaby,jean gaby,,,0,0,0,0,0,0,0
2025-2026,4,Lecce,KOUASSI Owen,kouassi owen,6.0,6.0,0,0,0,0,0,0,0
2025-2026,4,Lecce,NDABA Corrie,ndaba corrie,6.0,6.0,0,0,0,0,0,0,0
2025-2026,4,Lecce,PEHLIVANOV Cristian,pehlivanov cristian,,,0,0,0,0,0,0,0
2025-2026,4,Lecce,PEREZ Matias,perez matias,,,0,0,0,0,0,0,0
2025-2026,4,Lecce,SCOTT Elijah,scott elijah,,,0,0,0,0,0,0,0
2025-2026,4,Lecce,SIEBERT Jamil,siebert jamil,,,0,0,0,0,0,0,0
2025-2026,4,Lecce,VEIGA Danilo,veiga danilo,,,0,0,0,0,0,0,0
2025-2026,4,Lecce,BERISHA Medon,berisha medon,,,0,0,0,0,0,0,0
2025-2026,4,Lecce,COULIBALY Lassana,coulibaly lassana,6.0,5.5,0,0,1,0,0,0,0
2025-2026,4,Lecce,GORTER Olaf,gorter olaf,,,0,0,0,0,0,0,0
2025-2026,4,Lecce,HELGASON Thorir,helgason thorir,,,0,0,0,0,0,0,0
2025-2026,4,Lecce,KABA Mohamed,kaba mohamed,6.0,6.0,0,0,0,0,0,0,0
2025-2026,4,Lecce,MALEH Youssef,maleh youssef,,,0,0,0,0,0,0,0
2025-2026,4,Lecce,MARCHWINSKI Filip,marchwinski filip,,,0,0,0,0,0,0,0
2025-2026,4,Lecce,PIERRET Balthazar,pierret balthazar,,,0,0,0,0,0,0,0
2025-2026,4,Lecce,RAFIA Hamza,rafia hamza,,,0,0,0,0,0,0,0
2025-2026,4,Lecce,RAMADANI Ylber,ramadani ylber,5.5,5.5,0,0,0,0,0,0,0
2025-2026,4,Lecce,SALA Alex,sala alex,5.5,5.5,0,0,0,0,0,0,0
2025-2026,4,Lecce,SOTTIL Riccardo,sottil riccardo,5.5,6.5,0,1,0,0,0,0,0
2025-2026,4,Lecce,BANDA Lameck,banda lameck,,,0,0,0,0,0,0,0
2025-2026,4,Lecce,CAMARDA Francesco,camarda francesco,6.0,6.0,0,0,0,0,0,0,0
2025-2026,4,Lecce,MORENTE Tete,morente tete,5.5,5.5,0,0,0,0,0,0,0
2025-2026,4,Lecce,N'DRI Konan,n'dri konan,,6.0,0,0,0,0,0,0,0
2025-2026,4,Lecce,PIEROTTI Santiago,pierotti santiago,6.0,6.0,0,0,0,0,0,0,0
2025-2026,4,Lecce,STULIC Nikola,stulic nikola,5.5,5.5,0,0,0,0,0,0,0
2025-2026,4,Milan,MAIGNAN Mike,maignan mike,,,0,0,0,0,0,0,0
2025-2026,4,Milan,TERRACCIANO Pietro,terracciano pietro,6.0,7.0,0,0,0,0,0,0,0
2025-2026,4,Milan,TORRIANI Lorenzo,torriani lorenzo,,,0,0,0,0,0,0,0
2025-2026,4,Milan,ATHEKAME Zachary,athekame zachary,,,0,0,0,0,0,0,0
2025-2026,4,Milan,BARTESAGHI Davide,bartesaghi davide,,,0,0,0,0,0,0,0
2025-2026,4,Milan,DE WINTER Koni,de winter koni,6.0,6.0,0,0,0,0,0,0,0
2025-2026,4,Milan,ESTUPINAN Pervis,estupinan pervis,7.0,7.0,0,0,0,0,0,0,0
2025-2026,4,Milan,GABBIA Matteo,gabbia matteo,6.5,6.5,0,0,0,0,0,0,0
2025-2026,4,Milan,ODOGU David,odogu david,,,0,0,0,0,0,0,0
2025-2026,4,Milan,PAVLOVIC Strahinja,pavlovic strahinja,6.5,6.5,0,0,0,0,0,0,0
2025-2026,4,Milan,TOMORI Fikayo,tomori fikayo,6.5,6.5,0,0,0,0,0,0,0
2025-2026,4,Milan,FOFANA Youssouf,fofana youssouf,7.5,10.5,1,0,0,0,0,0,0
2025-2026,4,Milan,JASHARI Ardon,jashari ardon,,,0,0,0,0,0,0,0
2025-2026,4,Milan,LOFTUS-CHEEK Ruben,loftus-cheek ruben,6.5,6.5,0,0,0,0,0,0,0
2025-2026,4,Milan,MODRIC Luka,modric luka,7.5,7.5,0,0,0,0,0,0,0
2025-2026,4,Milan,RABIOT Adrien,rabiot adrien,7.5,8.5,0,1,0,0,0,0,0
2025-2026,4,Milan,RICCI Samuele,ricci samuele,6.0,6.0,0,0,0,0,0,0,0
2025-2026,4,Milan,SAELEMAEKERS Alexis,saelemaekers alexis,7.0,7.0,0,0,0,0,0,0,0
2025-2026,4,Milan,TRAORE Chaka,traore chaka,,,0,0,0,0,0,0,0
2025-2026,4,Milan,VOS Silvano,vos silvano,,,0,0,0,0,0,0,0
2025-2026,4,Milan,BALENTIEN Chevejo,balentien chevejo,,,0,0,0,0,0,0,0
2025-2026,4,Milan,GIMENEZ Santiago,gimenez santiago,5.0,5.0,0,0,0,0,0,0,0
2025-2026,4,Milan,LEAO Rafael,leao rafael,,,0,0,0,0,0,0,0
2025-2026,4,Milan,NKUNKU Cristopher,nkunku cristopher,6.0,6.0,0,0,0,0,0,0,0
2025-2026,4,Milan,PULISIC Christian,pulisic christian,8.0,15.0,2,1,0,0,0,0,0
2025-2026,4,Napoli,CONTINI Nikita,contini nikita,,,0,0,0,0,0,0,0
2025-2026,4,Napoli,MERET Alex,meret alex,6.5,4.5,-2,0,0,0,0,0,1
2025-2026,4,Napoli,MILINKOVIC Vanja,milinkovic vanja,,,0,0,0,0,0,0,0
2025-2026,4,Napoli,BEUKEMA Sam,beukema sam,5.0,5.0,0,0,0,0,0,0,0
2025-2026,4,Napoli,BUONGIORNO Alessand.,buongiorno alessand.,6.5,6.5,0,0,0,0,0,0,0
2025-2026,4,Napoli,DI LORENZO Giovanni,di lorenzo giovanni,5.0,5.0,0,0,0,0,0,0,0
2025-2026,4,Napoli,GUTIERREZ Miguel,gutierrez miguel,,,0,0,0,0,0,0,0
2025-2026,4,Napoli,JESUS Juan,jesus juan,,6.0,0,0,0,0,0,0,0
2025-2026,4,Napoli,MARIANUCCI Luca,marianucci luca,,,0,0,0,0,0,0,0
2025-2026,4,Napoli,MAZZOCCHI Pasquale,mazzocchi pasquale,,,0,0,0,0,0,0,0
2025-2026,4,Napoli,OLIVERA Mathias,olivera mathias,,,0,0,0,0,0,0,0
2025-2026,4,Napoli,RRAHMANI Amir,rrahmani amir,,,0,0,0,0,0,0,0
2025-2026,4,Napoli,SPINAZZOLA Leonardo,spinazzola leonardo,7.0,9.5,1,0,1,0,0,0,0
2025-2026,4,Napoli,ANGUISSA Andre' Zam.,anguissa andre' zam.,6.0,6.0,0,0,0,0,0,0,0
2025-2026,4,Napoli,DE BRUYNE Kevin,de bruyne kevin,5.5,5.5,0,0,0,0,0,0,0
2025-2026,4,Napoli,ELMAS Eljif,elmas eljif,5.0,5.0,0,0,0,0,0,0,0
2025-2026,4,Napoli,GILMOUR Billy,gilmour billy,6.0,9.0,1,0,0,0,0,0,0
2025-2026,4,Napoli,LOBOTKA Stanislav,lobotka stanislav,6.5,7.5,0,1,0,0,0,0,0
2025-2026,4,Napoli,MCTOMINAY Scott,mctominay scott,6.0,7.0,0,1,0,0,0,0,0
2025-2026,4,Napoli,VERGARA Antonio,vergara antonio,,,0,0,0,0,0,0,0
2025-2026,4,Napoli,AMBROSINO Giuseppe,ambrosino giuseppe,,,0,0,0,0,0,0,0
2025-2026,4,Napoli,HOJLUND Rasmus,hojlund rasmus,5.5,5.5,0,0,0,0,0,0,0
2025-2026,4,Napoli,LANG Noa,lang noa,,,0,0,0,0,0,0,0
2025-2026,4,Napoli,LUCCA Lorenzo,lucca lorenzo,7.0,10.0,1,0,0,0,0,0,0
2025-2026,4,Napoli,LUKAKU Romelu,lukaku romelu,,,0,0,0,0,0,0,0
2025-2026,4,Napoli,NERES David,neres david,,,0,0,0,0,0,0,0
2025-2026,4,Napoli,POLITANO Matteo,politano matteo,6.5,6.5,0,0,0,0,0,0,0
2025-2026,4,Roma,GOLLINI Pierluigi,gollini pierluigi,,,0,0,0,0,0,0,0
2025-2026,4,Roma,SVILAR Mile,svilar mile,6.0,7.0,0,0,0,0,0,0,0
2025-2026,4,Roma,VASQUEZ Devis,vasquez devis,,,0,0,0,0,0,0,0
2025-2026,4,Roma,ANGELINO Jose',angelino jose',6.0,6.0,0,0,0,0,0,0,0
2025-2026,4,Roma,CELIK Zeki,celik zeki,6.5,6.5,0,0,0,0,0,0,0
2025-2026,4,Roma,GHILARDI Daniele,ghilardi daniele,,,0,0,0,0,0,0,0
2025-2026,4,Roma,HERMOSO Mario,hermoso mario,,,0,0,0,0,0,0,0
2025-2026,4,Roma,MANCINI Gianluca,mancini gianluca,6.0,6.0,0,0,0,0,0,0,0
2025-2026,4,Roma,NDICKA Evan,ndicka evan,6.5,6.0,0,0,1,0,0,0,0
2025-2026,4,Roma,RENSCH Devyne,rensch devyne,7.0,7.0,0,0,0,0,0,0,0
2025-2026,4,Roma,SANGARe' Buba,sangare' buba,,,0,0,0,0,0,0,0
2025-2026,4,Roma,TSIMIKAS Konstantin.,tsimikas konstantin.,,6.0,0,0,0,0,0,0,0
2025-2026,4,Roma,WESLEY,wesley,,,0,0,0,0,0,0,0
2025-2026,4,Roma,ZIOLKOWSKI Jan,ziolkowski jan,,,0,0,0,0,0,0,0
2025-2026,4,Roma,BALDANZI Tommaso,baldanzi tommaso,6.0,6.0,0,0,0,0,0,0,0
2025-2026,4,Roma,CRISTANTE Bryan,cristante bryan,6.5,6.5,0,0,0,0,0,0,0
2025-2026,4,Roma,EL AYNAOUI Neil,el aynaoui neil,,6.0,0,0,0,0,0,0,0
2025-2026,4,Roma,EL SHAARAWY Stephan,el shaarawy stephan,,,0,0,0,0,0,0,0
2025-2026,4,Roma,KONE' Manu,kone' manu,7.5,7.5,0,0,0,0,0,0,0
2025-2026,4,Roma,PELLEGRINI Lorenzo,pellegrini lorenzo,7.0,10.0,1,0,0,0,0,0,0
2025-2026,4,Roma,PISILLI Niccolo',pisilli niccolo',6.0,6.0,0,0,0,0,0,0,0
2025-2026,4,Roma,ROMANO Alessandro,romano alessandro,,,0,0,0,0,0,0,0
2025-2026,4,Roma,ARENA Antonio,arena antonio,,,0,0,0,0,0,0,0
2025-2026,4,Roma,BAILEY Leon,bailey leon,,,0,0,0,0,0,0,0
2025-2026,4,Roma,DOVBYK Artem,dovbyk artem,5.5,5.5,0,0,0,0,0,0,0
2025-2026,4,Roma,DYBALA Paulo,dybala paulo,,,0,0,0,0,0,0,0
2025-2026,4,Roma,FERGUSON Evan,ferguson evan,5.0,5.0,0,0,0,0,0,0,0
2025-2026,4,Roma,SOULE' Matias,soule' matias,6.5,7.5,0,1,0,0,0,0,0
2025-2026,4,Sassuolo,MURIC Arijanet,muric arijanet,7.5,5.5,-2,0,0,0,0,0,0
2025-2026,4,Sassuolo,SATALINO Giacomo,satalino giacomo,,,0,0,0,0,0,0,0
2025-2026,4,Sassuolo,TURATI Stefano,turati stefano,,,0,0,0,0,0,0,0
2025-2026,4,Sassuolo,ZACCHI Gioele,zacchi gioele,,,0,0,0,0,0,0,0
2025-2026,4,Sassuolo,CANDE' Fali,cande' fali,,,0,0,0,0,0,0,0
2025-2026,4,Sassuolo,COULIBALY Woyo,coulibaly woyo,5.0,5.0,0,0,0,0,0,0,0
2025-2026,4,Sassuolo,DOIG Josh,doig josh,6.5,6.5,0,0,0,0,0,0,0
2025-2026,4,Sassuolo,IDZES Jay,idzes jay,5.5,5.5,0,0,0,0,0,0,0
2025-2026,4,Sassuolo,MUHAREMOVIC Tarik,muharemovic tarik,6.0,3.5,0,0,1,0,1,0,0
2025-2026,4,Sassuolo,PAZ Yeferson,paz yeferson,,,0,0,0,0,0,0,0
2025-2026,4,Sassuolo,PIERAGNOLO Edoardo,pieragnolo edoardo,,,0,0,0,0,0,0,0
2025-2026,4,Sassuolo,ROMAGNA Filippo,romagna filippo,,,0,0,0,0,0,0,0
2025-2026,4,Sassuolo,WALUKIEWICZ Sebasti.,walukiewicz sebasti.,,,0,0,0,0,0,0,0
2025-2026,4,Sassuolo,BOLOCA Daniel,boloca daniel,,,0,0,0,0,0,0,0
2025-2026,4,Sassuolo,FADERA Alieu,fadera alieu,6.0,6.0,0,0,0,0,0,0,0
2025-2026,4,Sassuolo,IANNONI Edoardo,iannoni edoardo,,,0,0,0,0,0,0,0
2025-2026,4,Sassuolo,KONE Ismael,kone ismael,6.5,6.5,0,0,0,0,0,0,0
2025-2026,4,Sassuolo,LIPANI Luca,lipani luca,,,0,0,0,0,0,0,0
2025-2026,4,Sassuolo,MATIC Nemanja,matic nemanja,5.5,5.5,0,0,0,0,0,0,0
2025-2026,4,Sassuolo,THORSTVEDT Kristian,thorstvedt kristian,6.0,6.0,0,0,0,0,0,0,0
2025-2026,4,Sassuolo,VOLPATO Cristian,volpato cristian,6.0,6.0,0,0,0,0,0,0,0
2025-2026,4,Sassuolo,VRANCKX Aster,vranckx aster,6.0,6.0,0,0,0,0,0,0,0
2025-2026,4,Sassuolo,BERARDI Domenico,berardi domenico,7.0,8.0,0,1,0,0,0,0,0
2025-2026,4,Sassuolo,CHEDDIRA Walid,cheddira walid,6.5,9.5,1,0,0,0,0,0,0
2025-2026,4,Sassuolo,LAURIENTE' Armand,lauriente' armand,6.0,6.0,0,0,0,0,0,0,0
2025-2026,4,Sassuolo,MORO Luca,moro luca,,,0,0,0,0,0,0,0
2025-2026,4,Sassuolo,PIERINI Nicholas,pierini nicholas,,,0,0,0,0,0,0,0
2025-2026,4,Sassuolo,PINAMONTI Andrea,pinamonti andrea,5.5,5.5,0,0,0,0,0,0,0
2025-2026,4,Sassuolo,SKJELLERUP Laurs,skjellerup laurs,,,0,0,0,0,0,0,0
2025-2026,4,Torino,ISRAEL Franco,israel franco,5.0,2.0,-3,0,0,0,0,0,0
2025-2026,4,Torino,PALEARI Alberto,paleari alberto,,,0,0,0,0,0,0,0
2025-2026,4,Torino,POPA Mihai,popa mihai,,,0,0,0,0,0,0,0
2025-2026,4,Torino,BIRAGHI Cristiano,biraghi cristiano,5.0,5.0,0,0,0,0,0,0,0
2025-2026,4,Torino,COCO Saul,coco saul,5.0,5.0,0,0,0,0,0,0,0
2025-2026,4,Torino,DEMBELE' Ali,dembele' ali,,,0,0,0,0,0,0,0
2025-2026,4,Torino,ISMAJLI Ardian,ismajli ardian,5.0,5.0,0,0,0,0,0,0,0
2025-2026,4,Torino,LAZARO Valentino,lazaro valentino,5.0,5.0,0,0,0,0,0,0,0
2025-2026,4,Torino,MARIPAN Guillermo,maripan guillermo,4.5,4.5,0,0,0,0,0,0,0
2025-2026,4,Torino,MASINA Adam,masina adam,,,0,0,0,0,0,0,0
2025-2026,4,Torino,NKOUNKOU Niels,nkounkou niels,,,0,0,0,0,0,0,0
2025-2026,4,Torino,PEDERSEN Marcus,pedersen marcus,,,0,0,0,0,0,0,0
2025-2026,4,Torino,PEREZ Alex,perez alex,,,0,0,0,0,0,0,0
2025-2026,4,Torino,SAZONOV Saba,sazonov saba,,,0,0,0,0,0,0,0
2025-2026,4,Torino,SCHUURS Perr,schuurs perr,,,0,0,0,0,0,0,0
2025-2026,4,Torino,ZAIA Edoardo,zaia edoardo,,,0,0,0,0,0,0,0
2025-2026,4,Torino,ANJORIN Tino,anjorin tino,,,0,0,0,0,0,0,0
2025-2026,4,Torino,ASLLANI Kristjan,asllani kristjan,5.0,5.0,0,0,0,0,0,0,0
2025-2026,4,Torino,CASADEI Cesare,casadei cesare,5.0,5.0,0,0,0,0,0,0,0
2025-2026,4,Torino,GINEITIS Gvidas,gineitis gvidas,,,0,0,0,0,0,0,0
2025-2026,4,Torino,ILIC Ivan,ilic ivan,4.5,4.5,0,0,0,0,0,0,0
2025-2026,4,Torino,ILKHAN Emirhan,ilkhan emirhan,,,0,0,0,0,0,0,0
2025-2026,4,Torino,PERCIUN Sergiu,perciun sergiu,,,0,0,0,0,0,0,0
2025-2026,4,Torino,TAMEZE Adrien,tameze adrien,5.5,5.5,0,0,0,0,0,0,0
2025-2026,4,Torino,VLASIC Nikola,vlasic nikola,5.5,5.5,0,0,0,0,0,0,0
2025-2026,4,Torino,ABOUKHLAL Zakaria,aboukhlal zakaria,5.0,5.0,0,0,0,0,0,0,0
2025-2026,4,Torino,ADAMS Che',adams che',5.0,5.0,0,0,0,0,0,0,0
2025-2026,4,Torino,GABELLINI Tommaso,gabellini tommaso,,,0,0,0,0,0,0,0
2025-2026,4,Torino,NGONGE Cyril,ngonge cyril,,,0,0,0,0,0,0,0
2025-2026,4,Torino,NJIE Alieu,njie alieu,,,0,0,0,0,0,0,0
2025-2026,4,Torino,SAVVA Zanos,savva zanos,,,0,0,0,0,0,0,0
2025-2026,4,Torino,SIMEONE Giovanni,simeone giovanni,6.0,6.0,0,0,0,0,0,0,0
2025-2026,4,Torino,ZAPATA Duvan,zapata duvan,5.5,2.5,0,0,0,0,0,0,1
2025-2026,4,Udinese,NUNZIANTE Alessandro,nunziante alessandro,,,0,0,0,0,0,0,0
2025-2026,4,Udinese,OKOYE Maduka,okoye maduka,,,0,0,0,0,0,0,0
2025-2026,4,Udinese,PADELLI Daniele,padelli daniele,,,0,0,0,0,0,0,0
2025-2026,4,Udinese,SAVA Razvan,sava razvan,4.5,1.5,-3,0,0,0,0,0,0
2025-2026,4,Udinese,BERTOLA Nicolo',bertola nicolo',,,0,0,0,0,0,0,0
2025-2026,4,Udinese,EHIZIBUE Kingsley,ehizibue kingsley,4.0,4.0,0,0,0,0,0,0,0
2025-2026,4,Udinese,GOGLICHIDZE Saba,goglichidze saba,,,0,0,0,0,0,0,0
2025-2026,4,Udinese,KABASELE Christian,kabasele christian,,,0,0,0,0,0,0,0
2025-2026,4,Udinese,KAMARA Hassane,kamara hassane,,,0,0,0,0,0,0,0
2025-2026,4,Udinese,KRISTENSEN Thomas,kristensen thomas,5.0,5.0,0,0,0,0,0,0,0
2025-2026,4,Udinese,MODESTO Rui,modesto rui,5.5,5.5,0,0,0,0,0,0,0
2025-2026,4,Udinese,PALMA Matteo,palma matteo,,,0,0,0,0,0,0,0
2025-2026,4,Udinese,SOLET Oumar,solet oumar,5.0,5.0,0,0,0,0,0,0,0
2025-2026,4,Udinese,ZANOLI Alessandro,zanoli alessandro,5.5,5.5,0,0,0,0,0,0,0
2025-2026,4,Udinese,ZEMURA Jordan,zemura jordan,5.0,4.5,0,0,1,0,0,0,0
2025-2026,4,Udinese,ATTA Arthur,atta arthur,5.0,4.5,0,0,1,0,0,0,0
2025-2026,4,Udinese,EKKELENKAMP Jurgen,ekkelenkamp jurgen,4.5,4.5,0,0,0,0,0,0,0
2025-2026,4,Udinese,KARLSTROM Jesper,karlstrom jesper,4.5,4.5,0,0,0,0,0,0,0
2025-2026,4,Udinese,LOVRIC Sandi,lovric sandi,,,0,0,0,0,0,0,0
2025-2026,4,Udinese,MILLER Lennon,miller lennon,,,0,0,0,0,0,0,0
2025-2026,4,Udinese,PIOTROWSKI Jakub,piotrowski jakub,,,0,0,0,0,0,0,0
2025-2026,4,Udinese,ZANIOLO Nicolo',zaniolo nicolo',5.5,5.5,0,0,0,0,0,0,0
2025-2026,4,Udinese,ZARRAGA Oier,zarraga oier,5.0,5.0,0,0,0,0,0,0,0
2025-2026,4,Udinese,BAYO Vakoun,bayo vakoun,,,0,0,0,0,0,0,0
2025-2026,4,Udinese,BRAVO Iker,bravo iker,5.0,5.0,0,0,0,0,0,0,0
2025-2026,4,Udinese,BUKSA Adam,buksa adam,5.0,5.0,0,0,0,0,0,0,0
2025-2026,4,Udinese,DAVIS Keinan,davis keinan,5.0,5.0,0,0,0,0,0,0,0
2025-2026,4,Udinese,GUEYE Idrissa,gueye idrissa,,,0,0,0,0,0,0,0
2025-2026,4,Udinese,VINCIATI Giulio,vinciati giulio,,,0,0,0,0,0,0,0
2025-2026,4,Verona,MONTIPO' Lorenzo,montipo' lorenzo,6.0,5.0,-1,0,0,0,0,0,0
2025-2026,4,Verona,PERILLI Simone,perilli simone,,,0,0,0,0,0,0,0
2025-2026,4,Verona,BELGHALI Rafik,belghali rafik,6.5,6.5,0,0,0,0,0,0,0
2025-2026,4,Verona,BELLA-KOTCHAP Armel,bella-kotchap armel,,,0,0,0,0,0,0,0
2025-2026,4,Verona,BRADARIC Domagoj,bradaric domagoj,6.0,6.0,0,0,0,0,0,0,0
2025-2026,4,Verona,CHAM Fallou,cham fallou,,,0,0,0,0,0,0,0
2025-2026,4,Verona,EBOSSE Enzo,ebosse enzo,,,0,0,0,0,0,0,0
2025-2026,4,Verona,FRESE Martin,frese martin,6.5,6.5,0,0,0,0,0,0,0
2025-2026,4,Verona,KURTI Adi,kurti adi,,,0,0,0,0,0,0,0
2025-2026,4,Verona,NELSSON Victor,nelsson victor,6.5,6.5,0,0,0,0,0,0,0
2025-2026,4,Verona,NUNEZ Unai,nunez unai,6.5,6.5,0,0,0,0,0,0,0
2025-2026,4,Verona,OYEGOKE Daniel,oyegoke daniel,,,0,0,0,0,0,0,0
2025-2026,4,Verona,SLOTSAGER Tobias,slotsager tobias,,,0,0,0,0,0,0,0
2025-2026,4,Verona,VALENTINI Nicolas,valentini nicolas,,,0,0,0,0,0,0,0
2025-2026,4,Verona,YELLU Santiago,yellu santiago,,,0,0,0,0,0,0,0
2025-2026,4,Verona,AKPA-AKPRO Jean-Dan.,akpa-akpro jean-dan.,6.0,5.5,0,0,1,0,0,0,0
2025-2026,4,Verona,AL-MUSRATI Moatasem,al-musrati moatasem,,,0,0,0,0,0,0,0
2025-2026,4,Verona,BERNEDE Antoine,bernede antoine,6.5,6.0,0,0,1,0,0,0,0
2025-2026,4,Verona,GAGLIARDINI Roberto,gagliardini roberto,,,0,0,0,0,0,0,0
2025-2026,4,Verona,HARROUI Abdou,harroui abdou,,,0,0,0,0,0,0,0
2025-2026,4,Verona,KASTANOS Grigoris,kastanos grigoris,6.0,6.0,0,0,0,0,0,0,0
2025-2026,4,Verona,NIASSE Cheikh,niasse cheikh,6.0,6.0,0,0,0,0,0,0,0
2025-2026,4,Verona,SERDAR Suat,serdar suat,6.5,6.5,0,0,0,0,0,0,0
2025-2026,4,Verona,SUSLOV Tomas,suslov tomas,,,0,0,0,0,0,0,0
2025-2026,4,Verona,YILDIZ Veis,yildiz veis,,,0,0,0,0,0,0,0
2025-2026,4,Verona,AJAYI Junior,ajayi junior,,,0,0,0,0,0,0,0
2025-2026,4,Verona,GIOVANE Do Nascimie.,giovane do nascimie.,6.5,6.5,0,0,0,0,0,0,0
2025-2026,4,Verona,LUNA Agustin,luna agustin,,,0,0,0,0,0,0,0
2025-2026,4,Verona,MOSQUERA Daniel,mosquera daniel,,,0,0,0,0,0,0,0
2025-2026,4,Verona,ORBAN Gift,orban gift,7.5,10.0,1,0,1,0,0,1,0
2025-2026,4,Verona,SARR Amin,sarr amin,6.0,6.0,0,0,0,0,0,0,0
2025-2026,4,Cremonese,AUDERO Emil,audero emil,6.0,7.0,0,0,0,0,0,0,0
2025-2026,4,Cremonese,MALOVEC Adrian,malovec adrian,,,0,0,0,0,0,0,0
2025-2026,4,Cremonese,NAVA Lapo,nava lapo,,,0,0,0,0,0,0,0
2025-2026,4,Cremonese,SILVESTRI Marco,silvestri marco,,,0,0,0,0,0,0,0
2025-2026,4,Cremonese,BARBIERI Tommaso,barbieri tommaso,,,0,0,0,0,0,0,0
2025-2026,4,Cremonese,BASCHIROTTO Federico,baschirotto federico,6.0,6.0,0,0,0,0,0,0,0
2025-2026,4,Cremonese,BIANCHETTI Matteo,bianchetti matteo,5.5,5.5,0,0,0,0,0,0,0
2025-2026,4,Cremonese,CECCHERINI Federico,ceccherini federico,6.0,6.0,0,0,0,0,0,0,0
2025-2026,4,Cremonese,FAYE Mikayil,faye mikayil,,,0,0,0,0,0,0,0
2025-2026,4,Cremonese,FLORIANI MUSSOLINI .,floriani mussolini .,6.0,6.0,0,0,0,0,0,0,0
2025-2026,4,Cremonese,FOLINO Francesco,folino francesco,,,0,0,0,0,0,0,0
2025-2026,4,Cremonese,PEZZELLA Giuseppe,pezzella giuseppe,5.5,5.0,0,0,1,0,0,0,0
2025-2026,4,Cremonese,SERNICOLA Leonardo,sernicola leonardo,,,0,0,0,0,0,0,0
2025-2026,4,Cremonese,TERRACCIANO Filippo,terracciano filippo,6.0,6.0,0,0,0,0,0,0,0
2025-2026,4,Cremonese,BONDO Warren,bondo warren,6.0,6.0,0,0,0,0,0,0,0
2025-2026,4,Cremonese,COLLOCOLO Michele,collocolo michele,,6.0,0,0,0,0,0,0,0
2025-2026,4,Cremonese,GRASSI Alberto,grassi alberto,6.0,6.0,0,0,0,0,0,0,0
2025-2026,4,Cremonese,LORDKIPANIDZE Dachi,lordkipanidze dachi,,,0,0,0,0,0,0,0
2025-2026,4,Cremonese,PAYERO Martin,payero martin,,,0,0,0,0,0,0,0
2025-2026,4,Cremonese,VALOTI Mattia,valoti mattia,,,0,0,0,0,0,0,0
2025-2026,4,Cremonese,VANDEPUTTE Jari,vandeputte jari,5.5,5.5,0,0,0,0,0,0,0
2025-2026,4,Cremonese,BONAZZOLI Federico,bonazzoli federico,,,0,0,0,0,0,0,0
2025-2026,4,Cremonese,DE LUCA Manuel,de luca manuel,,,0,0,0,0,0,0,0
2025-2026,4,Cremonese,JOHNSEN Dennis,johnsen dennis,,6.0,0,0,0,0,0,0,0
2025-2026,4,Cremonese,MOUMBAGNA Faris,moumbagna faris,,6.0,0,0,0,0,0,0,0
2025-2026,4,Cremonese,OKEREKE David,okereke david,,,0,0,0,0,0,0,0
2025-2026,4,Cremonese,SANABRIA Antonio,sanabria antonio,5.5,5.5,0,0,0,0,0,0,0
2025-2026,4,Cremonese,SARMIENTO Jeremy,sarmiento jeremy,,,0,0,0,0,0,0,0
2025-2026,4,Cremonese,VARDY Jamie,vardy jamie,,,0,0,0,0,0,0,0
2025-2026,4,Cremonese,VAZQUEZ Franco,vazquez franco,6.5,6.5,0,0,0,0,0,0,0
2025-2026,4,Cremonese,ZERBIN Alessio,zerbin alessio,5.0,5.0,0,0,0,0,0,0,0
2025-2026,4,Parma,CORVI Edoardo,corvi edoardo,,,0,0,0,0,0,0,0
2025-2026,4,Parma,RINALDI Filippo,rinaldi filippo,,,0,0,0,0,0,0,0
2025-2026,4,Parma,SUZUKI Zion,suzuki zion,6.0,7.0,0,0,0,0,0,0,0
2025-2026,4,Parma,BRITSCHGI Sascha,britschgi sascha,,,0,0,0,0,0,0,0
2025-2026,4,Parma,CIRCATI Alessandro,circati alessandro,6.0,6.0,0,0,0,0,0,0,0
2025-2026,4,Parma,DEL PRATO Enrico,del prato enrico,6.5,6.5,0,0,0,0,0,0,0
2025-2026,4,Parma,LOVIK Mathias,lovik mathias,,,0,0,0,0,0,0,0
2025-2026,4,Parma,NDIAYE Abdoulaye,ndiaye abdoulaye,6.0,6.0,0,0,0,0,0,0,0
2025-2026,4,Parma,TRABUCCHI Nicolas,trabucchi nicolas,,,0,0,0,0,0,0,0
2025-2026,4,Parma,TROILO Mariano,troilo mariano,,,0,0,0,0,0,0,0
2025-2026,4,Parma,VALENTI Lautaro,valenti lautaro,,,0,0,0,0,0,0,0
2025-2026,4,Parma,VALERI Emanuele,valeri emanuele,6.5,6.5,0,0,0,0,0,0,0
2025-2026,4,Parma,BERNABE' Adrian,bernabe' adrian,5.5,5.5,0,0,0,0,0,0,0
2025-2026,4,Parma,CREMASCHI Benjamin,cremaschi benjamin,,,0,0,0,0,0,0,0
2025-2026,4,Parma,ESTEVEZ Nahuel,estevez nahuel,,,0,0,0,0,0,0,0
2025-2026,4,Parma,HERNANI,hernani,,,0,0,0,0,0,0,0
2025-2026,4,Parma,KEITA Mandela,keita mandela,6.5,6.5,0,0,0,0,0,0,0
2025-2026,4,Parma,ORDONEZ Christian,ordonez christian,,,0,0,0,0,0,0,0
2025-2026,4,Parma,ORISTANIO Gaetano,oristanio gaetano,5.5,5.5,0,0,0,0,0,0,0
2025-2026,4,Parma,PLICCO Elia,plicco elia,,,0,0,0,0,0,0,0
2025-2026,4,Parma,SORENSEN Oliver,sorensen oliver,5.0,5.0,0,0,0,0,0,0,0
2025-2026,4,Parma,ALMQVIST Pontus,almqvist pontus,6.0,6.0,0,0,0,0,0,0,0
2025-2026,4,Parma,BEGIC Tjas,begic tjas,,,0,0,0,0,0,0,0
2025-2026,4,Parma,BENEDYCZAK Adrian,benedyczak adrian,,,0,0,0,0,0,0,0
2025-2026,4,Parma,CUTRONE Patrick,cutrone patrick,5.5,5.5,0,0,0,0,0,0,0
2025-2026,4,Parma,DJURIC Milan,djuric milan,,,0,0,0,0,0,0,0
2025-2026,4,Parma,FRIGAN Matija,frigan matija,,,0,0,0,0,0,0,0
2025-2026,4,Parma,ONDREJKA Jacob,ondrejka jacob,,,0,0,0,0,0,0,0
2025-2026,4,Parma,PELLEGRINO Mateo,pellegrino mateo,6.0,6.0,0,0,0,0,0,0,0
2025-2026,4,Pisa,NICOLAS,nicolas,,,0,0,0,0,0,0,0
2025-2026,4,Pisa,SCUFFET Simone,scuffet simone,,,0,0,0,0,0,0,0
2025-2026,4,Pisa,SEMPER Adrian,semper adrian,5.5,2.5,-3,0,0,0,0,0,0
2025-2026,4,Pisa,ALBIOL Raul,albiol raul,,,0,0,0,0,0,0,0
2025-2026,4,Pisa,ANGORI Samuele,angori samuele,6.5,7.5,0,1,0,0,0,0,0
2025-2026,4,Pisa,BONFANTI Giovanni,bonfanti giovanni,5.5,5.5,0,0,0,0,0,0,0
2025-2026,4,Pisa,CALABRESI Arturo,calabresi arturo,,,0,0,0,0,0,0,0
2025-2026,4,Pisa,CANESTRELLI Simone,canestrelli simone,5.0,5.0,0,0,0,0,0,0,0
2025-2026,4,Pisa,CARACCIOLO Antonio,caracciolo antonio,6.0,5.5,0,0,1,0,0,0,0
2025-2026,4,Pisa,CUADRADO Juan,cuadrado juan,6.5,6.5,0,0,0,0,0,0,0
2025-2026,4,Pisa,DENOON Daniel,denoon daniel,,,0,0,0,0,0,0,0
2025-2026,4,Pisa,ESTEVES Tomas,esteves tomas,,,0,0,0,0,0,0,0
2025-2026,4,Pisa,LUSUARDI Mateus,lusuardi mateus,5.5,5.0,0,0,1,0,0,0,0
2025-2026,4,Pisa,MBAMBI Jeremy,mbambi jeremy,,,0,0,0,0,0,0,0
2025-2026,4,Pisa,AEBISCHER Michel,aebischer michel,5.5,5.5,0,0,0,0,0,0,0
2025-2026,4,Pisa,AKINSANMIRO Ebenezer,akinsanmiro ebenezer,6.5,6.5,0,0,0,0,0,0,0
2025-2026,4,Pisa,HOJHOLT Malthe,hojholt malthe,,,0,0,0,0,0,0,0
2025-2026,4,Pisa,LERIS Mehdi,leris mehdi,6.0,6.0,0,0,0,0,0,0,0
2025-2026,4,Pisa,LORRAN De Sousa,lorran de sousa,6.5,9.5,1,0,0,0,0,0,0
2025-2026,4,Pisa,MARIN Marius,marin marius,5.5,5.5,0,0,0,0,0,0,0
2025-2026,4,Pisa,MAUCCI Giacomo,maucci giacomo,,,0,0,0,0,0,0,0
2025-2026,4,Pisa,PICCININI Gabriele,piccinini gabriele,,,0,0,0,0,0,0,0
2025-2026,4,Pisa,STENGS Calvin,stengs calvin,,,0,0,0,0,0,0,0
2025-2026,4,Pisa,TOURE Idrissa,toure idrissa,,,0,0,0,0,0,0,0
2025-2026,4,Pisa,TRAMONI Matteo,tramoni matteo,5.5,5.5,0,0,0,0,0,0,0
2025-2026,4,Pisa,VURAL Isak,vural isak,,,0,0,0,0,0,0,0
2025-2026,4,Pisa,BUFFON Louis,buffon louis,,,0,0,0,0,0,0,0
2025-2026,4,Pisa,MEISTER Henrik,meister henrik,5.5,5.5,0,0,0,0,0,0,0
2025-2026,4,Pisa,MOREO Stefano,moreo stefano,5.5,5.5,0,0,0,0,0,0,0
2025-2026,4,Pisa,NZOLA M'Bala,nzola m'bala,6.0,9.0,1,0,0,0,0,1,0
2025-2026,4,Como,BUTEZ Jean,butez jean,6.0,5.0,-1,0,0,0,0,0,0
2025-2026,4,Como,CAVLINA Nikola,cavlina nikola,,,0,0,0,0,0,0,0
2025-2026,4,Como,VIGORITO Mauro,vigorito mauro,,,0,0,0,0,0,0,0
2025-2026,4,Como,CARLOS Diego,carlos diego,6.5,6.5,0,0,0,0,0,0,0
2025-2026,4,Como,DOSSENA Alberto,dossena alberto,,,0,0,0,0,0,0,0
2025-2026,4,Como,GOLDANIGA Edoardo,goldaniga edoardo,,,0,0,0,0,0,0,0
2025-2026,4,Como,KEMPF Marc-Oliver,kempf marc-oliver,7.0,9.5,1,0,1,0,0,0,0
2025-2026,4,Como,MORENO Alberto,moreno alberto,,,0,0,0,0,0,0,0
2025-2026,4,Como,POSCH Stefan,posch stefan,,6.0,0,0,0,0,0,0,0
2025-2026,4,Como,RAMON Jacobo,ramon jacobo,,,0,0,0,0,0,0,0
2025-2026,4,Como,ROBERTO Sergi,roberto sergi,6.5,6.0,0,0,1,0,0,0,0
2025-2026,4,Como,SALA Marco,sala marco,,,0,0,0,0,0,0,0
2025-2026,4,Como,SMOLCIC Ivan,smolcic ivan,6.5,6.5,0,0,0,0,0,0,0
2025-2026,4,Como,VALLE Alex,valle alex,6.0,6.0,0,0,0,0,0,0,0
2025-2026,4,Como,VAN DER BREMPT Igna.,van der brempt igna.,,,0,0,0,0,0,0,0
2025-2026,4,Como,VOJVODA Mergim,vojvoda mergim,5.0,4.5,0,0,1,0,0,0,0
2025-2026,4,Como,BALLET Samuel,ballet samuel,,,0,0,0,0,0,0,0
2025-2026,4,Como,BATURINA Martin,baturina martin,,,0,0,0,0,0,0,0
2025-2026,4,Como,CAQUERET Maxence,caqueret maxence,,,0,0,0,0,0,0,0
2025-2026,4,Como,DA CUNHA Lucas,da cunha lucas,,,0,0,0,0,0,0,0
2025-2026,4,Como,PAZ Nico,paz nico,7.0,9.0,0,2,0,0,0,0,0
2025-2026,4,Como,PERRONE Maximo,perrone maximo,6.0,6.0,0,0,0,0,0,0,0
2025-2026,4,Como,ADDAI Jaden,addai jaden,7.5,10.5,1,0,0,0,0,0,0
2025-2026,4,Como,CERRI Alberto,cerri alberto,,,0,0,0,0,0,0,0
2025-2026,4,Como,DIAO Assane,diao assane,,,0,0,0,0,0,0,0
2025-2026,4,Como,DOUVIKAS Tasos,douvikas tasos,6.0,6.0,0,0,0,0,0,0,0
2025-2026,4,Como,KUHN Nicolas,kuhn nicolas,5.0,5.0,0,0,0,0,0,0,0
2025-2026,4,Como,MORATA Alvaro,morata alvaro,4.0,4.0,0,0,0,0,0,0,0
2025-2026,4,Como,RODRIGUEZ Jesus,rodriguez jesus,7.5,7.5,0,0,0,0,0,0,0
2025-2026,5,Atalanta,CARNESECCHI Marco,carnesecchi marco,6.0,5.0,-1,0,0,0,0,0,0
2025-2026,5,Atalanta,ROSSI Francesco,rossi francesco,,,0,0,0,0,0,0,0
2025-2026,5,Atalanta,SPORTIELLO Marco,sportiello marco,,,0,0,0,0,0,0,0
2025-2026,5,Atalanta,AHANOR Honest,ahanor honest,7.0,7.0,0,0,0,0,0,0,0
2025-2026,5,Atalanta,BAKKER Mitchel,bakker mitchel,,,0,0,0,0,0,0,0
2025-2026,5,Atalanta,BELLANOVA Raoul,bellanova raoul,6.0,6.0,0,0,0,0,0,0,0
2025-2026,5,Atalanta,BERNASCONI Lorenzo,bernasconi lorenzo,,,0,0,0,0,0,0,0
2025-2026,5,Atalanta,COMI Pietro,comi pietro,,,0,0,0,0,0,0,0
2025-2026,5,Atalanta,DJIMSITI Berat,djimsiti berat,6.5,6.5,0,0,0,0,0,0,0
2025-2026,5,Atalanta,HIEN Isak,hien isak,,,0,0,0,0,0,0,0
2025-2026,5,Atalanta,KOLASINAC Sead,kolasinac sead,,,0,0,0,0,0,0,0
2025-2026,5,Atalanta,KOSSOUNOU Odilon,kossounou odilon,4.5,4.5,0,0,0,0,0,0,0
2025-2026,5,Atalanta,SCALVINI Giorgio,scalvini giorgio,,,0,0,0,0,0,0,0
2025-2026,5,Atalanta,ZAPPACOSTA Davide,zappacosta davide,5.5,5.0,0,0,1,0,0,0,0
2025-2026,5,Atalanta,BRESCIANINI Marco,brescianini marco,,6.0,0,0,0,0,0,0,0
2025-2026,5,Atalanta,CASSA Federico,cassa federico,,,0,0,0,0,0,0,0
2025-2026,5,Atalanta,DE ROON Marten,de roon marten,5.0,4.0,0,0,0,1,0,0,0
2025-2026,5,Atalanta,EDERSON,ederson,,,0,0,0,0,0,0,0
2025-2026,5,Atalanta,MALDINI Daniel,maldini daniel,,,0,0,0,0,0,0,0
2025-2026,5,Atalanta,MANZONI Alberto,manzoni alberto,,,0,0,0,0,0,0,0
2025-2026,5,Atalanta,MUSAH Yunus,musah yunus,6.0,6.0,0,0,0,0,0,0,0
2025-2026,5,Atalanta,PASALIC Mario,pasalic mario,5.5,5.5,0,0,0,0,0,0,0
2025-2026,5,Atalanta,SAMARDZIC Lazar,samardzic lazar,6.5,6.5,0,0,0,0,0,0,0
2025-2026,5,Atalanta,ZALEWSKI Nicola,zalewski nicola,,,0,0,0,0,0,0,0
2025-2026,5,Atalanta,DE KETELAERE Charles,de ketelaere charles,5.5,5.5,0,0,0,0,0,0,0
2025-2026,5,Atalanta,KRSTOVIC Nikola,krstovic nikola,5.0,5.0,0,0,0,0,0,0,0
2025-2026,5,Atalanta,LOOKMAN Ademola,lookman ademola,,,0,0,0,0,0,0,0
2025-2026,5,Atalanta,SCAMACCA Gianluca,scamacca gianluca,,,0,0,0,0,0,0,0
2025-2026,5,Atalanta,SULEMANA Kamaldeen,sulemana kamaldeen,7.0,10.0,1,0,0,0,0,0,0
2025-2026,5,Bologna,PESSINA Massimo,pessina massimo,,,0,0,0,0,0,0,0
2025-2026,5,Bologna,RAVAGLIA Federico,ravaglia federico,,,0,0,0,0,0,0,0
2025-2026,5,Bologna,SKORUPSKI Lukasz,skorupski lukasz,6.5,4.5,-2,0,0,0,0,0,0
2025-2026,5,Bologna,BONIFAZI Kevin,bonifazi kevin,,,0,0,0,0,0,0,0
2025-2026,5,Bologna,CASALE Nicolo',casale nicolo',,,0,0,0,0,0,0,0
2025-2026,5,Bologna,DE SILVESTRI Lorenzo,de silvestri lorenzo,,,0,0,0,0,0,0,0
2025-2026,5,Bologna,HEGGEM Torbjorn,heggem torbjorn,6.0,6.0,0,0,0,0,0,0,0
2025-2026,5,Bologna,HOLM Emil,holm emil,6.0,7.0,0,1,0,0,0,0,0
2025-2026,5,Bologna,LUCUMI Jhon,lucumi jhon,6.0,6.0,0,0,0,0,0,0,0
2025-2026,5,Bologna,LYKOGIANNIS Charala.,lykogiannis charala.,,,0,0,0,0,0,0,0
2025-2026,5,Bologna,MIRANDA Juan,miranda juan,4.0,4.0,0,0,0,0,0,0,0
2025-2026,5,Bologna,VITIK Martin,vitik martin,,,0,0,0,0,0,0,0
2025-2026,5,Bologna,ZORTEA Nadir,zortea nadir,,,0,0,0,0,0,0,0
2025-2026,5,Bologna,BERNARDESCHI Federi.,bernardeschi federi.,5.5,5.0,0,0,1,0,0,0,0
2025-2026,5,Bologna,FABBIAN Giovanni,fabbian giovanni,5.5,5.5,0,0,0,0,0,0,0
2025-2026,5,Bologna,FERGUSON Lewis,ferguson lewis,6.0,6.0,0,0,0,0,0,0,0
2025-2026,5,Bologna,FREULER Remo,freuler remo,,,0,0,0,0,0,0,0
2025-2026,5,Bologna,MORO Nikola,moro nikola,5.5,5.5,0,0,0,0,0,0,0
2025-2026,5,Bologna,POBEGA Tommaso,pobega tommaso,,,0,0,0,0,0,0,0
2025-2026,5,Bologna,SULEMANA,sulemana,,,0,0,0,0,0,0,0
2025-2026,5,Bologna,CAMBIAGHI Nicolo',cambiaghi nicolo',5.5,5.5,0,0,0,0,0,0,0
2025-2026,5,Bologna,CASTRO Santiago,castro santiago,6.0,6.0,0,0,0,0,0,0,0
2025-2026,5,Bologna,DALLINGA Thijs,dallinga thijs,6.0,5.5,0,0,1,0,0,0,0
2025-2026,5,Bologna,DOMINGUEZ Benjamin,dominguez benjamin,,,0,0,0,0,0,0,0
2025-2026,5,Bologna,IMMOBILE Ciro,immobile ciro,,,0,0,0,0,0,0,0
2025-2026,5,Bologna,ODGAARD Jens,odgaard jens,7.0,10.0,1,0,0,0,0,0,0
2025-2026,5,Bologna,ORSOLINI Riccardo,orsolini riccardo,6.5,9.5,1,0,0,0,0,1,0
2025-2026,5,Bologna,ROWE Jonathan,rowe jonathan,6.0,6.0,0,0,0,0,0,0,0
2025-2026,5,Cagliari,CAPRILE Elia,caprile elia,6.5,4.5,-2,0,0,0,0,0,0
2025-2026,5,Cagliari,CIOCCI Giuseppe,ciocci giuseppe,,,0,0,0,0,0,0,0
2025-2026,5,Cagliari,RADUNOVIC Boris,radunovic boris,,,0,0,0,0,0,0,0
2025-2026,5,Cagliari,IDRISSI Riyad,idrissi riyad,6.0,6.0,0,0,0,0,0,0,0
2025-2026,5,Cagliari,LUPERTO Sebastiano,luperto sebastiano,5.5,5.5,0,0,0,0,0,0,0
2025-2026,5,Cagliari,MINA Yerry,mina yerry,6.0,6.0,0,0,0,0,0,0,0
2025-2026,5,Cagliari,OBERT Adam,obert adam,5.0,5.0,0,0,0,0,0,0,0
2025-2026,5,Cagliari,PALESTRA Marco,palestra marco,6.0,6.0,0,0,0,0,0,0,0
2025-2026,5,Cagliari,RODRIGUEZ Juan,rodriguez juan,,,0,0,0,0,0,0,0
2025-2026,5,Cagliari,ZAPPA Gabriele,zappa gabriele,,,0,0,0,0,0,0,0
2025-2026,5,Cagliari,ZE PEDRO,ze pedro,6.0,6.0,0,0,0,0,0,0,0
2025-2026,5,Cagliari,ADOPO Michel,adopo michel,5.5,5.5,0,0,0,0,0,0,0
2025-2026,5,Cagliari,CAVUOTI Nicolo',cavuoti nicolo',,,0,0,0,0,0,0,0
2025-2026,5,Cagliari,DEIOLA Alessandro,deiola alessandro,6.0,6.0,0,0,0,0,0,0,0
2025-2026,5,Cagliari,DI PARDO Alessandro,di pardo alessandro,,,0,0,0,0,0,0,0
2025-2026,5,Cagliari,FOLORUNSHO Michael,folorunsho michael,6.5,6.5,0,0,0,0,0,0,0
2025-2026,5,Cagliari,GAETANO Gianluca,gaetano gianluca,6.0,6.0,0,0,0,0,0,0,0
2025-2026,5,Cagliari,MAZZITELLI Luca,mazzitelli luca,,,0,0,0,0,0,0,0
2025-2026,5,Cagliari,PRATI Matteo,prati matteo,6.0,6.0,0,0,0,0,0,0,0
2025-2026,5,Cagliari,ROG Marko,rog marko,,,0,0,0,0,0,0,0
2025-2026,5,Cagliari,BELOTTI Andrea,belotti andrea,5.5,5.5,0,0,0,0,0,0,0
2025-2026,5,Cagliari,BORRELLI Gennaro,borrelli gennaro,,6.0,0,0,0,0,0,0,0
2025-2026,5,Cagliari,ESPOSITO Sebastiano,esposito sebastiano,6.0,6.0,0,0,0,0,0,0,0
2025-2026,5,Cagliari,FELICI Mattia,felici mattia,6.0,6.0,0,0,0,0,0,0,0
2025-2026,5,Cagliari,KILICSOY Semih,kilicsoy semih,,,0,0,0,0,0,0,0
2025-2026,5,Cagliari,LUVUMBO Sebastiao Z.,luvumbo sebastiao z.,,,0,0,0,0,0,0,0
2025-2026,5,Cagliari,PAVOLETTI Leonardo,pavoletti leonardo,,,0,0,0,0,0,0,0
2025-2026,5,Fiorentina,DE GEA David,de gea david,6.0,7.0,0,0,0,0,0,0,0
2025-2026,5,Fiorentina,LEZZERINI Luca,lezzerini luca,,,0,0,0,0,0,0,0
2025-2026,5,Fiorentina,MARTINELLI Tommaso,martinelli tommaso,,,0,0,0,0,0,0,0
2025-2026,5,Fiorentina,COMUZZO Pietro,comuzzo pietro,,,0,0,0,0,0,0,0
2025-2026,5,Fiorentina,DODO,dodo,5.5,5.5,0,0,0,0,0,0,0
2025-2026,5,Fiorentina,FORTINI Niccolo',fortini niccolo',,,0,0,0,0,0,0,0
2025-2026,5,Fiorentina,GOSENS Robin,gosens robin,5.5,5.5,0,0,0,0,0,0,0
2025-2026,5,Fiorentina,KOSPO Eman,kospo eman,,,0,0,0,0,0,0,0
2025-2026,5,Fiorentina,KOUADIO Eddy,kouadio eddy,,,0,0,0,0,0,0,0
2025-2026,5,Fiorentina,LAMPTEY Tariq,lamptey tariq,,,0,0,0,0,0,0,0
2025-2026,5,Fiorentina,MARI Pablo,mari pablo,5.5,5.5,0,0,0,0,0,0,0
2025-2026,5,Fiorentina,PARISI Fabiano,parisi fabiano,,,0,0,0,0,0,0,0
2025-2026,5,Fiorentina,PONGRACIC Marin,pongracic marin,6.0,6.0,0,0,0,0,0,0,0
2025-2026,5,Fiorentina,RANIERI Luca,ranieri luca,5.5,5.5,0,0,0,0,0,0,0
2025-2026,5,Fiorentina,VITI Mattia,viti mattia,,,0,0,0,0,0,0,0
2025-2026,5,Fiorentina,FAGIOLI Nicolo',fagioli nicolo',,,0,0,0,0,0,0,0
2025-2026,5,Fiorentina,FAZZINI Jacopo,fazzini jacopo,6.0,6.0,0,0,0,0,0,0,0
2025-2026,5,Fiorentina,INFANTINO Gino,infantino gino,,,0,0,0,0,0,0,0
2025-2026,5,Fiorentina,MANDRAGORA Rolando,mandragora rolando,5.5,5.5,0,0,0,0,0,0,0
2025-2026,5,Fiorentina,NDOUR Cher,ndour cher,,,0,0,0,0,0,0,0
2025-2026,5,Fiorentina,NICOLUSSI CAVIGLIA .,nicolussi caviglia .,5.0,5.0,0,0,0,0,0,0,0
2025-2026,5,Fiorentina,RICHARDSON Amir,richardson amir,,,0,0,0,0,0,0,0
2025-2026,5,Fiorentina,SABIRI Abdelhamid,sabiri abdelhamid,,,0,0,0,0,0,0,0
2025-2026,5,Fiorentina,SOHM Simon,sohm simon,,6.0,0,0,0,0,0,0,0
2025-2026,5,Fiorentina,DZEKO Edin,dzeko edin,,,0,0,0,0,0,0,0
2025-2026,5,Fiorentina,GUDMUNDSSON Albert,gudmundsson albert,4.5,4.5,0,0,0,0,0,0,0
2025-2026,5,Fiorentina,KEAN Moise,kean moise,6.0,5.5,0,0,1,0,0,0,0
2025-2026,5,Fiorentina,KOUAME' Christian,kouame' christian,,,0,0,0,0,0,0,0
2025-2026,5,Fiorentina,PICCOLI Roberto,piccoli roberto,5.5,5.5,0,0,0,0,0,0,0
2025-2026,5,Genoa,LEALI Nicola,leali nicola,5.5,2.5,-3,0,0,0,0,0,0
2025-2026,5,Genoa,SIEGRIST Benjamin,siegrist benjamin,,,0,0,0,0,0,0,0
2025-2026,5,Genoa,SOMMARIVA Daniele,sommariva daniele,,,0,0,0,0,0,0,0
2025-2026,5,Genoa,KUMER CELIK Alin,kumer celik alin,,,0,0,0,0,0,0,0
2025-2026,5,Genoa,MARCANDALLI Alessan.,marcandalli alessan.,,,0,0,0,0,0,0,0
2025-2026,5,Genoa,MARTIN Aaron,martin aaron,5.5,5.5,0,0,0,0,0,0,0
2025-2026,5,Genoa,NORTON-CUFFY Brooke,norton-cuffy brooke,5.0,4.5,0,0,1,0,0,0,0
2025-2026,5,Genoa,OSTIGARD Leo,ostigard leo,5.0,4.5,0,0,1,0,0,0,0
2025-2026,5,Genoa,OTOA Sebastian,otoa sebastian,,,0,0,0,0,0,0,0
2025-2026,5,Genoa,SABELLI Stefano,sabelli stefano,,,0,0,0,0,0,0,0
2025-2026,5,Genoa,VASQUEZ Johan,vasquez johan,5.0,4.5,0,0,1,0,0,0,0
2025-2026,5,Genoa,CARBONI Valentin,carboni valentin,5.0,5.0,0,0,0,0,0,0,0
2025-2026,5,Genoa,CUENCA Hugo,cuenca hugo,,,0,0,0,0,0,0,0
2025-2026,5,Genoa,ELLERTSSON Mikael,ellertsson mikael,5.0,5.0,0,0,0,0,0,0,0
2025-2026,5,Genoa,FINI Seydou,fini seydou,,,0,0,0,0,0,0,0
2025-2026,5,Genoa,FRENDRUP Morten,frendrup morten,5.0,5.0,0,0,0,0,0,0,0
2025-2026,5,Genoa,GRONBAEK Alberto,gronbaek alberto,,,0,0,0,0,0,0,0
2025-2026,5,Genoa,LAFONT Gael,lafont gael,,,0,0,0,0,0,0,0
2025-2026,5,Genoa,MALINOVSKIY Ruslan,malinovskiy ruslan,5.0,4.5,0,0,1,0,0,0,0
2025-2026,5,Genoa,MASINI Patrizio,masini patrizio,5.0,4.5,0,0,1,0,0,0,0
2025-2026,5,Genoa,MESSIAS Junior,messias junior,,,0,0,0,0,0,0,0
2025-2026,5,Genoa,ONANA Jean,onana jean,,,0,0,0,0,0,0,0
2025-2026,5,Genoa,STANCIU Nicolae,stanciu nicolae,5.0,5.0,0,0,0,0,0,0,0
2025-2026,5,Genoa,THORSBY Morten,thorsby morten,,,0,0,0,0,0,0,0
2025-2026,5,Genoa,COLOMBO Lorenzo,colombo lorenzo,5.0,5.0,0,0,0,0,0,0,0
2025-2026,5,Genoa,CORNET Maxwel,cornet maxwel,,,0,0,0,0,0,0,0
2025-2026,5,Genoa,EKHATOR Jeff,ekhator jeff,5.5,5.5,0,0,0,0,0,0,0
2025-2026,5,Genoa,EKUBAN Caleb,ekuban caleb,5.0,5.0,0,0,0,0,0,0,0
2025-2026,5,Genoa,VENTURINO Lorenzo,venturino lorenzo,,,0,0,0,0,0,0,0
2025-2026,5,Genoa,VITINHA,vitinha,6.0,6.0,0,0,0,0,0,0,0
2025-2026,5,Inter,DI GENNARO Raffaele,di gennaro raffaele,,,0,0,0,0,0,0,0
2025-2026,5,Inter,MARTINEZ Josep,martinez josep,6.0,7.0,0,0,0,0,0,0,0
2025-2026,5,Inter,SOMMER Yann,sommer yann,,,0,0,0,0,0,0,0
2025-2026,5,Inter,ACERBI Francesco,acerbi francesco,,,0,0,0,0,0,0,0
2025-2026,5,Inter,AKANJI Manuel,akanji manuel,6.0,6.0,0,0,0,0,0,0,0
2025-2026,5,Inter,ALEXIOU Christos,alexiou christos,,,0,0,0,0,0,0,0
2025-2026,5,Inter,BASTONI Alessandro,bastoni alessandro,6.5,7.5,0,1,0,0,0,0,0
2025-2026,5,Inter,BISSECK Yann Aurel,bisseck yann aurel,,,0,0,0,0,0,0,0
2025-2026,5,Inter,CARLOS AUGUSTO,carlos augusto,6.0,5.5,0,0,1,0,0,0,0
2025-2026,5,Inter,COCCHI Matteo,cocchi matteo,,,0,0,0,0,0,0,0
2025-2026,5,Inter,DARMIAN Matteo,darmian matteo,,,0,0,0,0,0,0,0
2025-2026,5,Inter,DE VRIJ Stefan,de vrij stefan,6.5,6.5,0,0,0,0,0,0,0
2025-2026,5,Inter,DIMARCO Federico,dimarco federico,7.0,8.0,0,1,0,0,0,0,0
2025-2026,5,Inter,DUMFRIES Denzel,dumfries denzel,,6.0,0,0,0,0,0,0,0
2025-2026,5,Inter,LUIS HENRIQUE,luis henrique,5.0,5.0,0,0,0,0,0,0,0
2025-2026,5,Inter,PALACIOS Tomas,palacios tomas,,,0,0,0,0,0,0,0
2025-2026,5,Inter,RE CECCONI Gabriele,re cecconi gabriele,,,0,0,0,0,0,0,0
2025-2026,5,Inter,BARELLA Nicolo',barella nicolo',7.0,6.5,0,0,1,0,0,0,0
2025-2026,5,Inter,BERENBRUCH Thomas,berenbruch thomas,,,0,0,0,0,0,0,0
2025-2026,5,Inter,CALHANOGLU Hakan,calhanoglu hakan,6.5,6.5,0,0,0,0,0,0,0
2025-2026,5,Inter,DIOUF Andy,diouf andy,,,0,0,0,0,0,0,0
2025-2026,5,Inter,FRATTESI Davide,frattesi davide,6.0,6.0,0,0,0,0,0,0,0
2025-2026,5,Inter,MKHITARYAN Henrikh,mkhitaryan henrikh,6.0,6.0,0,0,0,0,0,0,0
2025-2026,5,Inter,SUCIC Petar,sucic petar,,,0,0,0,0,0,0,0
2025-2026,5,Inter,TOPALOVIC Luka,topalovic luka,,,0,0,0,0,0,0,0
2025-2026,5,Inter,ZIELINSKI Piotr,zielinski piotr,,,0,0,0,0,0,0,0
2025-2026,5,Inter,BONNY Ange-Yoan,bonny ange-yoan,,,0,0,0,0,0,0,0
2025-2026,5,Inter,ESPOSITO Francesco .,esposito francesco .,7.0,10.0,1,0,0,0,0,0,0
2025-2026,5,Inter,MARTINEZ Lautaro,martinez lautaro,7.0,10.0,1,0,0,0,0,0,0
2025-2026,5,Inter,THURAM Marcus,thuram marcus,6.0,6.0,0,0,0,0,0,0,0
2025-2026,5,Juventus,DI GREGORIO Michele,di gregorio michele,6.0,5.0,-1,0,0,0,0,0,0
2025-2026,5,Juventus,PERIN Mattia,perin mattia,,,0,0,0,0,0,0,0
2025-2026,5,Juventus,PINSOGLIO Carlo,pinsoglio carlo,,,0,0,0,0,0,0,0
2025-2026,5,Juventus,BREMER Gleison,bremer gleison,6.0,6.0,0,0,0,0,0,0,0
2025-2026,5,Juventus,CABAL Juan,cabal juan,7.0,10.0,1,0,0,0,0,0,0
2025-2026,5,Juventus,CAMBIASO Andrea,cambiaso andrea,6.5,6.5,0,0,0,0,0,0,0
2025-2026,5,Juventus,GATTI Federico,gatti federico,5.5,5.5,0,0,0,0,0,0,0
2025-2026,5,Juventus,KALULU Pierre,kalulu pierre,6.0,6.0,0,0,0,0,0,0,0
2025-2026,5,Juventus,KELLY Lloyd,kelly lloyd,6.5,6.5,0,0,0,0,0,0,0
2025-2026,5,Juventus,MARIO Joao,mario joao,6.0,6.0,0,0,0,0,0,0,0
2025-2026,5,Juventus,ROUHI Jonas,rouhi jonas,,,0,0,0,0,0,0,0
2025-2026,5,Juventus,RUGANI Daniele,rugani daniele,,,0,0,0,0,0,0,0
2025-2026,5,Juventus,ADZIC Vasilije,adzic vasilije,5.0,5.0,0,0,0,0,0,0,0
2025-2026,5,Juventus,KOOPMEINERS Teun,koopmeiners teun,5.5,5.5,0,0,0,0,0,0,0
2025-2026,5,Juventus,KOSTIC Filip,kostic filip,,,0,0,0,0,0,0,0
2025-2026,5,Juventus,LOCATELLI Manuel,locatelli manuel,,,0,0,0,0,0,0,0
2025-2026,5,Juventus,MCKENNIE Weston,mckennie weston,6.0,6.0,0,0,0,0,0,0,0
2025-2026,5,Juventus,MIRETTI Fabio,miretti fabio,,,0,0,0,0,0,0,0
2025-2026,5,Juventus,THURAM Khephren,thuram khephren,5.5,5.5,0,0,0,0,0,0,0
2025-2026,5,Juventus,CONCEICAO Francisco,conceicao francisco,,,0,0,0,0,0,0,0
2025-2026,5,Juventus,DAVID Jonathan,david jonathan,,,0,0,0,0,0,0,0
2025-2026,5,Juventus,MILIK Arek,milik arek,,,0,0,0,0,0,0,0
2025-2026,5,Juventus,OPENDA Lois,openda lois,5.0,5.0,0,0,0,0,0,0,0
2025-2026,5,Juventus,PUGNO Diego,pugno diego,,,0,0,0,0,0,0,0
2025-2026,5,Juventus,VLAHOVIC Dusan,vlahovic dusan,5.0,5.0,0,0,0,0,0,0,0
2025-2026,5,Juventus,YILDIZ Kenan,yildiz kenan,6.0,6.0,0,0,0,0,0,0,0
2025-2026,5,Juventus,ZHEGROVA Edon,zhegrova edon,6.5,6.5,0,0,0,0,0,0,0
2025-2026,5,Lazio,FURLANETTO Alessio,furlanetto alessio,,,0,0,0,0,0,0,0
2025-2026,5,Lazio,MANDAS Christos,mandas christos,,,0,0,0,0,0,0,0
2025-2026,5,Lazio,PROVEDEL Ivan,provedel ivan,7.0,8.0,0,0,0,0,0,0,0
2025-2026,5,Lazio,GIGOT Samuel,gigot samuel,,,0,0,0,0,0,0,0
2025-2026,5,Lazio,GILA Mario,gila mario,6.5,6.5,0,0,0,0,0,0,0
2025-2026,5,Lazio,HYSAJ Elseid,hysaj elseid,6.5,6.5,0,0,0,0,0,0,0
2025-2026,5,Lazio,LAZZARI Manuel,lazzari manuel,,,0,0,0,0,0,0,0
2025-2026,5,Lazio,MARUSIC Adam,marusic adam,6.5,7.5,0,1,0,0,0,0,0
2025-2026,5,Lazio,NUNO TAVARES,nuno tavares,6.5,6.5,0,0,0,0,0,0,0
2025-2026,5,Lazio,PATRIC,patric,,,0,0,0,0,0,0,0
2025-2026,5,Lazio,PELLEGRINI Luca,pellegrini luca,6.5,6.5,0,0,0,0,0,0,0
2025-2026,5,Lazio,PROVSTGAARD Oliver,provstgaard oliver,,,0,0,0,0,0,0,0
2025-2026,5,Lazio,ROMAGNOLI Alessio,romagnoli alessio,6.5,6.5,0,0,0,0,0,0,0
2025-2026,5,Lazio,BASIC Toma,basic toma,6.5,6.5,0,0,0,0,0,0,0
2025-2026,5,Lazio,BELAHYANE Reda,belahyane reda,,,0,0,0,0,0,0,0
2025-2026,5,Lazio,CATALDI Danilo,cataldi danilo,6.5,6.0,0,0,1,0,0,0,0
2025-2026,5,Lazio,DELE-BASHIRU Fisayo,dele-bashiru fisayo,,,0,0,0,0,0,0,0
2025-2026,5,Lazio,GUENDOUZI Matteo,guendouzi matteo,,,0,0,0,0,0,0,0
2025-2026,5,Lazio,ROVELLA Nicolo,rovella nicolo,,,0,0,0,0,0,0,0
2025-2026,5,Lazio,VECINO Matias,vecino matias,,,0,0,0,0,0,0,0
2025-2026,5,Lazio,CANCELLIERI Matteo,cancellieri matteo,7.0,10.0,1,0,0,0,0,0,0
2025-2026,5,Lazio,CASTELLANOS Valentin,castellanos valentin,7.5,11.5,1,1,0,0,0,0,0
2025-2026,5,Lazio,DIA Boulaye,dia boulaye,6.5,6.5,0,0,0,0,0,0,0
2025-2026,5,Lazio,ISAKSEN Gustav,isaksen gustav,,,0,0,0,0,0,0,0
2025-2026,5,Lazio,NOSLIN Tijjani,noslin tijjani,,,0,0,0,0,0,0,0
2025-2026,5,Lazio,PEDRO,pedro,,,0,0,0,0,0,0,0
2025-2026,5,Lazio,ZACCAGNI Mattia,zaccagni mattia,7.0,10.0,1,0,0,0,0,0,0
2025-2026,5,Lecce,FALCONE Wladimiro,falcone wladimiro,6.5,4.5,-2,0,0,0,0,0,1
2025-2026,5,Lecce,FRUCHTL Christian,fruchtl christian,,,0,0,0,0,0,0,0
2025-2026,5,Lecce,SAMOOJA Jasper,samooja jasper,,,0,0,0,0,0,0,0
2025-2026,5,Lecce,ESTEBAN Paco,esteban paco,,,0,0,0,0,0,0,0
2025-2026,5,Lecce,GABRIEL Tiago,gabriel tiago,5.5,5.5,0,0,0,0,0,0,0
2025-2026,5,Lecce,GALLO Antonino,gallo antonino,6.5,6.0,0,0,1,0,0,0,0
2025-2026,5,Lecce,GASPAR Kialonda,gaspar kialonda,6.0,5.5,0,0,1,0,0,0,0
2025-2026,5,Lecce,GUILBERT Frederic,guilbert frederic,,,0,0,0,0,0,0,0
2025-2026,5,Lecce,JEAN Gaby,jean gaby,,,0,0,0,0,0,0,0
2025-2026,5,Lecce,KOUASSI Owen,kouassi owen,4.0,4.0,0,0,0,0,0,0,0
2025-2026,5,Lecce,NDABA Corrie,ndaba corrie,5.5,5.5,0,0,0,0,0,0,0
2025-2026,5,Lecce,PEHLIVANOV Cristian,pehlivanov cristian,,,0,0,0,0,0,0,0
2025-2026,5,Lecce,PEREZ Matias,perez matias,,,0,0,0,0,0,0,0
2025-2026,5,Lecce,SCOTT Elijah,scott elijah,,,0,0,0,0,0,0,0
2025-2026,5,Lecce,SIEBERT Jamil,siebert jamil,,,0,0,0,0,0,0,0
2025-2026,5,Lecce,VEIGA Danilo,veiga danilo,6.0,6.0,0,0,0,0,0,0,0
2025-2026,5,Lecce,BERISHA Medon,berisha medon,7.0,8.0,0,1,0,0,0,0,0
2025-2026,5,Lecce,COULIBALY Lassana,coulibaly lassana,7.5,10.5,1,0,0,0,0,0,0
2025-2026,5,Lecce,GORTER Olaf,gorter olaf,,,0,0,0,0,0,0,0
2025-2026,5,Lecce,HELGASON Thorir,helgason thorir,,,0,0,0,0,0,0,0
2025-2026,5,Lecce,KABA Mohamed,kaba mohamed,,,0,0,0,0,0,0,0
2025-2026,5,Lecce,MALEH Youssef,maleh youssef,,,0,0,0,0,0,0,0
2025-2026,5,Lecce,MARCHWINSKI Filip,marchwinski filip,,,0,0,0,0,0,0,0
2025-2026,5,Lecce,PIERRET Balthazar,pierret balthazar,,,0,0,0,0,0,0,0
2025-2026,5,Lecce,RAFIA Hamza,rafia hamza,,,0,0,0,0,0,0,0
2025-2026,5,Lecce,RAMADANI Ylber,ramadani ylber,6.5,6.0,0,0,1,0,0,0,0
2025-2026,5,Lecce,SALA Alex,sala alex,,,0,0,0,0,0,0,0
2025-2026,5,Lecce,SOTTIL Riccardo,sottil riccardo,,,0,0,0,0,0,0,0
2025-2026,5,Lecce,BANDA Lameck,banda lameck,5.5,5.5,0,0,0,0,0,0,0
2025-2026,5,Lecce,CAMARDA Francesco,camarda francesco,7.5,10.0,1,0,1,0,0,0,0
2025-2026,5,Lecce,MORENTE Tete,morente tete,6.0,6.0,0,0,0,0,0,0,0
2025-2026,5,Lecce,N'DRI Konan,n'dri konan,6.0,6.0,0,0,0,0,0,0,0
2025-2026,5,Lecce,PIEROTTI Santiago,pierotti santiago,6.5,6.5,0,0,0,0,0,0,0
2025-2026,5,Lecce,STULIC Nikola,stulic nikola,5.0,5.0,0,0,0,0,0,0,0
2025-2026,5,Milan,MAIGNAN Mike,maignan mike,7.0,6.0,-1,0,0,0,0,0,1
2025-2026,5,Milan,TERRACCIANO Pietro,terracciano pietro,,,0,0,0,0,0,0,0
2025-2026,5,Milan,TORRIANI Lorenzo,torriani lorenzo,,,0,0,0,0,0,0,0
2025-2026,5,Milan,ATHEKAME Zachary,athekame zachary,5.5,5.5,0,0,0,0,0,0,0
2025-2026,5,Milan,BARTESAGHI Davide,bartesaghi davide,6.0,6.0,0,0,0,0,0,0,0
2025-2026,5,Milan,DE WINTER Koni,de winter koni,,6.0,0,0,0,0,0,0,0
2025-2026,5,Milan,ESTUPINAN Pervis,estupinan pervis,4.5,3.5,0,0,0,1,0,0,0
2025-2026,5,Milan,GABBIA Matteo,gabbia matteo,7.0,7.0,0,0,0,0,0,0,0
2025-2026,5,Milan,ODOGU David,odogu david,,,0,0,0,0,0,0,0
2025-2026,5,Milan,PAVLOVIC Strahinja,pavlovic strahinja,7.0,7.0,0,0,0,0,0,0,0
2025-2026,5,Milan,TOMORI Fikayo,tomori fikayo,6.5,6.5,0,0,0,0,0,0,0
2025-2026,5,Milan,FOFANA Youssouf,fofana youssouf,7.0,8.0,0,1,0,0,0,0,0
2025-2026,5,Milan,JASHARI Ardon,jashari ardon,,,0,0,0,0,0,0,0
2025-2026,5,Milan,LOFTUS-CHEEK Ruben,loftus-cheek ruben,,6.0,0,0,0,0,0,0,0
2025-2026,5,Milan,MODRIC Luka,modric luka,7.5,7.5,0,0,0,0,0,0,0
2025-2026,5,Milan,RABIOT Adrien,rabiot adrien,7.0,6.5,0,0,1,0,0,0,0
2025-2026,5,Milan,RICCI Samuele,ricci samuele,,,0,0,0,0,0,0,0
2025-2026,5,Milan,SAELEMAEKERS Alexis,saelemaekers alexis,7.0,10.0,1,0,0,0,0,0,0
2025-2026,5,Milan,TRAORE Chaka,traore chaka,,,0,0,0,0,0,0,0
2025-2026,5,Milan,VOS Silvano,vos silvano,,,0,0,0,0,0,0,0
2025-2026,5,Milan,BALENTIEN Chevejo,balentien chevejo,,,0,0,0,0,0,0,0
2025-2026,5,Milan,GIMENEZ Santiago,gimenez santiago,6.0,6.0,0,0,0,0,0,0,0
2025-2026,5,Milan,LEAO Rafael,leao rafael,6.0,6.0,0,0,0,0,0,0,0
2025-2026,5,Milan,NKUNKU Cristopher,nkunku cristopher,,,0,0,0,0,0,0,0
2025-2026,5,Milan,PULISIC Christian,pulisic christian,8.0,12.0,1,1,0,0,0,0,0
2025-2026,5,Napoli,CONTINI Nikita,contini nikita,,,0,0,0,0,0,0,0
2025-2026,5,Napoli,MERET Alex,meret alex,6.0,4.0,-2,0,0,0,0,0,0
2025-2026,5,Napoli,MILINKOVIC Vanja,milinkovic vanja,,,0,0,0,0,0,0,0
2025-2026,5,Napoli,BEUKEMA Sam,beukema sam,,,0,0,0,0,0,0,0
2025-2026,5,Napoli,BUONGIORNO Alessand.,buongiorno alessand.,,,0,0,0,0,0,0,0
2025-2026,5,Napoli,DI LORENZO Giovanni,di lorenzo giovanni,6.0,6.0,0,0,0,0,0,0,0
2025-2026,5,Napoli,GUTIERREZ Miguel,gutierrez miguel,5.5,5.5,0,0,0,0,0,0,0
2025-2026,5,Napoli,JESUS Juan,jesus juan,5.0,5.0,0,0,0,0,0,0,0
2025-2026,5,Napoli,MARIANUCCI Luca,marianucci luca,4.0,4.0,0,0,0,0,0,0,0
2025-2026,5,Napoli,MAZZOCCHI Pasquale,mazzocchi pasquale,,,0,0,0,0,0,0,0
2025-2026,5,Napoli,OLIVERA Mathias,olivera mathias,,,0,0,0,0,0,0,0
2025-2026,5,Napoli,RRAHMANI Amir,rrahmani amir,,,0,0,0,0,0,0,0
2025-2026,5,Napoli,SPINAZZOLA Leonardo,spinazzola leonardo,,,0,0,0,0,0,0,0
2025-2026,5,Napoli,ANGUISSA Andre' Zam.,anguissa andre' zam.,6.5,6.5,0,0,0,0,0,0,0
2025-2026,5,Napoli,DE BRUYNE Kevin,de bruyne kevin,6.5,9.5,1,0,0,0,0,1,0
2025-2026,5,Napoli,ELMAS Eljif,elmas eljif,6.0,6.0,0,0,0,0,0,0,0
2025-2026,5,Napoli,GILMOUR Billy,gilmour billy,,,0,0,0,0,0,0,0
2025-2026,5,Napoli,LOBOTKA Stanislav,lobotka stanislav,6.0,6.0,0,0,0,0,0,0,0
2025-2026,5,Napoli,MCTOMINAY Scott,mctominay scott,5.5,5.5,0,0,0,0,0,0,0
2025-2026,5,Napoli,VERGARA Antonio,vergara antonio,,,0,0,0,0,0,0,0
2025-2026,5,Napoli,AMBROSINO Giuseppe,ambrosino giuseppe,,,0,0,0,0,0,0,0
2025-2026,5,Napoli,HOJLUND Rasmus,hojlund rasmus,5.0,5.0,0,0,0,0,0,0,0
2025-2026,5,Napoli,LANG Noa,lang noa,6.0,6.0,0,0,0,0,0,0,0
2025-2026,5,Napoli,LUCCA Lorenzo,lucca lorenzo,5.0,5.0,0,0,0,0,0,0,0
2025-2026,5,Napoli,LUKAKU Romelu,lukaku romelu,,,0,0,0,0,0,0,0
2025-2026,5,Napoli,NERES David,neres david,6.5,6.5,0,0,0,0,0,0,0
2025-2026,5,Napoli,POLITANO Matteo,politano matteo,7.0,7.0,0,0,0,0,0,0,0
2025-2026,5,Roma,GOLLINI Pierluigi,gollini pierluigi,,,0,0,0,0,0,0,0
2025-2026,5,Roma,SVILAR Mile,svilar mile,7.0,8.0,0,0,0,0,0,0,0
2025-2026,5,Roma,VASQUEZ Devis,vasquez devis,,,0,0,0,0,0,0,0
2025-2026,5,Roma,ANGELINO Jose',angelino jose',5.5,5.5,0,0,0,0,0,0,0
2025-2026,5,Roma,CELIK Zeki,celik zeki,6.5,7.5,0,1,0,0,0,0,0
2025-2026,5,Roma,GHILARDI Daniele,ghilardi daniele,,,0,0,0,0,0,0,0
2025-2026,5,Roma,HERMOSO Mario,hermoso mario,6.0,6.0,0,0,0,0,0,0,0
2025-2026,5,Roma,MANCINI Gianluca,mancini gianluca,5.5,5.5,0,0,0,0,0,0,0
2025-2026,5,Roma,NDICKA Evan,ndicka evan,6.0,6.0,0,0,0,0,0,0,0
2025-2026,5,Roma,RENSCH Devyne,rensch devyne,,,0,0,0,0,0,0,0
2025-2026,5,Roma,SANGARe' Buba,sangare' buba,,,0,0,0,0,0,0,0
2025-2026,5,Roma,TSIMIKAS Konstantin.,tsimikas konstantin.,5.5,5.5,0,0,0,0,0,0,0
2025-2026,5,Roma,WESLEY,wesley,5.0,5.0,0,0,0,0,0,0,0
2025-2026,5,Roma,ZIOLKOWSKI Jan,ziolkowski jan,6.0,6.0,0,0,0,0,0,0,0
2025-2026,5,Roma,BALDANZI Tommaso,baldanzi tommaso,,,0,0,0,0,0,0,0
2025-2026,5,Roma,CRISTANTE Bryan,cristante bryan,6.0,6.0,0,0,0,0,0,0,0
2025-2026,5,Roma,EL AYNAOUI Neil,el aynaoui neil,,,0,0,0,0,0,0,0
2025-2026,5,Roma,EL SHAARAWY Stephan,el shaarawy stephan,,6.0,0,0,0,0,0,0,0
2025-2026,5,Roma,KONE' Manu,kone' manu,6.5,6.5,0,0,0,0,0,0,0
2025-2026,5,Roma,PELLEGRINI Lorenzo,pellegrini lorenzo,6.5,6.5,0,0,0,0,0,0,0
2025-2026,5,Roma,PISILLI Niccolo',pisilli niccolo',,,0,0,0,0,0,0,0
2025-2026,5,Roma,ROMANO Alessandro,romano alessandro,,,0,0,0,0,0,0,0
2025-2026,5,Roma,ARENA Antonio,arena antonio,,,0,0,0,0,0,0,0
2025-2026,5,Roma,BAILEY Leon,bailey leon,,,0,0,0,0,0,0,0
2025-2026,5,Roma,DOVBYK Artem,dovbyk artem,6.5,9.5,1,0,0,0,0,0,0
2025-2026,5,Roma,DYBALA Paulo,dybala paulo,,,0,0,0,0,0,0,0
2025-2026,5,Roma,FERGUSON Evan,ferguson evan,5.5,5.5,0,0,0,0,0,0,0
2025-2026,5,Roma,SOULE' Matias,soule' matias,6.0,9.0,1,0,0,0,0,0,0
2025-2026,5,Sassuolo,MURIC Arijanet,muric arijanet,6.0,5.0,-1,0,0,0,0,0,0
2025-2026,5,Sassuolo,SATALINO Giacomo,satalino giacomo,,,0,0,0,0,0,0,0
2025-2026,5,Sassuolo,TURATI Stefano,turati stefano,,,0,0,0,0,0,0,0
2025-2026,5,Sassuolo,ZACCHI Gioele,zacchi gioele,,,0,0,0,0,0,0,0
2025-2026,5,Sassuolo,CANDE' Fali,cande' fali,,,0,0,0,0,0,0,0
2025-2026,5,Sassuolo,COULIBALY Woyo,coulibaly woyo,,6.0,0,0,0,0,0,0,0
2025-2026,5,Sassuolo,DOIG Josh,doig josh,7.0,7.0,0,0,0,0,0,0,0
2025-2026,5,Sassuolo,IDZES Jay,idzes jay,6.5,6.5,0,0,0,0,0,0,0
2025-2026,5,Sassuolo,MUHAREMOVIC Tarik,muharemovic tarik,6.0,6.0,0,0,0,0,0,0,0
2025-2026,5,Sassuolo,PAZ Yeferson,paz yeferson,,,0,0,0,0,0,0,0
2025-2026,5,Sassuolo,PIERAGNOLO Edoardo,pieragnolo edoardo,,,0,0,0,0,0,0,0
2025-2026,5,Sassuolo,ROMAGNA Filippo,romagna filippo,,,0,0,0,0,0,0,0
2025-2026,5,Sassuolo,WALUKIEWICZ Sebasti.,walukiewicz sebasti.,6.0,6.0,0,0,0,0,0,0,0
2025-2026,5,Sassuolo,BOLOCA Daniel,boloca daniel,,,0,0,0,0,0,0,0
2025-2026,5,Sassuolo,FADERA Alieu,fadera alieu,6.0,7.0,0,1,0,0,0,0,0
2025-2026,5,Sassuolo,IANNONI Edoardo,iannoni edoardo,7.0,10.0,1,0,0,0,0,0,0
2025-2026,5,Sassuolo,KONE Ismael,kone ismael,7.0,10.0,1,0,0,0,0,0,0
2025-2026,5,Sassuolo,LIPANI Luca,lipani luca,,,0,0,0,0,0,0,0
2025-2026,5,Sassuolo,MATIC Nemanja,matic nemanja,6.0,6.0,0,0,0,0,0,0,0
2025-2026,5,Sassuolo,THORSTVEDT Kristian,thorstvedt kristian,6.5,6.5,0,0,0,0,0,0,0
2025-2026,5,Sassuolo,VOLPATO Cristian,volpato cristian,,,0,0,0,0,0,0,0
2025-2026,5,Sassuolo,VRANCKX Aster,vranckx aster,6.0,6.0,0,0,0,0,0,0,0
2025-2026,5,Sassuolo,BERARDI Domenico,berardi domenico,7.5,8.5,0,1,0,0,0,0,0
2025-2026,5,Sassuolo,CHEDDIRA Walid,cheddira walid,,,0,0,0,0,0,0,0
2025-2026,5,Sassuolo,LAURIENTE' Armand,lauriente' armand,7.5,11.5,1,1,0,0,0,0,0
2025-2026,5,Sassuolo,MORO Luca,moro luca,,,0,0,0,0,0,0,0
2025-2026,5,Sassuolo,PIERINI Nicholas,pierini nicholas,,,0,0,0,0,0,0,0
2025-2026,5,Sassuolo,PINAMONTI Andrea,pinamonti andrea,6.5,6.5,0,0,0,0,0,0,0
2025-2026,5,Sassuolo,SKJELLERUP Laurs,skjellerup laurs,,,0,0,0,0,0,0,0
2025-2026,5,Torino,ISRAEL Franco,israel franco,6.5,4.5,-2,0,0,0,0,0,1
2025-2026,5,Torino,PALEARI Alberto,paleari alberto,,,0,0,0,0,0,0,0
2025-2026,5,Torino,POPA Mihai,popa mihai,,,0,0,0,0,0,0,0
2025-2026,5,Torino,BIRAGHI Cristiano,biraghi cristiano,5.5,5.5,0,0,0,0,0,0,0
2025-2026,5,Torino,COCO Saul,coco saul,6.0,7.0,0,1,0,0,0,0,0
2025-2026,5,Torino,DEMBELE' Ali,dembele' ali,,,0,0,0,0,0,0,0
2025-2026,5,Torino,ISMAJLI Ardian,ismajli ardian,5.5,5.5,0,0,0,0,0,0,0
2025-2026,5,Torino,LAZARO Valentino,lazaro valentino,5.5,5.5,0,0,0,0,0,0,0
2025-2026,5,Torino,MARIPAN Guillermo,maripan guillermo,5.0,5.0,0,0,0,0,0,0,0
2025-2026,5,Torino,MASINA Adam,masina adam,,,0,0,0,0,0,0,0
2025-2026,5,Torino,NKOUNKOU Niels,nkounkou niels,5.5,5.0,0,0,1,0,0,0,0
2025-2026,5,Torino,PEDERSEN Marcus,pedersen marcus,,,0,0,0,0,0,0,0
2025-2026,5,Torino,PEREZ Alex,perez alex,,,0,0,0,0,0,0,0
2025-2026,5,Torino,SAZONOV Saba,sazonov saba,,,0,0,0,0,0,0,0
2025-2026,5,Torino,SCHUURS Perr,schuurs perr,,,0,0,0,0,0,0,0
2025-2026,5,Torino,ZAIA Edoardo,zaia edoardo,,,0,0,0,0,0,0,0
2025-2026,5,Torino,ANJORIN Tino,anjorin tino,,,0,0,0,0,0,0,0
2025-2026,5,Torino,ASLLANI Kristjan,asllani kristjan,5.5,5.5,0,0,0,0,0,0,0
2025-2026,5,Torino,CASADEI Cesare,casadei cesare,6.0,6.0,0,0,0,0,0,0,0
2025-2026,5,Torino,GINEITIS Gvidas,gineitis gvidas,,,0,0,0,0,0,0,0
2025-2026,5,Torino,ILIC Ivan,ilic ivan,,,0,0,0,0,0,0,0
2025-2026,5,Torino,ILKHAN Emirhan,ilkhan emirhan,,,0,0,0,0,0,0,0
2025-2026,5,Torino,PERCIUN Sergiu,perciun sergiu,,,0,0,0,0,0,0,0
2025-2026,5,Torino,TAMEZE Adrien,tameze adrien,6.5,6.5,0,0,0,0,0,0,0
2025-2026,5,Torino,VLASIC Nikola,vlasic nikola,5.5,5.5,0,0,0,0,0,0,0
2025-2026,5,Torino,ABOUKHLAL Zakaria,aboukhlal zakaria,,,0,0,0,0,0,0,0
2025-2026,5,Torino,ADAMS Che',adams che',,6.0,0,0,0,0,0,0,0
2025-2026,5,Torino,GABELLINI Tommaso,gabellini tommaso,,,0,0,0,0,0,0,0
2025-2026,5,Torino,NGONGE Cyril,ngonge cyril,7.0,9.5,1,0,1,0,0,0,0
2025-2026,5,Torino,NJIE Alieu,njie alieu,,5.5,0,0,1,0,0,0,0
2025-2026,5,Torino,SAVVA Zanos,savva zanos,,,0,0,0,0,0,0,0
2025-2026,5,Torino,SIMEONE Giovanni,simeone giovanni,6.0,6.0,0,0,0,0,0,0,0
2025-2026,5,Torino,ZAPATA Duvan,zapata duvan,,,0,0,0,0,0,0,0
2025-2026,5,Udinese,NUNZIANTE Alessandro,nunziante alessandro,,,0,0,0,0,0,0,0
2025-2026,5,Udinese,OKOYE Maduka,okoye maduka,,,0,0,0,0,0,0,0
2025-2026,5,Udinese,PADELLI Daniele,padelli daniele,,,0,0,0,0,0,0,0
2025-2026,5,Udinese,SAVA Razvan,sava razvan,6.0,3.0,-3,0,0,0,0,0,0
2025-2026,5,Udinese,BERTOLA Nicolo',bertola nicolo',,,0,0,0,0,0,0,0
2025-2026,5,Udinese,EHIZIBUE Kingsley,ehizibue kingsley,6.0,5.5,0,0,1,0,0,0,0
2025-2026,5,Udinese,GOGLICHIDZE Saba,goglichidze saba,,,0,0,0,0,0,0,0
2025-2026,5,Udinese,KABASELE Christian,kabasele christian,,,0,0,0,0,0,0,0
2025-2026,5,Udinese,KAMARA Hassane,kamara hassane,,,0,0,0,0,0,0,0
2025-2026,5,Udinese,KRISTENSEN Thomas,kristensen thomas,5.0,5.0,0,0,0,0,0,0,0
2025-2026,5,Udinese,MODESTO Rui,modesto rui,,,0,0,0,0,0,0,0
2025-2026,5,Udinese,PALMA Matteo,palma matteo,5.0,5.0,0,0,0,0,0,0,0
2025-2026,5,Udinese,SOLET Oumar,solet oumar,5.5,5.5,0,0,0,0,0,0,0
2025-2026,5,Udinese,ZANOLI Alessandro,zanoli alessandro,5.0,5.0,0,0,0,0,0,0,0
2025-2026,5,Udinese,ZEMURA Jordan,zemura jordan,6.0,6.0,0,0,0,0,0,0,0
2025-2026,5,Udinese,ATTA Arthur,atta arthur,6.0,6.0,0,0,0,0,0,0,0
2025-2026,5,Udinese,EKKELENKAMP Jurgen,ekkelenkamp jurgen,5.5,5.5,0,0,0,0,0,0,0
2025-2026,5,Udinese,KARLSTROM Jesper,karlstrom jesper,5.0,5.0,0,0,0,0,0,0,0
2025-2026,5,Udinese,LOVRIC Sandi,lovric sandi,6.0,6.0,0,0,0,0,0,0,0
2025-2026,5,Udinese,MILLER Lennon,miller lennon,5.5,5.5,0,0,0,0,0,0,0
2025-2026,5,Udinese,PIOTROWSKI Jakub,piotrowski jakub,5.0,4.5,0,0,1,0,0,0,0
2025-2026,5,Udinese,ZANIOLO Nicolo',zaniolo nicolo',6.0,5.5,0,0,1,0,0,0,0
2025-2026,5,Udinese,ZARRAGA Oier,zarraga oier,,,0,0,0,0,0,0,0
2025-2026,5,Udinese,BAYO Vakoun,bayo vakoun,,,0,0,0,0,0,0,0
2025-2026,5,Udinese,BRAVO Iker,bravo iker,,,0,0,0,0,0,0,0
2025-2026,5,Udinese,BUKSA Adam,buksa adam,,,0,0,0,0,0,0,0
2025-2026,5,Udinese,DAVIS Keinan,davis keinan,6.5,9.5,1,0,0,0,0,0,0
2025-2026,5,Udinese,GUEYE Idrissa,gueye idrissa,,6.0,0,0,0,0,0,0,0
2025-2026,5,Udinese,VINCIATI Giulio,vinciati giulio,,,0,0,0,0,0,0,0
2025-2026,5,Verona,MONTIPO' Lorenzo,montipo' lorenzo,5.5,3.5,-2,0,0,0,0,0,0
2025-2026,5,Verona,PERILLI Simone,perilli simone,,,0,0,0,0,0,0,0
2025-2026,5,Verona,BELGHALI Rafik,belghali rafik,7.0,6.5,0,0,1,0,0,0,0
2025-2026,5,Verona,BELLA-KOTCHAP Armel,bella-kotchap armel,,6.0,0,0,0,0,0,0,0
2025-2026,5,Verona,BRADARIC Domagoj,bradaric domagoj,6.0,6.0,0,0,0,0,0,0,0
2025-2026,5,Verona,CHAM Fallou,cham fallou,,6.0,0,0,0,0,0,0,0
2025-2026,5,Verona,EBOSSE Enzo,ebosse enzo,,,0,0,0,0,0,0,0
2025-2026,5,Verona,FRESE Martin,frese martin,6.0,6.0,0,0,0,0,0,0,0
2025-2026,5,Verona,KURTI Adi,kurti adi,,,0,0,0,0,0,0,0
2025-2026,5,Verona,NELSSON Victor,nelsson victor,6.5,6.5,0,0,0,0,0,0,0
2025-2026,5,Verona,NUNEZ Unai,nunez unai,5.5,5.0,0,0,1,0,0,0,0
2025-2026,5,Verona,OYEGOKE Daniel,oyegoke daniel,,,0,0,0,0,0,0,0
2025-2026,5,Verona,SLOTSAGER Tobias,slotsager tobias,,,0,0,0,0,0,0,0
2025-2026,5,Verona,VALENTINI Nicolas,valentini nicolas,,,0,0,0,0,0,0,0
2025-2026,5,Verona,YELLU Santiago,yellu santiago,,,0,0,0,0,0,0,0
2025-2026,5,Verona,AKPA-AKPRO Jean-Dan.,akpa-akpro jean-dan.,5.5,5.0,0,0,1,0,0,0,0
2025-2026,5,Verona,AL-MUSRATI Moatasem,al-musrati moatasem,,,0,0,0,0,0,0,0
2025-2026,5,Verona,BERNEDE Antoine,bernede antoine,6.0,6.0,0,0,0,0,0,0,0
2025-2026,5,Verona,GAGLIARDINI Roberto,gagliardini roberto,6.0,5.5,0,0,1,0,0,0,0
2025-2026,5,Verona,HARROUI Abdou,harroui abdou,,,0,0,0,0,0,0,0
2025-2026,5,Verona,KASTANOS Grigoris,kastanos grigoris,,,0,0,0,0,0,0,0
2025-2026,5,Verona,NIASSE Cheikh,niasse cheikh,,,0,0,0,0,0,0,0
2025-2026,5,Verona,SERDAR Suat,serdar suat,6.0,6.0,0,0,0,0,0,0,0
2025-2026,5,Verona,SUSLOV Tomas,suslov tomas,,,0,0,0,0,0,0,0
2025-2026,5,Verona,YILDIZ Veis,yildiz veis,,,0,0,0,0,0,0,0
2025-2026,5,Verona,AJAYI Junior,ajayi junior,,,0,0,0,0,0,0,0
2025-2026,5,Verona,GIOVANE Do Nascimie.,giovane do nascimie.,5.0,5.0,0,0,0,0,0,0,0
2025-2026,5,Verona,LUNA Agustin,luna agustin,,,0,0,0,0,0,0,0
2025-2026,5,Verona,MOSQUERA Daniel,mosquera daniel,,,0,0,0,0,0,0,0
2025-2026,5,Verona,ORBAN Gift,orban gift,5.0,5.0,0,0,0,0,0,0,0
2025-2026,5,Verona,SARR Amin,sarr amin,6.0,6.0,0,0,0,0,0,0,0
2025-2026,5,Cremonese,AUDERO Emil,audero emil,,,0,0,0,0,0,0,0
2025-2026,5,Cremonese,MALOVEC Adrian,malovec adrian,,,0,0,0,0,0,0,0
2025-2026,5,Cremonese,NAVA Lapo,nava lapo,,,0,0,0,0,0,0,0
2025-2026,5,Cremonese,SILVESTRI Marco,silvestri marco,6.5,5.5,-1,0,0,0,0,0,0
2025-2026,5,Cremonese,BARBIERI Tommaso,barbieri tommaso,,,0,0,0,0,0,0,0
2025-2026,5,Cremonese,BASCHIROTTO Federico,baschirotto federico,7.5,10.0,1,0,1,0,0,0,0
2025-2026,5,Cremonese,BIANCHETTI Matteo,bianchetti matteo,6.5,6.5,0,0,0,0,0,0,0
2025-2026,5,Cremonese,CECCHERINI Federico,ceccherini federico,,,0,0,0,0,0,0,0
2025-2026,5,Cremonese,FAYE Mikayil,faye mikayil,,,0,0,0,0,0,0,0
2025-2026,5,Cremonese,FLORIANI MUSSOLINI .,floriani mussolini .,6.0,5.5,0,0,1,0,0,0,0
2025-2026,5,Cremonese,FOLINO Francesco,folino francesco,,,0,0,0,0,0,0,0
2025-2026,5,Cremonese,PEZZELLA Giuseppe,pezzella giuseppe,6.5,6.5,0,0,0,0,0,0,0
2025-2026,5,Cremonese,SERNICOLA Leonardo,sernicola leonardo,,,0,0,0,0,0,0,0
2025-2026,5,Cremonese,TERRACCIANO Filippo,terracciano filippo,5.5,5.5,0,0,0,0,0,0,0
2025-2026,5,Cremonese,BONDO Warren,bondo warren,6.0,6.0,0,0,0,0,0,0,0
2025-2026,5,Cremonese,COLLOCOLO Michele,collocolo michele,,,0,0,0,0,0,0,0
2025-2026,5,Cremonese,GRASSI Alberto,grassi alberto,6.5,6.5,0,0,0,0,0,0,0
2025-2026,5,Cremonese,LORDKIPANIDZE Dachi,lordkipanidze dachi,,,0,0,0,0,0,0,0
2025-2026,5,Cremonese,PAYERO Martin,payero martin,6.0,5.5,0,0,1,0,0,0,0
2025-2026,5,Cremonese,VALOTI Mattia,valoti mattia,,,0,0,0,0,0,0,0
2025-2026,5,Cremonese,VANDEPUTTE Jari,vandeputte jari,6.0,6.0,0,0,0,0,0,0,0
2025-2026,5,Cremonese,BONAZZOLI Federico,bonazzoli federico,6.0,6.0,0,0,0,0,0,0,0
2025-2026,5,Cremonese,DE LUCA Manuel,de luca manuel,,,0,0,0,0,0,0,0
2025-2026,5,Cremonese,JOHNSEN Dennis,johnsen dennis,5.5,5.5,0,0,0,0,0,0,0
2025-2026,5,Cremonese,MOUMBAGNA Faris,moumbagna faris,,,0,0,0,0,0,0,0
2025-2026,5,Cremonese,OKEREKE David,okereke david,,,0,0,0,0,0,0,0
2025-2026,5,Cremonese,SANABRIA Antonio,sanabria antonio,6.0,5.5,0,0,1,0,0,0,0
2025-2026,5,Cremonese,SARMIENTO Jeremy,sarmiento jeremy,,,0,0,0,0,0,0,0
2025-2026,5,Cremonese,VARDY Jamie,vardy jamie,,,0,0,0,0,0,0,0
2025-2026,5,Cremonese,VAZQUEZ Franco,vazquez franco,6.0,6.0,0,0,0,0,0,0,0
2025-2026,5,Cremonese,ZERBIN Alessio,zerbin alessio,5.5,5.5,0,0,0,0,0,0,0
2025-2026,5,Parma,CORVI Edoardo,corvi edoardo,,,0,0,0,0,0,0,0
2025-2026,5,Parma,RINALDI Filippo,rinaldi filippo,,,0,0,0,0,0,0,0
2025-2026,5,Parma,SUZUKI Zion,suzuki zion,6.5,5.5,-1,0,0,0,0,0,0
2025-2026,5,Parma,BRITSCHGI Sascha,britschgi sascha,6.0,6.0,0,0,0,0,0,0,0
2025-2026,5,Parma,CIRCATI Alessandro,circati alessandro,6.5,6.5,0,0,0,0,0,0,0
2025-2026,5,Parma,DEL PRATO Enrico,del prato enrico,6.5,6.0,0,0,1,0,0,0,0
2025-2026,5,Parma,LOVIK Mathias,lovik mathias,,,0,0,0,0,0,0,0
2025-2026,5,Parma,NDIAYE Abdoulaye,ndiaye abdoulaye,5.0,4.5,0,0,1,0,0,0,0
2025-2026,5,Parma,TRABUCCHI Nicolas,trabucchi nicolas,,,0,0,0,0,0,0,0
2025-2026,5,Parma,TROILO Mariano,troilo mariano,,,0,0,0,0,0,0,0
2025-2026,5,Parma,VALENTI Lautaro,valenti lautaro,,,0,0,0,0,0,0,0
2025-2026,5,Parma,VALERI Emanuele,valeri emanuele,7.0,8.0,0,1,0,0,0,0,0
2025-2026,5,Parma,BERNABE' Adrian,bernabe' adrian,6.0,6.0,0,0,0,0,0,0,0
2025-2026,5,Parma,CREMASCHI Benjamin,cremaschi benjamin,,,0,0,0,0,0,0,0
2025-2026,5,Parma,ESTEVEZ Nahuel,estevez nahuel,,6.0,0,0,0,0,0,0,0
2025-2026,5,Parma,HERNANI,hernani,,,0,0,0,0,0,0,0
2025-2026,5,Parma,KEITA Mandela,keita mandela,5.5,5.5,0,0,0,0,0,0,0
2025-2026,5,Parma,ORDONEZ Christian,ordonez christian,,,0,0,0,0,0,0,0
2025-2026,5,Parma,ORISTANIO Gaetano,oristanio gaetano,5.0,5.0,0,0,0,0,0,0,0
2025-2026,5,Parma,PLICCO Elia,plicco elia,,,0,0,0,0,0,0,0
2025-2026,5,Parma,SORENSEN Oliver,sorensen oliver,,6.0,0,0,0,0,0,0,0
2025-2026,5,Parma,ALMQVIST Pontus,almqvist pontus,,,0,0,0,0,0,0,0
2025-2026,5,Parma,BEGIC Tjas,begic tjas,,,0,0,0,0,0,0,0
2025-2026,5,Parma,BENEDYCZAK Adrian,benedyczak adrian,6.0,6.0,0,0,0,0,0,0,0
2025-2026,5,Parma,CUTRONE Patrick,cutrone patrick,5.5,5.5,0,0,0,0,0,0,0
2025-2026,5,Parma,DJURIC Milan,djuric milan,,,0,0,0,0,0,0,0
2025-2026,5,Parma,FRIGAN Matija,frigan matija,,,0,0,0,0,0,0,0
2025-2026,5,Parma,ONDREJKA Jacob,ondrejka jacob,,,0,0,0,0,0,0,0
2025-2026,5,Parma,PELLEGRINO Mateo,pellegrino mateo,8.0,13.5,2,0,1,0,0,1,0
2025-2026,5,Pisa,NICOLAS,nicolas,,,0,0,0,0,0,0,0
2025-2026,5,Pisa,SCUFFET Simone,scuffet simone,,,0,0,0,0,0,0,0
2025-2026,5,Pisa,SEMPER Adrian,semper adrian,6.0,7.0,0,0,0,0,0,0,0
2025-2026,5,Pisa,ALBIOL Raul,albiol raul,,,0,0,0,0,0,0,0
2025-2026,5,Pisa,ANGORI Samuele,angori samuele,,,0,0,0,0,0,0,0
2025-2026,5,Pisa,BONFANTI Giovanni,bonfanti giovanni,6.5,6.5,0,0,0,0,0,0,0
2025-2026,5,Pisa,CALABRESI Arturo,calabresi arturo,,,0,0,0,0,0,0,0
2025-2026,5,Pisa,CANESTRELLI Simone,canestrelli simone,6.5,6.5,0,0,0,0,0,0,0
2025-2026,5,Pisa,CARACCIOLO Antonio,caracciolo antonio,7.0,7.0,0,0,0,0,0,0,0
2025-2026,5,Pisa,CUADRADO Juan,cuadrado juan,6.5,6.5,0,0,0,0,0,0,0
2025-2026,5,Pisa,DENOON Daniel,denoon daniel,,,0,0,0,0,0,0,0
2025-2026,5,Pisa,ESTEVES Tomas,esteves tomas,,,0,0,0,0,0,0,0
2025-2026,5,Pisa,LUSUARDI Mateus,lusuardi mateus,,,0,0,0,0,0,0,0
2025-2026,5,Pisa,MBAMBI Jeremy,mbambi jeremy,,,0,0,0,0,0,0,0
2025-2026,5,Pisa,AEBISCHER Michel,aebischer michel,6.0,6.0,0,0,0,0,0,0,0
2025-2026,5,Pisa,AKINSANMIRO Ebenezer,akinsanmiro ebenezer,7.0,7.0,0,0,0,0,0,0,0
2025-2026,5,Pisa,HOJHOLT Malthe,hojholt malthe,6.0,6.0,0,0,0,0,0,0,0
2025-2026,5,Pisa,LERIS Mehdi,leris mehdi,6.5,6.5,0,0,0,0,0,0,0
2025-2026,5,Pisa,LORRAN De Sousa,lorran de sousa,,,0,0,0,0,0,0,0
2025-2026,5,Pisa,MARIN Marius,marin marius,6.5,6.5,0,0,0,0,0,0,0
2025-2026,5,Pisa,MAUCCI Giacomo,maucci giacomo,,,0,0,0,0,0,0,0
2025-2026,5,Pisa,PICCININI Gabriele,piccinini gabriele,,,0,0,0,0,0,0,0
2025-2026,5,Pisa,STENGS Calvin,stengs calvin,,,0,0,0,0,0,0,0
2025-2026,5,Pisa,TOURE Idrissa,toure idrissa,7.0,7.0,0,0,0,0,0,0,0
2025-2026,5,Pisa,TRAMONI Matteo,tramoni matteo,6.0,6.0,0,0,0,0,0,0,0
2025-2026,5,Pisa,VURAL Isak,vural isak,6.0,6.0,0,0,0,0,0,0,0
2025-2026,5,Pisa,BUFFON Louis,buffon louis,,,0,0,0,0,0,0,0
2025-2026,5,Pisa,MEISTER Henrik,meister henrik,6.5,6.5,0,0,0,0,0,0,0
2025-2026,5,Pisa,MOREO Stefano,moreo stefano,,,0,0,0,0,0,0,0
2025-2026,5,Pisa,NZOLA M'Bala,nzola m'bala,6.5,6.5,0,0,0,0,0,0,0
2025-2026,5,Como,BUTEZ Jean,butez jean,6.5,5.5,-1,0,0,0,0,0,0
2025-2026,5,Como,CAVLINA Nikola,cavlina nikola,,,0,0,0,0,0,0,0
2025-2026,5,Como,VIGORITO Mauro,vigorito mauro,,,0,0,0,0,0,0,0
2025-2026,5,Como,CARLOS Diego,carlos diego,6.0,6.0,0,0,0,0,0,0,0
2025-2026,5,Como,DOSSENA Alberto,dossena alberto,,,0,0,0,0,0,0,0
2025-2026,5,Como,GOLDANIGA Edoardo,goldaniga edoardo,,,0,0,0,0,0,0,0
2025-2026,5,Como,KEMPF Marc-Oliver,kempf marc-oliver,6.0,6.0,0,0,0,0,0,0,0
2025-2026,5,Como,MORENO Alberto,moreno alberto,,,0,0,0,0,0,0,0
2025-2026,5,Como,POSCH Stefan,posch stefan,6.0,6.0,0,0,0,0,0,0,0
2025-2026,5,Como,RAMON Jacobo,ramon jacobo,6.0,5.5,0,0,1,0,0,0,0
2025-2026,5,Como,ROBERTO Sergi,roberto sergi,6.0,6.0,0,0,0,0,0,0,0
2025-2026,5,Como,SALA Marco,sala marco,,,0,0,0,0,0,0,0
2025-2026,5,Como,SMOLCIC Ivan,smolcic ivan,,,0,0,0,0,0,0,0
2025-2026,5,Como,VALLE Alex,valle alex,5.5,5.5,0,0,0,0,0,0,0
2025-2026,5,Como,VAN DER BREMPT Igna.,van der brempt igna.,,,0,0,0,0,0,0,0
2025-2026,5,Como,VOJVODA Mergim,vojvoda mergim,,,0,0,0,0,0,0,0
2025-2026,5,Como,BATURINA Martin,baturina martin,,,0,0,0,0,0,0,0
2025-2026,5,Como,CAQUERET Maxence,caqueret maxence,5.5,5.5,0,0,0,0,0,0,0
2025-2026,5,Como,DA CUNHA Lucas,da cunha lucas,6.0,5.5,0,0,1,0,0,0,0
2025-2026,5,Como,PAZ Nico,paz nico,6.5,9.5,1,0,0,0,0,0,0
2025-2026,5,Como,PERRONE Maximo,perrone maximo,5.5,5.0,0,0,1,0,0,0,0
2025-2026,5,Como,ADDAI Jaden,addai jaden,5.5,5.5,0,0,0,0,0,0,0
2025-2026,5,Como,CERRI Alberto,cerri alberto,,,0,0,0,0,0,0,0
2025-2026,5,Como,DIAO Assane,diao assane,,,0,0,0,0,0,0,0
2025-2026,5,Como,DOUVIKAS Tasos,douvikas tasos,6.5,6.5,0,0,0,0,0,0,0
2025-2026,5,Como,KUHN Nicolas,kuhn nicolas,5.0,5.0,0,0,0,0,0,0,0
2025-2026,5,Como,MORATA Alvaro,morata alvaro,,,0,0,0,0,0,0,0
2025-2026,5,Como,RODRIGUEZ Jesus,rodriguez jesus,5.5,5.5,0,1,0,1,0,0,0
2025-2026,6,Atalanta,CARNESECCHI Marco,carnesecchi marco,7.0,6.0,-1,0,0,0,0,0,0
2025-2026,6,Atalanta,ROSSI Francesco,rossi francesco,,,0,0,0,0,0,0,0
2025-2026,6,Atalanta,SPORTIELLO Marco,sportiello marco,,,0,0,0,0,0,0,0
2025-2026,6,Atalanta,AHANOR Honest,ahanor honest,7.5,7.5,0,0,0,0,0,0,0
2025-2026,6,Atalanta,BAKKER Mitchel,bakker mitchel,,,0,0,0,0,0,0,0
2025-2026,6,Atalanta,BELLANOVA Raoul,bellanova raoul,,,0,0,0,0,0,0,0
2025-2026,6,Atalanta,BERNASCONI Lorenzo,bernasconi lorenzo,7.0,7.0,0,0,0,0,0,0,0
2025-2026,6,Atalanta,COMI Pietro,comi pietro,,,0,0,0,0,0,0,0
2025-2026,6,Atalanta,DJIMSITI Berat,djimsiti berat,6.5,6.0,0,0,1,0,0,0,0
2025-2026,6,Atalanta,HIEN Isak,hien isak,6.5,6.5,0,0,0,0,0,0,0
2025-2026,6,Atalanta,KOLASINAC Sead,kolasinac sead,,,0,0,0,0,0,0,0
2025-2026,6,Atalanta,KOSSOUNOU Odilon,kossounou odilon,,,0,0,0,0,0,0,0
2025-2026,6,Atalanta,SCALVINI Giorgio,scalvini giorgio,,,0,0,0,0,0,0,0
2025-2026,6,Atalanta,ZAPPACOSTA Davide,zappacosta davide,6.5,6.5,0,0,0,0,0,0,0
2025-2026,6,Atalanta,BRESCIANINI Marco,brescianini marco,6.0,6.0,0,0,0,0,0,0,0
2025-2026,6,Atalanta,CASSA Federico,cassa federico,,,0,0,0,0,0,0,0
2025-2026,6,Atalanta,DE ROON Marten,de roon marten,,,0,0,0,0,0,0,0
2025-2026,6,Atalanta,EDERSON,ederson,6.0,6.0,0,0,0,0,0,0,0
2025-2026,6,Atalanta,MALDINI Daniel,maldini daniel,6.0,6.0,0,0,0,0,0,0,0
2025-2026,6,Atalanta,MANZONI Alberto,manzoni alberto,,,0,0,0,0,0,0,0
2025-2026,6,Atalanta,MUSAH Yunus,musah yunus,6.0,6.0,0,0,0,0,0,0,0
2025-2026,6,Atalanta,PASALIC Mario,pasalic mario,6.0,6.0,0,0,0,0,0,0,0
2025-2026,6,Atalanta,SAMARDZIC Lazar,samardzic lazar,6.5,9.5,1,0,0,0,0,0,0
2025-2026,6,Atalanta,ZALEWSKI Nicola,zalewski nicola,,,0,0,0,0,0,0,0
2025-2026,6,Atalanta,DE KETELAERE Charles,de ketelaere charles,,,0,0,0,0,0,0,0
2025-2026,6,Atalanta,KRSTOVIC Nikola,krstovic nikola,6.0,6.0,0,0,0,0,0,0,0
2025-2026,6,Atalanta,LOOKMAN Ademola,lookman ademola,5.5,5.5,0,0,0,0,0,0,0
2025-2026,6,Atalanta,SCAMACCA Gianluca,scamacca gianluca,,,0,0,0,0,0,0,0
2025-2026,6,Atalanta,SULEMANA Kamaldeen,sulemana kamaldeen,6.0,6.0,0,0,0,0,0,0,0
2025-2026,6,Bologna,PESSINA Massimo,pessina massimo,,,0,0,0,0,0,0,0
2025-2026,6,Bologna,RAVAGLIA Federico,ravaglia federico,,,0,0,0,0,0,0,0
2025-2026,6,Bologna,SKORUPSKI Lukasz,skorupski lukasz,6.0,7.0,0,0,0,0,0,0,0
2025-2026,6,Bologna,BONIFAZI Kevin,bonifazi kevin,,,0,0,0,0,0,0,0
2025-2026,6,Bologna,CASALE Nicolo',casale nicolo',,,0,0,0,0,0,0,0
2025-2026,6,Bologna,DE SILVESTRI Lorenzo,de silvestri lorenzo,,,0,0,0,0,0,0,0
2025-2026,6,Bologna,HEGGEM Torbjorn,heggem torbjorn,6.5,6.5,0,0,0,0,0,0,0
2025-2026,6,Bologna,HOLM Emil,holm emil,,,0,0,0,0,0,0,0
2025-2026,6,Bologna,LUCUMI Jhon,lucumi jhon,6.5,6.5,0,0,0,0,0,0,0
2025-2026,6,Bologna,LYKOGIANNIS Charala.,lykogiannis charala.,,,0,0,0,0,0,0,0
2025-2026,6,Bologna,MIRANDA Juan,miranda juan,6.5,6.5,0,0,0,0,0,0,0
2025-2026,6,Bologna,VITIK Martin,vitik martin,,,0,0,0,0,0,0,0
2025-2026,6,Bologna,ZORTEA Nadir,zortea nadir,6.0,6.0,0,0,0,0,0,0,0
2025-2026,6,Bologna,BERNARDESCHI Federi.,bernardeschi federi.,6.0,6.0,0,0,0,0,0,0,0
2025-2026,6,Bologna,FABBIAN Giovanni,fabbian giovanni,6.0,6.0,0,0,0,0,0,0,0
2025-2026,6,Bologna,FERGUSON Lewis,ferguson lewis,,,0,0,0,0,0,0,0
2025-2026,6,Bologna,FREULER Remo,freuler remo,6.5,6.5,0,0,0,0,0,0,0
2025-2026,6,Bologna,MORO Nikola,moro nikola,7.0,10.0,1,0,0,0,0,0,0
2025-2026,6,Bologna,POBEGA Tommaso,pobega tommaso,6.0,6.0,0,0,0,0,0,0,0
2025-2026,6,Bologna,SULEMANA,sulemana,,,0,0,0,0,0,0,0
2025-2026,6,Bologna,CAMBIAGHI Nicolo',cambiaghi nicolo',8.5,12.5,1,1,0,0,0,0,0
2025-2026,6,Bologna,CASTRO Santiago,castro santiago,,,0,0,0,0,0,0,0
2025-2026,6,Bologna,DALLINGA Thijs,dallinga thijs,6.5,8.5,0,2,0,0,0,0,0
2025-2026,6,Bologna,DOMINGUEZ Benjamin,dominguez benjamin,6.0,6.0,0,0,0,0,0,0,0
2025-2026,6,Bologna,IMMOBILE Ciro,immobile ciro,,,0,0,0,0,0,0,0
2025-2026,6,Bologna,ODGAARD Jens,odgaard jens,7.0,10.0,1,0,0,0,0,0,0
2025-2026,6,Bologna,ORSOLINI Riccardo,orsolini riccardo,7.0,10.0,1,0,0,0,0,0,0
2025-2026,6,Bologna,ROWE Jonathan,rowe jonathan,6.0,6.0,0,0,0,0,0,0,0
2025-2026,6,Cagliari,CAPRILE Elia,caprile elia,7.0,6.0,-1,0,0,0,0,0,0
2025-2026,6,Cagliari,CIOCCI Giuseppe,ciocci giuseppe,,,0,0,0,0,0,0,0
2025-2026,6,Cagliari,RADUNOVIC Boris,radunovic boris,,,0,0,0,0,0,0,0
2025-2026,6,Cagliari,IDRISSI Riyad,idrissi riyad,,,0,0,0,0,0,0,0
2025-2026,6,Cagliari,LUPERTO Sebastiano,luperto sebastiano,,,0,0,0,0,0,0,0
2025-2026,6,Cagliari,MINA Yerry,mina yerry,6.0,6.0,0,0,0,0,0,0,0
2025-2026,6,Cagliari,OBERT Adam,obert adam,5.0,4.5,0,0,1,0,0,0,0
2025-2026,6,Cagliari,PALESTRA Marco,palestra marco,6.0,6.0,0,0,0,0,0,0,0
2025-2026,6,Cagliari,RODRIGUEZ Juan,rodriguez juan,,,0,0,0,0,0,0,0
2025-2026,6,Cagliari,ZAPPA Gabriele,zappa gabriele,,,0,0,0,0,0,0,0
2025-2026,6,Cagliari,ZE PEDRO,ze pedro,4.5,4.5,0,0,0,0,0,0,0
2025-2026,6,Cagliari,ADOPO Michel,adopo michel,6.0,7.0,0,1,0,0,0,0,0
2025-2026,6,Cagliari,CAVUOTI Nicolo',cavuoti nicolo',,6.0,0,0,0,0,0,0,0
2025-2026,6,Cagliari,DEIOLA Alessandro,deiola alessandro,6.0,6.0,0,0,0,0,0,0,0
2025-2026,6,Cagliari,DI PARDO Alessandro,di pardo alessandro,6.0,6.0,0,0,0,0,0,0,0
2025-2026,6,Cagliari,FOLORUNSHO Michael,folorunsho michael,6.5,6.5,0,0,0,0,0,0,0
2025-2026,6,Cagliari,GAETANO Gianluca,gaetano gianluca,,,0,0,0,0,0,0,0
2025-2026,6,Cagliari,MAZZITELLI Luca,mazzitelli luca,,,0,0,0,0,0,0,0
2025-2026,6,Cagliari,PRATI Matteo,prati matteo,6.5,6.5,0,0,0,0,0,0,0
2025-2026,6,Cagliari,ROG Marko,rog marko,,,0,0,0,0,0,0,0
2025-2026,6,Cagliari,BELOTTI Andrea,belotti andrea,,,0,0,0,0,0,0,0
2025-2026,6,Cagliari,BORRELLI Gennaro,borrelli gennaro,6.0,9.0,1,0,0,0,0,0,0
2025-2026,6,Cagliari,ESPOSITO Sebastiano,esposito sebastiano,5.5,5.5,0,0,0,0,0,0,0
2025-2026,6,Cagliari,FELICI Mattia,felici mattia,5.0,4.5,0,0,1,0,0,0,0
2025-2026,6,Cagliari,KILICSOY Semih,kilicsoy semih,,,0,0,0,0,0,0,0
2025-2026,6,Cagliari,LUVUMBO Sebastiao Z.,luvumbo sebastiao z.,6.0,6.0,0,0,0,0,0,0,0
2025-2026,6,Cagliari,PAVOLETTI Leonardo,pavoletti leonardo,,,0,0,0,0,0,0,0
2025-2026,6,Fiorentina,DE GEA David,de gea david,5.5,3.5,-2,0,0,0,0,0,0
2025-2026,6,Fiorentina,LEZZERINI Luca,lezzerini luca,,,0,0,0,0,0,0,0
2025-2026,6,Fiorentina,MARTINELLI Tommaso,martinelli tommaso,,,0,0,0,0,0,0,0
2025-2026,6,Fiorentina,COMUZZO Pietro,comuzzo pietro,6.0,6.0,0,0,0,0,0,0,0
2025-2026,6,Fiorentina,DODO,dodo,5.5,5.5,0,0,0,0,0,0,0
2025-2026,6,Fiorentina,FORTINI Niccolo',fortini niccolo',,6.0,0,0,0,0,0,0,0
2025-2026,6,Fiorentina,GOSENS Robin,gosens robin,5.0,5.0,0,0,0,0,0,0,0
2025-2026,6,Fiorentina,KOSPO Eman,kospo eman,,,0,0,0,0,0,0,0
2025-2026,6,Fiorentina,KOUADIO Eddy,kouadio eddy,,,0,0,0,0,0,0,0
2025-2026,6,Fiorentina,LAMPTEY Tariq,lamptey tariq,,,0,0,0,0,0,0,0
2025-2026,6,Fiorentina,MARI Pablo,mari pablo,6.0,5.5,0,0,1,0,0,0,0
2025-2026,6,Fiorentina,PARISI Fabiano,parisi fabiano,,,0,0,0,0,0,0,0
2025-2026,6,Fiorentina,PONGRACIC Marin,pongracic marin,5.5,5.5,0,0,0,0,0,0,0
2025-2026,6,Fiorentina,RANIERI Luca,ranieri luca,5.5,5.5,0,0,0,0,0,0,0
2025-2026,6,Fiorentina,VITI Mattia,viti mattia,,,0,0,0,0,0,0,0
2025-2026,6,Fiorentina,FAGIOLI Nicolo',fagioli nicolo',,,0,0,0,0,0,0,0
2025-2026,6,Fiorentina,FAZZINI Jacopo,fazzini jacopo,6.5,6.5,0,0,0,0,0,0,0
2025-2026,6,Fiorentina,INFANTINO Gino,infantino gino,,,0,0,0,0,0,0,0
2025-2026,6,Fiorentina,MANDRAGORA Rolando,mandragora rolando,5.0,5.0,0,0,0,0,0,0,0
2025-2026,6,Fiorentina,NDOUR Cher,ndour cher,6.0,6.0,0,0,0,0,0,0,0
2025-2026,6,Fiorentina,NICOLUSSI CAVIGLIA .,nicolussi caviglia .,5.5,6.5,0,1,0,0,0,0,0
2025-2026,6,Fiorentina,RICHARDSON Amir,richardson amir,,,0,0,0,0,0,0,0
2025-2026,6,Fiorentina,SABIRI Abdelhamid,sabiri abdelhamid,,,0,0,0,0,0,0,0
2025-2026,6,Fiorentina,SOHM Simon,sohm simon,,,0,0,0,0,0,0,0
2025-2026,6,Fiorentina,DZEKO Edin,dzeko edin,5.5,5.5,0,0,0,0,0,0,0
2025-2026,6,Fiorentina,GUDMUNDSSON Albert,gudmundsson albert,4.5,4.0,0,0,1,0,0,0,0
2025-2026,6,Fiorentina,KEAN Moise,kean moise,7.0,10.0,1,0,0,0,0,0,0
2025-2026,6,Fiorentina,KOUAME' Christian,kouame' christian,,,0,0,0,0,0,0,0
2025-2026,6,Fiorentina,PICCOLI Roberto,piccoli roberto,6.0,6.0,0,0,0,0,0,0,0
2025-2026,6,Genoa,LEALI Nicola,leali nicola,6.5,4.5,-2,0,0,0,0,0,0
2025-2026,6,Genoa,SIEGRIST Benjamin,siegrist benjamin,,,0,0,0,0,0,0,0
2025-2026,6,Genoa,SOMMARIVA Daniele,sommariva daniele,,,0,0,0,0,0,0,0
2025-2026,6,Genoa,KUMER CELIK Alin,kumer celik alin,,,0,0,0,0,0,0,0
2025-2026,6,Genoa,MARCANDALLI Alessan.,marcandalli alessan.,6.0,5.5,0,0,1,0,0,0,0
2025-2026,6,Genoa,MARTIN Aaron,martin aaron,,,0,0,0,0,0,0,0
2025-2026,6,Genoa,NORTON-CUFFY Brooke,norton-cuffy brooke,6.5,7.5,0,1,0,0,0,0,0
2025-2026,6,Genoa,OSTIGARD Leo,ostigard leo,,,0,0,0,0,0,0,0
2025-2026,6,Genoa,OTOA Sebastian,otoa sebastian,5.0,4.5,0,0,1,0,0,0,0
2025-2026,6,Genoa,SABELLI Stefano,sabelli stefano,6.5,6.5,0,0,0,0,0,0,0
2025-2026,6,Genoa,VASQUEZ Johan,vasquez johan,7.0,7.0,0,0,0,0,0,0,0
2025-2026,6,Genoa,CARBONI Valentin,carboni valentin,,6.0,0,0,0,0,0,0,0
2025-2026,6,Genoa,CUENCA Hugo,cuenca hugo,,,0,0,0,0,0,0,0
2025-2026,6,Genoa,ELLERTSSON Mikael,ellertsson mikael,5.5,5.5,0,0,0,0,0,0,0
2025-2026,6,Genoa,FINI Seydou,fini seydou,,,0,0,0,0,0,0,0
2025-2026,6,Genoa,FRENDRUP Morten,frendrup morten,5.5,5.5,0,0,0,0,0,0,0
2025-2026,6,Genoa,GRONBAEK Alberto,gronbaek alberto,,,0,0,0,0,0,0,0
2025-2026,6,Genoa,LAFONT Gael,lafont gael,,,0,0,0,0,0,0,0
2025-2026,6,Genoa,MALINOVSKIY Ruslan,malinovskiy ruslan,5.0,4.5,0,0,1,0,0,0,0
2025-2026,6,Genoa,MASINI Patrizio,masini patrizio,6.0,6.0,0,0,0,0,0,0,0
2025-2026,6,Genoa,MESSIAS Junior,messias junior,,,0,0,0,0,0,0,0
2025-2026,6,Genoa,ONANA Jean,onana jean,,,0,0,0,0,0,0,0
2025-2026,6,Genoa,STANCIU Nicolae,stanciu nicolae,,,0,0,0,0,0,0,0
2025-2026,6,Genoa,THORSBY Morten,thorsby morten,5.5,5.5,0,0,0,0,0,0,0
2025-2026,6,Genoa,COLOMBO Lorenzo,colombo lorenzo,,6.0,0,0,0,0,0,0,0
2025-2026,6,Genoa,CORNET Maxwel,cornet maxwel,,,0,0,0,0,0,0,0
2025-2026,6,Genoa,EKHATOR Jeff,ekhator jeff,7.0,10.0,1,0,0,0,0,0,0
2025-2026,6,Genoa,EKUBAN Caleb,ekuban caleb,5.5,5.5,0,0,0,0,0,0,0
2025-2026,6,Genoa,VENTURINO Lorenzo,venturino lorenzo,,,0,0,0,0,0,0,0
2025-2026,6,Genoa,VITINHA,vitinha,6.0,6.0,0,0,0,0,0,0,0
2025-2026,6,Inter,DI GENNARO Raffaele,di gennaro raffaele,,,0,0,0,0,0,0,0
2025-2026,6,Inter,MARTINEZ Josep,martinez josep,,,0,0,0,0,0,0,0
2025-2026,6,Inter,SOMMER Yann,sommer yann,6.0,5.0,-1,0,0,0,0,0,0
2025-2026,6,Inter,ACERBI Francesco,acerbi francesco,,,0,0,0,0,0,0,0
2025-2026,6,Inter,AKANJI Manuel,akanji manuel,7.0,7.0,0,0,0,0,0,0,0
2025-2026,6,Inter,ALEXIOU Christos,alexiou christos,,,0,0,0,0,0,0,0
2025-2026,6,Inter,BASTONI Alessandro,bastoni alessandro,6.5,6.5,0,0,0,0,0,0,0
2025-2026,6,Inter,BISSECK Yann Aurel,bisseck yann aurel,,,0,0,0,0,0,0,0
2025-2026,6,Inter,CARLOS AUGUSTO,carlos augusto,5.5,5.5,0,0,0,0,0,0,0
2025-2026,6,Inter,COCCHI Matteo,cocchi matteo,,,0,0,0,0,0,0,0
2025-2026,6,Inter,DARMIAN Matteo,darmian matteo,,,0,0,0,0,0,0,0
2025-2026,6,Inter,DE VRIJ Stefan,de vrij stefan,6.5,6.5,0,0,0,0,0,0,0
2025-2026,6,Inter,DIMARCO Federico,dimarco federico,7.5,11.5,1,1,0,0,0,0,0
2025-2026,6,Inter,DUMFRIES Denzel,dumfries denzel,5.0,5.0,0,0,0,0,0,0,0
2025-2026,6,Inter,LUIS HENRIQUE,luis henrique,6.0,6.0,0,0,0,0,0,0,0
2025-2026,6,Inter,PALACIOS Tomas,palacios tomas,,,0,0,0,0,0,0,0
2025-2026,6,Inter,RE CECCONI Gabriele,re cecconi gabriele,,,0,0,0,0,0,0,0
2025-2026,6,Inter,BARELLA Nicolo',barella nicolo',7.5,10.5,1,0,0,0,0,0,0
2025-2026,6,Inter,BERENBRUCH Thomas,berenbruch thomas,,,0,0,0,0,0,0,0
2025-2026,6,Inter,CALHANOGLU Hakan,calhanoglu hakan,,,0,0,0,0,0,0,0
2025-2026,6,Inter,DIOUF Andy,diouf andy,5.5,5.5,0,0,0,0,0,0,0
2025-2026,6,Inter,FRATTESI Davide,frattesi davide,6.5,6.5,0,0,0,0,0,0,0
2025-2026,6,Inter,MKHITARYAN Henrikh,mkhitaryan henrikh,6.5,6.5,0,0,0,0,0,0,0
2025-2026,6,Inter,SUCIC Petar,sucic petar,6.0,5.5,0,0,1,0,0,0,0
2025-2026,6,Inter,TOPALOVIC Luka,topalovic luka,,,0,0,0,0,0,0,0
2025-2026,6,Inter,ZIELINSKI Piotr,zielinski piotr,,,0,0,0,0,0,0,0
2025-2026,6,Inter,BONNY Ange-Yoan,bonny ange-yoan,8.0,14.0,1,3,0,0,0,0,0
2025-2026,6,Inter,ESPOSITO Francesco .,esposito francesco .,6.0,6.0,0,0,0,0,0,0,0
2025-2026,6,Inter,MARTINEZ Lautaro,martinez lautaro,7.0,10.0,1,0,0,0,0,0,0
2025-2026,6,Inter,THURAM Marcus,thuram marcus,,,0,0,0,0,0,0,0
2025-2026,6,Juventus,DI GREGORIO Michele,di gregorio michele,6.0,7.0,0,0,0,0,0,0,1
2025-2026,6,Juventus,PERIN Mattia,perin mattia,,,0,0,0,0,0,0,0
2025-2026,6,Juventus,PINSOGLIO Carlo,pinsoglio carlo,,,0,0,0,0,0,0,0
2025-2026,6,Juventus,BREMER Gleison,bremer gleison,,,0,0,0,0,0,0,0
2025-2026,6,Juventus,CABAL Juan,cabal juan,,,0,0,0,0,0,0,0
2025-2026,6,Juventus,CAMBIASO Andrea,cambiaso andrea,6.0,6.0,0,0,0,0,0,0,0
2025-2026,6,Juventus,GATTI Federico,gatti federico,6.0,5.5,0,0,1,0,0,0,0
2025-2026,6,Juventus,KALULU Pierre,kalulu pierre,6.0,6.0,0,0,0,0,0,0,0
2025-2026,6,Juventus,KELLY Lloyd,kelly lloyd,5.0,5.0,0,0,0,0,0,0,0
2025-2026,6,Juventus,MARIO Joao,mario joao,,,0,0,0,0,0,0,0
2025-2026,6,Juventus,ROUHI Jonas,rouhi jonas,,,0,0,0,0,0,0,0
2025-2026,6,Juventus,RUGANI Daniele,rugani daniele,6.0,6.0,0,0,0,0,0,0,0
2025-2026,6,Juventus,ADZIC Vasilije,adzic vasilije,,,0,0,0,0,0,0,0
2025-2026,6,Juventus,KOOPMEINERS Teun,koopmeiners teun,,,0,0,0,0,0,0,0
2025-2026,6,Juventus,KOSTIC Filip,kostic filip,,,0,0,0,0,0,0,0
2025-2026,6,Juventus,LOCATELLI Manuel,locatelli manuel,6.0,5.5,0,0,1,0,0,0,0
2025-2026,6,Juventus,MCKENNIE Weston,mckennie weston,6.0,6.0,0,0,0,0,0,0,0
2025-2026,6,Juventus,MIRETTI Fabio,miretti fabio,,,0,0,0,0,0,0,0
2025-2026,6,Juventus,THURAM Khephren,thuram khephren,6.0,6.0,0,0,0,0,0,0,0
2025-2026,6,Juventus,CONCEICAO Francisco,conceicao francisco,6.5,6.5,0,0,0,0,0,0,0
2025-2026,6,Juventus,DAVID Jonathan,david jonathan,5.0,5.0,0,0,0,0,0,0,0
2025-2026,6,Juventus,MILIK Arek,milik arek,,,0,0,0,0,0,0,0
2025-2026,6,Juventus,OPENDA Lois,openda lois,6.0,6.0,0,0,0,0,0,0,0
2025-2026,6,Juventus,PUGNO Diego,pugno diego,,,0,0,0,0,0,0,0
2025-2026,6,Juventus,VLAHOVIC Dusan,vlahovic dusan,6.0,6.0,0,0,0,0,0,0,0
2025-2026,6,Juventus,YILDIZ Kenan,yildiz kenan,5.5,5.5,0,0,0,0,0,0,0
2025-2026,6,Juventus,ZHEGROVA Edon,zhegrova edon,,,0,0,0,0,0,0,0
2025-2026,6,Lazio,FURLANETTO Alessio,furlanetto alessio,,,0,0,0,0,0,0,0
2025-2026,6,Lazio,MANDAS Christos,mandas christos,,,0,0,0,0,0,0,0
2025-2026,6,Lazio,PROVEDEL Ivan,provedel ivan,6.5,3.5,-3,0,0,0,0,0,0
2025-2026,6,Lazio,GIGOT Samuel,gigot samuel,,,0,0,0,0,0,0,0
2025-2026,6,Lazio,GILA Mario,gila mario,5.5,5.5,0,0,0,0,0,0,0
2025-2026,6,Lazio,HYSAJ Elseid,hysaj elseid,4.5,4.5,0,0,0,0,0,0,0
2025-2026,6,Lazio,LAZZARI Manuel,lazzari manuel,,6.0,0,0,0,0,0,0,0
2025-2026,6,Lazio,MARUSIC Adam,marusic adam,,,0,0,0,0,0,0,0
2025-2026,6,Lazio,NUNO TAVARES,nuno tavares,5.0,5.0,0,0,0,0,0,0,0
2025-2026,6,Lazio,PATRIC,patric,,,0,0,0,0,0,0,0
2025-2026,6,Lazio,PELLEGRINI Luca,pellegrini luca,,,0,0,0,0,0,0,0
2025-2026,6,Lazio,PROVSTGAARD Oliver,provstgaard oliver,,,0,0,0,0,0,0,0
2025-2026,6,Lazio,ROMAGNOLI Alessio,romagnoli alessio,5.5,5.0,0,0,1,0,0,0,0
2025-2026,6,Lazio,BASIC Toma,basic toma,6.5,7.5,0,1,0,0,0,0,0
2025-2026,6,Lazio,BELAHYANE Reda,belahyane reda,5.5,5.5,0,0,0,0,0,0,0
2025-2026,6,Lazio,CATALDI Danilo,cataldi danilo,7.0,9.5,1,0,1,0,0,1,0
2025-2026,6,Lazio,DELE-BASHIRU Fisayo,dele-bashiru fisayo,,,0,0,0,0,0,0,0
2025-2026,6,Lazio,GUENDOUZI Matteo,guendouzi matteo,,,0,0,0,0,0,0,0
2025-2026,6,Lazio,ROVELLA Nicolo,rovella nicolo,,,0,0,0,0,0,0,0
2025-2026,6,Lazio,VECINO Matias,vecino matias,,,0,0,0,0,0,0,0
2025-2026,6,Lazio,CANCELLIERI Matteo,cancellieri matteo,7.5,13.5,2,0,0,0,0,0,0
2025-2026,6,Lazio,CASTELLANOS Valentin,castellanos valentin,5.5,5.0,0,0,1,0,0,0,0
2025-2026,6,Lazio,DIA Boulaye,dia boulaye,5.5,5.5,0,0,0,0,0,0,0
2025-2026,6,Lazio,ISAKSEN Gustav,isaksen gustav,5.0,5.0,0,0,0,0,0,0,0
2025-2026,6,Lazio,NOSLIN Tijjani,noslin tijjani,7.0,7.0,0,0,0,0,0,0,0
2025-2026,6,Lazio,PEDRO,pedro,6.0,7.0,0,1,0,0,0,0,0
2025-2026,6,Lazio,ZACCAGNI Mattia,zaccagni mattia,,,0,0,0,0,0,0,0
2025-2026,6,Lecce,FALCONE Wladimiro,falcone wladimiro,6.5,7.5,0,0,0,0,0,0,0
2025-2026,6,Lecce,FRUCHTL Christian,fruchtl christian,,,0,0,0,0,0,0,0
2025-2026,6,Lecce,SAMOOJA Jasper,samooja jasper,,,0,0,0,0,0,0,0
2025-2026,6,Lecce,ESTEBAN Paco,esteban paco,,,0,0,0,0,0,0,0
2025-2026,6,Lecce,GABRIEL Tiago,gabriel tiago,6.5,6.5,0,0,0,0,0,0,0
2025-2026,6,Lecce,GALLO Antonino,gallo antonino,5.5,6.5,0,1,0,0,0,0,0
2025-2026,6,Lecce,GASPAR Kialonda,gaspar kialonda,6.5,6.0,0,0,1,0,0,0,0
2025-2026,6,Lecce,GUILBERT Frederic,guilbert frederic,,,0,0,0,0,0,0,0
2025-2026,6,Lecce,JEAN Gaby,jean gaby,,,0,0,0,0,0,0,0
2025-2026,6,Lecce,KOUASSI Owen,kouassi owen,,,0,0,0,0,0,0,0
2025-2026,6,Lecce,NDABA Corrie,ndaba corrie,,,0,0,0,0,0,0,0
2025-2026,6,Lecce,PEHLIVANOV Cristian,pehlivanov cristian,,,0,0,0,0,0,0,0
2025-2026,6,Lecce,PEREZ Matias,perez matias,,,0,0,0,0,0,0,0
2025-2026,6,Lecce,SCOTT Elijah,scott elijah,,,0,0,0,0,0,0,0
2025-2026,6,Lecce,SIEBERT Jamil,siebert jamil,,,0,0,0,0,0,0,0
2025-2026,6,Lecce,VEIGA Danilo,veiga danilo,6.0,6.0,0,0,0,0,0,0,0
2025-2026,6,Lecce,BERISHA Medon,berisha medon,6.0,6.0,0,0,0,0,0,0,0
2025-2026,6,Lecce,COULIBALY Lassana,coulibaly lassana,6.0,6.0,0,0,0,0,0,0,0
2025-2026,6,Lecce,GORTER Olaf,gorter olaf,,,0,0,0,0,0,0,0
2025-2026,6,Lecce,HELGASON Thorir,helgason thorir,,,0,0,0,0,0,0,0
2025-2026,6,Lecce,KABA Mohamed,kaba mohamed,,,0,0,0,0,0,0,0
2025-2026,6,Lecce,MALEH Youssef,maleh youssef,,,0,0,0,0,0,0,0
2025-2026,6,Lecce,MARCHWINSKI Filip,marchwinski filip,,,0,0,0,0,0,0,0
2025-2026,6,Lecce,PIERRET Balthazar,pierret balthazar,,,0,0,0,0,0,0,0
2025-2026,6,Lecce,RAFIA Hamza,rafia hamza,,,0,0,0,0,0,0,0
2025-2026,6,Lecce,RAMADANI Ylber,ramadani ylber,6.0,6.0,0,0,0,0,0,0,0
2025-2026,6,Lecce,SALA Alex,sala alex,,,0,0,0,0,0,0,0
2025-2026,6,Lecce,SOTTIL Riccardo,sottil riccardo,6.5,9.5,1,0,0,0,0,0,0
2025-2026,6,Lecce,BANDA Lameck,banda lameck,6.0,5.5,0,0,1,0,0,0,0
2025-2026,6,Lecce,CAMARDA Francesco,camarda francesco,5.5,5.5,0,0,0,0,0,0,0
2025-2026,6,Lecce,MORENTE Tete,morente tete,,,0,0,0,0,0,0,0
2025-2026,6,Lecce,N'DRI Konan,n'dri konan,,,0,0,0,0,0,0,0
2025-2026,6,Lecce,PIEROTTI Santiago,pierotti santiago,5.5,5.5,0,0,0,0,0,0,0
2025-2026,6,Lecce,STULIC Nikola,stulic nikola,5.0,5.0,0,0,0,0,0,0,0
2025-2026,6,Milan,MAIGNAN Mike,maignan mike,7.0,8.0,0,0,0,0,0,0,0
2025-2026,6,Milan,TERRACCIANO Pietro,terracciano pietro,,,0,0,0,0,0,0,0
2025-2026,6,Milan,TORRIANI Lorenzo,torriani lorenzo,,,0,0,0,0,0,0,0
2025-2026,6,Milan,ATHEKAME Zachary,athekame zachary,,,0,0,0,0,0,0,0
2025-2026,6,Milan,BARTESAGHI Davide,bartesaghi davide,6.0,5.5,0,0,1,0,0,0,0
2025-2026,6,Milan,DE WINTER Koni,de winter koni,,,0,0,0,0,0,0,0
2025-2026,6,Milan,ESTUPINAN Pervis,estupinan pervis,,,0,0,0,0,0,0,0
2025-2026,6,Milan,GABBIA Matteo,gabbia matteo,6.5,6.5,0,0,0,0,0,0,0
2025-2026,6,Milan,ODOGU David,odogu david,,,0,0,0,0,0,0,0
2025-2026,6,Milan,PAVLOVIC Strahinja,pavlovic strahinja,6.5,6.5,0,0,0,0,0,0,0
2025-2026,6,Milan,TOMORI Fikayo,tomori fikayo,6.5,6.5,0,0,0,0,0,0,0
2025-2026,6,Milan,FOFANA Youssouf,fofana youssouf,6.5,6.0,0,0,1,0,0,0,0
2025-2026,6,Milan,JASHARI Ardon,jashari ardon,,,0,0,0,0,0,0,0
2025-2026,6,Milan,LOFTUS-CHEEK Ruben,loftus-cheek ruben,6.0,6.0,0,0,0,0,0,0,0
2025-2026,6,Milan,MODRIC Luka,modric luka,7.0,7.0,0,0,0,0,0,0,0
2025-2026,6,Milan,RABIOT Adrien,rabiot adrien,6.5,6.5,0,0,0,0,0,0,0
2025-2026,6,Milan,RICCI Samuele,ricci samuele,,,0,0,0,0,0,0,0
2025-2026,6,Milan,SAELEMAEKERS Alexis,saelemaekers alexis,6.0,6.0,0,0,0,0,0,0,0
2025-2026,6,Milan,TRAORE Chaka,traore chaka,,,0,0,0,0,0,0,0
2025-2026,6,Milan,VOS Silvano,vos silvano,,,0,0,0,0,0,0,0
2025-2026,6,Milan,BALENTIEN Chevejo,balentien chevejo,,,0,0,0,0,0,0,0
2025-2026,6,Milan,GIMENEZ Santiago,gimenez santiago,6.5,6.5,0,0,0,0,0,0,0
2025-2026,6,Milan,LEAO Rafael,leao rafael,5.0,5.0,0,0,0,0,0,0,0
2025-2026,6,Milan,NKUNKU Cristopher,nkunku cristopher,5.5,5.5,0,0,0,0,0,0,0
2025-2026,6,Milan,PULISIC Christian,pulisic christian,5.0,2.0,0,0,0,0,0,0,1
2025-2026,6,Napoli,CONTINI Nikita,contini nikita,,,0,0,0,0,0,0,0
2025-2026,6,Napoli,MERET Alex,meret alex,,,0,0,0,0,0,0,0
2025-2026,6,Napoli,MILINKOVIC Vanja,milinkovic vanja,6.5,5.5,-1,0,0,0,0,0,0
2025-2026,6,Napoli,BEUKEMA Sam,beukema sam,5.0,5.0,0,0,0,0,0,0,0
2025-2026,6,Napoli,BUONGIORNO Alessand.,buongiorno alessand.,,,0,0,0,0,0,0,0
2025-2026,6,Napoli,DI LORENZO Giovanni,di lorenzo giovanni,6.5,6.5,0,0,0,0,0,0,0
2025-2026,6,Napoli,GUTIERREZ Miguel,gutierrez miguel,,,0,0,0,0,0,0,0
2025-2026,6,Napoli,JESUS Juan,jesus juan,6.5,6.5,0,0,0,0,0,0,0
2025-2026,6,Napoli,MARIANUCCI Luca,marianucci luca,,,0,0,0,0,0,0,0
2025-2026,6,Napoli,MAZZOCCHI Pasquale,mazzocchi pasquale,,,0,0,0,0,0,0,0
2025-2026,6,Napoli,OLIVERA Mathias,olivera mathias,5.0,5.0,0,0,0,0,0,0,0
2025-2026,6,Napoli,RRAHMANI Amir,rrahmani amir,,,0,0,0,0,0,0,0
2025-2026,6,Napoli,SPINAZZOLA Leonardo,spinazzola leonardo,6.5,6.5,0,0,0,0,0,0,0
2025-2026,6,Napoli,ANGUISSA Andre' Zam.,anguissa andre' zam.,7.0,10.0,1,0,0,0,0,0,0
2025-2026,6,Napoli,DE BRUYNE Kevin,de bruyne kevin,7.5,7.5,0,0,0,0,0,0,0
2025-2026,6,Napoli,ELMAS Eljif,elmas eljif,,,0,0,0,0,0,0,0
2025-2026,6,Napoli,GILMOUR Billy,gilmour billy,6.0,6.0,0,0,0,0,0,0,0
2025-2026,6,Napoli,LOBOTKA Stanislav,lobotka stanislav,5.5,5.5,0,0,0,0,0,0,0
2025-2026,6,Napoli,MCTOMINAY Scott,mctominay scott,5.5,5.5,0,0,0,0,0,0,0
2025-2026,6,Napoli,VERGARA Antonio,vergara antonio,,,0,0,0,0,0,0,0
2025-2026,6,Napoli,AMBROSINO Giuseppe,ambrosino giuseppe,,,0,0,0,0,0,0,0
2025-2026,6,Napoli,HOJLUND Rasmus,hojlund rasmus,7.5,10.5,1,0,0,0,0,0,0
2025-2026,6,Napoli,LANG Noa,lang noa,,,0,0,0,0,0,0,0
2025-2026,6,Napoli,LUCCA Lorenzo,lucca lorenzo,,,0,0,0,0,0,0,0
2025-2026,6,Napoli,LUKAKU Romelu,lukaku romelu,,,0,0,0,0,0,0,0
2025-2026,6,Napoli,NERES David,neres david,6.0,5.5,0,0,1,0,0,0,0
2025-2026,6,Napoli,POLITANO Matteo,politano matteo,6.0,6.0,0,0,0,0,0,0,0
2025-2026,6,Roma,GOLLINI Pierluigi,gollini pierluigi,,,0,0,0,0,0,0,0
2025-2026,6,Roma,SVILAR Mile,svilar mile,5.5,4.5,-1,0,0,0,0,0,0
2025-2026,6,Roma,VASQUEZ Devis,vasquez devis,,,0,0,0,0,0,0,0
2025-2026,6,Roma,ANGELINO Jose',angelino jose',,,0,0,0,0,0,0,0
2025-2026,6,Roma,CELIK Zeki,celik zeki,6.5,6.5,0,0,0,0,0,0,0
2025-2026,6,Roma,GHILARDI Daniele,ghilardi daniele,,,0,0,0,0,0,0,0
2025-2026,6,Roma,HERMOSO Mario,hermoso mario,,,0,0,0,0,0,0,0
2025-2026,6,Roma,MANCINI Gianluca,mancini gianluca,6.0,6.0,0,0,0,0,0,0,0
2025-2026,6,Roma,NDICKA Evan,ndicka evan,5.5,5.5,0,0,0,0,0,0,0
2025-2026,6,Roma,RENSCH Devyne,rensch devyne,6.0,6.0,0,0,0,0,0,0,0
2025-2026,6,Roma,SANGARe' Buba,sangare' buba,,,0,0,0,0,0,0,0
2025-2026,6,Roma,TSIMIKAS Konstantin.,tsimikas konstantin.,6.0,5.5,0,0,1,0,0,0,0
2025-2026,6,Roma,WESLEY,wesley,6.0,5.5,0,0,1,0,0,0,0
2025-2026,6,Roma,ZIOLKOWSKI Jan,ziolkowski jan,,6.0,0,0,0,0,0,0,0
2025-2026,6,Roma,BALDANZI Tommaso,baldanzi tommaso,5.0,5.0,0,0,0,0,0,0,0
2025-2026,6,Roma,CRISTANTE Bryan,cristante bryan,7.0,9.5,1,0,1,0,0,0,0
2025-2026,6,Roma,EL AYNAOUI Neil,el aynaoui neil,,6.0,0,0,0,0,0,0,0
2025-2026,6,Roma,EL SHAARAWY Stephan,el shaarawy stephan,,,0,0,0,0,0,0,0
2025-2026,6,Roma,KONE' Manu,kone' manu,6.5,6.5,0,0,0,0,0,0,0
2025-2026,6,Roma,PELLEGRINI Lorenzo,pellegrini lorenzo,6.0,6.0,0,0,0,0,0,0,0
2025-2026,6,Roma,PISILLI Niccolo',pisilli niccolo',,,0,0,0,0,0,0,0
2025-2026,6,Roma,ROMANO Alessandro,romano alessandro,,,0,0,0,0,0,0,0
2025-2026,6,Roma,ARENA Antonio,arena antonio,,,0,0,0,0,0,0,0
2025-2026,6,Roma,BAILEY Leon,bailey leon,,,0,0,0,0,0,0,0
2025-2026,6,Roma,DOVBYK Artem,dovbyk artem,5.5,6.5,0,1,0,0,0,0,0
2025-2026,6,Roma,DYBALA Paulo,dybala paulo,6.5,6.5,0,0,0,0,0,0,0
2025-2026,6,Roma,FERGUSON Evan,ferguson evan,,,0,0,0,0,0,0,0
2025-2026,6,Roma,SOULE' Matias,soule' matias,7.5,11.5,1,1,0,0,0,0,0
2025-2026,6,Sassuolo,MURIC Arijanet,muric arijanet,7.0,7.5,0,0,1,0,0,0,0
2025-2026,6,Sassuolo,SATALINO Giacomo,satalino giacomo,,,0,0,0,0,0,0,0
2025-2026,6,Sassuolo,TURATI Stefano,turati stefano,,,0,0,0,0,0,0,0
2025-2026,6,Sassuolo,ZACCHI Gioele,zacchi gioele,,,0,0,0,0,0,0,0
2025-2026,6,Sassuolo,CANDE' Fali,cande' fali,,,0,0,0,0,0,0,0
2025-2026,6,Sassuolo,COULIBALY Woyo,coulibaly woyo,,,0,0,0,0,0,0,0
2025-2026,6,Sassuolo,DOIG Josh,doig josh,6.0,6.0,0,0,0,0,0,0,0
2025-2026,6,Sassuolo,IDZES Jay,idzes jay,6.0,6.0,0,0,0,0,0,0,0
2025-2026,6,Sassuolo,MUHAREMOVIC Tarik,muharemovic tarik,6.0,6.0,0,0,0,0,0,0,0
2025-2026,6,Sassuolo,PAZ Yeferson,paz yeferson,,,0,0,0,0,0,0,0
2025-2026,6,Sassuolo,PIERAGNOLO Edoardo,pieragnolo edoardo,,,0,0,0,0,0,0,0
2025-2026,6,Sassuolo,ROMAGNA Filippo,romagna filippo,,,0,0,0,0,0,0,0
2025-2026,6,Sassuolo,WALUKIEWICZ Sebasti.,walukiewicz sebasti.,6.0,6.0,0,0,0,0,0,0,0
2025-2026,6,Sassuolo,BOLOCA Daniel,boloca daniel,,,0,0,0,0,0,0,0
2025-2026,6,Sassuolo,FADERA Alieu,fadera alieu,7.0,7.0,0,0,0,0,0,0,0
2025-2026,6,Sassuolo,IANNONI Edoardo,iannoni edoardo,,6.0,0,0,0,0,0,0,0
2025-2026,6,Sassuolo,KONE Ismael,kone ismael,6.5,6.5,0,0,0,0,0,0,0
2025-2026,6,Sassuolo,LIPANI Luca,lipani luca,,,0,0,0,0,0,0,0
2025-2026,6,Sassuolo,MATIC Nemanja,matic nemanja,6.0,6.0,0,0,0,0,0,0,0
2025-2026,6,Sassuolo,THORSTVEDT Kristian,thorstvedt kristian,6.5,6.5,0,0,0,0,0,0,0
2025-2026,6,Sassuolo,VOLPATO Cristian,volpato cristian,5.0,5.0,0,0,0,0,0,0,0
2025-2026,6,Sassuolo,VRANCKX Aster,vranckx aster,6.0,6.0,0,0,0,0,0,0,0
2025-2026,6,Sassuolo,BERARDI Domenico,berardi domenico,,,0,0,0,0,0,0,0
2025-2026,6,Sassuolo,CHEDDIRA Walid,cheddira walid,5.5,5.0,0,0,1,0,0,0,0
2025-2026,6,Sassuolo,LAURIENTE' Armand,lauriente' armand,5.5,5.5,0,0,0,0,0,0,0
2025-2026,6,Sassuolo,MORO Luca,moro luca,,,0,0,0,0,0,0,0
2025-2026,6,Sassuolo,PIERINI Nicholas,pierini nicholas,6.0,5.5,0,0,1,0,0,0,0
2025-2026,6,Sassuolo,PINAMONTI Andrea,pinamonti andrea,6.0,6.0,1,0,0,0,0,0,1
2025-2026,6,Sassuolo,SKJELLERUP Laurs,skjellerup laurs,,,0,0,0,0,0,0,0
2025-2026,6,Torino,ISRAEL Franco,israel franco,6.0,3.0,-3,0,0,0,0,0,1
2025-2026,6,Torino,PALEARI Alberto,paleari alberto,,,0,0,0,0,0,0,0
2025-2026,6,Torino,POPA Mihai,popa mihai,,,0,0,0,0,0,0,0
2025-2026,6,Torino,BIRAGHI Cristiano,biraghi cristiano,,,0,0,0,0,0,0,0
2025-2026,6,Torino,COCO Saul,coco saul,6.0,9.0,1,0,0,0,0,0,0
2025-2026,6,Torino,DEMBELE' Ali,dembele' ali,5.0,5.0,0,0,0,0,0,0,0
2025-2026,6,Torino,ISMAJLI Ardian,ismajli ardian,,,0,0,0,0,0,0,0
2025-2026,6,Torino,LAZARO Valentino,lazaro valentino,5.0,5.0,0,0,0,0,0,0,0
2025-2026,6,Torino,MARIPAN Guillermo,maripan guillermo,5.5,5.0,0,0,1,0,0,0,0
2025-2026,6,Torino,MASINA Adam,masina adam,6.5,7.5,0,1,0,0,0,0,0
2025-2026,6,Torino,NKOUNKOU Niels,nkounkou niels,7.0,8.0,0,1,0,0,0,0,0
2025-2026,6,Torino,PEDERSEN Marcus,pedersen marcus,6.5,6.5,0,0,0,0,0,0,0
2025-2026,6,Torino,PEREZ Alex,perez alex,,,0,0,0,0,0,0,0
2025-2026,6,Torino,SAZONOV Saba,sazonov saba,,,0,0,0,0,0,0,0
2025-2026,6,Torino,SCHUURS Perr,schuurs perr,,,0,0,0,0,0,0,0
2025-2026,6,Torino,ZAIA Edoardo,zaia edoardo,,,0,0,0,0,0,0,0
2025-2026,6,Torino,ANJORIN Tino,anjorin tino,,,0,0,0,0,0,0,0
2025-2026,6,Torino,ASLLANI Kristjan,asllani kristjan,7.0,6.5,0,0,1,0,0,0,0
2025-2026,6,Torino,CASADEI Cesare,casadei cesare,6.5,6.0,0,0,1,0,0,0,0
2025-2026,6,Torino,GINEITIS Gvidas,gineitis gvidas,,6.0,0,0,0,0,0,0,0
2025-2026,6,Torino,ILIC Ivan,ilic ivan,,,0,0,0,0,0,0,0
2025-2026,6,Torino,ILKHAN Emirhan,ilkhan emirhan,,,0,0,0,0,0,0,0
2025-2026,6,Torino,PERCIUN Sergiu,perciun sergiu,,,0,0,0,0,0,0,0
2025-2026,6,Torino,TAMEZE Adrien,tameze adrien,6.0,6.0,0,0,0,0,0,0,0
2025-2026,6,Torino,VLASIC Nikola,vlasic nikola,6.5,6.5,0,0,0,0,0,0,0
2025-2026,6,Torino,ABOUKHLAL Zakaria,aboukhlal zakaria,,,0,0,0,0,0,0,0
2025-2026,6,Torino,ADAMS Che',adams che',7.0,10.0,1,0,0,0,0,0,0
2025-2026,6,Torino,GABELLINI Tommaso,gabellini tommaso,,,0,0,0,0,0,0,0
2025-2026,6,Torino,NGONGE Cyril,ngonge cyril,7.0,7.0,0,0,0,0,0,0,0
2025-2026,6,Torino,NJIE Alieu,njie alieu,,,0,0,0,0,0,0,0
2025-2026,6,Torino,SAVVA Zanos,savva zanos,,,0,0,0,0,0,0,0
2025-2026,6,Torino,SIMEONE Giovanni,simeone giovanni,7.0,10.0,1,0,0,0,0,0,0
2025-2026,6,Torino,ZAPATA Duvan,zapata duvan,,,0,0,0,0,0,0,0
2025-2026,6,Udinese,NUNZIANTE Alessandro,nunziante alessandro,,,0,0,0,0,0,0,0
2025-2026,6,Udinese,OKOYE Maduka,okoye maduka,,,0,0,0,0,0,0,0
2025-2026,6,Udinese,PADELLI Daniele,padelli daniele,,,0,0,0,0,0,0,0
2025-2026,6,Udinese,SAVA Razvan,sava razvan,6.0,5.0,-1,0,0,0,0,0,0
2025-2026,6,Udinese,BERTOLA Nicolo',bertola nicolo',5.5,5.5,0,0,0,0,0,0,0
2025-2026,6,Udinese,EHIZIBUE Kingsley,ehizibue kingsley,,,0,0,0,0,0,0,0
2025-2026,6,Udinese,GOGLICHIDZE Saba,goglichidze saba,6.0,6.0,0,0,0,0,0,0,0
2025-2026,6,Udinese,KABASELE Christian,kabasele christian,6.5,9.5,1,0,0,0,0,0,0
2025-2026,6,Udinese,KAMARA Hassane,kamara hassane,5.0,5.0,0,0,0,0,0,0,0
2025-2026,6,Udinese,KRISTENSEN Thomas,kristensen thomas,,,0,0,0,0,0,0,0
2025-2026,6,Udinese,MODESTO Rui,modesto rui,,,0,0,0,0,0,0,0
2025-2026,6,Udinese,PALMA Matteo,palma matteo,,,0,0,0,0,0,0,0
2025-2026,6,Udinese,SOLET Oumar,solet oumar,6.0,7.0,0,1,0,0,0,0,0
2025-2026,6,Udinese,ZANOLI Alessandro,zanoli alessandro,6.0,6.0,0,0,0,0,0,0,0
2025-2026,6,Udinese,ZEMURA Jordan,zemura jordan,,,0,0,0,0,0,0,0
2025-2026,6,Udinese,ATTA Arthur,atta arthur,6.5,6.5,0,0,0,0,0,0,0
2025-2026,6,Udinese,EKKELENKAMP Jurgen,ekkelenkamp jurgen,,,0,0,0,0,0,0,0
2025-2026,6,Udinese,KARLSTROM Jesper,karlstrom jesper,6.0,6.0,0,0,0,0,0,0,0
2025-2026,6,Udinese,LOVRIC Sandi,lovric sandi,,,0,0,0,0,0,0,0
2025-2026,6,Udinese,MILLER Lennon,miller lennon,,,0,0,0,0,0,0,0
2025-2026,6,Udinese,PIOTROWSKI Jakub,piotrowski jakub,5.5,5.5,0,0,0,0,0,0,0
2025-2026,6,Udinese,ZANIOLO Nicolo',zaniolo nicolo',4.5,4.0,0,0,1,0,0,0,0
2025-2026,6,Udinese,ZARRAGA Oier,zarraga oier,,,0,0,0,0,0,0,0
2025-2026,6,Udinese,BAYO Vakoun,bayo vakoun,4.0,4.0,0,0,0,0,0,0,0
2025-2026,6,Udinese,BRAVO Iker,bravo iker,,,0,0,0,0,0,0,0
2025-2026,6,Udinese,BUKSA Adam,buksa adam,,,0,0,0,0,0,0,0
2025-2026,6,Udinese,DAVIS Keinan,davis keinan,5.0,5.0,0,0,0,0,0,0,0
2025-2026,6,Udinese,GUEYE Idrissa,gueye idrissa,,,0,0,0,0,0,0,0
2025-2026,6,Udinese,VINCIATI Giulio,vinciati giulio,,,0,0,0,0,0,0,0
2025-2026,6,Verona,MONTIPO' Lorenzo,montipo' lorenzo,6.5,8.5,-1,0,0,0,0,1,0
2025-2026,6,Verona,PERILLI Simone,perilli simone,,,0,0,0,0,0,0,0
2025-2026,6,Verona,BELGHALI Rafik,belghali rafik,6.0,5.5,0,0,1,0,0,0,0
2025-2026,6,Verona,BELLA-KOTCHAP Armel,bella-kotchap armel,,,0,0,0,0,0,0,0
2025-2026,6,Verona,BRADARIC Domagoj,bradaric domagoj,6.0,6.0,0,0,0,0,0,0,0
2025-2026,6,Verona,CHAM Fallou,cham fallou,,,0,0,0,0,0,0,0
2025-2026,6,Verona,EBOSSE Enzo,ebosse enzo,,,0,0,0,0,0,0,0
2025-2026,6,Verona,FRESE Martin,frese martin,6.5,6.5,0,0,0,0,0,0,0
2025-2026,6,Verona,KURTI Adi,kurti adi,,,0,0,0,0,0,0,0
2025-2026,6,Verona,NELSSON Victor,nelsson victor,5.5,5.5,0,0,0,0,0,0,0
2025-2026,6,Verona,NUNEZ Unai,nunez unai,5.0,5.0,0,0,0,0,0,0,0
2025-2026,6,Verona,OYEGOKE Daniel,oyegoke daniel,,,0,0,0,0,0,0,0
2025-2026,6,Verona,SLOTSAGER Tobias,slotsager tobias,,,0,0,0,0,0,0,0
2025-2026,6,Verona,VALENTINI Nicolas,valentini nicolas,,,0,0,0,0,0,0,0
2025-2026,6,Verona,YELLU Santiago,yellu santiago,,,0,0,0,0,0,0,0
2025-2026,6,Verona,AKPA-AKPRO Jean-Dan.,akpa-akpro jean-dan.,6.0,6.0,0,0,0,0,0,0,0
2025-2026,6,Verona,AL-MUSRATI Moatasem,al-musrati moatasem,,,0,0,0,0,0,0,0
2025-2026,6,Verona,BERNEDE Antoine,bernede antoine,5.5,5.5,0,0,0,0,0,0,0
2025-2026,6,Verona,GAGLIARDINI Roberto,gagliardini roberto,6.0,6.0,0,0,0,0,0,0,0
2025-2026,6,Verona,HARROUI Abdou,harroui abdou,,,0,0,0,0,0,0,0
2025-2026,6,Verona,KASTANOS Grigoris,kastanos grigoris,,,0,0,0,0,0,0,0
2025-2026,6,Verona,NIASSE Cheikh,niasse cheikh,,6.0,0,0,0,0,0,0,0
2025-2026,6,Verona,SERDAR Suat,serdar suat,5.0,4.5,0,0,1,0,0,0,0
2025-2026,6,Verona,SUSLOV Tomas,suslov tomas,,,0,0,0,0,0,0,0
2025-2026,6,Verona,YILDIZ Veis,yildiz veis,,,0,0,0,0,0,0,0
2025-2026,6,Verona,AJAYI Junior,ajayi junior,,,0,0,0,0,0,0,0
2025-2026,6,Verona,GIOVANE Do Nascimie.,giovane do nascimie.,6.5,6.5,0,0,0,0,0,0,0
2025-2026,6,Verona,LUNA Agustin,luna agustin,,,0,0,0,0,0,0,0
2025-2026,6,Verona,MOSQUERA Daniel,mosquera daniel,,,0,0,0,0,0,0,0
2025-2026,6,Verona,ORBAN Gift,orban gift,6.0,6.0,0,0,0,0,0,0,0
2025-2026,6,Verona,SARR Amin,sarr amin,,6.0,0,0,0,0,0,0,0
2025-2026,6,Cremonese,AUDERO Emil,audero emil,,,0,0,0,0,0,0,0
2025-2026,6,Cremonese,MALOVEC Adrian,malovec adrian,,,0,0,0,0,0,0,0
2025-2026,6,Cremonese,NAVA Lapo,nava lapo,,,0,0,0,0,0,0,0
2025-2026,6,Cremonese,SILVESTRI Marco,silvestri marco,5.5,1.5,-4,0,0,0,0,0,0
2025-2026,6,Cremonese,BARBIERI Tommaso,barbieri tommaso,5.5,5.5,0,0,0,0,0,0,0
2025-2026,6,Cremonese,BASCHIROTTO Federico,baschirotto federico,4.0,4.0,0,0,0,0,0,0,0
2025-2026,6,Cremonese,BIANCHETTI Matteo,bianchetti matteo,4.5,4.5,0,0,0,0,0,0,0
2025-2026,6,Cremonese,CECCHERINI Federico,ceccherini federico,4.0,4.0,0,0,0,0,0,0,0
2025-2026,6,Cremonese,FAYE Mikayil,faye mikayil,5.5,5.5,0,0,0,0,0,0,0
2025-2026,6,Cremonese,FLORIANI MUSSOLINI .,floriani mussolini .,4.0,4.0,0,0,0,0,0,0,0
2025-2026,6,Cremonese,FOLINO Francesco,folino francesco,,,0,0,0,0,0,0,0
2025-2026,6,Cremonese,PEZZELLA Giuseppe,pezzella giuseppe,5.5,5.0,0,0,1,0,0,0,0
2025-2026,6,Cremonese,SERNICOLA Leonardo,sernicola leonardo,,,0,0,0,0,0,0,0
2025-2026,6,Cremonese,TERRACCIANO Filippo,terracciano filippo,,,0,0,0,0,0,0,0
2025-2026,6,Cremonese,BONDO Warren,bondo warren,5.0,5.0,0,0,0,0,0,0,0
2025-2026,6,Cremonese,COLLOCOLO Michele,collocolo michele,,,0,0,0,0,0,0,0
2025-2026,6,Cremonese,GRASSI Alberto,grassi alberto,4.5,4.5,0,0,0,0,0,0,0
2025-2026,6,Cremonese,LORDKIPANIDZE Dachi,lordkipanidze dachi,,,0,0,0,0,0,0,0
2025-2026,6,Cremonese,PAYERO Martin,payero martin,,,0,0,0,0,0,0,0
2025-2026,6,Cremonese,VALOTI Mattia,valoti mattia,,,0,0,0,0,0,0,0
2025-2026,6,Cremonese,VANDEPUTTE Jari,vandeputte jari,5.5,6.5,0,1,0,0,0,0,0
2025-2026,6,Cremonese,BONAZZOLI Federico,bonazzoli federico,6.5,9.5,1,0,0,0,0,0,0
2025-2026,6,Cremonese,DE LUCA Manuel,de luca manuel,,,0,0,0,0,0,0,0
2025-2026,6,Cremonese,JOHNSEN Dennis,johnsen dennis,4.0,4.0,0,0,0,0,0,0,0
2025-2026,6,Cremonese,MOUMBAGNA Faris,moumbagna faris,,,0,0,0,0,0,0,0
2025-2026,6,Cremonese,OKEREKE David,okereke david,,,0,0,0,0,0,0,0
2025-2026,6,Cremonese,SANABRIA Antonio,sanabria antonio,4.0,4.0,0,0,0,0,0,0,0
2025-2026,6,Cremonese,SARMIENTO Jeremy,sarmiento jeremy,,,0,0,0,0,0,0,0
2025-2026,6,Cremonese,VARDY Jamie,vardy jamie,5.5,5.5,0,0,0,0,0,0,0
2025-2026,6,Cremonese,VAZQUEZ Franco,vazquez franco,4.0,4.0,0,0,0,0,0,0,0
2025-2026,6,Cremonese,ZERBIN Alessio,zerbin alessio,,,0,0,0,0,0,0,0
2025-2026,6,Parma,CORVI Edoardo,corvi edoardo,,,0,0,0,0,0,0,0
2025-2026,6,Parma,RINALDI Filippo,rinaldi filippo,,,0,0,0,0,0,0,0
2025-2026,6,Parma,SUZUKI Zion,suzuki zion,5.0,4.0,-1,0,0,0,0,0,0
2025-2026,6,Parma,BRITSCHGI Sascha,britschgi sascha,6.0,6.0,0,0,0,0,0,0,0
2025-2026,6,Parma,CIRCATI Alessandro,circati alessandro,6.5,6.5,0,0,0,0,0,0,0
2025-2026,6,Parma,DEL PRATO Enrico,del prato enrico,6.5,6.5,0,0,0,0,0,0,0
2025-2026,6,Parma,LOVIK Mathias,lovik mathias,5.5,5.5,0,0,0,0,0,0,0
2025-2026,6,Parma,NDIAYE Abdoulaye,ndiaye abdoulaye,6.0,5.5,0,0,1,0,0,0,0
2025-2026,6,Parma,TRABUCCHI Nicolas,trabucchi nicolas,,,0,0,0,0,0,0,0
2025-2026,6,Parma,TROILO Mariano,troilo mariano,,,0,0,0,0,0,0,0
2025-2026,6,Parma,VALENTI Lautaro,valenti lautaro,,,0,0,0,0,0,0,0
2025-2026,6,Parma,VALERI Emanuele,valeri emanuele,6.0,6.0,0,0,0,0,0,0,0
2025-2026,6,Parma,BERNABE' Adrian,bernabe' adrian,5.5,5.5,0,0,0,0,0,0,0
2025-2026,6,Parma,CREMASCHI Benjamin,cremaschi benjamin,,,0,0,0,0,0,0,0
2025-2026,6,Parma,ESTEVEZ Nahuel,estevez nahuel,,6.0,0,0,0,0,0,0,0
2025-2026,6,Parma,HERNANI,hernani,,,0,0,0,0,0,0,0
2025-2026,6,Parma,KEITA Mandela,keita mandela,6.5,6.5,0,0,0,0,0,0,0
2025-2026,6,Parma,ORDONEZ Christian,ordonez christian,,,0,0,0,0,0,0,0
2025-2026,6,Parma,ORISTANIO Gaetano,oristanio gaetano,,,0,0,0,0,0,0,0
2025-2026,6,Parma,PLICCO Elia,plicco elia,,,0,0,0,0,0,0,0
2025-2026,6,Parma,SORENSEN Oliver,sorensen oliver,5.0,5.0,0,0,0,0,0,0,0
2025-2026,6,Parma,ALMQVIST Pontus,almqvist pontus,5.5,5.5,0,0,0,0,0,0,0
2025-2026,6,Parma,BEGIC Tjas,begic tjas,,,0,0,0,0,0,0,0
2025-2026,6,Parma,BENEDYCZAK Adrian,benedyczak adrian,5.5,5.5,0,0,0,0,0,0,0
2025-2026,6,Parma,CUTRONE Patrick,cutrone patrick,5.5,5.5,0,0,0,0,0,0,0
2025-2026,6,Parma,DJURIC Milan,djuric milan,,6.0,0,0,0,0,0,0,0
2025-2026,6,Parma,FRIGAN Matija,frigan matija,,,0,0,0,0,0,0,0
2025-2026,6,Parma,ONDREJKA Jacob,ondrejka jacob,,,0,0,0,0,0,0,0
2025-2026,6,Parma,PELLEGRINO Mateo,pellegrino mateo,5.5,5.5,0,0,0,0,0,0,0
2025-2026,6,Pisa,NICOLAS,nicolas,,,0,0,0,0,0,0,0
2025-2026,6,Pisa,SCUFFET Simone,scuffet simone,,,0,0,0,0,0,0,0
2025-2026,6,Pisa,SEMPER Adrian,semper adrian,5.0,1.0,-4,0,0,0,0,0,0
2025-2026,6,Pisa,ALBIOL Raul,albiol raul,,,0,0,0,0,0,0,0
2025-2026,6,Pisa,ANGORI Samuele,angori samuele,5.0,5.0,0,0,0,0,0,0,0
2025-2026,6,Pisa,BONFANTI Giovanni,bonfanti giovanni,5.0,5.0,0,0,0,0,0,0,0
2025-2026,6,Pisa,CALABRESI Arturo,calabresi arturo,,,0,0,0,0,0,0,0
2025-2026,6,Pisa,CANESTRELLI Simone,canestrelli simone,5.0,5.0,0,0,0,0,0,0,0
2025-2026,6,Pisa,CARACCIOLO Antonio,caracciolo antonio,4.5,4.5,0,0,0,0,0,0,0
2025-2026,6,Pisa,CUADRADO Juan,cuadrado juan,5.0,4.5,0,0,1,0,0,0,0
2025-2026,6,Pisa,DENOON Daniel,denoon daniel,,,0,0,0,0,0,0,0
2025-2026,6,Pisa,ESTEVES Tomas,esteves tomas,,,0,0,0,0,0,0,0
2025-2026,6,Pisa,LUSUARDI Mateus,lusuardi mateus,,,0,0,0,0,0,0,0
2025-2026,6,Pisa,MBAMBI Jeremy,mbambi jeremy,,,0,0,0,0,0,0,0
2025-2026,6,Pisa,AEBISCHER Michel,aebischer michel,,,0,0,0,0,0,0,0
2025-2026,6,Pisa,AKINSANMIRO Ebenezer,akinsanmiro ebenezer,5.5,5.5,0,0,0,0,0,0,0
2025-2026,6,Pisa,HOJHOLT Malthe,hojholt malthe,,,0,0,0,0,0,0,0
2025-2026,6,Pisa,LERIS Mehdi,leris mehdi,5.0,5.0,0,0,0,0,0,0,0
2025-2026,6,Pisa,LORRAN De Sousa,lorran de sousa,,,0,0,0,0,0,0,0
2025-2026,6,Pisa,MARIN Marius,marin marius,5.5,5.5,0,0,0,0,0,0,0
2025-2026,6,Pisa,MAUCCI Giacomo,maucci giacomo,,,0,0,0,0,0,0,0
2025-2026,6,Pisa,PICCININI Gabriele,piccinini gabriele,,,0,0,0,0,0,0,0
2025-2026,6,Pisa,STENGS Calvin,stengs calvin,,,0,0,0,0,0,0,0
2025-2026,6,Pisa,TOURE Idrissa,toure idrissa,4.0,3.0,0,0,0,1,0,0,0
2025-2026,6,Pisa,TRAMONI Matteo,tramoni matteo,6.0,6.0,0,0,0,0,0,0,0
2025-2026,6,Pisa,VURAL Isak,vural isak,6.0,6.0,0,0,0,0,0,0,0
2025-2026,6,Pisa,BUFFON Louis,buffon louis,,,0,0,0,0,0,0,0
2025-2026,6,Pisa,MEISTER Henrik,meister henrik,5.0,5.0,0,0,0,0,0,0,0
2025-2026,6,Pisa,MOREO Stefano,moreo stefano,,,0,0,0,0,0,0,0
2025-2026,6,Pisa,NZOLA M'Bala,nzola m'bala,5.0,5.0,0,0,0,0,0,0,0
2025-2026,6,Como,BUTEZ Jean,butez jean,6.0,5.0,-1,0,0,0,0,0,0
2025-2026,6,Como,CAVLINA Nikola,cavlina nikola,,,0,0,0,0,0,0,0
2025-2026,6,Como,VIGORITO Mauro,vigorito mauro,,,0,0,0,0,0,0,0
2025-2026,6,Como,CARLOS Diego,carlos diego,6.5,6.0,0,0,1,0,0,0,0
2025-2026,6,Como,DOSSENA Alberto,dossena alberto,,,0,0,0,0,0,0,0
2025-2026,6,Como,GOLDANIGA Edoardo,goldaniga edoardo,,,0,0,0,0,0,0,0
2025-2026,6,Como,KEMPF Marc-Oliver,kempf marc-oliver,,,0,0,0,0,0,0,0
2025-2026,6,Como,MORENO Alberto,moreno alberto,,,0,0,0,0,0,0,0
2025-2026,6,Como,POSCH Stefan,posch stefan,,,0,0,0,0,0,0,0
2025-2026,6,Como,RAMON Jacobo,ramon jacobo,6.0,6.0,0,0,0,0,0,0,0
2025-2026,6,Como,ROBERTO Sergi,roberto sergi,,,0,0,0,0,0,0,0
2025-2026,6,Como,SALA Marco,sala marco,,,0,0,0,0,0,0,0
2025-2026,6,Como,SMOLCIC Ivan,smolcic ivan,6.0,5.5,0,0,1,0,0,0,0
2025-2026,6,Como,VALLE Alex,valle alex,6.0,6.0,0,0,0,0,0,0,0
2025-2026,6,Como,VAN DER BREMPT Igna.,van der brempt igna.,,,0,0,0,0,0,0,0
2025-2026,6,Como,VOJVODA Mergim,vojvoda mergim,6.0,6.0,0,0,0,0,0,0,0
2025-2026,6,Como,BATURINA Martin,baturina martin,5.5,5.5,0,0,0,0,0,0,0
2025-2026,6,Como,CAQUERET Maxence,caqueret maxence,6.0,6.0,0,0,0,0,0,0,0
2025-2026,6,Como,DA CUNHA Lucas,da cunha lucas,6.0,6.0,0,0,0,0,0,0,0
2025-2026,6,Como,PAZ Nico,paz nico,6.5,6.5,0,0,0,0,0,0,0
2025-2026,6,Como,PERRONE Maximo,perrone maximo,7.0,10.0,1,0,0,0,0,0,0
2025-2026,6,Como,ADDAI Jaden,addai jaden,6.5,6.0,0,0,1,0,0,0,0
2025-2026,6,Como,CERRI Alberto,cerri alberto,,,0,0,0,0,0,0,0
2025-2026,6,Como,DIAO Assane,diao assane,,,0,0,0,0,0,0,0
2025-2026,6,Como,DOUVIKAS Tasos,douvikas tasos,5.0,5.0,0,0,0,0,0,0,0
2025-2026,6,Como,KUHN Nicolas,kuhn nicolas,,,0,0,0,0,0,0,0
2025-2026,6,Como,MORATA Alvaro,morata alvaro,6.0,6.0,0,0,0,0,0,0,0
2025-2026,6,Como,RODRIGUEZ Jesus,rodriguez jesus,,,0,0,0,0,0,0,0
2025-2026,7,Atalanta,CARNESECCHI Marco,carnesecchi marco,6.0,7.0,0,0,0,0,0,0,0
2025-2026,7,Atalanta,ROSSI Francesco,rossi francesco,,,0,0,0,0,0,0,0
2025-2026,7,Atalanta,SPORTIELLO Marco,sportiello marco,,,0,0,0,0,0,0,0
2025-2026,7,Atalanta,AHANOR Honest,ahanor honest,6.0,6.0,0,0,0,0,0,0,0
2025-2026,7,Atalanta,BAKKER Mitchel,bakker mitchel,,,0,0,0,0,0,0,0
2025-2026,7,Atalanta,BELLANOVA Raoul,bellanova raoul,,,0,0,0,0,0,0,0
2025-2026,7,Atalanta,BERNASCONI Lorenzo,bernasconi lorenzo,6.5,6.5,0,0,0,0,0,0,0
2025-2026,7,Atalanta,COMI Pietro,comi pietro,,,0,0,0,0,0,0,0
2025-2026,7,Atalanta,DJIMSITI Berat,djimsiti berat,6.0,6.0,0,0,0,0,0,0,0
2025-2026,7,Atalanta,HIEN Isak,hien isak,6.5,6.0,0,0,1,0,0,0,0
2025-2026,7,Atalanta,KOLASINAC Sead,kolasinac sead,,,0,0,0,0,0,0,0
2025-2026,7,Atalanta,KOSSOUNOU Odilon,kossounou odilon,,,0,0,0,0,0,0,0
2025-2026,7,Atalanta,SCALVINI Giorgio,scalvini giorgio,6.0,6.0,0,0,0,0,0,0,0
2025-2026,7,Atalanta,ZAPPACOSTA Davide,zappacosta davide,6.5,6.5,0,0,0,0,0,0,0
2025-2026,7,Atalanta,BRESCIANINI Marco,brescianini marco,,,0,0,0,0,0,0,0
2025-2026,7,Atalanta,CASSA Federico,cassa federico,,,0,0,0,0,0,0,0
2025-2026,7,Atalanta,DE ROON Marten,de roon marten,6.0,6.0,0,0,0,0,0,0,0
2025-2026,7,Atalanta,EDERSON,ederson,6.0,6.0,0,0,0,0,0,0,0
2025-2026,7,Atalanta,MALDINI Daniel,maldini daniel,,,0,0,0,0,0,0,0
2025-2026,7,Atalanta,MANZONI Alberto,manzoni alberto,,,0,0,0,0,0,0,0
2025-2026,7,Atalanta,MUSAH Yunus,musah yunus,,,0,0,0,0,0,0,0
2025-2026,7,Atalanta,PASALIC Mario,pasalic mario,6.0,5.5,0,0,1,0,0,0,0
2025-2026,7,Atalanta,SAMARDZIC Lazar,samardzic lazar,,,0,0,0,0,0,0,0
2025-2026,7,Atalanta,ZALEWSKI Nicola,zalewski nicola,,,0,0,0,0,0,0,0
2025-2026,7,Atalanta,DE KETELAERE Charles,de ketelaere charles,5.5,5.0,0,0,1,0,0,0,0
2025-2026,7,Atalanta,KRSTOVIC Nikola,krstovic nikola,5.5,5.5,0,0,0,0,0,0,0
2025-2026,7,Atalanta,LOOKMAN Ademola,lookman ademola,6.0,6.0,0,0,0,0,0,0,0
2025-2026,7,Atalanta,SCAMACCA Gianluca,scamacca gianluca,,,0,0,0,0,0,0,0
2025-2026,7,Atalanta,SULEMANA Kamaldeen,sulemana kamaldeen,5.5,5.0,0,0,1,0,0,0,0
2025-2026,7,Bologna,PESSINA Massimo,pessina massimo,,,0,0,0,0,0,0,0
2025-2026,7,Bologna,RAVAGLIA Federico,ravaglia federico,6.0,7.0,0,0,0,0,0,0,0
2025-2026,7,Bologna,SKORUPSKI Lukasz,skorupski lukasz,,,0,0,0,0,0,0,0
2025-2026,7,Bologna,BONIFAZI Kevin,bonifazi kevin,,,0,0,0,0,0,0,0
2025-2026,7,Bologna,CASALE Nicolo',casale nicolo',,,0,0,0,0,0,0,0
2025-2026,7,Bologna,DE SILVESTRI Lorenzo,de silvestri lorenzo,,,0,0,0,0,0,0,0
2025-2026,7,Bologna,HEGGEM Torbjorn,heggem torbjorn,6.0,6.0,0,0,0,0,0,0,0
2025-2026,7,Bologna,HOLM Emil,holm emil,7.0,10.0,1,0,0,0,0,0,0
2025-2026,7,Bologna,LUCUMI Jhon,lucumi jhon,,,0,0,0,0,0,0,0
2025-2026,7,Bologna,LYKOGIANNIS Charala.,lykogiannis charala.,6.0,5.5,0,0,1,0,0,0,0
2025-2026,7,Bologna,MIRANDA Juan,miranda juan,6.5,6.0,0,0,1,0,0,0,0
2025-2026,7,Bologna,VITIK Martin,vitik martin,6.0,6.0,0,0,0,0,0,0,0
2025-2026,7,Bologna,ZORTEA Nadir,zortea nadir,,,0,0,0,0,0,0,0
2025-2026,7,Bologna,BERNARDESCHI Federi.,bernardeschi federi.,6.5,6.5,0,0,0,0,0,0,0
2025-2026,7,Bologna,FABBIAN Giovanni,fabbian giovanni,,,0,0,0,0,0,0,0
2025-2026,7,Bologna,FERGUSON Lewis,ferguson lewis,6.5,6.0,0,0,1,0,0,0,0
2025-2026,7,Bologna,FREULER Remo,freuler remo,6.5,6.5,0,0,0,0,0,0,0
2025-2026,7,Bologna,MORO Nikola,moro nikola,,,0,0,0,0,0,0,0
2025-2026,7,Bologna,POBEGA Tommaso,pobega tommaso,6.0,6.0,0,0,0,0,0,0,0
2025-2026,7,Bologna,SULEMANA,sulemana,,,0,0,0,0,0,0,0
2025-2026,7,Bologna,CAMBIAGHI Nicolo',cambiaghi nicolo',6.0,6.0,0,0,0,0,0,0,0
2025-2026,7,Bologna,CASTRO Santiago,castro santiago,6.0,6.0,0,0,0,0,0,0,0
2025-2026,7,Bologna,DALLINGA Thijs,dallinga thijs,,,0,0,0,0,0,0,0
2025-2026,7,Bologna,DOMINGUEZ Benjamin,dominguez benjamin,6.0,7.0,0,1,0,0,0,0,0
2025-2026,7,Bologna,IMMOBILE Ciro,immobile ciro,,,0,0,0,0,0,0,0
2025-2026,7,Bologna,ODGAARD Jens,odgaard jens,7.0,8.0,0,1,0,0,0,0,0
2025-2026,7,Bologna,ORSOLINI Riccardo,orsolini riccardo,7.5,10.5,1,0,0,0,0,0,0
2025-2026,7,Bologna,ROWE Jonathan,rowe jonathan,,,0,0,0,0,0,0,0
2025-2026,7,Cagliari,CAPRILE Elia,caprile elia,6.0,4.0,-2,0,0,0,0,0,0
2025-2026,7,Cagliari,CIOCCI Giuseppe,ciocci giuseppe,,,0,0,0,0,0,0,0
2025-2026,7,Cagliari,RADUNOVIC Boris,radunovic boris,,,0,0,0,0,0,0,0
2025-2026,7,Cagliari,IDRISSI Riyad,idrissi riyad,,,0,0,0,0,0,0,0
2025-2026,7,Cagliari,LUPERTO Sebastiano,luperto sebastiano,5.5,5.5,0,0,0,0,0,0,0
2025-2026,7,Cagliari,MINA Yerry,mina yerry,5.5,5.5,0,0,0,0,0,0,0
2025-2026,7,Cagliari,OBERT Adam,obert adam,5.0,5.0,0,0,0,0,0,0,0
2025-2026,7,Cagliari,PALESTRA Marco,palestra marco,6.5,6.5,0,0,0,0,0,0,0
2025-2026,7,Cagliari,RODRIGUEZ Juan,rodriguez juan,,,0,0,0,0,0,0,0
2025-2026,7,Cagliari,ZAPPA Gabriele,zappa gabriele,6.0,6.0,0,0,0,0,0,0,0
2025-2026,7,Cagliari,ZE PEDRO,ze pedro,5.5,5.5,0,0,0,0,0,0,0
2025-2026,7,Cagliari,ADOPO Michel,adopo michel,5.5,5.5,0,0,0,0,0,0,0
2025-2026,7,Cagliari,CAVUOTI Nicolo',cavuoti nicolo',,,0,0,0,0,0,0,0
2025-2026,7,Cagliari,DEIOLA Alessandro,deiola alessandro,,,0,0,0,0,0,0,0
2025-2026,7,Cagliari,DI PARDO Alessandro,di pardo alessandro,,,0,0,0,0,0,0,0
2025-2026,7,Cagliari,FOLORUNSHO Michael,folorunsho michael,5.5,5.5,0,0,0,0,0,0,0
2025-2026,7,Cagliari,GAETANO Gianluca,gaetano gianluca,5.5,5.5,0,0,0,0,0,0,0
2025-2026,7,Cagliari,MAZZITELLI Luca,mazzitelli luca,,,0,0,0,0,0,0,0
2025-2026,7,Cagliari,PRATI Matteo,prati matteo,5.5,5.5,0,0,0,0,0,0,0
2025-2026,7,Cagliari,ROG Marko,rog marko,,,0,0,0,0,0,0,0
2025-2026,7,Cagliari,BELOTTI Andrea,belotti andrea,,,0,0,0,0,0,0,0
2025-2026,7,Cagliari,BORRELLI Gennaro,borrelli gennaro,5.0,5.0,0,0,0,0,0,0,0
2025-2026,7,Cagliari,ESPOSITO Sebastiano,esposito sebastiano,5.5,5.0,0,0,1,0,0,0,0
2025-2026,7,Cagliari,FELICI Mattia,felici mattia,5.0,5.0,0,0,0,0,0,0,0
2025-2026,7,Cagliari,KILICSOY Semih,kilicsoy semih,,6.0,0,0,0,0,0,0,0
2025-2026,7,Cagliari,LUVUMBO Sebastiao Z.,luvumbo sebastiao z.,5.5,5.5,0,0,0,0,0,0,0
2025-2026,7,Cagliari,PAVOLETTI Leonardo,pavoletti leonardo,,,0,0,0,0,0,0,0
2025-2026,7,Fiorentina,DE GEA David,de gea david,6.0,4.0,-2,0,0,0,0,0,1
2025-2026,7,Fiorentina,LEZZERINI Luca,lezzerini luca,,,0,0,0,0,0,0,0
2025-2026,7,Fiorentina,MARTINELLI Tommaso,martinelli tommaso,,,0,0,0,0,0,0,0
2025-2026,7,Fiorentina,COMUZZO Pietro,comuzzo pietro,,,0,0,0,0,0,0,0
2025-2026,7,Fiorentina,DODO,dodo,6.5,6.5,0,0,0,0,0,0,0
2025-2026,7,Fiorentina,FORTINI Niccolo',fortini niccolo',,,0,0,0,0,0,0,0
2025-2026,7,Fiorentina,GOSENS Robin,gosens robin,6.5,9.5,1,0,0,0,0,0,0
2025-2026,7,Fiorentina,KOSPO Eman,kospo eman,,,0,0,0,0,0,0,0
2025-2026,7,Fiorentina,KOUADIO Eddy,kouadio eddy,,,0,0,0,0,0,0,0
2025-2026,7,Fiorentina,LAMPTEY Tariq,lamptey tariq,,,0,0,0,0,0,0,0
2025-2026,7,Fiorentina,MARI Pablo,mari pablo,6.0,6.0,0,0,0,0,0,0,0
2025-2026,7,Fiorentina,PARISI Fabiano,parisi fabiano,5.0,4.5,0,0,1,0,0,0,0
2025-2026,7,Fiorentina,PONGRACIC Marin,pongracic marin,6.0,6.0,0,0,0,0,0,0,0
2025-2026,7,Fiorentina,RANIERI Luca,ranieri luca,6.0,5.5,0,0,1,0,0,0,0
2025-2026,7,Fiorentina,VITI Mattia,viti mattia,,,0,0,0,0,0,0,0
2025-2026,7,Fiorentina,FAGIOLI Nicolo',fagioli nicolo',5.5,5.5,0,0,0,0,0,0,0
2025-2026,7,Fiorentina,FAZZINI Jacopo,fazzini jacopo,5.0,5.0,0,0,0,0,0,0,0
2025-2026,7,Fiorentina,INFANTINO Gino,infantino gino,,,0,0,0,0,0,0,0
2025-2026,7,Fiorentina,MANDRAGORA Rolando,mandragora rolando,5.0,5.0,0,0,0,0,0,0,0
2025-2026,7,Fiorentina,NDOUR Cher,ndour cher,,,0,0,0,0,0,0,0
2025-2026,7,Fiorentina,NICOLUSSI CAVIGLIA .,nicolussi caviglia .,6.0,5.5,0,0,1,0,0,0,0
2025-2026,7,Fiorentina,RICHARDSON Amir,richardson amir,,,0,0,0,0,0,0,0
2025-2026,7,Fiorentina,SABIRI Abdelhamid,sabiri abdelhamid,,,0,0,0,0,0,0,0
2025-2026,7,Fiorentina,SOHM Simon,sohm simon,,,0,0,0,0,0,0,0
2025-2026,7,Fiorentina,DZEKO Edin,dzeko edin,,,0,0,0,0,0,0,0
2025-2026,7,Fiorentina,GUDMUNDSSON Albert,gudmundsson albert,5.5,5.5,0,0,0,0,0,0,0
2025-2026,7,Fiorentina,KEAN Moise,kean moise,6.0,6.0,0,0,0,0,0,0,0
2025-2026,7,Fiorentina,KOUAME' Christian,kouame' christian,,,0,0,0,0,0,0,0
2025-2026,7,Fiorentina,PICCOLI Roberto,piccoli roberto,5.0,5.0,0,0,0,0,0,0,0
2025-2026,7,Genoa,LEALI Nicola,leali nicola,6.0,7.0,0,0,0,0,0,0,0
2025-2026,7,Genoa,SIEGRIST Benjamin,siegrist benjamin,,,0,0,0,0,0,0,0
2025-2026,7,Genoa,SOMMARIVA Daniele,sommariva daniele,,,0,0,0,0,0,0,0
2025-2026,7,Genoa,KUMER CELIK Alin,kumer celik alin,,,0,0,0,0,0,0,0
2025-2026,7,Genoa,MARCANDALLI Alessan.,marcandalli alessan.,,,0,0,0,0,0,0,0
2025-2026,7,Genoa,MARTIN Aaron,martin aaron,,,0,0,0,0,0,0,0
2025-2026,7,Genoa,NORTON-CUFFY Brooke,norton-cuffy brooke,6.0,6.0,0,0,0,0,0,0,0
2025-2026,7,Genoa,OSTIGARD Leo,ostigard leo,6.0,6.0,0,0,0,0,0,0,0
2025-2026,7,Genoa,OTOA Sebastian,otoa sebastian,,,0,0,0,0,0,0,0
2025-2026,7,Genoa,SABELLI Stefano,sabelli stefano,6.0,6.0,0,0,0,0,0,0,0
2025-2026,7,Genoa,VASQUEZ Johan,vasquez johan,6.0,6.0,0,0,0,0,0,0,0
2025-2026,7,Genoa,CARBONI Valentin,carboni valentin,5.5,5.5,0,0,0,0,0,0,0
2025-2026,7,Genoa,CUENCA Hugo,cuenca hugo,,,0,0,0,0,0,0,0
2025-2026,7,Genoa,ELLERTSSON Mikael,ellertsson mikael,5.5,5.5,0,0,0,0,0,0,0
2025-2026,7,Genoa,FINI Seydou,fini seydou,,,0,0,0,0,0,0,0
2025-2026,7,Genoa,FRENDRUP Morten,frendrup morten,5.5,5.5,0,0,0,0,0,0,0
2025-2026,7,Genoa,GRONBAEK Alberto,gronbaek alberto,,,0,0,0,0,0,0,0
2025-2026,7,Genoa,LAFONT Gael,lafont gael,,,0,0,0,0,0,0,0
2025-2026,7,Genoa,MALINOVSKIY Ruslan,malinovskiy ruslan,6.5,6.0,0,0,1,0,0,0,0
2025-2026,7,Genoa,MASINI Patrizio,masini patrizio,6.0,6.0,0,0,0,0,0,0,0
2025-2026,7,Genoa,MESSIAS Junior,messias junior,,,0,0,0,0,0,0,0
2025-2026,7,Genoa,ONANA Jean,onana jean,,,0,0,0,0,0,0,0
2025-2026,7,Genoa,STANCIU Nicolae,stanciu nicolae,,,0,0,0,0,0,0,0
2025-2026,7,Genoa,THORSBY Morten,thorsby morten,,,0,0,0,0,0,0,0
2025-2026,7,Genoa,COLOMBO Lorenzo,colombo lorenzo,5.0,4.5,0,0,1,0,0,0,0
2025-2026,7,Genoa,CORNET Maxwel,cornet maxwel,4.0,1.0,0,0,0,0,0,0,1
2025-2026,7,Genoa,EKHATOR Jeff,ekhator jeff,7.0,7.0,0,0,0,0,0,0,0
2025-2026,7,Genoa,EKUBAN Caleb,ekuban caleb,5.0,5.0,0,0,0,0,0,0,0
2025-2026,7,Genoa,VENTURINO Lorenzo,venturino lorenzo,5.0,5.0,0,0,0,0,0,0,0
2025-2026,7,Genoa,VITINHA,vitinha,5.0,5.0,0,0,0,0,0,0,0
2025-2026,7,Inter,DI GENNARO Raffaele,di gennaro raffaele,,,0,0,0,0,0,0,0
2025-2026,7,Inter,MARTINEZ Josep,martinez josep,,,0,0,0,0,0,0,0
2025-2026,7,Inter,SOMMER Yann,sommer yann,6.5,7.5,0,0,0,0,0,0,0
2025-2026,7,Inter,ACERBI Francesco,acerbi francesco,6.0,6.0,0,0,0,0,0,0,0
2025-2026,7,Inter,AKANJI Manuel,akanji manuel,6.5,6.5,0,0,0,0,0,0,0
2025-2026,7,Inter,ALEXIOU Christos,alexiou christos,,,0,0,0,0,0,0,0
2025-2026,7,Inter,BASTONI Alessandro,bastoni alessandro,7.0,7.0,0,0,0,0,0,0,0
2025-2026,7,Inter,BISSECK Yann Aurel,bisseck yann aurel,,,0,0,0,0,0,0,0
2025-2026,7,Inter,CARLOS AUGUSTO,carlos augusto,,,0,0,0,0,0,0,0
2025-2026,7,Inter,COCCHI Matteo,cocchi matteo,,,0,0,0,0,0,0,0
2025-2026,7,Inter,DARMIAN Matteo,darmian matteo,,,0,0,0,0,0,0,0
2025-2026,7,Inter,DE VRIJ Stefan,de vrij stefan,,,0,0,0,0,0,0,0
2025-2026,7,Inter,DIMARCO Federico,dimarco federico,6.0,6.0,0,0,0,0,0,0,0
2025-2026,7,Inter,DUMFRIES Denzel,dumfries denzel,6.0,6.0,0,0,0,0,0,0,0
2025-2026,7,Inter,LUIS HENRIQUE,luis henrique,,,0,0,0,0,0,0,0
2025-2026,7,Inter,PALACIOS Tomas,palacios tomas,,,0,0,0,0,0,0,0
2025-2026,7,Inter,RE CECCONI Gabriele,re cecconi gabriele,,,0,0,0,0,0,0,0
2025-2026,7,Inter,BARELLA Nicolo',barella nicolo',6.5,7.5,0,1,0,0,0,0,0
2025-2026,7,Inter,BERENBRUCH Thomas,berenbruch thomas,,,0,0,0,0,0,0,0
2025-2026,7,Inter,CALHANOGLU Hakan,calhanoglu hakan,5.5,5.5,0,0,0,0,0,0,0
2025-2026,7,Inter,DIOUF Andy,diouf andy,,,0,0,0,0,0,0,0
2025-2026,7,Inter,FRATTESI Davide,frattesi davide,6.0,6.0,0,0,0,0,0,0,0
2025-2026,7,Inter,MKHITARYAN Henrikh,mkhitaryan henrikh,6.0,5.5,0,0,1,0,0,0,0
2025-2026,7,Inter,SUCIC Petar,sucic petar,5.5,5.0,0,0,1,0,0,0,0
2025-2026,7,Inter,TOPALOVIC Luka,topalovic luka,,,0,0,0,0,0,0,0
2025-2026,7,Inter,ZIELINSKI Piotr,zielinski piotr,,,0,0,0,0,0,0,0
2025-2026,7,Inter,BONNY Ange-Yoan,bonny ange-yoan,7.0,10.0,1,0,0,0,0,0,0
2025-2026,7,Inter,ESPOSITO Francesco .,esposito francesco .,6.5,6.5,0,0,0,0,0,0,0
2025-2026,7,Inter,MARTINEZ Lautaro,martinez lautaro,5.0,4.5,0,0,1,0,0,0,0
2025-2026,7,Inter,THURAM Marcus,thuram marcus,,,0,0,0,0,0,0,0
2025-2026,7,Juventus,DI GREGORIO Michele,di gregorio michele,6.0,4.0,-2,0,0,0,0,0,0
2025-2026,7,Juventus,PERIN Mattia,perin mattia,,,0,0,0,0,0,0,0
2025-2026,7,Juventus,PINSOGLIO Carlo,pinsoglio carlo,,,0,0,0,0,0,0,0
2025-2026,7,Juventus,BREMER Gleison,bremer gleison,,,0,0,0,0,0,0,0
2025-2026,7,Juventus,CABAL Juan,cabal juan,,,0,0,0,0,0,0,0
2025-2026,7,Juventus,CAMBIASO Andrea,cambiaso andrea,5.0,5.0,0,0,0,0,0,0,0
2025-2026,7,Juventus,GATTI Federico,gatti federico,,,0,0,0,0,0,0,0
2025-2026,7,Juventus,KALULU Pierre,kalulu pierre,5.5,5.5,0,0,0,0,0,0,0
2025-2026,7,Juventus,KELLY Lloyd,kelly lloyd,5.5,5.0,0,0,1,0,0,0,0
2025-2026,7,Juventus,MARIO Joao,mario joao,,6.0,0,0,0,0,0,0,0
2025-2026,7,Juventus,ROUHI Jonas,rouhi jonas,,,0,0,0,0,0,0,0
2025-2026,7,Juventus,RUGANI Daniele,rugani daniele,5.0,5.0,0,0,0,0,0,0,0
2025-2026,7,Juventus,ADZIC Vasilije,adzic vasilije,,,0,0,0,0,0,0,0
2025-2026,7,Juventus,KOOPMEINERS Teun,koopmeiners teun,5.5,5.5,0,0,0,0,0,0,0
2025-2026,7,Juventus,KOSTIC Filip,kostic filip,,6.0,0,0,0,0,0,0,0
2025-2026,7,Juventus,LOCATELLI Manuel,locatelli manuel,6.0,6.0,0,0,0,0,0,0,0
2025-2026,7,Juventus,MCKENNIE Weston,mckennie weston,5.5,5.5,0,0,0,0,0,0,0
2025-2026,7,Juventus,MIRETTI Fabio,miretti fabio,,,0,0,0,0,0,0,0
2025-2026,7,Juventus,THURAM Khephren,thuram khephren,6.0,6.0,0,0,0,0,0,0,0
2025-2026,7,Juventus,CONCEICAO Francisco,conceicao francisco,5.5,5.5,0,0,0,0,0,0,0
2025-2026,7,Juventus,DAVID Jonathan,david jonathan,5.5,5.5,0,0,0,0,0,0,0
2025-2026,7,Juventus,MILIK Arek,milik arek,,,0,0,0,0,0,0,0
2025-2026,7,Juventus,OPENDA Lois,openda lois,,,0,0,0,0,0,0,0
2025-2026,7,Juventus,PUGNO Diego,pugno diego,,,0,0,0,0,0,0,0
2025-2026,7,Juventus,VLAHOVIC Dusan,vlahovic dusan,5.0,5.0,0,0,0,0,0,0,0
2025-2026,7,Juventus,YILDIZ Kenan,yildiz kenan,6.0,6.0,0,0,0,0,0,0,0
2025-2026,7,Juventus,ZHEGROVA Edon,zhegrova edon,,,0,0,0,0,0,0,0
2025-2026,7,Lazio,FURLANETTO Alessio,furlanetto alessio,,,0,0,0,0,0,0,0
2025-2026,7,Lazio,MANDAS Christos,mandas christos,,,0,0,0,0,0,0,0
2025-2026,7,Lazio,PROVEDEL Ivan,provedel ivan,7.0,8.0,0,0,0,0,0,0,0
2025-2026,7,Lazio,GIGOT Samuel,gigot samuel,,,0,0,0,0,0,0,0
2025-2026,7,Lazio,GILA Mario,gila mario,7.5,7.5,0,0,0,0,0,0,0
2025-2026,7,Lazio,HYSAJ Elseid,hysaj elseid,,,0,0,0,0,0,0,0
2025-2026,7,Lazio,LAZZARI Manuel,lazzari manuel,,,0,0,0,0,0,0,0
2025-2026,7,Lazio,MARUSIC Adam,marusic adam,6.5,6.5,0,0,0,0,0,0,0
2025-2026,7,Lazio,NUNO TAVARES,nuno tavares,5.5,5.5,0,0,0,0,0,0,0
2025-2026,7,Lazio,PATRIC,patric,,,0,0,0,0,0,0,0
2025-2026,7,Lazio,PELLEGRINI Luca,pellegrini luca,,,0,0,0,0,0,0,0
2025-2026,7,Lazio,PROVSTGAARD Oliver,provstgaard oliver,,,0,0,0,0,0,0,0
2025-2026,7,Lazio,ROMAGNOLI Alessio,romagnoli alessio,6.0,6.0,0,0,0,0,0,0,0
2025-2026,7,Lazio,BASIC Toma,basic toma,6.5,6.5,0,0,0,0,0,0,0
2025-2026,7,Lazio,BELAHYANE Reda,belahyane reda,,,0,0,0,0,0,0,0
2025-2026,7,Lazio,CATALDI Danilo,cataldi danilo,6.0,6.0,0,0,0,0,0,0,0
2025-2026,7,Lazio,DELE-BASHIRU Fisayo,dele-bashiru fisayo,,,0,0,0,0,0,0,0
2025-2026,7,Lazio,GUENDOUZI Matteo,guendouzi matteo,6.0,6.0,0,0,0,0,0,0,0
2025-2026,7,Lazio,ROVELLA Nicolo,rovella nicolo,,,0,0,0,0,0,0,0
2025-2026,7,Lazio,VECINO Matias,vecino matias,6.0,6.0,0,0,0,0,0,0,0
2025-2026,7,Lazio,CANCELLIERI Matteo,cancellieri matteo,6.0,6.0,0,0,0,0,0,0,0
2025-2026,7,Lazio,CASTELLANOS Valentin,castellanos valentin,,,0,0,0,0,0,0,0
2025-2026,7,Lazio,DIA Boulaye,dia boulaye,6.5,6.5,0,0,0,0,0,0,0
2025-2026,7,Lazio,ISAKSEN Gustav,isaksen gustav,6.0,6.0,0,0,0,0,0,0,0
2025-2026,7,Lazio,NOSLIN Tijjani,noslin tijjani,,,0,0,0,0,0,0,0
2025-2026,7,Lazio,PEDRO,pedro,6.0,6.0,0,0,0,0,0,0,0
2025-2026,7,Lazio,ZACCAGNI Mattia,zaccagni mattia,6.0,6.0,0,0,0,0,0,0,0
2025-2026,7,Lecce,FALCONE Wladimiro,falcone wladimiro,6.0,6.5,0,0,1,0,0,0,0
2025-2026,7,Lecce,FRUCHTL Christian,fruchtl christian,,,0,0,0,0,0,0,0
2025-2026,7,Lecce,SAMOOJA Jasper,samooja jasper,,,0,0,0,0,0,0,0
2025-2026,7,Lecce,ESTEBAN Paco,esteban paco,,,0,0,0,0,0,0,0
2025-2026,7,Lecce,GABRIEL Tiago,gabriel tiago,6.5,6.5,0,0,0,0,0,0,0
2025-2026,7,Lecce,GALLO Antonino,gallo antonino,6.0,6.0,0,0,0,0,0,0,0
2025-2026,7,Lecce,GASPAR Kialonda,gaspar kialonda,6.0,6.0,0,0,0,0,0,0,0
2025-2026,7,Lecce,GUILBERT Frederic,guilbert frederic,,,0,0,0,0,0,0,0
2025-2026,7,Lecce,JEAN Gaby,jean gaby,,,0,0,0,0,0,0,0
2025-2026,7,Lecce,KOUASSI Owen,kouassi owen,,,0,0,0,0,0,0,0
2025-2026,7,Lecce,NDABA Corrie,ndaba corrie,,,0,0,0,0,0,0,0
2025-2026,7,Lecce,PEHLIVANOV Cristian,pehlivanov cristian,,,0,0,0,0,0,0,0
2025-2026,7,Lecce,PEREZ Matias,perez matias,,,0,0,0,0,0,0,0
2025-2026,7,Lecce,SCOTT Elijah,scott elijah,,,0,0,0,0,0,0,0
2025-2026,7,Lecce,SIEBERT Jamil,siebert jamil,,,0,0,0,0,0,0,0
2025-2026,7,Lecce,VEIGA Danilo,veiga danilo,6.5,6.0,0,0,1,0,0,0,0
2025-2026,7,Lecce,BERISHA Medon,berisha medon,6.0,6.0,0,0,0,0,0,0,0
2025-2026,7,Lecce,COULIBALY Lassana,coulibaly lassana,5.5,5.5,0,0,0,0,0,0,0
2025-2026,7,Lecce,GORTER Olaf,gorter olaf,,,0,0,0,0,0,0,0
2025-2026,7,Lecce,HELGASON Thorir,helgason thorir,6.0,6.0,0,0,0,0,0,0,0
2025-2026,7,Lecce,KABA Mohamed,kaba mohamed,,,0,0,0,0,0,0,0
2025-2026,7,Lecce,MALEH Youssef,maleh youssef,,,0,0,0,0,0,0,0
2025-2026,7,Lecce,MARCHWINSKI Filip,marchwinski filip,,,0,0,0,0,0,0,0
2025-2026,7,Lecce,PIERRET Balthazar,pierret balthazar,,,0,0,0,0,0,0,0
2025-2026,7,Lecce,RAFIA Hamza,rafia hamza,,,0,0,0,0,0,0,0
2025-2026,7,Lecce,RAMADANI Ylber,ramadani ylber,6.0,6.0,0,0,0,0,0,0,0
2025-2026,7,Lecce,SALA Alex,sala alex,,,0,0,0,0,0,0,0
2025-2026,7,Lecce,SOTTIL Riccardo,sottil riccardo,,,0,0,0,0,0,0,0
2025-2026,7,Lecce,BANDA Lameck,banda lameck,6.0,6.0,0,0,0,0,0,0,0
2025-2026,7,Lecce,CAMARDA Francesco,camarda francesco,6.0,6.0,0,0,0,0,0,0,0
2025-2026,7,Lecce,MORENTE Tete,morente tete,6.0,6.0,0,0,0,0,0,0,0
2025-2026,7,Lecce,N'DRI Konan,n'dri konan,,,0,0,0,0,0,0,0
2025-2026,7,Lecce,PIEROTTI Santiago,pierotti santiago,5.5,5.5,0,0,0,0,0,0,0
2025-2026,7,Lecce,STULIC Nikola,stulic nikola,5.5,5.5,0,0,0,0,0,0,0
2025-2026,7,Milan,MAIGNAN Mike,maignan mike,6.0,5.0,-1,0,0,0,0,0,0
2025-2026,7,Milan,TERRACCIANO Pietro,terracciano pietro,,,0,0,0,0,0,0,0
2025-2026,7,Milan,TORRIANI Lorenzo,torriani lorenzo,,,0,0,0,0,0,0,0
2025-2026,7,Milan,ATHEKAME Zachary,athekame zachary,5.5,5.0,0,0,1,0,0,0,0
2025-2026,7,Milan,BARTESAGHI Davide,bartesaghi davide,7.0,7.0,0,0,0,0,0,0,0
2025-2026,7,Milan,DE WINTER Koni,de winter koni,,,0,0,0,0,0,0,0
2025-2026,7,Milan,ESTUPINAN Pervis,estupinan pervis,,,0,0,0,0,0,0,0
2025-2026,7,Milan,GABBIA Matteo,gabbia matteo,6.0,6.0,0,0,0,0,0,0,0
2025-2026,7,Milan,ODOGU David,odogu david,,,0,0,0,0,0,0,0
2025-2026,7,Milan,PAVLOVIC Strahinja,pavlovic strahinja,5.5,6.5,0,1,0,0,0,0,0
2025-2026,7,Milan,TOMORI Fikayo,tomori fikayo,6.0,5.5,0,0,1,0,0,0,0
2025-2026,7,Milan,FOFANA Youssouf,fofana youssouf,6.5,6.0,0,0,1,0,0,0,0
2025-2026,7,Milan,JASHARI Ardon,jashari ardon,,,0,0,0,0,0,0,0
2025-2026,7,Milan,LOFTUS-CHEEK Ruben,loftus-cheek ruben,,,0,0,0,0,0,0,0
2025-2026,7,Milan,MODRIC Luka,modric luka,7.5,7.5,0,0,0,0,0,0,0
2025-2026,7,Milan,RABIOT Adrien,rabiot adrien,,,0,0,0,0,0,0,0
2025-2026,7,Milan,RICCI Samuele,ricci samuele,6.0,6.0,0,0,0,0,0,0,0
2025-2026,7,Milan,SAELEMAEKERS Alexis,saelemaekers alexis,6.0,6.0,0,0,0,0,0,0,0
2025-2026,7,Milan,TRAORE Chaka,traore chaka,,,0,0,0,0,0,0,0
2025-2026,7,Milan,VOS Silvano,vos silvano,,,0,0,0,0,0,0,0
2025-2026,7,Milan,BALENTIEN Chevejo,balentien chevejo,,,0,0,0,0,0,0,0
2025-2026,7,Milan,GIMENEZ Santiago,gimenez santiago,7.0,7.0,0,0,0,0,0,0,0
2025-2026,7,Milan,LEAO Rafael,leao rafael,8.0,14.0,2,0,0,0,0,1,0
2025-2026,7,Milan,NKUNKU Cristopher,nkunku cristopher,,,0,0,0,0,0,0,0
2025-2026,7,Milan,PULISIC Christian,pulisic christian,,,0,0,0,0,0,0,0
2025-2026,7,Napoli,CONTINI Nikita,contini nikita,,,0,0,0,0,0,0,0
2025-2026,7,Napoli,MERET Alex,meret alex,,,0,0,0,0,0,0,0
2025-2026,7,Napoli,MILINKOVIC Vanja,milinkovic vanja,6.0,5.0,-1,0,0,0,0,0,0
2025-2026,7,Napoli,BEUKEMA Sam,beukema sam,5.5,5.5,0,0,0,0,0,0,0
2025-2026,7,Napoli,BUONGIORNO Alessand.,buongiorno alessand.,6.0,6.0,0,0,0,0,0,0,0
2025-2026,7,Napoli,DI LORENZO Giovanni,di lorenzo giovanni,5.0,5.0,0,0,0,0,0,0,0
2025-2026,7,Napoli,GUTIERREZ Miguel,gutierrez miguel,,,0,0,0,0,0,0,0
2025-2026,7,Napoli,JESUS Juan,jesus juan,5.5,5.0,0,0,1,0,0,0,0
2025-2026,7,Napoli,MARIANUCCI Luca,marianucci luca,,,0,0,0,0,0,0,0
2025-2026,7,Napoli,MAZZOCCHI Pasquale,mazzocchi pasquale,,,0,0,0,0,0,0,0
2025-2026,7,Napoli,OLIVERA Mathias,olivera mathias,5.5,5.5,0,0,0,0,0,0,0
2025-2026,7,Napoli,RRAHMANI Amir,rrahmani amir,,,0,0,0,0,0,0,0
2025-2026,7,Napoli,SPINAZZOLA Leonardo,spinazzola leonardo,6.0,6.0,0,0,0,0,0,0,0
2025-2026,7,Napoli,ANGUISSA Andre' Zam.,anguissa andre' zam.,6.0,6.0,0,0,0,0,0,0,0
2025-2026,7,Napoli,DE BRUYNE Kevin,de bruyne kevin,5.5,5.5,0,0,0,0,0,0,0
2025-2026,7,Napoli,ELMAS Eljif,elmas eljif,5.0,5.0,0,0,0,0,0,0,0
2025-2026,7,Napoli,GILMOUR Billy,gilmour billy,5.0,5.0,0,0,0,0,0,0,0
2025-2026,7,Napoli,LOBOTKA Stanislav,lobotka stanislav,,,0,0,0,0,0,0,0
2025-2026,7,Napoli,MCTOMINAY Scott,mctominay scott,,,0,0,0,0,0,0,0
2025-2026,7,Napoli,VERGARA Antonio,vergara antonio,,,0,0,0,0,0,0,0
2025-2026,7,Napoli,AMBROSINO Giuseppe,ambrosino giuseppe,,6.0,0,0,0,0,0,0,0
2025-2026,7,Napoli,HOJLUND Rasmus,hojlund rasmus,,,0,0,0,0,0,0,0
2025-2026,7,Napoli,LANG Noa,lang noa,6.0,5.5,0,0,1,0,0,0,0
2025-2026,7,Napoli,LUCCA Lorenzo,lucca lorenzo,5.0,5.0,0,0,0,0,0,0,0
2025-2026,7,Napoli,LUKAKU Romelu,lukaku romelu,,,0,0,0,0,0,0,0
2025-2026,7,Napoli,NERES David,neres david,5.5,5.5,0,0,0,0,0,0,0
2025-2026,7,Napoli,POLITANO Matteo,politano matteo,6.0,6.0,0,0,0,0,0,0,0
2025-2026,7,Roma,GOLLINI Pierluigi,gollini pierluigi,,,0,0,0,0,0,0,0
2025-2026,7,Roma,SVILAR Mile,svilar mile,5.5,4.5,-1,0,0,0,0,0,0
2025-2026,7,Roma,VASQUEZ Devis,vasquez devis,,,0,0,0,0,0,0,0
2025-2026,7,Roma,ANGELINO Jose',angelino jose',,,0,0,0,0,0,0,0
2025-2026,7,Roma,CELIK Zeki,celik zeki,6.0,6.0,0,0,0,0,0,0,0
2025-2026,7,Roma,GHILARDI Daniele,ghilardi daniele,,,0,0,0,0,0,0,0
2025-2026,7,Roma,HERMOSO Mario,hermoso mario,5.5,5.0,0,0,1,0,0,0,0
2025-2026,7,Roma,MANCINI Gianluca,mancini gianluca,6.5,6.5,0,0,0,0,0,0,0
2025-2026,7,Roma,NDICKA Evan,ndicka evan,5.0,4.5,0,0,1,0,0,0,0
2025-2026,7,Roma,RENSCH Devyne,rensch devyne,,,0,0,0,0,0,0,0
2025-2026,7,Roma,SANGARe' Buba,sangare' buba,,,0,0,0,0,0,0,0
2025-2026,7,Roma,TSIMIKAS Konstantin.,tsimikas konstantin.,,,0,0,0,0,0,0,0
2025-2026,7,Roma,WESLEY,wesley,6.0,6.0,0,0,0,0,0,0,0
2025-2026,7,Roma,ZIOLKOWSKI Jan,ziolkowski jan,6.0,5.5,0,0,1,0,0,0,0
2025-2026,7,Roma,BALDANZI Tommaso,baldanzi tommaso,6.0,5.5,0,0,1,0,0,0,0
2025-2026,7,Roma,CRISTANTE Bryan,cristante bryan,6.0,6.0,0,0,0,0,0,0,0
2025-2026,7,Roma,EL AYNAOUI Neil,el aynaoui neil,,,0,0,0,0,0,0,0
2025-2026,7,Roma,EL SHAARAWY Stephan,el shaarawy stephan,,,0,0,0,0,0,0,0
2025-2026,7,Roma,KONE' Manu,kone' manu,6.5,6.5,0,0,0,0,0,0,0
2025-2026,7,Roma,PELLEGRINI Lorenzo,pellegrini lorenzo,5.5,5.5,0,0,0,0,0,0,0
2025-2026,7,Roma,PISILLI Niccolo',pisilli niccolo',,,0,0,0,0,0,0,0
2025-2026,7,Roma,ROMANO Alessandro,romano alessandro,,,0,0,0,0,0,0,0
2025-2026,7,Roma,ARENA Antonio,arena antonio,,,0,0,0,0,0,0,0
2025-2026,7,Roma,BAILEY Leon,bailey leon,6.0,6.0,0,0,0,0,0,0,0
2025-2026,7,Roma,DOVBYK Artem,dovbyk artem,5.0,5.0,0,0,0,0,0,0,0
2025-2026,7,Roma,DYBALA Paulo,dybala paulo,6.0,6.0,0,0,0,0,0,0,0
2025-2026,7,Roma,FERGUSON Evan,ferguson evan,,6.0,0,0,0,0,0,0,0
2025-2026,7,Roma,SOULE' Matias,soule' matias,5.5,5.5,0,0,0,0,0,0,0
2025-2026,7,Sassuolo,MURIC Arijanet,muric arijanet,6.0,7.0,0,0,0,0,0,0,0
2025-2026,7,Sassuolo,SATALINO Giacomo,satalino giacomo,,,0,0,0,0,0,0,0
2025-2026,7,Sassuolo,TURATI Stefano,turati stefano,,,0,0,0,0,0,0,0
2025-2026,7,Sassuolo,ZACCHI Gioele,zacchi gioele,,,0,0,0,0,0,0,0
2025-2026,7,Sassuolo,CANDE' Fali,cande' fali,6.0,6.0,0,0,0,0,0,0,0
2025-2026,7,Sassuolo,COULIBALY Woyo,coulibaly woyo,,,0,0,0,0,0,0,0
2025-2026,7,Sassuolo,DOIG Josh,doig josh,6.0,5.5,0,0,1,0,0,0,0
2025-2026,7,Sassuolo,IDZES Jay,idzes jay,6.5,6.5,0,0,0,0,0,0,0
2025-2026,7,Sassuolo,MUHAREMOVIC Tarik,muharemovic tarik,,,0,0,0,0,0,0,0
2025-2026,7,Sassuolo,PAZ Yeferson,paz yeferson,,,0,0,0,0,0,0,0
2025-2026,7,Sassuolo,PIERAGNOLO Edoardo,pieragnolo edoardo,,,0,0,0,0,0,0,0
2025-2026,7,Sassuolo,ROMAGNA Filippo,romagna filippo,6.5,6.5,0,0,0,0,0,0,0
2025-2026,7,Sassuolo,WALUKIEWICZ Sebasti.,walukiewicz sebasti.,6.0,6.0,0,0,0,0,0,0,0
2025-2026,7,Sassuolo,BOLOCA Daniel,boloca daniel,,,0,0,0,0,0,0,0
2025-2026,7,Sassuolo,FADERA Alieu,fadera alieu,,,0,0,0,0,0,0,0
2025-2026,7,Sassuolo,IANNONI Edoardo,iannoni edoardo,6.0,6.0,0,0,0,0,0,0,0
2025-2026,7,Sassuolo,KONE Ismael,kone ismael,,,0,0,0,0,0,0,0
2025-2026,7,Sassuolo,LIPANI Luca,lipani luca,,,0,0,0,0,0,0,0
2025-2026,7,Sassuolo,MATIC Nemanja,matic nemanja,6.0,6.0,0,0,0,0,0,0,0
2025-2026,7,Sassuolo,THORSTVEDT Kristian,thorstvedt kristian,6.0,6.0,0,0,0,0,0,0,0
2025-2026,7,Sassuolo,VOLPATO Cristian,volpato cristian,,,0,0,0,0,0,0,0
2025-2026,7,Sassuolo,VRANCKX Aster,vranckx aster,5.5,5.5,0,0,0,0,0,0,0
2025-2026,7,Sassuolo,BERARDI Domenico,berardi domenico,5.5,5.0,0,0,1,0,0,0,0
2025-2026,7,Sassuolo,CHEDDIRA Walid,cheddira walid,6.0,6.0,0,0,0,0,0,0,0
2025-2026,7,Sassuolo,LAURIENTE' Armand,lauriente' armand,5.0,5.0,0,0,0,0,0,0,0
2025-2026,7,Sassuolo,MORO Luca,moro luca,,,0,0,0,0,0,0,0
2025-2026,7,Sassuolo,PIERINI Nicholas,pierini nicholas,6.0,6.0,0,0,0,0,0,0,0
2025-2026,7,Sassuolo,PINAMONTI Andrea,pinamonti andrea,5.5,5.5,0,0,0,0,0,0,0
2025-2026,7,Sassuolo,SKJELLERUP Laurs,skjellerup laurs,,,0,0,0,0,0,0,0
2025-2026,7,Torino,ISRAEL Franco,israel franco,6.5,7.0,0,0,1,0,0,0,0
2025-2026,7,Torino,PALEARI Alberto,paleari alberto,,,0,0,0,0,0,0,0
2025-2026,7,Torino,POPA Mihai,popa mihai,,,0,0,0,0,0,0,0
2025-2026,7,Torino,BIRAGHI Cristiano,biraghi cristiano,6.5,6.5,0,0,0,0,0,0,0
2025-2026,7,Torino,COCO Saul,coco saul,7.5,7.5,0,0,0,0,0,0,0
2025-2026,7,Torino,DEMBELE' Ali,dembele' ali,,,0,0,0,0,0,0,0
2025-2026,7,Torino,ISMAJLI Ardian,ismajli ardian,6.0,6.0,0,0,0,0,0,0,0
2025-2026,7,Torino,LAZARO Valentino,lazaro valentino,,,0,0,0,0,0,0,0
2025-2026,7,Torino,MARIPAN Guillermo,maripan guillermo,7.0,7.0,0,0,0,0,0,0,0
2025-2026,7,Torino,MASINA Adam,masina adam,,,0,0,0,0,0,0,0
2025-2026,7,Torino,NKOUNKOU Niels,nkounkou niels,6.0,6.0,0,0,0,0,0,0,0
2025-2026,7,Torino,PEDERSEN Marcus,pedersen marcus,6.5,6.5,0,0,0,0,0,0,0
2025-2026,7,Torino,PEREZ Alex,perez alex,,,0,0,0,0,0,0,0
2025-2026,7,Torino,SAZONOV Saba,sazonov saba,,,0,0,0,0,0,0,0
2025-2026,7,Torino,SCHUURS Perr,schuurs perr,,,0,0,0,0,0,0,0
2025-2026,7,Torino,ZAIA Edoardo,zaia edoardo,,,0,0,0,0,0,0,0
2025-2026,7,Torino,ANJORIN Tino,anjorin tino,,,0,0,0,0,0,0,0
2025-2026,7,Torino,ASLLANI Kristjan,asllani kristjan,7.5,7.5,0,0,0,0,0,0,0
2025-2026,7,Torino,CASADEI Cesare,casadei cesare,7.0,7.0,0,0,0,0,0,0,0
2025-2026,7,Torino,GINEITIS Gvidas,gineitis gvidas,6.5,6.5,0,0,0,0,0,0,0
2025-2026,7,Torino,ILIC Ivan,ilic ivan,,,0,0,0,0,0,0,0
2025-2026,7,Torino,ILKHAN Emirhan,ilkhan emirhan,,,0,0,0,0,0,0,0
2025-2026,7,Torino,PERCIUN Sergiu,perciun sergiu,,,0,0,0,0,0,0,0
2025-2026,7,Torino,TAMEZE Adrien,tameze adrien,7.0,7.0,0,0,0,0,0,0,0
2025-2026,7,Torino,VLASIC Nikola,vlasic nikola,8.0,8.0,0,0,0,0,0,0,0
2025-2026,7,Torino,ABOUKHLAL Zakaria,aboukhlal zakaria,,,0,0,0,0,0,0,0
2025-2026,7,Torino,ADAMS Che',adams che',7.0,7.0,0,0,0,0,0,0,0
2025-2026,7,Torino,GABELLINI Tommaso,gabellini tommaso,,,0,0,0,0,0,0,0
2025-2026,7,Torino,NGONGE Cyril,ngonge cyril,6.5,6.5,0,0,0,0,0,0,0
2025-2026,7,Torino,NJIE Alieu,njie alieu,,,0,0,0,0,0,0,0
2025-2026,7,Torino,SAVVA Zanos,savva zanos,,,0,0,0,0,0,0,0
2025-2026,7,Torino,SIMEONE Giovanni,simeone giovanni,8.0,11.0,1,0,0,0,0,0,0
2025-2026,7,Torino,ZAPATA Duvan,zapata duvan,6.0,6.0,0,0,0,0,0,0,0
2025-2026,7,Udinese,NUNZIANTE Alessandro,nunziante alessandro,,,0,0,0,0,0,0,0
2025-2026,7,Udinese,OKOYE Maduka,okoye maduka,6.0,5.0,-1,0,0,0,0,0,0
2025-2026,7,Udinese,PADELLI Daniele,padelli daniele,,,0,0,0,0,0,0,0
2025-2026,7,Udinese,SAVA Razvan,sava razvan,,,0,0,0,0,0,0,0
2025-2026,7,Udinese,BERTOLA Nicolo',bertola nicolo',,,0,0,0,0,0,0,0
2025-2026,7,Udinese,EHIZIBUE Kingsley,ehizibue kingsley,,,0,0,0,0,0,0,0
2025-2026,7,Udinese,GOGLICHIDZE Saba,goglichidze saba,5.5,5.0,0,0,1,0,0,0,0
2025-2026,7,Udinese,KABASELE Christian,kabasele christian,6.0,5.5,0,0,1,0,0,0,0
2025-2026,7,Udinese,KAMARA Hassane,kamara hassane,6.0,6.0,0,0,0,0,0,0,0
2025-2026,7,Udinese,KRISTENSEN Thomas,kristensen thomas,,,0,0,0,0,0,0,0
2025-2026,7,Udinese,MODESTO Rui,modesto rui,,,0,0,0,0,0,0,0
2025-2026,7,Udinese,PALMA Matteo,palma matteo,,,0,0,0,0,0,0,0
2025-2026,7,Udinese,SOLET Oumar,solet oumar,5.5,5.5,0,0,0,0,0,0,0
2025-2026,7,Udinese,ZANOLI Alessandro,zanoli alessandro,6.0,7.0,0,1,0,0,0,0,0
2025-2026,7,Udinese,ZEMURA Jordan,zemura jordan,,,0,0,0,0,0,0,0
2025-2026,7,Udinese,ATTA Arthur,atta arthur,6.5,6.5,0,0,0,0,0,0,0
2025-2026,7,Udinese,EKKELENKAMP Jurgen,ekkelenkamp jurgen,5.0,5.0,0,0,0,0,0,0,0
2025-2026,7,Udinese,KARLSTROM Jesper,karlstrom jesper,5.0,5.0,0,0,0,0,0,0,0
2025-2026,7,Udinese,LOVRIC Sandi,lovric sandi,,,0,0,0,0,0,0,0
2025-2026,7,Udinese,MILLER Lennon,miller lennon,,,0,0,0,0,0,0,0
2025-2026,7,Udinese,PIOTROWSKI Jakub,piotrowski jakub,6.0,6.0,0,0,0,0,0,0,0
2025-2026,7,Udinese,ZANIOLO Nicolo',zaniolo nicolo',7.0,10.0,1,0,0,0,0,0,0
2025-2026,7,Udinese,ZARRAGA Oier,zarraga oier,,,0,0,0,0,0,0,0
2025-2026,7,Udinese,BAYO Vakoun,bayo vakoun,5.5,5.5,0,0,0,0,0,0,0
2025-2026,7,Udinese,BRAVO Iker,bravo iker,,,0,0,0,0,0,0,0
2025-2026,7,Udinese,BUKSA Adam,buksa adam,6.0,6.0,0,0,0,0,0,0,0
2025-2026,7,Udinese,DAVIS Keinan,davis keinan,5.5,5.5,0,0,0,0,0,0,0
2025-2026,7,Udinese,GUEYE Idrissa,gueye idrissa,,,0,0,0,0,0,0,0
2025-2026,7,Udinese,VINCIATI Giulio,vinciati giulio,,,0,0,0,0,0,0,0
2025-2026,7,Verona,MONTIPO' Lorenzo,montipo' lorenzo,,7.0,0,0,0,0,0,0,0
2025-2026,7,Verona,PERILLI Simone,perilli simone,,,0,0,0,0,0,0,0
2025-2026,7,Verona,BELGHALI Rafik,belghali rafik,6.0,6.0,0,0,0,0,0,0,0
2025-2026,7,Verona,BELLA-KOTCHAP Armel,bella-kotchap armel,,,0,0,0,0,0,0,0
2025-2026,7,Verona,BRADARIC Domagoj,bradaric domagoj,,,0,0,0,0,0,0,0
2025-2026,7,Verona,CHAM Fallou,cham fallou,5.0,5.0,0,0,0,0,0,0,0
2025-2026,7,Verona,EBOSSE Enzo,ebosse enzo,,,0,0,0,0,0,0,0
2025-2026,7,Verona,FRESE Martin,frese martin,6.5,6.0,0,0,1,0,0,0,0
2025-2026,7,Verona,KURTI Adi,kurti adi,,,0,0,0,0,0,0,0
2025-2026,7,Verona,NELSSON Victor,nelsson victor,6.0,6.0,0,0,0,0,0,0,0
2025-2026,7,Verona,NUNEZ Unai,nunez unai,6.5,6.0,0,0,1,0,0,0,0
2025-2026,7,Verona,OYEGOKE Daniel,oyegoke daniel,,,0,0,0,0,0,0,0
2025-2026,7,Verona,SLOTSAGER Tobias,slotsager tobias,,,0,0,0,0,0,0,0
2025-2026,7,Verona,VALENTINI Nicolas,valentini nicolas,6.0,6.0,0,0,0,0,0,0,0
2025-2026,7,Verona,YELLU Santiago,yellu santiago,,,0,0,0,0,0,0,0
2025-2026,7,Verona,AKPA-AKPRO Jean-Dan.,akpa-akpro jean-dan.,6.0,6.0,0,0,0,0,0,0,0
2025-2026,7,Verona,AL-MUSRATI Moatasem,al-musrati moatasem,,,0,0,0,0,0,0,0
2025-2026,7,Verona,BERNEDE Antoine,bernede antoine,5.0,5.0,0,0,0,0,0,0,0
2025-2026,7,Verona,GAGLIARDINI Roberto,gagliardini roberto,6.0,6.0,0,0,0,0,0,0,0
2025-2026,7,Verona,HARROUI Abdou,harroui abdou,,,0,0,0,0,0,0,0
2025-2026,7,Verona,KASTANOS Grigoris,kastanos grigoris,,,0,0,0,0,0,0,0
2025-2026,7,Verona,NIASSE Cheikh,niasse cheikh,,,0,0,0,0,0,0,0
2025-2026,7,Verona,SERDAR Suat,serdar suat,6.0,6.0,0,0,0,0,0,0,0
2025-2026,7,Verona,SUSLOV Tomas,suslov tomas,,,0,0,0,0,0,0,0
2025-2026,7,Verona,YILDIZ Veis,yildiz veis,,,0,0,0,0,0,0,0
2025-2026,7,Verona,AJAYI Junior,ajayi junior,,,0,0,0,0,0,0,0
2025-2026,7,Verona,GIOVANE Do Nascimie.,giovane do nascimie.,5.5,5.5,0,0,0,0,0,0,0
2025-2026,7,Verona,LUNA Agustin,luna agustin,,,0,0,0,0,0,0,0
2025-2026,7,Verona,MOSQUERA Daniel,mosquera daniel,5.5,5.5,0,0,0,0,0,0,0
2025-2026,7,Verona,ORBAN Gift,orban gift,5.0,5.0,0,0,0,0,0,0,0
2025-2026,7,Verona,SARR Amin,sarr amin,6.0,6.0,0,0,0,0,0,0,0
2025-2026,7,Cremonese,AUDERO Emil,audero emil,,,0,0,0,0,0,0,0
2025-2026,7,Cremonese,MALOVEC Adrian,malovec adrian,,,0,0,0,0,0,0,0
2025-2026,7,Cremonese,NAVA Lapo,nava lapo,,,0,0,0,0,0,0,0
2025-2026,7,Cremonese,SILVESTRI Marco,silvestri marco,6.0,5.0,-1,0,0,0,0,0,0
2025-2026,7,Cremonese,BARBIERI Tommaso,barbieri tommaso,6.0,6.0,0,0,0,0,0,0,0
2025-2026,7,Cremonese,BASCHIROTTO Federico,baschirotto federico,6.0,6.0,0,0,0,0,0,0,0
2025-2026,7,Cremonese,BIANCHETTI Matteo,bianchetti matteo,6.0,6.0,0,0,0,0,0,0,0
2025-2026,7,Cremonese,CECCHERINI Federico,ceccherini federico,,,0,0,0,0,0,0,0
2025-2026,7,Cremonese,FAYE Mikayil,faye mikayil,,,0,0,0,0,0,0,0
2025-2026,7,Cremonese,FLORIANI MUSSOLINI .,floriani mussolini .,,,0,0,0,0,0,0,0
2025-2026,7,Cremonese,FOLINO Francesco,folino francesco,,,0,0,0,0,0,0,0
2025-2026,7,Cremonese,PEZZELLA Giuseppe,pezzella giuseppe,5.5,5.5,0,0,0,0,0,0,0
2025-2026,7,Cremonese,SERNICOLA Leonardo,sernicola leonardo,,,0,0,0,0,0,0,0
2025-2026,7,Cremonese,TERRACCIANO Filippo,terracciano filippo,7.0,10.0,1,0,0,0,0,0,0
2025-2026,7,Cremonese,BONDO Warren,bondo warren,6.5,6.5,0,0,0,0,0,0,0
2025-2026,7,Cremonese,COLLOCOLO Michele,collocolo michele,,,0,0,0,0,0,0,0
2025-2026,7,Cremonese,GRASSI Alberto,grassi alberto,,,0,0,0,0,0,0,0
2025-2026,7,Cremonese,LORDKIPANIDZE Dachi,lordkipanidze dachi,6.0,6.0,0,0,0,0,0,0,0
2025-2026,7,Cremonese,PAYERO Martin,payero martin,5.0,4.5,0,0,1,0,0,0,0
2025-2026,7,Cremonese,VALOTI Mattia,valoti mattia,,,0,0,0,0,0,0,0
2025-2026,7,Cremonese,VANDEPUTTE Jari,vandeputte jari,7.0,7.5,0,1,1,0,0,0,0
2025-2026,7,Cremonese,BONAZZOLI Federico,bonazzoli federico,6.5,6.5,0,0,0,0,0,0,0
2025-2026,7,Cremonese,DE LUCA Manuel,de luca manuel,,,0,0,0,0,0,0,0
2025-2026,7,Cremonese,JOHNSEN Dennis,johnsen dennis,,,0,0,0,0,0,0,0
2025-2026,7,Cremonese,MOUMBAGNA Faris,moumbagna faris,,,0,0,0,0,0,0,0
2025-2026,7,Cremonese,OKEREKE David,okereke david,,,0,0,0,0,0,0,0
2025-2026,7,Cremonese,SANABRIA Antonio,sanabria antonio,,,0,0,0,0,0,0,0
2025-2026,7,Cremonese,SARMIENTO Jeremy,sarmiento jeremy,6.0,6.0,0,0,0,0,0,0,0
2025-2026,7,Cremonese,VARDY Jamie,vardy jamie,5.0,4.5,0,0,1,0,0,0,0
2025-2026,7,Cremonese,VAZQUEZ Franco,vazquez franco,6.0,6.0,0,0,0,0,0,0,0
2025-2026,7,Cremonese,ZERBIN Alessio,zerbin alessio,6.0,5.5,0,0,1,0,0,0,0
2025-2026,7,Parma,CORVI Edoardo,corvi edoardo,,,0,0,0,0,0,0,0
2025-2026,7,Parma,RINALDI Filippo,rinaldi filippo,,,0,0,0,0,0,0,0
2025-2026,7,Parma,SUZUKI Zion,suzuki zion,7.5,11.5,0,0,0,0,0,1,0
2025-2026,7,Parma,BRITSCHGI Sascha,britschgi sascha,5.0,4.5,0,0,1,0,0,0,0
2025-2026,7,Parma,CIRCATI Alessandro,circati alessandro,6.0,6.0,0,0,0,0,0,0,0
2025-2026,7,Parma,DEL PRATO Enrico,del prato enrico,6.0,6.0,0,0,0,0,0,0,0
2025-2026,7,Parma,LOVIK Mathias,lovik mathias,,,0,0,0,0,0,0,0
2025-2026,7,Parma,NDIAYE Abdoulaye,ndiaye abdoulaye,4.0,3.0,0,0,0,1,0,0,0
2025-2026,7,Parma,TRABUCCHI Nicolas,trabucchi nicolas,,,0,0,0,0,0,0,0
2025-2026,7,Parma,TROILO Mariano,troilo mariano,4.0,3.5,0,0,1,0,0,0,0
2025-2026,7,Parma,VALENTI Lautaro,valenti lautaro,5.0,5.0,0,0,0,0,0,0,0
2025-2026,7,Parma,VALERI Emanuele,valeri emanuele,,,0,0,0,0,0,0,0
2025-2026,7,Parma,BERNABE' Adrian,bernabe' adrian,6.0,6.0,0,0,0,0,0,0,0
2025-2026,7,Parma,CREMASCHI Benjamin,cremaschi benjamin,,,0,0,0,0,0,0,0
2025-2026,7,Parma,ESTEVEZ Nahuel,estevez nahuel,6.0,5.5,0,0,1,0,0,0,0
2025-2026,7,Parma,HERNANI,hernani,,,0,0,0,0,0,0,0
2025-2026,7,Parma,KEITA Mandela,keita mandela,5.5,5.5,0,0,0,0,0,0,0
2025-2026,7,Parma,ORDONEZ Christian,ordonez christian,5.0,5.0,0,0,0,0,0,0,0
2025-2026,7,Parma,ORISTANIO Gaetano,oristanio gaetano,,,0,0,0,0,0,0,0
2025-2026,7,Parma,PLICCO Elia,plicco elia,,,0,0,0,0,0,0,0
2025-2026,7,Parma,SORENSEN Oliver,sorensen oliver,,6.0,0,0,0,0,0,0,0
2025-2026,7,Parma,ALMQVIST Pontus,almqvist pontus,5.0,5.0,0,0,0,0,0,0,0
2025-2026,7,Parma,BEGIC Tjas,begic tjas,,,0,0,0,0,0,0,0
2025-2026,7,Parma,BENEDYCZAK Adrian,benedyczak adrian,,,0,0,0,0,0,0,0
2025-2026,7,Parma,CUTRONE Patrick,cutrone patrick,5.0,5.0,0,0,0,0,0,0,0
2025-2026,7,Parma,DJURIC Milan,djuric milan,,,0,0,0,0,0,0,0
2025-2026,7,Parma,FRIGAN Matija,frigan matija,,,0,0,0,0,0,0,0
2025-2026,7,Parma,ONDREJKA Jacob,ondrejka jacob,,,0,0,0,0,0,0,0
2025-2026,7,Parma,PELLEGRINO Mateo,pellegrino mateo,5.0,5.0,0,0,0,0,0,0,0
2025-2026,7,Pisa,NICOLAS,nicolas,,,0,0,0,0,0,0,0
2025-2026,7,Pisa,SCUFFET Simone,scuffet simone,,,0,0,0,0,0,0,0
2025-2026,7,Pisa,SEMPER Adrian,semper adrian,6.0,7.0,0,0,0,0,0,0,0
2025-2026,7,Pisa,ALBIOL Raul,albiol raul,6.0,6.0,0,0,0,0,0,0,0
2025-2026,7,Pisa,ANGORI Samuele,angori samuele,5.0,5.0,0,0,0,0,0,0,0
2025-2026,7,Pisa,BONFANTI Giovanni,bonfanti giovanni,5.5,5.5,0,0,0,0,0,0,0
2025-2026,7,Pisa,CALABRESI Arturo,calabresi arturo,,,0,0,0,0,0,0,0
2025-2026,7,Pisa,CANESTRELLI Simone,canestrelli simone,6.5,6.0,0,0,1,0,0,0,0
2025-2026,7,Pisa,CARACCIOLO Antonio,caracciolo antonio,6.0,6.0,0,0,0,0,0,0,0
2025-2026,7,Pisa,CUADRADO Juan,cuadrado juan,5.5,5.5,0,0,0,0,0,0,0
2025-2026,7,Pisa,DENOON Daniel,denoon daniel,,,0,0,0,0,0,0,0
2025-2026,7,Pisa,ESTEVES Tomas,esteves tomas,,,0,0,0,0,0,0,0
2025-2026,7,Pisa,LUSUARDI Mateus,lusuardi mateus,,,0,0,0,0,0,0,0
2025-2026,7,Pisa,MBAMBI Jeremy,mbambi jeremy,,,0,0,0,0,0,0,0
2025-2026,7,Pisa,AEBISCHER Michel,aebischer michel,5.5,5.5,0,0,0,0,0,0,0
2025-2026,7,Pisa,AKINSANMIRO Ebenezer,akinsanmiro ebenezer,5.0,4.5,0,0,1,0,0,0,0
2025-2026,7,Pisa,HOJHOLT Malthe,hojholt malthe,,,0,0,0,0,0,0,0
2025-2026,7,Pisa,LERIS Mehdi,leris mehdi,5.0,5.0,0,0,0,0,0,0,0
2025-2026,7,Pisa,LORRAN De Sousa,lorran de sousa,,,0,0,0,0,0,0,0
2025-2026,7,Pisa,MARIN Marius,marin marius,5.0,5.0,0,0,0,0,0,0,0
2025-2026,7,Pisa,MAUCCI Giacomo,maucci giacomo,,,0,0,0,0,0,0,0
2025-2026,7,Pisa,PICCININI Gabriele,piccinini gabriele,5.5,5.0,0,0,1,0,0,0,0
2025-2026,7,Pisa,STENGS Calvin,stengs calvin,,,0,0,0,0,0,0,0
2025-2026,7,Pisa,TOURE Idrissa,toure idrissa,,,0,0,0,0,0,0,0
2025-2026,7,Pisa,TRAMONI Matteo,tramoni matteo,,5.5,0,0,1,0,0,0,0
2025-2026,7,Pisa,VURAL Isak,vural isak,,,0,0,0,0,0,0,0
2025-2026,7,Pisa,BUFFON Louis,buffon louis,,,0,0,0,0,0,0,0
2025-2026,7,Pisa,MEISTER Henrik,meister henrik,,,0,0,0,0,0,0,0
2025-2026,7,Pisa,MOREO Stefano,moreo stefano,5.5,5.5,0,0,0,0,0,0,0
2025-2026,7,Pisa,NZOLA M'Bala,nzola m'bala,5.5,5.5,0,0,0,0,0,0,0
2025-2026,7,Como,BUTEZ Jean,butez jean,6.5,7.5,0,0,0,0,0,0,0
2025-2026,7,Como,CAVLINA Nikola,cavlina nikola,,,0,0,0,0,0,0,0
2025-2026,7,Como,VIGORITO Mauro,vigorito mauro,,,0,0,0,0,0,0,0
2025-2026,7,Como,CARLOS Diego,carlos diego,6.5,6.0,0,0,1,0,0,0,0
2025-2026,7,Como,DOSSENA Alberto,dossena alberto,,,0,0,0,0,0,0,0
2025-2026,7,Como,GOLDANIGA Edoardo,goldaniga edoardo,,,0,0,0,0,0,0,0
2025-2026,7,Como,KEMPF Marc-Oliver,kempf marc-oliver,7.0,10.0,1,0,0,0,0,0,0
2025-2026,7,Como,MORENO Alberto,moreno alberto,6.0,5.5,0,0,1,0,0,0,0
2025-2026,7,Como,POSCH Stefan,posch stefan,,,0,0,0,0,0,0,0
2025-2026,7,Como,RAMON Jacobo,ramon jacobo,6.5,6.5,0,0,0,0,0,0,0
2025-2026,7,Como,ROBERTO Sergi,roberto sergi,,,0,0,0,0,0,0,0
2025-2026,7,Como,SALA Marco,sala marco,,,0,0,0,0,0,0,0
2025-2026,7,Como,SMOLCIC Ivan,smolcic ivan,6.5,6.0,0,0,1,0,0,0,0
2025-2026,7,Como,VALLE Alex,valle alex,6.5,6.5,0,0,0,0,0,0,0
2025-2026,7,Como,VAN DER BREMPT Igna.,van der brempt igna.,,,0,0,0,0,0,0,0
2025-2026,7,Como,VOJVODA Mergim,vojvoda mergim,6.0,6.0,0,0,0,0,0,0,0
2025-2026,7,Como,BATURINA Martin,baturina martin,,,0,0,0,0,0,0,0
2025-2026,7,Como,CAQUERET Maxence,caqueret maxence,6.5,6.5,0,0,0,0,0,0,0
2025-2026,7,Como,DA CUNHA Lucas,da cunha lucas,7.0,7.0,0,0,0,0,0,0,0
2025-2026,7,Como,PAZ Nico,paz nico,7.5,11.5,1,1,0,0,0,0,0
2025-2026,7,Como,PERRONE Maximo,perrone maximo,7.0,8.0,0,1,0,0,0,0,0
2025-2026,7,Como,ADDAI Jaden,addai jaden,,,0,0,0,0,0,0,0
2025-2026,7,Como,CERRI Alberto,cerri alberto,,,0,0,0,0,0,0,0
2025-2026,7,Como,DIAO Assane,diao assane,,,0,0,0,0,0,0,0
2025-2026,7,Como,DOUVIKAS Tasos,douvikas tasos,6.5,6.5,0,0,0,0,0,0,0
2025-2026,7,Como,KUHN Nicolas,kuhn nicolas,,,0,0,0,0,0,0,0
2025-2026,7,Como,MORATA Alvaro,morata alvaro,6.5,6.5,0,0,0,0,0,0,0
2025-2026,7,Como,RODRIGUEZ Jesus,rodriguez jesus,,,0,0,0,0,0,0,0
2025-2026,8,Atalanta,CARNESECCHI Marco,carnesecchi marco,6.5,5.5,-1,0,0,0,0,0,0
2025-2026,8,Atalanta,ROSSI Francesco,rossi francesco,,,0,0,0,0,0,0,0
2025-2026,8,Atalanta,SPORTIELLO Marco,sportiello marco,,,0,0,0,0,0,0,0
2025-2026,8,Atalanta,AHANOR Honest,ahanor honest,,,0,0,0,0,0,0,0
2025-2026,8,Atalanta,BAKKER Mitchel,bakker mitchel,,,0,0,0,0,0,0,0
2025-2026,8,Atalanta,BELLANOVA Raoul,bellanova raoul,5.5,5.5,0,0,0,0,0,0,0
2025-2026,8,Atalanta,BERNASCONI Lorenzo,bernasconi lorenzo,,,0,0,0,0,0,0,0
2025-2026,8,Atalanta,COMI Pietro,comi pietro,,,0,0,0,0,0,0,0
2025-2026,8,Atalanta,DJIMSITI Berat,djimsiti berat,6.0,6.0,0,0,0,0,0,0,0
2025-2026,8,Atalanta,HIEN Isak,hien isak,5.5,5.5,0,0,0,0,0,0,0
2025-2026,8,Atalanta,KOLASINAC Sead,kolasinac sead,,,0,0,0,0,0,0,0
2025-2026,8,Atalanta,KOSSOUNOU Odilon,kossounou odilon,,,0,0,0,0,0,0,0
2025-2026,8,Atalanta,SCALVINI Giorgio,scalvini giorgio,,,0,0,0,0,0,0,0
2025-2026,8,Atalanta,ZAPPACOSTA Davide,zappacosta davide,,,0,0,0,0,0,0,0
2025-2026,8,Atalanta,BRESCIANINI Marco,brescianini marco,6.5,9.5,1,0,0,0,0,0,0
2025-2026,8,Atalanta,CASSA Federico,cassa federico,,,0,0,0,0,0,0,0
2025-2026,8,Atalanta,DE ROON Marten,de roon marten,5.5,5.5,0,0,0,0,0,0,0
2025-2026,8,Atalanta,EDERSON,ederson,5.5,5.5,0,0,0,0,0,0,0
2025-2026,8,Atalanta,MALDINI Daniel,maldini daniel,,,0,0,0,0,0,0,0
2025-2026,8,Atalanta,MANZONI Alberto,manzoni alberto,,,0,0,0,0,0,0,0
2025-2026,8,Atalanta,MUSAH Yunus,musah yunus,,,0,0,0,0,0,0,0
2025-2026,8,Atalanta,PASALIC Mario,pasalic mario,5.5,5.5,0,0,0,0,0,0,0
2025-2026,8,Atalanta,SAMARDZIC Lazar,samardzic lazar,6.0,6.0,0,0,0,0,0,0,0
2025-2026,8,Atalanta,ZALEWSKI Nicola,zalewski nicola,5.5,5.5,0,0,0,0,0,0,0
2025-2026,8,Atalanta,DE KETELAERE Charles,de ketelaere charles,5.0,5.0,0,0,0,0,0,0,0
2025-2026,8,Atalanta,KRSTOVIC Nikola,krstovic nikola,4.5,4.5,0,0,0,0,0,0,0
2025-2026,8,Atalanta,LOOKMAN Ademola,lookman ademola,4.5,4.5,0,0,0,0,0,0,0
2025-2026,8,Atalanta,SCAMACCA Gianluca,scamacca gianluca,5.5,5.0,0,0,1,0,0,0,0
2025-2026,8,Atalanta,SULEMANA Kamaldeen,sulemana kamaldeen,,,0,0,0,0,0,0,0
2025-2026,8,Bologna,PESSINA Massimo,pessina massimo,,,0,0,0,0,0,0,0
2025-2026,8,Bologna,RAVAGLIA Federico,ravaglia federico,,,0,0,0,0,0,0,0
2025-2026,8,Bologna,SKORUPSKI Lukasz,skorupski lukasz,6.5,4.5,-2,0,0,0,0,0,2
2025-2026,8,Bologna,BONIFAZI Kevin,bonifazi kevin,,,0,0,0,0,0,0,0
2025-2026,8,Bologna,CASALE Nicolo',casale nicolo',,6.0,0,0,0,0,0,0,0
2025-2026,8,Bologna,DE SILVESTRI Lorenzo,de silvestri lorenzo,,,0,0,0,0,0,0,0
2025-2026,8,Bologna,HEGGEM Torbjorn,heggem torbjorn,6.0,6.0,0,0,0,0,0,0,0
2025-2026,8,Bologna,HOLM Emil,holm emil,5.0,5.0,0,1,0,1,0,0,0
2025-2026,8,Bologna,LUCUMI Jhon,lucumi jhon,6.0,5.5,0,0,1,0,0,0,0
2025-2026,8,Bologna,LYKOGIANNIS Charala.,lykogiannis charala.,,,0,0,0,0,0,0,0
2025-2026,8,Bologna,MIRANDA Juan,miranda juan,6.0,6.0,0,0,0,0,0,0,0
2025-2026,8,Bologna,VITIK Martin,vitik martin,,,0,0,0,0,0,0,0
2025-2026,8,Bologna,ZORTEA Nadir,zortea nadir,,,0,0,0,0,0,0,0
2025-2026,8,Bologna,BERNARDESCHI Federi.,bernardeschi federi.,5.5,5.5,0,0,0,0,0,0,0
2025-2026,8,Bologna,FABBIAN Giovanni,fabbian giovanni,6.0,6.0,0,0,0,0,0,0,0
2025-2026,8,Bologna,FERGUSON Lewis,ferguson lewis,5.5,5.5,0,0,0,0,0,0,0
2025-2026,8,Bologna,FREULER Remo,freuler remo,6.5,6.0,0,0,1,0,0,0,0
2025-2026,8,Bologna,MORO Nikola,moro nikola,,,0,0,0,0,0,0,0
2025-2026,8,Bologna,POBEGA Tommaso,pobega tommaso,5.5,5.5,0,0,0,0,0,0,0
2025-2026,8,Bologna,SULEMANA,sulemana,,,0,0,0,0,0,0,0
2025-2026,8,Bologna,CAMBIAGHI Nicolo',cambiaghi nicolo',7.0,10.0,1,0,0,0,0,0,0
2025-2026,8,Bologna,CASTRO Santiago,castro santiago,7.0,10.0,1,0,0,0,0,0,0
2025-2026,8,Bologna,DALLINGA Thijs,dallinga thijs,6.0,6.0,0,0,0,0,0,0,0
2025-2026,8,Bologna,DOMINGUEZ Benjamin,dominguez benjamin,,,0,0,0,0,0,0,0
2025-2026,8,Bologna,IMMOBILE Ciro,immobile ciro,,,0,0,0,0,0,0,0
2025-2026,8,Bologna,ODGAARD Jens,odgaard jens,,,0,0,0,0,0,0,0
2025-2026,8,Bologna,ORSOLINI Riccardo,orsolini riccardo,6.5,6.5,0,0,0,0,0,0,0
2025-2026,8,Bologna,ROWE Jonathan,rowe jonathan,5.0,4.5,0,0,1,0,0,0,0
2025-2026,8,Cagliari,CAPRILE Elia,caprile elia,8.0,6.0,-2,0,0,0,0,0,0
2025-2026,8,Cagliari,CIOCCI Giuseppe,ciocci giuseppe,,,0,0,0,0,0,0,0
2025-2026,8,Cagliari,RADUNOVIC Boris,radunovic boris,,,0,0,0,0,0,0,0
2025-2026,8,Cagliari,IDRISSI Riyad,idrissi riyad,6.5,9.5,1,0,0,0,0,0,0
2025-2026,8,Cagliari,LUPERTO Sebastiano,luperto sebastiano,,,0,0,0,0,0,0,0
2025-2026,8,Cagliari,MINA Yerry,mina yerry,,,0,0,0,0,0,0,0
2025-2026,8,Cagliari,OBERT Adam,obert adam,6.0,6.5,0,1,1,0,0,0,0
2025-2026,8,Cagliari,PALESTRA Marco,palestra marco,5.5,5.5,0,0,0,0,0,0,0
2025-2026,8,Cagliari,RODRIGUEZ Juan,rodriguez juan,,,0,0,0,0,0,0,0
2025-2026,8,Cagliari,ZAPPA Gabriele,zappa gabriele,5.5,5.5,0,0,0,0,0,0,0
2025-2026,8,Cagliari,ZE PEDRO,ze pedro,5.5,5.5,0,0,0,0,0,0,0
2025-2026,8,Cagliari,ADOPO Michel,adopo michel,6.0,6.0,0,0,0,0,0,0,0
2025-2026,8,Cagliari,CAVUOTI Nicolo',cavuoti nicolo',,,0,0,0,0,0,0,0
2025-2026,8,Cagliari,DEIOLA Alessandro,deiola alessandro,,,0,0,0,0,0,0,0
2025-2026,8,Cagliari,DI PARDO Alessandro,di pardo alessandro,,,0,0,0,0,0,0,0
2025-2026,8,Cagliari,FOLORUNSHO Michael,folorunsho michael,5.5,5.5,0,0,0,0,0,0,0
2025-2026,8,Cagliari,GAETANO Gianluca,gaetano gianluca,6.0,6.0,0,0,0,0,0,0,0
2025-2026,8,Cagliari,MAZZITELLI Luca,mazzitelli luca,,5.5,0,0,1,0,0,0,0
2025-2026,8,Cagliari,PRATI Matteo,prati matteo,5.5,5.5,0,0,0,0,0,0,0
2025-2026,8,Cagliari,ROG Marko,rog marko,,,0,0,0,0,0,0,0
2025-2026,8,Cagliari,BELOTTI Andrea,belotti andrea,,,0,0,0,0,0,0,0
2025-2026,8,Cagliari,BORRELLI Gennaro,borrelli gennaro,6.0,5.5,0,0,1,0,0,0,0
2025-2026,8,Cagliari,ESPOSITO Sebastiano,esposito sebastiano,,,0,0,0,0,0,0,0
2025-2026,8,Cagliari,FELICI Mattia,felici mattia,7.0,10.0,1,0,0,0,0,0,0
2025-2026,8,Cagliari,KILICSOY Semih,kilicsoy semih,,,0,0,0,0,0,0,0
2025-2026,8,Cagliari,LUVUMBO Sebastiao Z.,luvumbo sebastiao z.,5.5,5.5,0,0,0,0,0,0,0
2025-2026,8,Cagliari,PAVOLETTI Leonardo,pavoletti leonardo,6.5,7.0,0,1,1,0,0,0,0
2025-2026,8,Fiorentina,DE GEA David,de gea david,6.0,4.0,-2,0,0,0,0,0,0
2025-2026,8,Fiorentina,LEZZERINI Luca,lezzerini luca,,,0,0,0,0,0,0,0
2025-2026,8,Fiorentina,MARTINELLI Tommaso,martinelli tommaso,,,0,0,0,0,0,0,0
2025-2026,8,Fiorentina,COMUZZO Pietro,comuzzo pietro,,,0,0,0,0,0,0,0
2025-2026,8,Fiorentina,DODO,dodo,6.0,6.0,0,0,0,0,0,0,0
2025-2026,8,Fiorentina,FORTINI Niccolo',fortini niccolo',6.5,6.5,0,0,0,0,0,0,0
2025-2026,8,Fiorentina,GOSENS Robin,gosens robin,5.0,4.5,0,0,1,0,0,0,0
2025-2026,8,Fiorentina,KOSPO Eman,kospo eman,,,0,0,0,0,0,0,0
2025-2026,8,Fiorentina,KOUADIO Eddy,kouadio eddy,,,0,0,0,0,0,0,0
2025-2026,8,Fiorentina,LAMPTEY Tariq,lamptey tariq,,,0,0,0,0,0,0,0
2025-2026,8,Fiorentina,MARI Pablo,mari pablo,5.5,5.5,0,0,0,0,0,0,0
2025-2026,8,Fiorentina,PARISI Fabiano,parisi fabiano,,,0,0,0,0,0,0,0
2025-2026,8,Fiorentina,PONGRACIC Marin,pongracic marin,6.0,6.0,0,0,0,0,0,0,0
2025-2026,8,Fiorentina,RANIERI Luca,ranieri luca,6.0,6.0,0,0,0,0,0,0,0
2025-2026,8,Fiorentina,VITI Mattia,viti mattia,,,0,0,0,0,0,0,0
2025-2026,8,Fiorentina,FAGIOLI Nicolo',fagioli nicolo',5.0,5.0,0,0,0,0,0,0,0
2025-2026,8,Fiorentina,FAZZINI Jacopo,fazzini jacopo,,,0,0,0,0,0,0,0
2025-2026,8,Fiorentina,INFANTINO Gino,infantino gino,,,0,0,0,0,0,0,0
2025-2026,8,Fiorentina,MANDRAGORA Rolando,mandragora rolando,5.5,5.5,0,0,0,0,0,0,0
2025-2026,8,Fiorentina,NDOUR Cher,ndour cher,6.0,6.0,0,0,0,0,0,0,0
2025-2026,8,Fiorentina,NICOLUSSI CAVIGLIA .,nicolussi caviglia .,5.0,5.0,0,0,0,0,0,0,0
2025-2026,8,Fiorentina,RICHARDSON Amir,richardson amir,,,0,0,0,0,0,0,0
2025-2026,8,Fiorentina,SABIRI Abdelhamid,sabiri abdelhamid,5.5,5.5,0,0,0,0,0,0,0
2025-2026,8,Fiorentina,SOHM Simon,sohm simon,,,0,0,0,0,0,0,0
2025-2026,8,Fiorentina,DZEKO Edin,dzeko edin,6.0,5.5,0,0,1,0,0,0,0
2025-2026,8,Fiorentina,GUDMUNDSSON Albert,gudmundsson albert,6.0,8.5,1,0,1,0,0,1,0
2025-2026,8,Fiorentina,KEAN Moise,kean moise,7.0,10.0,1,0,0,0,0,1,0
2025-2026,8,Fiorentina,KOUAME' Christian,kouame' christian,,,0,0,0,0,0,0,0
2025-2026,8,Fiorentina,PICCOLI Roberto,piccoli roberto,,,0,0,0,0,0,0,0
2025-2026,8,Genoa,LEALI Nicola,leali nicola,7.0,5.0,-2,0,0,0,0,0,0
2025-2026,8,Genoa,SIEGRIST Benjamin,siegrist benjamin,,,0,0,0,0,0,0,0
2025-2026,8,Genoa,SOMMARIVA Daniele,sommariva daniele,,,0,0,0,0,0,0,0
2025-2026,8,Genoa,KUMER CELIK Alin,kumer celik alin,,,0,0,0,0,0,0,0
2025-2026,8,Genoa,MARCANDALLI Alessan.,marcandalli alessan.,,,0,0,0,0,0,0,0
2025-2026,8,Genoa,MARTIN Aaron,martin aaron,,,0,0,0,0,0,0,0
2025-2026,8,Genoa,NORTON-CUFFY Brooke,norton-cuffy brooke,5.5,5.5,0,0,0,0,0,0,0
2025-2026,8,Genoa,OSTIGARD Leo,ostigard leo,5.5,5.5,0,0,0,0,0,0,0
2025-2026,8,Genoa,OTOA Sebastian,otoa sebastian,,,0,0,0,0,0,0,0
2025-2026,8,Genoa,SABELLI Stefano,sabelli stefano,5.0,3.0,0,0,0,0,1,0,0
2025-2026,8,Genoa,VASQUEZ Johan,vasquez johan,6.0,6.0,0,0,0,0,0,0,0
2025-2026,8,Genoa,CARBONI Valentin,carboni valentin,,,0,0,0,0,0,0,0
2025-2026,8,Genoa,CUENCA Hugo,cuenca hugo,,,0,0,0,0,0,0,0
2025-2026,8,Genoa,ELLERTSSON Mikael,ellertsson mikael,5.0,5.0,0,0,0,0,0,0,0
2025-2026,8,Genoa,FINI Seydou,fini seydou,,,0,0,0,0,0,0,0
2025-2026,8,Genoa,FRENDRUP Morten,frendrup morten,6.0,5.5,0,0,1,0,0,0,0
2025-2026,8,Genoa,GRONBAEK Alberto,gronbaek alberto,,,0,0,0,0,0,0,0
2025-2026,8,Genoa,LAFONT Gael,lafont gael,,,0,0,0,0,0,0,0
2025-2026,8,Genoa,MALINOVSKIY Ruslan,malinovskiy ruslan,6.0,6.0,0,0,0,0,0,0,0
2025-2026,8,Genoa,MASINI Patrizio,masini patrizio,5.5,5.5,0,0,0,0,0,0,0
2025-2026,8,Genoa,MESSIAS Junior,messias junior,,,0,0,0,0,0,0,0
2025-2026,8,Genoa,ONANA Jean,onana jean,5.0,5.0,0,0,0,0,0,0,0
2025-2026,8,Genoa,STANCIU Nicolae,stanciu nicolae,,,0,0,0,0,0,0,0
2025-2026,8,Genoa,THORSBY Morten,thorsby morten,6.5,9.5,1,0,0,0,0,0,0
2025-2026,8,Genoa,COLOMBO Lorenzo,colombo lorenzo,,,0,0,0,0,0,0,0
2025-2026,8,Genoa,CORNET Maxwel,cornet maxwel,5.0,5.0,0,0,0,0,0,0,0
2025-2026,8,Genoa,EKHATOR Jeff,ekhator jeff,6.0,5.5,0,0,1,0,0,0,0
2025-2026,8,Genoa,EKUBAN Caleb,ekuban caleb,5.5,5.5,0,0,0,0,0,0,0
2025-2026,8,Genoa,VENTURINO Lorenzo,venturino lorenzo,,,0,0,0,0,0,0,0
2025-2026,8,Genoa,VITINHA,vitinha,,,0,0,0,0,0,0,0
2025-2026,8,Inter,DI GENNARO Raffaele,di gennaro raffaele,,,0,0,0,0,0,0,0
2025-2026,8,Inter,MARTINEZ Josep,martinez josep,,,0,0,0,0,0,0,0
2025-2026,8,Inter,SOMMER Yann,sommer yann,5.5,2.5,-3,0,0,0,0,0,1
2025-2026,8,Inter,ACERBI Francesco,acerbi francesco,4.5,4.5,0,0,0,0,0,0,0
2025-2026,8,Inter,AKANJI Manuel,akanji manuel,5.0,5.0,0,0,0,0,0,0,0
2025-2026,8,Inter,ALEXIOU Christos,alexiou christos,,,0,0,0,0,0,0,0
2025-2026,8,Inter,BASTONI Alessandro,bastoni alessandro,5.5,5.0,0,0,1,0,0,0,0
2025-2026,8,Inter,BISSECK Yann Aurel,bisseck yann aurel,,,0,0,0,0,0,0,0
2025-2026,8,Inter,CARLOS AUGUSTO,carlos augusto,,,0,0,0,0,0,0,0
2025-2026,8,Inter,COCCHI Matteo,cocchi matteo,,,0,0,0,0,0,0,0
2025-2026,8,Inter,DARMIAN Matteo,darmian matteo,,,0,0,0,0,0,0,0
2025-2026,8,Inter,DE VRIJ Stefan,de vrij stefan,,,0,0,0,0,0,0,0
2025-2026,8,Inter,DIMARCO Federico,dimarco federico,5.5,5.5,0,0,0,0,0,0,0
2025-2026,8,Inter,DUMFRIES Denzel,dumfries denzel,6.0,6.0,0,0,0,0,0,0,0
2025-2026,8,Inter,LUIS HENRIQUE,luis henrique,6.0,6.0,0,0,0,0,0,0,0
2025-2026,8,Inter,PALACIOS Tomas,palacios tomas,,,0,0,0,0,0,0,0
2025-2026,8,Inter,RE CECCONI Gabriele,re cecconi gabriele,,,0,0,0,0,0,0,0
2025-2026,8,Inter,BARELLA Nicolo',barella nicolo',5.5,5.5,0,0,0,0,0,0,0
2025-2026,8,Inter,BERENBRUCH Thomas,berenbruch thomas,,,0,0,0,0,0,0,0
2025-2026,8,Inter,CALHANOGLU Hakan,calhanoglu hakan,6.5,9.5,1,0,0,0,0,1,0
2025-2026,8,Inter,DIOUF Andy,diouf andy,,,0,0,0,0,0,0,0
2025-2026,8,Inter,FRATTESI Davide,frattesi davide,6.0,6.0,0,0,0,0,0,0,0
2025-2026,8,Inter,MKHITARYAN Henrikh,mkhitaryan henrikh,6.0,6.0,0,0,0,0,0,0,0
2025-2026,8,Inter,SUCIC Petar,sucic petar,6.0,6.0,0,0,0,0,0,0,0
2025-2026,8,Inter,TOPALOVIC Luka,topalovic luka,,,0,0,0,0,0,0,0
2025-2026,8,Inter,ZIELINSKI Piotr,zielinski piotr,5.5,5.5,0,0,0,0,0,0,0
2025-2026,8,Inter,BONNY Ange-Yoan,bonny ange-yoan,6.0,6.0,0,0,0,0,0,0,0
2025-2026,8,Inter,ESPOSITO Francesco .,esposito francesco .,5.5,5.5,0,0,0,0,0,0,0
2025-2026,8,Inter,MARTINEZ Lautaro,martinez lautaro,5.0,5.0,0,0,0,0,0,0,0
2025-2026,8,Inter,THURAM Marcus,thuram marcus,,,0,0,0,0,0,0,0
2025-2026,8,Juventus,DI GREGORIO Michele,di gregorio michele,,,0,0,0,0,0,0,0
2025-2026,8,Juventus,PERIN Mattia,perin mattia,6.0,5.0,-1,0,0,0,0,0,0
2025-2026,8,Juventus,PINSOGLIO Carlo,pinsoglio carlo,,,0,0,0,0,0,0,0
2025-2026,8,Juventus,BREMER Gleison,bremer gleison,,,0,0,0,0,0,0,0
2025-2026,8,Juventus,CABAL Juan,cabal juan,,,0,0,0,0,0,0,0
2025-2026,8,Juventus,CAMBIASO Andrea,cambiaso andrea,5.0,5.0,0,0,0,0,0,0,0
2025-2026,8,Juventus,GATTI Federico,gatti federico,5.5,5.5,0,0,0,0,0,0,0
2025-2026,8,Juventus,KALULU Pierre,kalulu pierre,5.5,5.5,0,0,0,0,0,0,0
2025-2026,8,Juventus,KELLY Lloyd,kelly lloyd,6.0,5.5,0,0,1,0,0,0,0
2025-2026,8,Juventus,MARIO Joao,mario joao,,,0,0,0,0,0,0,0
2025-2026,8,Juventus,ROUHI Jonas,rouhi jonas,,,0,0,0,0,0,0,0
2025-2026,8,Juventus,RUGANI Daniele,rugani daniele,,,0,0,0,0,0,0,0
2025-2026,8,Juventus,ADZIC Vasilije,adzic vasilije,,,0,0,0,0,0,0,0
2025-2026,8,Juventus,KOOPMEINERS Teun,koopmeiners teun,5.5,5.0,0,0,1,0,0,0,0
2025-2026,8,Juventus,KOSTIC Filip,kostic filip,5.5,5.5,0,0,0,0,0,0,0
2025-2026,8,Juventus,LOCATELLI Manuel,locatelli manuel,6.0,5.5,0,0,1,0,0,0,0
2025-2026,8,Juventus,MCKENNIE Weston,mckennie weston,5.0,4.5,0,0,1,0,0,0,0
2025-2026,8,Juventus,MIRETTI Fabio,miretti fabio,,,0,0,0,0,0,0,0
2025-2026,8,Juventus,THURAM Khephren,thuram khephren,6.0,6.0,0,0,0,0,0,0,0
2025-2026,8,Juventus,CONCEICAO Francisco,conceicao francisco,5.0,5.0,0,0,0,0,0,0,0
2025-2026,8,Juventus,DAVID Jonathan,david jonathan,4.0,4.0,0,0,0,0,0,0,0
2025-2026,8,Juventus,MILIK Arek,milik arek,,,0,0,0,0,0,0,0
2025-2026,8,Juventus,OPENDA Lois,openda lois,,6.0,0,0,0,0,0,0,0
2025-2026,8,Juventus,PUGNO Diego,pugno diego,,,0,0,0,0,0,0,0
2025-2026,8,Juventus,VLAHOVIC Dusan,vlahovic dusan,5.0,5.0,0,0,0,0,0,0,0
2025-2026,8,Juventus,YILDIZ Kenan,yildiz kenan,4.5,4.5,0,0,0,0,0,0,0
2025-2026,8,Juventus,ZHEGROVA Edon,zhegrova edon,,,0,0,0,0,0,0,0
2025-2026,8,Lazio,FURLANETTO Alessio,furlanetto alessio,,,0,0,0,0,0,0,0
2025-2026,8,Lazio,MANDAS Christos,mandas christos,,,0,0,0,0,0,0,0
2025-2026,8,Lazio,PROVEDEL Ivan,provedel ivan,6.5,7.5,0,0,0,0,0,0,0
2025-2026,8,Lazio,GIGOT Samuel,gigot samuel,,,0,0,0,0,0,0,0
2025-2026,8,Lazio,GILA Mario,gila mario,7.0,7.0,0,0,0,0,0,0,0
2025-2026,8,Lazio,HYSAJ Elseid,hysaj elseid,,,0,0,0,0,0,0,0
2025-2026,8,Lazio,LAZZARI Manuel,lazzari manuel,6.0,5.5,0,0,1,0,0,0,0
2025-2026,8,Lazio,MARUSIC Adam,marusic adam,6.5,6.5,0,0,0,0,0,0,0
2025-2026,8,Lazio,NUNO TAVARES,nuno tavares,,,0,0,0,0,0,0,0
2025-2026,8,Lazio,PATRIC,patric,,,0,0,0,0,0,0,0
2025-2026,8,Lazio,PELLEGRINI Luca,pellegrini luca,6.0,6.0,0,0,0,0,0,0,0
2025-2026,8,Lazio,PROVSTGAARD Oliver,provstgaard oliver,,,0,0,0,0,0,0,0
2025-2026,8,Lazio,ROMAGNOLI Alessio,romagnoli alessio,6.5,6.5,0,0,0,0,0,0,0
2025-2026,8,Lazio,BASIC Toma,basic toma,7.0,10.0,1,0,0,0,0,0,0
2025-2026,8,Lazio,BELAHYANE Reda,belahyane reda,,,0,0,0,0,0,0,0
2025-2026,8,Lazio,CATALDI Danilo,cataldi danilo,7.0,8.0,0,1,0,0,0,0,0
2025-2026,8,Lazio,DELE-BASHIRU Fisayo,dele-bashiru fisayo,,,0,0,0,0,0,0,0
2025-2026,8,Lazio,GUENDOUZI Matteo,guendouzi matteo,6.0,5.5,0,0,1,0,0,0,0
2025-2026,8,Lazio,ROVELLA Nicolo,rovella nicolo,,,0,0,0,0,0,0,0
2025-2026,8,Lazio,VECINO Matias,vecino matias,6.0,6.0,0,0,0,0,0,0,0
2025-2026,8,Lazio,CANCELLIERI Matteo,cancellieri matteo,,,0,0,0,0,0,0,0
2025-2026,8,Lazio,CASTELLANOS Valentin,castellanos valentin,,,0,0,0,0,0,0,0
2025-2026,8,Lazio,DIA Boulaye,dia boulaye,6.5,6.5,0,0,0,0,0,0,0
2025-2026,8,Lazio,ISAKSEN Gustav,isaksen gustav,7.0,7.0,0,0,0,0,0,0,0
2025-2026,8,Lazio,NOSLIN Tijjani,noslin tijjani,,,0,0,0,0,0,0,0
2025-2026,8,Lazio,PEDRO,pedro,,,0,0,0,0,0,0,0
2025-2026,8,Lazio,ZACCAGNI Mattia,zaccagni mattia,6.5,6.5,0,0,0,0,0,0,0
2025-2026,8,Lecce,FALCONE Wladimiro,falcone wladimiro,6.0,3.0,-3,0,0,0,0,0,0
2025-2026,8,Lecce,FRUCHTL Christian,fruchtl christian,,,0,0,0,0,0,0,0
2025-2026,8,Lecce,SAMOOJA Jasper,samooja jasper,,,0,0,0,0,0,0,0
2025-2026,8,Lecce,ESTEBAN Paco,esteban paco,,,0,0,0,0,0,0,0
2025-2026,8,Lecce,GABRIEL Tiago,gabriel tiago,5.5,5.5,0,0,0,0,0,0,0
2025-2026,8,Lecce,GALLO Antonino,gallo antonino,5.5,5.5,0,0,0,0,0,0,0
2025-2026,8,Lecce,GASPAR Kialonda,gaspar kialonda,5.5,5.0,0,0,1,0,0,0,0
2025-2026,8,Lecce,GUILBERT Frederic,guilbert frederic,,,0,0,0,0,0,0,0
2025-2026,8,Lecce,JEAN Gaby,jean gaby,,,0,0,0,0,0,0,0
2025-2026,8,Lecce,KOUASSI Owen,kouassi owen,,,0,0,0,0,0,0,0
2025-2026,8,Lecce,NDABA Corrie,ndaba corrie,,,0,0,0,0,0,0,0
2025-2026,8,Lecce,PEHLIVANOV Cristian,pehlivanov cristian,,,0,0,0,0,0,0,0
2025-2026,8,Lecce,PEREZ Matias,perez matias,,,0,0,0,0,0,0,0
2025-2026,8,Lecce,SCOTT Elijah,scott elijah,,,0,0,0,0,0,0,0
2025-2026,8,Lecce,SIEBERT Jamil,siebert jamil,,,0,0,0,0,0,0,0
2025-2026,8,Lecce,VEIGA Danilo,veiga danilo,6.0,6.0,0,0,0,0,0,0,0
2025-2026,8,Lecce,BERISHA Medon,berisha medon,6.0,9.0,1,0,0,0,0,0,0
2025-2026,8,Lecce,COULIBALY Lassana,coulibaly lassana,,,0,0,0,0,0,0,0
2025-2026,8,Lecce,GORTER Olaf,gorter olaf,,,0,0,0,0,0,0,0
2025-2026,8,Lecce,HELGASON Thorir,helgason thorir,4.5,4.5,0,0,0,0,0,0,0
2025-2026,8,Lecce,KABA Mohamed,kaba mohamed,,,0,0,0,0,0,0,0
2025-2026,8,Lecce,MALEH Youssef,maleh youssef,6.0,6.0,0,0,0,0,0,0,0
2025-2026,8,Lecce,MARCHWINSKI Filip,marchwinski filip,,,0,0,0,0,0,0,0
2025-2026,8,Lecce,PIERRET Balthazar,pierret balthazar,,,0,0,0,0,0,0,0
2025-2026,8,Lecce,RAFIA Hamza,rafia hamza,,,0,0,0,0,0,0,0
2025-2026,8,Lecce,RAMADANI Ylber,ramadani ylber,6.0,6.0,0,0,0,0,0,0,0
2025-2026,8,Lecce,SALA Alex,sala alex,,7.0,0,1,0,0,0,0,0
2025-2026,8,Lecce,SOTTIL Riccardo,sottil riccardo,,,0,0,0,0,0,0,0
2025-2026,8,Lecce,BANDA Lameck,banda lameck,6.0,6.0,0,0,0,0,0,0,0
2025-2026,8,Lecce,CAMARDA Francesco,camarda francesco,5.5,5.5,0,0,0,0,0,0,0
2025-2026,8,Lecce,MORENTE Tete,morente tete,5.0,5.0,0,0,0,0,0,0,0
2025-2026,8,Lecce,N'DRI Konan,n'dri konan,6.5,9.5,1,0,0,0,0,0,0
2025-2026,8,Lecce,PIEROTTI Santiago,pierotti santiago,6.0,6.0,0,0,0,0,0,0,0
2025-2026,8,Lecce,STULIC Nikola,stulic nikola,5.0,4.5,0,0,1,0,0,0,0
2025-2026,8,Milan,MAIGNAN Mike,maignan mike,6.0,4.0,-2,0,0,0,0,0,1
2025-2026,8,Milan,TERRACCIANO Pietro,terracciano pietro,,,0,0,0,0,0,0,0
2025-2026,8,Milan,TORRIANI Lorenzo,torriani lorenzo,,,0,0,0,0,0,0,0
2025-2026,8,Milan,ATHEKAME Zachary,athekame zachary,6.0,8.5,1,0,1,0,0,0,0
2025-2026,8,Milan,BARTESAGHI Davide,bartesaghi davide,6.5,6.5,0,0,0,0,0,0,0
2025-2026,8,Milan,DE WINTER Koni,de winter koni,4.0,4.0,0,0,0,0,0,0,0
2025-2026,8,Milan,ESTUPINAN Pervis,estupinan pervis,,,0,0,0,0,0,0,0
2025-2026,8,Milan,GABBIA Matteo,gabbia matteo,6.0,6.0,0,0,0,0,0,0,0
2025-2026,8,Milan,ODOGU David,odogu david,,,0,0,0,0,0,0,0
2025-2026,8,Milan,PAVLOVIC Strahinja,pavlovic strahinja,6.0,6.0,0,0,0,0,0,0,0
2025-2026,8,Milan,TOMORI Fikayo,tomori fikayo,,,0,0,0,0,0,0,0
2025-2026,8,Milan,FOFANA Youssouf,fofana youssouf,6.0,6.0,0,0,0,0,0,0,0
2025-2026,8,Milan,JASHARI Ardon,jashari ardon,,,0,0,0,0,0,0,0
2025-2026,8,Milan,LOFTUS-CHEEK Ruben,loftus-cheek ruben,,,0,0,0,0,0,0,0
2025-2026,8,Milan,MODRIC Luka,modric luka,7.0,8.0,0,1,0,0,0,0,0
2025-2026,8,Milan,RABIOT Adrien,rabiot adrien,,,0,0,0,0,0,0,0
2025-2026,8,Milan,RICCI Samuele,ricci samuele,5.5,6.5,0,1,0,0,0,0,0
2025-2026,8,Milan,SAELEMAEKERS Alexis,saelemaekers alexis,6.5,6.5,0,0,0,0,0,0,0
2025-2026,8,Milan,TRAORE Chaka,traore chaka,,,0,0,0,0,0,0,0
2025-2026,8,Milan,VOS Silvano,vos silvano,,,0,0,0,0,0,0,0
2025-2026,8,Milan,BALENTIEN Chevejo,balentien chevejo,,,0,0,0,0,0,0,0
2025-2026,8,Milan,GIMENEZ Santiago,gimenez santiago,4.5,4.5,0,0,0,0,0,0,0
2025-2026,8,Milan,LEAO Rafael,leao rafael,6.5,9.5,1,0,0,0,0,0,0
2025-2026,8,Milan,NKUNKU Cristopher,nkunku cristopher,5.0,5.0,0,0,0,0,0,0,0
2025-2026,8,Milan,PULISIC Christian,pulisic christian,,,0,0,0,0,0,0,0
2025-2026,8,Napoli,CONTINI Nikita,contini nikita,,,0,0,0,0,0,0,0
2025-2026,8,Napoli,MERET Alex,meret alex,,,0,0,0,0,0,0,0
2025-2026,8,Napoli,MILINKOVIC Vanja,milinkovic vanja,6.5,5.5,-1,0,0,0,0,0,1
2025-2026,8,Napoli,BEUKEMA Sam,beukema sam,,,0,0,0,0,0,0,0
2025-2026,8,Napoli,BUONGIORNO Alessand.,buongiorno alessand.,5.5,5.5,0,0,0,0,0,0,0
2025-2026,8,Napoli,DI LORENZO Giovanni,di lorenzo giovanni,6.0,5.5,0,0,1,0,0,0,0
2025-2026,8,Napoli,GUTIERREZ Miguel,gutierrez miguel,,,0,0,0,0,0,0,0
2025-2026,8,Napoli,JESUS Juan,jesus juan,7.0,7.0,0,0,0,0,0,0,0
2025-2026,8,Napoli,MARIANUCCI Luca,marianucci luca,,,0,0,0,0,0,0,0
2025-2026,8,Napoli,MAZZOCCHI Pasquale,mazzocchi pasquale,,,0,0,0,0,0,0,0
2025-2026,8,Napoli,OLIVERA Mathias,olivera mathias,6.0,6.0,0,0,0,0,0,0,0
2025-2026,8,Napoli,RRAHMANI Amir,rrahmani amir,,,0,0,0,0,0,0,0
2025-2026,8,Napoli,SPINAZZOLA Leonardo,spinazzola leonardo,6.5,7.5,0,1,0,0,0,0,0
2025-2026,8,Napoli,ANGUISSA Andre' Zam.,anguissa andre' zam.,7.5,10.5,1,0,0,0,0,0,0
2025-2026,8,Napoli,DE BRUYNE Kevin,de bruyne kevin,6.5,9.5,1,0,0,0,0,1,0
2025-2026,8,Napoli,ELMAS Eljif,elmas eljif,,6.0,0,0,0,0,0,0,0
2025-2026,8,Napoli,GILMOUR Billy,gilmour billy,6.0,5.5,0,0,1,0,0,0,0
2025-2026,8,Napoli,LOBOTKA Stanislav,lobotka stanislav,,,0,0,0,0,0,0,0
2025-2026,8,Napoli,MCTOMINAY Scott,mctominay scott,7.5,10.5,1,0,0,0,0,0,0
2025-2026,8,Napoli,VERGARA Antonio,vergara antonio,,,0,0,0,0,0,0,0
2025-2026,8,Napoli,AMBROSINO Giuseppe,ambrosino giuseppe,,,0,0,0,0,0,0,0
2025-2026,8,Napoli,HOJLUND Rasmus,hojlund rasmus,,,0,0,0,0,0,0,0
2025-2026,8,Napoli,LANG Noa,lang noa,,6.0,0,0,0,0,0,0,0
2025-2026,8,Napoli,LUCCA Lorenzo,lucca lorenzo,,,0,0,0,0,0,0,0
2025-2026,8,Napoli,LUKAKU Romelu,lukaku romelu,,,0,0,0,0,0,0,0
2025-2026,8,Napoli,NERES David,neres david,6.5,7.5,0,1,0,0,0,0,0
2025-2026,8,Napoli,POLITANO Matteo,politano matteo,6.5,6.5,0,0,0,0,0,0,0
2025-2026,8,Roma,GOLLINI Pierluigi,gollini pierluigi,,,0,0,0,0,0,0,0
2025-2026,8,Roma,SVILAR Mile,svilar mile,6.0,7.0,0,0,0,0,0,0,0
2025-2026,8,Roma,VASQUEZ Devis,vasquez devis,,,0,0,0,0,0,0,0
2025-2026,8,Roma,ANGELINO Jose',angelino jose',,,0,0,0,0,0,0,0
2025-2026,8,Roma,CELIK Zeki,celik zeki,6.5,6.5,0,0,0,0,0,0,0
2025-2026,8,Roma,GHILARDI Daniele,ghilardi daniele,,,0,0,0,0,0,0,0
2025-2026,8,Roma,HERMOSO Mario,hermoso mario,6.5,6.0,0,0,1,0,0,0,0
2025-2026,8,Roma,MANCINI Gianluca,mancini gianluca,7.0,6.5,0,0,1,0,0,0,0
2025-2026,8,Roma,NDICKA Evan,ndicka evan,6.0,6.0,0,0,0,0,0,0,0
2025-2026,8,Roma,RENSCH Devyne,rensch devyne,,,0,0,0,0,0,0,0
2025-2026,8,Roma,SANGARe' Buba,sangare' buba,,,0,0,0,0,0,0,0
2025-2026,8,Roma,TSIMIKAS Konstantin.,tsimikas konstantin.,5.0,5.0,0,0,0,0,0,0,0
2025-2026,8,Roma,WESLEY,wesley,7.0,7.0,0,0,0,0,0,0,0
2025-2026,8,Roma,ZIOLKOWSKI Jan,ziolkowski jan,,,0,0,0,0,0,0,0
2025-2026,8,Roma,BALDANZI Tommaso,baldanzi tommaso,,,0,0,0,0,0,0,0
2025-2026,8,Roma,CRISTANTE Bryan,cristante bryan,7.0,7.0,0,0,0,0,0,0,0
2025-2026,8,Roma,EL AYNAOUI Neil,el aynaoui neil,5.5,5.5,0,0,0,0,0,0,0
2025-2026,8,Roma,EL SHAARAWY Stephan,el shaarawy stephan,,,0,0,0,0,0,0,0
2025-2026,8,Roma,KONE' Manu,kone' manu,6.0,6.0,0,0,0,0,0,0,0
2025-2026,8,Roma,PELLEGRINI Lorenzo,pellegrini lorenzo,7.0,7.0,0,0,0,0,0,0,0
2025-2026,8,Roma,PISILLI Niccolo',pisilli niccolo',,,0,0,0,0,0,0,0
2025-2026,8,Roma,ROMANO Alessandro,romano alessandro,,,0,0,0,0,0,0,0
2025-2026,8,Roma,ARENA Antonio,arena antonio,,,0,0,0,0,0,0,0
2025-2026,8,Roma,BAILEY Leon,bailey leon,5.0,5.0,0,0,0,0,0,0,0
2025-2026,8,Roma,DOVBYK Artem,dovbyk artem,6.0,6.0,0,0,0,0,0,0,0
2025-2026,8,Roma,DYBALA Paulo,dybala paulo,7.5,10.5,1,0,0,0,0,0,0
2025-2026,8,Roma,FERGUSON Evan,ferguson evan,,,0,0,0,0,0,0,0
2025-2026,8,Roma,SOULE' Matias,soule' matias,6.5,6.5,0,0,0,0,0,0,0
2025-2026,8,Sassuolo,MURIC Arijanet,muric arijanet,7.0,6.0,-1,0,0,0,0,0,0
2025-2026,8,Sassuolo,SATALINO Giacomo,satalino giacomo,,,0,0,0,0,0,0,0
2025-2026,8,Sassuolo,TURATI Stefano,turati stefano,,,0,0,0,0,0,0,0
2025-2026,8,Sassuolo,ZACCHI Gioele,zacchi gioele,,,0,0,0,0,0,0,0
2025-2026,8,Sassuolo,CANDE' Fali,cande' fali,5.5,5.5,0,0,0,0,0,0,0
2025-2026,8,Sassuolo,COULIBALY Woyo,coulibaly woyo,,,0,0,0,0,0,0,0
2025-2026,8,Sassuolo,DOIG Josh,doig josh,6.0,5.5,0,0,1,0,0,0,0
2025-2026,8,Sassuolo,IDZES Jay,idzes jay,5.5,5.5,0,0,0,0,0,0,0
2025-2026,8,Sassuolo,MUHAREMOVIC Tarik,muharemovic tarik,,,0,0,0,0,0,0,0
2025-2026,8,Sassuolo,PAZ Yeferson,paz yeferson,,,0,0,0,0,0,0,0
2025-2026,8,Sassuolo,PIERAGNOLO Edoardo,pieragnolo edoardo,,,0,0,0,0,0,0,0
2025-2026,8,Sassuolo,ROMAGNA Filippo,romagna filippo,5.5,5.5,0,0,0,0,0,0,0
2025-2026,8,Sassuolo,WALUKIEWICZ Sebasti.,walukiewicz sebasti.,5.5,5.5,0,0,0,0,0,0,0
2025-2026,8,Sassuolo,BOLOCA Daniel,boloca daniel,,,0,0,0,0,0,0,0
2025-2026,8,Sassuolo,FADERA Alieu,fadera alieu,5.5,5.5,0,0,0,0,0,0,0
2025-2026,8,Sassuolo,IANNONI Edoardo,iannoni edoardo,,,0,0,0,0,0,0,0
2025-2026,8,Sassuolo,KONE Ismael,kone ismael,6.5,6.5,0,0,0,0,0,0,0
2025-2026,8,Sassuolo,LIPANI Luca,lipani luca,,,0,0,0,0,0,0,0
2025-2026,8,Sassuolo,MATIC Nemanja,matic nemanja,5.0,5.0,0,0,0,0,0,0,0
2025-2026,8,Sassuolo,THORSTVEDT Kristian,thorstvedt kristian,5.5,5.0,0,0,1,0,0,0,0
2025-2026,8,Sassuolo,VOLPATO Cristian,volpato cristian,6.0,5.5,0,0,1,0,0,0,0
2025-2026,8,Sassuolo,VRANCKX Aster,vranckx aster,5.5,5.5,0,0,0,0,0,0,0
2025-2026,8,Sassuolo,BERARDI Domenico,berardi domenico,5.5,5.5,0,0,0,0,0,0,0
2025-2026,8,Sassuolo,CHEDDIRA Walid,cheddira walid,,6.0,0,0,0,0,0,0,0
2025-2026,8,Sassuolo,LAURIENTE' Armand,lauriente' armand,,6.0,0,0,0,0,0,0,0
2025-2026,8,Sassuolo,MORO Luca,moro luca,,,0,0,0,0,0,0,0
2025-2026,8,Sassuolo,PIERINI Nicholas,pierini nicholas,,,0,0,0,0,0,0,0
2025-2026,8,Sassuolo,PINAMONTI Andrea,pinamonti andrea,5.0,5.0,0,0,0,0,0,0,0
2025-2026,8,Sassuolo,SKJELLERUP Laurs,skjellerup laurs,,,0,0,0,0,0,0,0
2025-2026,8,Torino,ISRAEL Franco,israel franco,,,0,0,0,0,0,0,0
2025-2026,8,Torino,PALEARI Alberto,paleari alberto,7.5,6.5,-1,0,0,0,0,0,0
2025-2026,8,Torino,POPA Mihai,popa mihai,,,0,0,0,0,0,0,0
2025-2026,8,Torino,BIRAGHI Cristiano,biraghi cristiano,6.0,6.0,0,0,0,0,0,0,0
2025-2026,8,Torino,COCO Saul,coco saul,5.5,5.5,0,0,0,0,0,0,0
2025-2026,8,Torino,DEMBELE' Ali,dembele' ali,,,0,0,0,0,0,0,0
2025-2026,8,Torino,ISMAJLI Ardian,ismajli ardian,6.0,6.0,0,0,0,0,0,0,0
2025-2026,8,Torino,LAZARO Valentino,lazaro valentino,6.5,7.5,0,1,0,0,0,0,0
2025-2026,8,Torino,MARIPAN Guillermo,maripan guillermo,7.5,10.5,1,0,0,0,0,0,0
2025-2026,8,Torino,MASINA Adam,masina adam,,,0,0,0,0,0,0,0
2025-2026,8,Torino,NKOUNKOU Niels,nkounkou niels,,,0,0,0,0,0,0,0
2025-2026,8,Torino,PEDERSEN Marcus,pedersen marcus,6.5,6.5,0,0,0,0,0,0,0
2025-2026,8,Torino,PEREZ Alex,perez alex,,,0,0,0,0,0,0,0
2025-2026,8,Torino,SAZONOV Saba,sazonov saba,,,0,0,0,0,0,0,0
2025-2026,8,Torino,SCHUURS Perr,schuurs perr,,,0,0,0,0,0,0,0
2025-2026,8,Torino,ZAIA Edoardo,zaia edoardo,,,0,0,0,0,0,0,0
2025-2026,8,Torino,ANJORIN Tino,anjorin tino,,,0,0,0,0,0,0,0
2025-2026,8,Torino,ASLLANI Kristjan,asllani kristjan,5.5,5.5,0,0,0,0,0,0,0
2025-2026,8,Torino,CASADEI Cesare,casadei cesare,6.0,5.5,0,0,1,0,0,0,0
2025-2026,8,Torino,GINEITIS Gvidas,gineitis gvidas,6.0,6.0,0,0,0,0,0,0,0
2025-2026,8,Torino,ILIC Ivan,ilic ivan,,,0,0,0,0,0,0,0
2025-2026,8,Torino,ILKHAN Emirhan,ilkhan emirhan,,,0,0,0,0,0,0,0
2025-2026,8,Torino,PERCIUN Sergiu,perciun sergiu,,,0,0,0,0,0,0,0
2025-2026,8,Torino,TAMEZE Adrien,tameze adrien,7.0,7.0,0,0,0,0,0,0,0
2025-2026,8,Torino,VLASIC Nikola,vlasic nikola,6.0,5.5,0,0,1,0,0,0,0
2025-2026,8,Torino,ABOUKHLAL Zakaria,aboukhlal zakaria,,,0,0,0,0,0,0,0
2025-2026,8,Torino,ADAMS Che',adams che',6.0,6.0,0,0,0,0,0,0,0
2025-2026,8,Torino,GABELLINI Tommaso,gabellini tommaso,,,0,0,0,0,0,0,0
2025-2026,8,Torino,NGONGE Cyril,ngonge cyril,7.0,7.0,0,0,0,0,0,0,0
2025-2026,8,Torino,NJIE Alieu,njie alieu,,,0,0,0,0,0,0,0
2025-2026,8,Torino,SAVVA Zanos,savva zanos,,,0,0,0,0,0,0,0
2025-2026,8,Torino,SIMEONE Giovanni,simeone giovanni,6.0,6.0,0,0,0,0,0,0,0
2025-2026,8,Torino,ZAPATA Duvan,zapata duvan,,,0,0,0,0,0,0,0
2025-2026,8,Udinese,NUNZIANTE Alessandro,nunziante alessandro,,,0,0,0,0,0,0,0
2025-2026,8,Udinese,OKOYE Maduka,okoye maduka,5.0,3.0,-2,0,0,0,0,0,0
2025-2026,8,Udinese,PADELLI Daniele,padelli daniele,,,0,0,0,0,0,0,0
2025-2026,8,Udinese,SAVA Razvan,sava razvan,,,0,0,0,0,0,0,0
2025-2026,8,Udinese,BERTOLA Nicolo',bertola nicolo',6.5,6.5,0,0,0,0,0,0,0
2025-2026,8,Udinese,EHIZIBUE Kingsley,ehizibue kingsley,,,0,0,0,0,0,0,0
2025-2026,8,Udinese,GOGLICHIDZE Saba,goglichidze saba,6.0,6.0,0,0,0,0,0,0,0
2025-2026,8,Udinese,KABASELE Christian,kabasele christian,6.0,6.0,0,0,0,0,0,0,0
2025-2026,8,Udinese,KAMARA Hassane,kamara hassane,5.5,5.5,0,0,0,0,0,0,0
2025-2026,8,Udinese,KRISTENSEN Thomas,kristensen thomas,,,0,0,0,0,0,0,0
2025-2026,8,Udinese,MODESTO Rui,modesto rui,,,0,0,0,0,0,0,0
2025-2026,8,Udinese,PALMA Matteo,palma matteo,,,0,0,0,0,0,0,0
2025-2026,8,Udinese,SOLET Oumar,solet oumar,5.5,5.5,0,0,0,0,0,0,0
2025-2026,8,Udinese,ZANOLI Alessandro,zanoli alessandro,6.0,6.0,0,0,0,0,0,0,0
2025-2026,8,Udinese,ZEMURA Jordan,zemura jordan,,,0,0,0,0,0,0,0
2025-2026,8,Udinese,ATTA Arthur,atta arthur,7.0,9.0,0,2,0,0,0,0,0
2025-2026,8,Udinese,EKKELENKAMP Jurgen,ekkelenkamp jurgen,6.0,6.0,0,0,0,0,0,0,0
2025-2026,8,Udinese,KARLSTROM Jesper,karlstrom jesper,7.0,10.0,1,0,0,0,0,0,0
2025-2026,8,Udinese,LOVRIC Sandi,lovric sandi,,,0,0,0,0,0,0,0
2025-2026,8,Udinese,MILLER Lennon,miller lennon,,,0,0,0,0,0,0,0
2025-2026,8,Udinese,PIOTROWSKI Jakub,piotrowski jakub,6.0,6.0,0,0,0,0,0,0,0
2025-2026,8,Udinese,ZANIOLO Nicolo',zaniolo nicolo',6.5,6.5,0,0,0,0,0,0,0
2025-2026,8,Udinese,ZARRAGA Oier,zarraga oier,,,0,0,0,0,0,0,0
2025-2026,8,Udinese,BAYO Vakoun,bayo vakoun,6.0,7.0,0,1,0,0,0,0,0
2025-2026,8,Udinese,BRAVO Iker,bravo iker,,,0,0,0,0,0,0,0
2025-2026,8,Udinese,BUKSA Adam,buksa adam,6.5,9.0,1,0,1,0,0,0,0
2025-2026,8,Udinese,DAVIS Keinan,davis keinan,6.5,9.0,1,0,1,0,0,0,0
2025-2026,8,Udinese,GUEYE Idrissa,gueye idrissa,,,0,0,0,0,0,0,0
2025-2026,8,Udinese,VINCIATI Giulio,vinciati giulio,,,0,0,0,0,0,0,0
2025-2026,8,Verona,MONTIPO' Lorenzo,montipo' lorenzo,6.0,4.0,-2,0,0,0,0,0,0
2025-2026,8,Verona,PERILLI Simone,perilli simone,,,0,0,0,0,0,0,0
2025-2026,8,Verona,BELGHALI Rafik,belghali rafik,7.0,7.0,0,0,0,0,0,0,0
2025-2026,8,Verona,BELLA-KOTCHAP Armel,bella-kotchap armel,6.5,6.5,0,0,0,0,0,0,0
2025-2026,8,Verona,BRADARIC Domagoj,bradaric domagoj,6.0,6.0,0,0,0,0,0,0,0
2025-2026,8,Verona,CHAM Fallou,cham fallou,4.5,4.5,0,0,0,0,0,0,0
2025-2026,8,Verona,EBOSSE Enzo,ebosse enzo,,,0,0,0,0,0,0,0
2025-2026,8,Verona,FRESE Martin,frese martin,,,0,0,0,0,0,0,0
2025-2026,8,Verona,KURTI Adi,kurti adi,,,0,0,0,0,0,0,0
2025-2026,8,Verona,NELSSON Victor,nelsson victor,5.5,5.0,0,0,1,0,0,0,0
2025-2026,8,Verona,NUNEZ Unai,nunez unai,,6.0,0,0,0,0,0,0,0
2025-2026,8,Verona,OYEGOKE Daniel,oyegoke daniel,,,0,0,0,0,0,0,0
2025-2026,8,Verona,SLOTSAGER Tobias,slotsager tobias,,,0,0,0,0,0,0,0
2025-2026,8,Verona,VALENTINI Nicolas,valentini nicolas,6.0,6.0,0,0,0,0,0,0,0
2025-2026,8,Verona,YELLU Santiago,yellu santiago,,,0,0,0,0,0,0,0
2025-2026,8,Verona,AKPA-AKPRO Jean-Dan.,akpa-akpro jean-dan.,6.0,5.5,0,0,1,0,0,0,0
2025-2026,8,Verona,AL-MUSRATI Moatasem,al-musrati moatasem,,,0,0,0,0,0,0,0
2025-2026,8,Verona,BERNEDE Antoine,bernede antoine,6.0,6.0,0,0,0,0,0,0,0
2025-2026,8,Verona,GAGLIARDINI Roberto,gagliardini roberto,7.0,9.5,1,0,1,0,0,0,0
2025-2026,8,Verona,HARROUI Abdou,harroui abdou,,6.0,0,0,0,0,0,0,0
2025-2026,8,Verona,KASTANOS Grigoris,kastanos grigoris,,,0,0,0,0,0,0,0
2025-2026,8,Verona,NIASSE Cheikh,niasse cheikh,,,0,0,0,0,0,0,0
2025-2026,8,Verona,SERDAR Suat,serdar suat,6.5,6.5,0,0,0,0,0,0,0
2025-2026,8,Verona,SUSLOV Tomas,suslov tomas,,,0,0,0,0,0,0,0
2025-2026,8,Verona,YILDIZ Veis,yildiz veis,,,0,0,0,0,0,0,0
2025-2026,8,Verona,AJAYI Junior,ajayi junior,,,0,0,0,0,0,0,0
2025-2026,8,Verona,GIOVANE Do Nascimie.,giovane do nascimie.,6.5,8.5,0,2,0,0,0,0,0
2025-2026,8,Verona,LUNA Agustin,luna agustin,,,0,0,0,0,0,0,0
2025-2026,8,Verona,MOSQUERA Daniel,mosquera daniel,,,0,0,0,0,0,0,0
2025-2026,8,Verona,ORBAN Gift,orban gift,6.0,9.0,1,0,0,0,0,0,0
2025-2026,8,Verona,SARR Amin,sarr amin,5.5,5.5,0,0,0,0,0,0,0
2025-2026,8,Cremonese,AUDERO Emil,audero emil,,,0,0,0,0,0,0,0
2025-2026,8,Cremonese,MALOVEC Adrian,malovec adrian,,,0,0,0,0,0,0,0
2025-2026,8,Cremonese,NAVA Lapo,nava lapo,,,0,0,0,0,0,0,0
2025-2026,8,Cremonese,SILVESTRI Marco,silvestri marco,6.5,5.5,-1,0,0,0,0,0,0
2025-2026,8,Cremonese,BARBIERI Tommaso,barbieri tommaso,6.0,6.0,0,0,0,0,0,0,0
2025-2026,8,Cremonese,BASCHIROTTO Federico,baschirotto federico,6.5,6.5,0,0,0,0,0,0,0
2025-2026,8,Cremonese,BIANCHETTI Matteo,bianchetti matteo,6.0,6.0,0,0,0,0,0,0,0
2025-2026,8,Cremonese,CECCHERINI Federico,ceccherini federico,,,0,0,0,0,0,0,0
2025-2026,8,Cremonese,FAYE Mikayil,faye mikayil,6.5,6.5,0,0,0,0,0,0,0
2025-2026,8,Cremonese,FLORIANI MUSSOLINI .,floriani mussolini .,6.5,6.0,0,0,1,0,0,0,0
2025-2026,8,Cremonese,FOLINO Francesco,folino francesco,6.0,6.0,0,0,0,0,0,0,0
2025-2026,8,Cremonese,PEZZELLA Giuseppe,pezzella giuseppe,,,0,0,0,0,0,0,0
2025-2026,8,Cremonese,SERNICOLA Leonardo,sernicola leonardo,,,0,0,0,0,0,0,0
2025-2026,8,Cremonese,TERRACCIANO Filippo,terracciano filippo,7.0,7.0,0,0,0,0,0,0,0
2025-2026,8,Cremonese,BONDO Warren,bondo warren,,,0,0,0,0,0,0,0
2025-2026,8,Cremonese,COLLOCOLO Michele,collocolo michele,,,0,0,0,0,0,0,0
2025-2026,8,Cremonese,GRASSI Alberto,grassi alberto,,,0,0,0,0,0,0,0
2025-2026,8,Cremonese,LORDKIPANIDZE Dachi,lordkipanidze dachi,,,0,0,0,0,0,0,0
2025-2026,8,Cremonese,PAYERO Martin,payero martin,5.5,5.5,0,0,0,0,0,0,0
2025-2026,8,Cremonese,VALOTI Mattia,valoti mattia,,,0,0,0,0,0,0,0
2025-2026,8,Cremonese,VANDEPUTTE Jari,vandeputte jari,6.5,6.5,0,0,0,0,0,0,0
2025-2026,8,Cremonese,BONAZZOLI Federico,bonazzoli federico,,,0,0,0,0,0,0,0
2025-2026,8,Cremonese,DE LUCA Manuel,de luca manuel,,,0,0,0,0,0,0,0
2025-2026,8,Cremonese,JOHNSEN Dennis,johnsen dennis,,,0,0,0,0,0,0,0
2025-2026,8,Cremonese,MOUMBAGNA Faris,moumbagna faris,,,0,0,0,0,0,0,0
2025-2026,8,Cremonese,OKEREKE David,okereke david,,,0,0,0,0,0,0,0
2025-2026,8,Cremonese,SANABRIA Antonio,sanabria antonio,5.5,5.5,0,0,0,0,0,0,0
2025-2026,8,Cremonese,SARMIENTO Jeremy,sarmiento jeremy,6.5,6.5,0,0,0,0,0,0,0
2025-2026,8,Cremonese,VARDY Jamie,vardy jamie,6.5,9.0,1,0,1,0,0,0,0
2025-2026,8,Cremonese,VAZQUEZ Franco,vazquez franco,,5.5,0,0,1,0,0,0,0
2025-2026,8,Cremonese,ZERBIN Alessio,zerbin alessio,6.0,6.0,0,0,0,0,0,0,0
2025-2026,8,Parma,CORVI Edoardo,corvi edoardo,,,0,0,0,0,0,0,0
2025-2026,8,Parma,RINALDI Filippo,rinaldi filippo,,,0,0,0,0,0,0,0
2025-2026,8,Parma,SUZUKI Zion,suzuki zion,6.0,7.0,0,0,0,0,0,0,0
2025-2026,8,Parma,BRITSCHGI Sascha,britschgi sascha,6.0,6.0,0,0,0,0,0,0,0
2025-2026,8,Parma,CIRCATI Alessandro,circati alessandro,6.0,6.0,0,0,0,0,0,0,0
2025-2026,8,Parma,DEL PRATO Enrico,del prato enrico,6.5,6.5,0,0,0,0,0,0,0
2025-2026,8,Parma,LOVIK Mathias,lovik mathias,,,0,0,0,0,0,0,0
2025-2026,8,Parma,NDIAYE Abdoulaye,ndiaye abdoulaye,,,0,0,0,0,0,0,0
2025-2026,8,Parma,TRABUCCHI Nicolas,trabucchi nicolas,,,0,0,0,0,0,0,0
2025-2026,8,Parma,TROILO Mariano,troilo mariano,,,0,0,0,0,0,0,0
2025-2026,8,Parma,VALENTI Lautaro,valenti lautaro,6.0,6.0,0,0,0,0,0,0,0
2025-2026,8,Parma,VALERI Emanuele,valeri emanuele,,,0,0,0,0,0,0,0
2025-2026,8,Parma,BERNABE' Adrian,bernabe' adrian,6.0,6.0,0,0,0,0,0,0,0
2025-2026,8,Parma,CREMASCHI Benjamin,cremaschi benjamin,,,0,0,0,0,0,0,0
2025-2026,8,Parma,ESTEVEZ Nahuel,estevez nahuel,6.5,6.5,0,0,0,0,0,0,0
2025-2026,8,Parma,HERNANI,hernani,6.0,6.0,0,0,0,0,0,0,0
2025-2026,8,Parma,KEITA Mandela,keita mandela,7.0,7.0,0,0,0,0,0,0,0
2025-2026,8,Parma,ORDONEZ Christian,ordonez christian,6.0,6.0,0,0,0,0,0,0,0
2025-2026,8,Parma,ORISTANIO Gaetano,oristanio gaetano,,,0,0,0,0,0,0,0
2025-2026,8,Parma,PLICCO Elia,plicco elia,,,0,0,0,0,0,0,0
2025-2026,8,Parma,SORENSEN Oliver,sorensen oliver,6.0,6.0,0,0,0,0,0,0,0
2025-2026,8,Parma,ALMQVIST Pontus,almqvist pontus,,,0,0,0,0,0,0,0
2025-2026,8,Parma,BEGIC Tjas,begic tjas,,,0,0,0,0,0,0,0
2025-2026,8,Parma,BENEDYCZAK Adrian,benedyczak adrian,6.0,6.0,0,0,0,0,0,0,0
2025-2026,8,Parma,CUTRONE Patrick,cutrone patrick,6.0,6.0,0,0,0,0,0,0,0
2025-2026,8,Parma,DJURIC Milan,djuric milan,,,0,0,0,0,0,0,0
2025-2026,8,Parma,FRIGAN Matija,frigan matija,,,0,0,0,0,0,0,0
2025-2026,8,Parma,ONDREJKA Jacob,ondrejka jacob,,,0,0,0,0,0,0,0
2025-2026,8,Parma,PELLEGRINO Mateo,pellegrino mateo,5.5,5.5,0,0,0,0,0,0,0
2025-2026,8,Pisa,NICOLAS,nicolas,,,0,0,0,0,0,0,0
2025-2026,8,Pisa,SCUFFET Simone,scuffet simone,,,0,0,0,0,0,0,0
2025-2026,8,Pisa,SEMPER Adrian,semper adrian,7.0,5.0,-2,0,0,0,0,0,0
2025-2026,8,Pisa,ALBIOL Raul,albiol raul,6.0,6.0,0,0,0,0,0,0,0
2025-2026,8,Pisa,ANGORI Samuele,angori samuele,,,0,0,0,0,0,0,0
2025-2026,8,Pisa,BONFANTI Giovanni,bonfanti giovanni,5.5,5.5,0,0,0,0,0,0,0
2025-2026,8,Pisa,CALABRESI Arturo,calabresi arturo,6.0,6.0,0,0,0,0,0,0,0
2025-2026,8,Pisa,CANESTRELLI Simone,canestrelli simone,6.5,6.5,0,0,0,0,0,0,0
2025-2026,8,Pisa,CARACCIOLO Antonio,caracciolo antonio,6.0,6.0,0,0,0,0,0,0,0
2025-2026,8,Pisa,CUADRADO Juan,cuadrado juan,7.0,10.0,1,0,0,0,0,1,0
2025-2026,8,Pisa,DENOON Daniel,denoon daniel,,,0,0,0,0,0,0,0
2025-2026,8,Pisa,ESTEVES Tomas,esteves tomas,,,0,0,0,0,0,0,0
2025-2026,8,Pisa,LUSUARDI Mateus,lusuardi mateus,,,0,0,0,0,0,0,0
2025-2026,8,Pisa,MBAMBI Jeremy,mbambi jeremy,,,0,0,0,0,0,0,0
2025-2026,8,Pisa,AEBISCHER Michel,aebischer michel,6.5,6.0,0,0,1,0,0,0,0
2025-2026,8,Pisa,AKINSANMIRO Ebenezer,akinsanmiro ebenezer,7.0,8.0,0,1,0,0,0,0,0
2025-2026,8,Pisa,HOJHOLT Malthe,hojholt malthe,,,0,0,0,0,0,0,0
2025-2026,8,Pisa,LERIS Mehdi,leris mehdi,,,0,0,0,0,0,0,0
2025-2026,8,Pisa,LORRAN De Sousa,lorran de sousa,,,0,0,0,0,0,0,0
2025-2026,8,Pisa,MARIN Marius,marin marius,,,0,0,0,0,0,0,0
2025-2026,8,Pisa,MAUCCI Giacomo,maucci giacomo,,,0,0,0,0,0,0,0
2025-2026,8,Pisa,PICCININI Gabriele,piccinini gabriele,,,0,0,0,0,0,0,0
2025-2026,8,Pisa,STENGS Calvin,stengs calvin,,,0,0,0,0,0,0,0
2025-2026,8,Pisa,TOURE Idrissa,toure idrissa,6.0,6.0,0,0,0,0,0,0,0
2025-2026,8,Pisa,TRAMONI Matteo,tramoni matteo,6.0,6.0,0,0,0,0,0,0,0
2025-2026,8,Pisa,VURAL Isak,vural isak,6.0,5.5,0,0,1,0,0,0,0
2025-2026,8,Pisa,BUFFON Louis,buffon louis,,,0,0,0,0,0,0,0
2025-2026,8,Pisa,MEISTER Henrik,meister henrik,5.0,5.0,0,0,0,0,0,0,0
2025-2026,8,Pisa,MOREO Stefano,moreo stefano,5.5,5.5,0,0,0,0,0,0,0
2025-2026,8,Pisa,NZOLA M'Bala,nzola m'bala,7.0,9.5,1,0,1,0,0,0,0
2025-2026,8,Como,BUTEZ Jean,butez jean,6.5,7.5,0,0,0,0,0,0,0
2025-2026,8,Como,CAVLINA Nikola,cavlina nikola,,,0,0,0,0,0,0,0
2025-2026,8,Como,VIGORITO Mauro,vigorito mauro,,,0,0,0,0,0,0,0
2025-2026,8,Como,CARLOS Diego,carlos diego,6.0,5.5,0,0,1,0,0,0,0
2025-2026,8,Como,DOSSENA Alberto,dossena alberto,,,0,0,0,0,0,0,0
2025-2026,8,Como,GOLDANIGA Edoardo,goldaniga edoardo,,,0,0,0,0,0,0,0
2025-2026,8,Como,KEMPF Marc-Oliver,kempf marc-oliver,6.0,6.0,0,0,0,0,0,0,0
2025-2026,8,Como,MORENO Alberto,moreno alberto,6.0,6.0,0,0,0,0,0,0,0
2025-2026,8,Como,POSCH Stefan,posch stefan,,,0,0,0,0,0,0,0
2025-2026,8,Como,RAMON Jacobo,ramon jacobo,,,0,0,0,0,0,0,0
2025-2026,8,Como,ROBERTO Sergi,roberto sergi,,,0,0,0,0,0,0,0
2025-2026,8,Como,SALA Marco,sala marco,,,0,0,0,0,0,0,0
2025-2026,8,Como,SMOLCIC Ivan,smolcic ivan,6.0,6.0,0,0,0,0,0,0,0
2025-2026,8,Como,VALLE Alex,valle alex,,,0,0,0,0,0,0,0
2025-2026,8,Como,VAN DER BREMPT Igna.,van der brempt igna.,,,0,0,0,0,0,0,0
2025-2026,8,Como,VOJVODA Mergim,vojvoda mergim,5.5,5.5,0,0,0,0,0,0,0
2025-2026,8,Como,BATURINA Martin,baturina martin,5.5,5.5,0,0,0,0,0,0,0
2025-2026,8,Como,CAQUERET Maxence,caqueret maxence,5.5,5.5,0,0,0,0,0,0,0
2025-2026,8,Como,DA CUNHA Lucas,da cunha lucas,6.0,6.0,0,0,0,0,0,0,0
2025-2026,8,Como,PAZ Nico,paz nico,5.5,5.5,0,0,0,0,0,0,0
2025-2026,8,Como,PERRONE Maximo,perrone maximo,6.0,6.0,0,0,0,0,0,0,0
2025-2026,8,Como,ADDAI Jaden,addai jaden,,,0,0,0,0,0,0,0
2025-2026,8,Como,CERRI Alberto,cerri alberto,,,0,0,0,0,0,0,0
2025-2026,8,Como,DIAO Assane,diao assane,5.5,5.5,0,0,0,0,0,0,0
2025-2026,8,Como,DOUVIKAS Tasos,douvikas tasos,6.0,6.0,0,0,0,0,0,0,0
2025-2026,8,Como,KUHN Nicolas,kuhn nicolas,6.5,6.5,0,0,0,0,0,0,0
2025-2026,8,Como,MORATA Alvaro,morata alvaro,5.5,5.5,0,0,0,0,0,0,0
2025-2026,8,Como,RODRIGUEZ Jesus,rodriguez jesus,,,0,0,0,0,0,0,0
2025-2026,9,Atalanta,CARNESECCHI Marco,carnesecchi marco,6.0,5.0,-1,0,0,0,0,0,0
2025-2026,9,Atalanta,ROSSI Francesco,rossi francesco,,,0,0,0,0,0,0,0
2025-2026,9,Atalanta,SPORTIELLO Marco,sportiello marco,,,0,0,0,0,0,0,0
2025-2026,9,Atalanta,AHANOR Honest,ahanor honest,6.0,6.0,0,0,0,0,0,0,0
2025-2026,9,Atalanta,BAKKER Mitchel,bakker mitchel,,,0,0,0,0,0,0,0
2025-2026,9,Atalanta,BELLANOVA Raoul,bellanova raoul,6.0,6.0,0,0,0,0,0,0,0
2025-2026,9,Atalanta,BERNASCONI Lorenzo,bernasconi lorenzo,5.5,5.5,0,0,0,0,0,0,0
2025-2026,9,Atalanta,COMI Pietro,comi pietro,,,0,0,0,0,0,0,0
2025-2026,9,Atalanta,DJIMSITI Berat,djimsiti berat,6.0,6.0,0,0,0,0,0,0,0
2025-2026,9,Atalanta,HIEN Isak,hien isak,6.5,6.5,0,0,0,0,0,0,0
2025-2026,9,Atalanta,KOLASINAC Sead,kolasinac sead,,,0,0,0,0,0,0,0
2025-2026,9,Atalanta,KOSSOUNOU Odilon,kossounou odilon,6.5,6.5,0,0,0,0,0,0,0
2025-2026,9,Atalanta,OBRIC Relja,obric relja,,,0,0,0,0,0,0,0
2025-2026,9,Atalanta,SCALVINI Giorgio,scalvini giorgio,,,0,0,0,0,0,0,0
2025-2026,9,Atalanta,ZAPPACOSTA Davide,zappacosta davide,6.5,6.5,0,0,0,0,0,0,0
2025-2026,9,Atalanta,BRESCIANINI Marco,brescianini marco,6.5,6.0,0,0,1,0,0,0,0
2025-2026,9,Atalanta,CASSA Federico,cassa federico,,,0,0,0,0,0,0,0
2025-2026,9,Atalanta,DE ROON Marten,de roon marten,6.0,6.0,0,0,0,0,0,0,0
2025-2026,9,Atalanta,EDERSON,ederson,6.0,6.0,0,0,0,0,0,0,0
2025-2026,9,Atalanta,MALDINI Daniel,maldini daniel,,,0,0,0,0,0,0,0
2025-2026,9,Atalanta,MANZONI Alberto,manzoni alberto,,,0,0,0,0,0,0,0
2025-2026,9,Atalanta,MUSAH Yunus,musah yunus,,,0,0,0,0,0,0,0
2025-2026,9,Atalanta,PASALIC Mario,pasalic mario,7.0,8.0,0,1,0,0,0,0,0
2025-2026,9,Atalanta,SAMARDZIC Lazar,samardzic lazar,,6.0,0,0,0,0,0,0,0
2025-2026,9,Atalanta,ZALEWSKI Nicola,zalewski nicola,,,0,0,0,0,0,0,0
2025-2026,9,Atalanta,DE KETELAERE Charles,de ketelaere charles,6.5,6.5,0,0,0,0,0,0,0
2025-2026,9,Atalanta,KRSTOVIC Nikola,krstovic nikola,,,0,0,0,0,0,0,0
2025-2026,9,Atalanta,LOOKMAN Ademola,lookman ademola,7.0,10.0,1,0,0,0,0,0,0
2025-2026,9,Atalanta,SCAMACCA Gianluca,scamacca gianluca,,,0,0,0,0,0,0,0
2025-2026,9,Atalanta,SULEMANA Kamaldeen,sulemana kamaldeen,,,0,0,0,0,0,0,0
2025-2026,9,Bologna,PESSINA Massimo,pessina massimo,,,0,0,0,0,0,0,0
2025-2026,9,Bologna,RAVAGLIA Federico,ravaglia federico,,,0,0,0,0,0,0,0
2025-2026,9,Bologna,SKORUPSKI Lukasz,skorupski lukasz,6.0,7.0,0,0,0,0,0,0,0
2025-2026,9,Bologna,BONIFAZI Kevin,bonifazi kevin,,,0,0,0,0,0,0,0
2025-2026,9,Bologna,CASALE Nicolo',casale nicolo',,,0,0,0,0,0,0,0
2025-2026,9,Bologna,DE SILVESTRI Lorenzo,de silvestri lorenzo,,,0,0,0,0,0,0,0
2025-2026,9,Bologna,HEGGEM Torbjorn,heggem torbjorn,,,0,0,0,0,0,0,0
2025-2026,9,Bologna,HOLM Emil,holm emil,,,0,0,0,0,0,0,0
2025-2026,9,Bologna,LUCUMI Jhon,lucumi jhon,6.5,6.5,0,0,0,0,0,0,0
2025-2026,9,Bologna,LYKOGIANNIS Charala.,lykogiannis charala.,6.5,6.0,0,0,1,0,0,0,0
2025-2026,9,Bologna,MIRANDA Juan,miranda juan,,,0,0,0,0,0,0,0
2025-2026,9,Bologna,VITIK Martin,vitik martin,6.0,6.0,0,0,0,0,0,0,0
2025-2026,9,Bologna,ZORTEA Nadir,zortea nadir,6.0,6.0,0,0,0,0,0,0,0
2025-2026,9,Bologna,BERNARDESCHI Federi.,bernardeschi federi.,6.0,6.0,0,0,0,0,0,0,0
2025-2026,9,Bologna,FABBIAN Giovanni,fabbian giovanni,,,0,0,0,0,0,0,0
2025-2026,9,Bologna,FERGUSON Lewis,ferguson lewis,5.5,5.5,0,0,0,0,0,0,0
2025-2026,9,Bologna,FREULER Remo,freuler remo,6.0,6.0,0,0,0,0,0,0,0
2025-2026,9,Bologna,MORO Nikola,moro nikola,6.0,6.0,0,0,0,0,0,0,0
2025-2026,9,Bologna,POBEGA Tommaso,pobega tommaso,,,0,0,0,0,0,0,0
2025-2026,9,Bologna,SULEMANA,sulemana,,,0,0,0,0,0,0,0
2025-2026,9,Bologna,CAMBIAGHI Nicolo',cambiaghi nicolo',5.5,5.5,0,0,0,0,0,0,0
2025-2026,9,Bologna,CASTRO Santiago,castro santiago,5.5,5.5,0,0,0,0,0,0,0
2025-2026,9,Bologna,DALLINGA Thijs,dallinga thijs,5.0,5.0,0,0,0,0,0,0,0
2025-2026,9,Bologna,DOMINGUEZ Benjamin,dominguez benjamin,5.0,5.0,0,0,0,0,0,0,0
2025-2026,9,Bologna,IMMOBILE Ciro,immobile ciro,,,0,0,0,0,0,0,0
2025-2026,9,Bologna,ODGAARD Jens,odgaard jens,5.5,5.0,0,0,1,0,0,0,0
2025-2026,9,Bologna,ORSOLINI Riccardo,orsolini riccardo,6.0,6.0,0,0,0,0,0,0,0
2025-2026,9,Bologna,ROWE Jonathan,rowe jonathan,,,0,0,0,0,0,0,0
2025-2026,9,Cagliari,CAPRILE Elia,caprile elia,6.0,3.5,-2,0,1,0,0,0,0
2025-2026,9,Cagliari,CIOCCI Giuseppe,ciocci giuseppe,,,0,0,0,0,0,0,0
2025-2026,9,Cagliari,RADUNOVIC Boris,radunovic boris,,,0,0,0,0,0,0,0
2025-2026,9,Cagliari,IDRISSI Riyad,idrissi riyad,5.5,5.0,0,0,1,0,0,0,0
2025-2026,9,Cagliari,LUPERTO Sebastiano,luperto sebastiano,,,0,0,0,0,0,0,0
2025-2026,9,Cagliari,MINA Yerry,mina yerry,,,0,0,0,0,0,0,0
2025-2026,9,Cagliari,OBERT Adam,obert adam,6.0,5.5,0,0,1,0,0,0,0
2025-2026,9,Cagliari,PALESTRA Marco,palestra marco,6.0,6.0,0,0,0,0,0,0,0
2025-2026,9,Cagliari,RODRIGUEZ Juan,rodriguez juan,,,0,0,0,0,0,0,0
2025-2026,9,Cagliari,ZAPPA Gabriele,zappa gabriele,6.5,6.5,0,0,0,0,0,0,0
2025-2026,9,Cagliari,ZE PEDRO,ze pedro,5.5,5.5,0,0,0,0,0,0,0
2025-2026,9,Cagliari,ADOPO Michel,adopo michel,5.5,5.5,0,0,0,0,0,0,0
2025-2026,9,Cagliari,CAVUOTI Nicolo',cavuoti nicolo',,,0,0,0,0,0,0,0
2025-2026,9,Cagliari,DEIOLA Alessandro,deiola alessandro,,,0,0,0,0,0,0,0
2025-2026,9,Cagliari,DI PARDO Alessandro,di pardo alessandro,,,0,0,0,0,0,0,0
2025-2026,9,Cagliari,FOLORUNSHO Michael,folorunsho michael,5.5,5.0,0,0,1,0,0,0,0
2025-2026,9,Cagliari,GAETANO Gianluca,gaetano gianluca,6.0,6.0,0,0,0,0,0,0,0
2025-2026,9,Cagliari,LITETA Joseph,liteta joseph,,,0,0,0,0,0,0,0
2025-2026,9,Cagliari,MAZZITELLI Luca,mazzitelli luca,,6.0,0,0,0,0,0,0,0
2025-2026,9,Cagliari,PRATI Matteo,prati matteo,5.5,5.5,0,0,0,0,0,0,0
2025-2026,9,Cagliari,ROG Marko,rog marko,,,0,0,0,0,0,0,0
2025-2026,9,Cagliari,BELOTTI Andrea,belotti andrea,,,0,0,0,0,0,0,0
2025-2026,9,Cagliari,BORRELLI Gennaro,borrelli gennaro,6.0,6.0,0,0,0,0,0,0,0
2025-2026,9,Cagliari,ESPOSITO Sebastiano,esposito sebastiano,6.5,9.5,1,0,0,0,0,0,0
2025-2026,9,Cagliari,FELICI Mattia,felici mattia,6.0,7.0,0,1,0,0,0,0,0
2025-2026,9,Cagliari,KILICSOY Semih,kilicsoy semih,,,0,0,0,0,0,0,0
2025-2026,9,Cagliari,LUVUMBO Sebastiao Z.,luvumbo sebastiao z.,,6.0,0,0,0,0,0,0,0
2025-2026,9,Cagliari,PAVOLETTI Leonardo,pavoletti leonardo,6.0,6.0,0,0,0,0,0,0,0
2025-2026,9,Fiorentina,DE GEA David,de gea david,7.5,4.5,-3,0,0,0,0,0,1
2025-2026,9,Fiorentina,LEZZERINI Luca,lezzerini luca,,,0,0,0,0,0,0,0
2025-2026,9,Fiorentina,MARTINELLI Tommaso,martinelli tommaso,,,0,0,0,0,0,0,0
2025-2026,9,Fiorentina,COMUZZO Pietro,comuzzo pietro,4.5,4.5,0,0,0,0,0,0,0
2025-2026,9,Fiorentina,DODO,dodo,6.0,6.0,0,0,0,0,0,0,0
2025-2026,9,Fiorentina,FORTINI Niccolo',fortini niccolo',,6.0,0,0,0,0,0,0,0
2025-2026,9,Fiorentina,GOSENS Robin,gosens robin,5.5,5.5,0,0,0,0,0,0,0
2025-2026,9,Fiorentina,KOSPO Eman,kospo eman,,,0,0,0,0,0,0,0
2025-2026,9,Fiorentina,KOUADIO Eddy,kouadio eddy,,,0,0,0,0,0,0,0
2025-2026,9,Fiorentina,LAMPTEY Tariq,lamptey tariq,,,0,0,0,0,0,0,0
2025-2026,9,Fiorentina,MARI Pablo,mari pablo,5.5,5.5,0,0,0,0,0,0,0
2025-2026,9,Fiorentina,PARISI Fabiano,parisi fabiano,,,0,0,0,0,0,0,0
2025-2026,9,Fiorentina,PONGRACIC Marin,pongracic marin,,,0,0,0,0,0,0,0
2025-2026,9,Fiorentina,RANIERI Luca,ranieri luca,,,0,0,0,0,0,0,0
2025-2026,9,Fiorentina,VITI Mattia,viti mattia,5.0,4.0,0,0,0,1,0,0,0
2025-2026,9,Fiorentina,FAGIOLI Nicolo',fagioli nicolo',5.5,5.5,0,0,0,0,0,0,0
2025-2026,9,Fiorentina,FAZZINI Jacopo,fazzini jacopo,5.0,5.0,0,0,0,0,0,0,0
2025-2026,9,Fiorentina,INFANTINO Gino,infantino gino,,,0,0,0,0,0,0,0
2025-2026,9,Fiorentina,MANDRAGORA Rolando,mandragora rolando,5.0,5.0,0,0,0,0,0,0,0
2025-2026,9,Fiorentina,NDOUR Cher,ndour cher,5.5,5.5,0,0,0,0,0,0,0
2025-2026,9,Fiorentina,NICOLUSSI CAVIGLIA .,nicolussi caviglia .,,,0,0,0,0,0,0,0
2025-2026,9,Fiorentina,RICHARDSON Amir,richardson amir,,,0,0,0,0,0,0,0
2025-2026,9,Fiorentina,SABIRI Abdelhamid,sabiri abdelhamid,,,0,0,0,0,0,0,0
2025-2026,9,Fiorentina,SOHM Simon,sohm simon,6.0,6.0,0,0,0,0,0,0,0
2025-2026,9,Fiorentina,DZEKO Edin,dzeko edin,6.0,6.0,0,0,0,0,0,0,0
2025-2026,9,Fiorentina,GUDMUNDSSON Albert,gudmundsson albert,5.5,5.5,0,0,0,0,0,0,0
2025-2026,9,Fiorentina,KEAN Moise,kean moise,6.0,6.0,0,0,0,0,0,0,0
2025-2026,9,Fiorentina,KOUAME' Christian,kouame' christian,,,0,0,0,0,0,0,0
2025-2026,9,Fiorentina,PICCOLI Roberto,piccoli roberto,,,0,0,0,0,0,0,0
2025-2026,9,Genoa,LEALI Nicola,leali nicola,5.5,3.0,-2,0,1,0,0,0,0
2025-2026,9,Genoa,SIEGRIST Benjamin,siegrist benjamin,,,0,0,0,0,0,0,0
2025-2026,9,Genoa,SOMMARIVA Daniele,sommariva daniele,,,0,0,0,0,0,0,0
2025-2026,9,Genoa,KUMER CELIK Alin,kumer celik alin,,,0,0,0,0,0,0,0
2025-2026,9,Genoa,MARCANDALLI Alessan.,marcandalli alessan.,,,0,0,0,0,0,0,0
2025-2026,9,Genoa,MARTIN Aaron,martin aaron,5.0,5.0,0,0,0,0,0,0,0
2025-2026,9,Genoa,NORTON-CUFFY Brooke,norton-cuffy brooke,5.5,5.5,0,0,0,0,0,0,0
2025-2026,9,Genoa,OSTIGARD Leo,ostigard leo,5.5,5.5,0,0,0,0,0,0,0
2025-2026,9,Genoa,OTOA Sebastian,otoa sebastian,,,0,0,0,0,0,0,0
2025-2026,9,Genoa,SABELLI Stefano,sabelli stefano,,,0,0,0,0,0,0,0
2025-2026,9,Genoa,VASQUEZ Johan,vasquez johan,5.5,5.5,0,0,0,0,0,0,0
2025-2026,9,Genoa,CARBONI Valentin,carboni valentin,5.0,4.5,0,0,1,0,0,0,0
2025-2026,9,Genoa,CUENCA Hugo,cuenca hugo,,,0,0,0,0,0,0,0
2025-2026,9,Genoa,ELLERTSSON Mikael,ellertsson mikael,5.5,5.5,0,0,0,0,0,0,0
2025-2026,9,Genoa,FINI Seydou,fini seydou,,,0,0,0,0,0,0,0
2025-2026,9,Genoa,FRENDRUP Morten,frendrup morten,6.0,6.0,0,0,0,0,0,0,0
2025-2026,9,Genoa,GRONBAEK Alberto,gronbaek alberto,,,0,0,0,0,0,0,0
2025-2026,9,Genoa,LAFONT Gael,lafont gael,,,0,0,0,0,0,0,0
2025-2026,9,Genoa,MALINOVSKIY Ruslan,malinovskiy ruslan,5.5,5.5,0,0,0,0,0,0,0
2025-2026,9,Genoa,MASINI Patrizio,masini patrizio,5.5,5.5,0,0,0,0,0,0,0
2025-2026,9,Genoa,MESSIAS Junior,messias junior,,,0,0,0,0,0,0,0
2025-2026,9,Genoa,ONANA Jean,onana jean,,,0,0,0,0,0,0,0
2025-2026,9,Genoa,STANCIU Nicolae,stanciu nicolae,,,0,0,0,0,0,0,0
2025-2026,9,Genoa,THORSBY Morten,thorsby morten,,,0,0,0,0,0,0,0
2025-2026,9,Genoa,COLOMBO Lorenzo,colombo lorenzo,5.0,5.0,0,0,0,0,0,0,0
2025-2026,9,Genoa,CORNET Maxwel,cornet maxwel,5.0,5.0,0,0,0,0,0,0,0
2025-2026,9,Genoa,EKHATOR Jeff,ekhator jeff,5.0,5.0,0,0,0,0,0,0,0
2025-2026,9,Genoa,EKUBAN Caleb,ekuban caleb,6.0,6.0,0,0,0,0,0,0,0
2025-2026,9,Genoa,VENTURINO Lorenzo,venturino lorenzo,,,0,0,0,0,0,0,0
2025-2026,9,Genoa,VITINHA,vitinha,6.0,5.5,0,0,1,0,0,0,0
2025-2026,9,Inter,DI GENNARO Raffaele,di gennaro raffaele,,,0,0,0,0,0,0,0
2025-2026,9,Inter,MARTINEZ Josep,martinez josep,,,0,0,0,0,0,0,0
2025-2026,9,Inter,SOMMER Yann,sommer yann,6.0,7.0,0,0,0,0,0,0,0
2025-2026,9,Inter,ACERBI Francesco,acerbi francesco,,,0,0,0,0,0,0,0
2025-2026,9,Inter,AKANJI Manuel,akanji manuel,6.5,6.5,0,0,0,0,0,0,0
2025-2026,9,Inter,ALEXIOU Christos,alexiou christos,,,0,0,0,0,0,0,0
2025-2026,9,Inter,BASTONI Alessandro,bastoni alessandro,7.0,7.0,0,0,0,0,0,0,0
2025-2026,9,Inter,BISSECK Yann Aurel,bisseck yann aurel,7.0,7.0,0,0,0,0,0,0,0
2025-2026,9,Inter,CARLOS AUGUSTO,carlos augusto,,6.0,0,0,0,0,0,0,0
2025-2026,9,Inter,COCCHI Matteo,cocchi matteo,,,0,0,0,0,0,0,0
2025-2026,9,Inter,DARMIAN Matteo,darmian matteo,,,0,0,0,0,0,0,0
2025-2026,9,Inter,DE VRIJ Stefan,de vrij stefan,,,0,0,0,0,0,0,0
2025-2026,9,Inter,DIMARCO Federico,dimarco federico,6.5,6.5,0,0,0,0,0,0,0
2025-2026,9,Inter,DUMFRIES Denzel,dumfries denzel,6.0,6.0,0,0,0,0,0,0,0
2025-2026,9,Inter,LUIS HENRIQUE,luis henrique,,,0,0,0,0,0,0,0
2025-2026,9,Inter,PALACIOS Tomas,palacios tomas,,,0,0,0,0,0,0,0
2025-2026,9,Inter,RE CECCONI Gabriele,re cecconi gabriele,,,0,0,0,0,0,0,0
2025-2026,9,Inter,BARELLA Nicolo',barella nicolo',6.0,7.0,0,1,0,0,0,0,0
2025-2026,9,Inter,BERENBRUCH Thomas,berenbruch thomas,,,0,0,0,0,0,0,0
2025-2026,9,Inter,CALHANOGLU Hakan,calhanoglu hakan,7.5,13.5,2,0,0,0,0,1,0
2025-2026,9,Inter,DIOUF Andy,diouf andy,,,0,0,0,0,0,0,0
2025-2026,9,Inter,FRATTESI Davide,frattesi davide,,,0,0,0,0,0,0,0
2025-2026,9,Inter,MKHITARYAN Henrikh,mkhitaryan henrikh,,,0,0,0,0,0,0,0
2025-2026,9,Inter,SUCIC Petar,sucic petar,7.5,10.5,1,0,0,0,0,0,0
2025-2026,9,Inter,TOPALOVIC Luka,topalovic luka,,,0,0,0,0,0,0,0
2025-2026,9,Inter,ZIELINSKI Piotr,zielinski piotr,,,0,0,0,0,0,0,0
2025-2026,9,Inter,BONNY Ange-Yoan,bonny ange-yoan,6.5,6.5,0,0,0,0,0,0,0
2025-2026,9,Inter,ESPOSITO Francesco .,esposito francesco .,6.0,5.5,0,0,1,0,0,0,0
2025-2026,9,Inter,MARTINEZ Lautaro,martinez lautaro,6.0,7.0,0,1,0,0,0,0,0
2025-2026,9,Inter,THURAM Marcus,thuram marcus,,,0,0,0,0,0,0,0
2025-2026,9,Juventus,DI GREGORIO Michele,di gregorio michele,6.0,4.5,-1,0,1,0,0,0,0
2025-2026,9,Juventus,PERIN Mattia,perin mattia,,,0,0,0,0,0,0,0
2025-2026,9,Juventus,PINSOGLIO Carlo,pinsoglio carlo,,,0,0,0,0,0,0,0
2025-2026,9,Juventus,BREMER Gleison,bremer gleison,,,0,0,0,0,0,0,0
2025-2026,9,Juventus,CABAL Juan,cabal juan,,,0,0,0,0,0,0,0
2025-2026,9,Juventus,CAMBIASO Andrea,cambiaso andrea,6.5,7.5,0,1,0,0,0,0,0
2025-2026,9,Juventus,GATTI Federico,gatti federico,7.0,10.0,1,0,0,0,0,0,0
2025-2026,9,Juventus,KALULU Pierre,kalulu pierre,6.5,6.5,0,0,0,0,0,0,0
2025-2026,9,Juventus,KELLY Lloyd,kelly lloyd,6.0,6.0,0,0,0,0,0,0,0
2025-2026,9,Juventus,MARIO Joao,mario joao,,,0,0,0,0,0,0,0
2025-2026,9,Juventus,ROUHI Jonas,rouhi jonas,,,0,0,0,0,0,0,0
2025-2026,9,Juventus,RUGANI Daniele,rugani daniele,,,0,0,0,0,0,0,0
2025-2026,9,Juventus,ADZIC Vasilije,adzic vasilije,,,0,0,0,0,0,0,0
2025-2026,9,Juventus,KOOPMEINERS Teun,koopmeiners teun,,,0,0,0,0,0,0,0
2025-2026,9,Juventus,KOSTIC Filip,kostic filip,6.0,6.0,0,0,0,0,0,0,0
2025-2026,9,Juventus,LOCATELLI Manuel,locatelli manuel,6.5,6.5,0,0,0,0,0,0,0
2025-2026,9,Juventus,MCKENNIE Weston,mckennie weston,6.5,6.5,0,0,0,0,0,0,0
2025-2026,9,Juventus,MIRETTI Fabio,miretti fabio,,,0,0,0,0,0,0,0
2025-2026,9,Juventus,THURAM Khephren,thuram khephren,,,0,0,0,0,0,0,0
2025-2026,9,Juventus,CONCEICAO Francisco,conceicao francisco,,,0,0,0,0,0,0,0
2025-2026,9,Juventus,DAVID Jonathan,david jonathan,5.5,5.5,0,0,0,0,0,0,0
2025-2026,9,Juventus,MILIK Arek,milik arek,,,0,0,0,0,0,0,0
2025-2026,9,Juventus,OPENDA Lois,openda lois,6.5,6.5,0,0,0,0,0,0,0
2025-2026,9,Juventus,PUGNO Diego,pugno diego,,,0,0,0,0,0,0,0
2025-2026,9,Juventus,VLAHOVIC Dusan,vlahovic dusan,7.0,10.0,1,0,0,0,0,1,0
2025-2026,9,Juventus,YILDIZ Kenan,yildiz kenan,7.0,10.0,1,0,0,0,0,1,0
2025-2026,9,Juventus,ZHEGROVA Edon,zhegrova edon,,,0,0,0,0,0,0,0
2025-2026,9,Lazio,FURLANETTO Alessio,furlanetto alessio,,,0,0,0,0,0,0,0
2025-2026,9,Lazio,MANDAS Christos,mandas christos,,,0,0,0,0,0,0,0
2025-2026,9,Lazio,PROVEDEL Ivan,provedel ivan,6.5,7.5,0,0,0,0,0,0,0
2025-2026,9,Lazio,GIGOT Samuel,gigot samuel,,,0,0,0,0,0,0,0
2025-2026,9,Lazio,GILA Mario,gila mario,6.0,6.0,0,0,0,0,0,0,0
2025-2026,9,Lazio,HYSAJ Elseid,hysaj elseid,,,0,0,0,0,0,0,0
2025-2026,9,Lazio,LAZZARI Manuel,lazzari manuel,6.0,6.0,0,0,0,0,0,0,0
2025-2026,9,Lazio,MARUSIC Adam,marusic adam,6.0,6.0,0,0,0,0,0,0,0
2025-2026,9,Lazio,NUNO TAVARES,nuno tavares,,,0,0,0,0,0,0,0
2025-2026,9,Lazio,PATRIC,patric,,,0,0,0,0,0,0,0
2025-2026,9,Lazio,PELLEGRINI Luca,pellegrini luca,5.0,5.0,0,0,0,0,0,0,0
2025-2026,9,Lazio,PROVSTGAARD Oliver,provstgaard oliver,6.0,6.0,0,0,0,0,0,0,0
2025-2026,9,Lazio,ROMAGNOLI Alessio,romagnoli alessio,6.5,6.5,0,0,0,0,0,0,0
2025-2026,9,Lazio,BASIC Toma,basic toma,6.5,6.5,0,0,0,0,0,0,0
2025-2026,9,Lazio,BELAHYANE Reda,belahyane reda,,,0,0,0,0,0,0,0
2025-2026,9,Lazio,CATALDI Danilo,cataldi danilo,6.0,6.0,0,0,0,0,0,0,0
2025-2026,9,Lazio,DELE-BASHIRU Fisayo,dele-bashiru fisayo,,,0,0,0,0,0,0,0
2025-2026,9,Lazio,GUENDOUZI Matteo,guendouzi matteo,6.0,5.5,0,0,1,0,0,0,0
2025-2026,9,Lazio,ROVELLA Nicolo,rovella nicolo,,,0,0,0,0,0,0,0
2025-2026,9,Lazio,VECINO Matias,vecino matias,6.0,6.0,0,0,0,0,0,0,0
2025-2026,9,Lazio,CANCELLIERI Matteo,cancellieri matteo,,,0,0,0,0,0,0,0
2025-2026,9,Lazio,CASTELLANOS Valentin,castellanos valentin,,,0,0,0,0,0,0,0
2025-2026,9,Lazio,DIA Boulaye,dia boulaye,5.5,5.5,0,0,0,0,0,0,0
2025-2026,9,Lazio,ISAKSEN Gustav,isaksen gustav,6.0,6.0,0,0,0,0,0,0,0
2025-2026,9,Lazio,NOSLIN Tijjani,noslin tijjani,,,0,0,0,0,0,0,0
2025-2026,9,Lazio,PEDRO,pedro,5.5,5.0,0,0,1,0,0,0,0
2025-2026,9,Lazio,ZACCAGNI Mattia,zaccagni mattia,6.0,6.0,0,0,0,0,0,0,0
2025-2026,9,Lecce,FALCONE Wladimiro,falcone wladimiro,6.5,5.5,-1,0,0,0,0,0,0
2025-2026,9,Lecce,FRUCHTL Christian,fruchtl christian,,,0,0,0,0,0,0,0
2025-2026,9,Lecce,SAMOOJA Jasper,samooja jasper,,,0,0,0,0,0,0,0
2025-2026,9,Lecce,ESTEBAN Paco,esteban paco,,,0,0,0,0,0,0,0
2025-2026,9,Lecce,GABRIEL Tiago,gabriel tiago,6.0,6.0,0,0,0,0,0,0,0
2025-2026,9,Lecce,GALLO Antonino,gallo antonino,6.0,6.0,0,0,0,0,0,0,0
2025-2026,9,Lecce,GASPAR Kialonda,gaspar kialonda,6.0,6.0,0,0,0,0,0,0,0
2025-2026,9,Lecce,GUILBERT Frederic,guilbert frederic,,,0,0,0,0,0,0,0
2025-2026,9,Lecce,JEAN Gaby,jean gaby,,,0,0,0,0,0,0,0
2025-2026,9,Lecce,KOUASSI Owen,kouassi owen,,,0,0,0,0,0,0,0
2025-2026,9,Lecce,NDABA Corrie,ndaba corrie,,,0,0,0,0,0,0,0
2025-2026,9,Lecce,PEHLIVANOV Cristian,pehlivanov cristian,,,0,0,0,0,0,0,0
2025-2026,9,Lecce,PEREZ Matias,perez matias,,,0,0,0,0,0,0,0
2025-2026,9,Lecce,SCOTT Elijah,scott elijah,,,0,0,0,0,0,0,0
2025-2026,9,Lecce,SIEBERT Jamil,siebert jamil,,,0,0,0,0,0,0,0
2025-2026,9,Lecce,VEIGA Danilo,veiga danilo,6.5,6.5,0,0,0,0,0,0,0
2025-2026,9,Lecce,BERISHA Medon,berisha medon,6.0,6.0,0,0,0,0,0,0,0
2025-2026,9,Lecce,COULIBALY Lassana,coulibaly lassana,5.5,5.5,0,0,0,0,0,0,0
2025-2026,9,Lecce,GORTER Olaf,gorter olaf,,,0,0,0,0,0,0,0
2025-2026,9,Lecce,HELGASON Thorir,helgason thorir,,,0,0,0,0,0,0,0
2025-2026,9,Lecce,KABA Mohamed,kaba mohamed,,,0,0,0,0,0,0,0
2025-2026,9,Lecce,MALEH Youssef,maleh youssef,,6.0,0,0,0,0,0,0,0
2025-2026,9,Lecce,MARCHWINSKI Filip,marchwinski filip,,,0,0,0,0,0,0,0
2025-2026,9,Lecce,PIERRET Balthazar,pierret balthazar,,6.0,0,0,0,0,0,0,0
2025-2026,9,Lecce,RAFIA Hamza,rafia hamza,,,0,0,0,0,0,0,0
2025-2026,9,Lecce,RAMADANI Ylber,ramadani ylber,6.0,5.5,0,0,1,0,0,0,0
2025-2026,9,Lecce,SALA Alex,sala alex,,,0,0,0,0,0,0,0
2025-2026,9,Lecce,SOTTIL Riccardo,sottil riccardo,,,0,0,0,0,0,0,0
2025-2026,9,Lecce,BANDA Lameck,banda lameck,5.5,5.5,0,0,0,0,0,0,0
2025-2026,9,Lecce,CAMARDA Francesco,camarda francesco,5.0,2.0,0,0,0,0,0,0,1
2025-2026,9,Lecce,MORENTE Tete,morente tete,6.5,6.5,0,0,0,0,0,0,0
2025-2026,9,Lecce,N'DRI Konan,n'dri konan,5.5,5.0,0,0,1,0,0,0,0
2025-2026,9,Lecce,PIEROTTI Santiago,pierotti santiago,5.0,5.0,0,0,0,0,0,0,0
2025-2026,9,Lecce,STULIC Nikola,stulic nikola,5.0,5.0,0,0,0,0,0,0,0
2025-2026,9,Milan,MAIGNAN Mike,maignan mike,6.5,5.5,-1,0,0,0,0,0,0
2025-2026,9,Milan,TERRACCIANO Pietro,terracciano pietro,,,0,0,0,0,0,0,0
2025-2026,9,Milan,TORRIANI Lorenzo,torriani lorenzo,,,0,0,0,0,0,0,0
2025-2026,9,Milan,ATHEKAME Zachary,athekame zachary,,,0,0,0,0,0,0,0
2025-2026,9,Milan,BARTESAGHI Davide,bartesaghi davide,6.0,6.0,0,0,0,0,0,0,0
2025-2026,9,Milan,DE WINTER Koni,de winter koni,,,0,0,0,0,0,0,0
2025-2026,9,Milan,ESTUPINAN Pervis,estupinan pervis,,,0,0,0,0,0,0,0
2025-2026,9,Milan,GABBIA Matteo,gabbia matteo,6.5,6.0,0,0,1,0,0,0,0
2025-2026,9,Milan,ODOGU David,odogu david,,,0,0,0,0,0,0,0
2025-2026,9,Milan,PAVLOVIC Strahinja,pavlovic strahinja,6.5,6.5,0,0,0,0,0,0,0
2025-2026,9,Milan,TOMORI Fikayo,tomori fikayo,5.0,5.0,0,0,0,0,0,0,0
2025-2026,9,Milan,FOFANA Youssouf,fofana youssouf,6.0,6.0,0,0,0,0,0,0,0
2025-2026,9,Milan,JASHARI Ardon,jashari ardon,,,0,0,0,0,0,0,0
2025-2026,9,Milan,LOFTUS-CHEEK Ruben,loftus-cheek ruben,6.5,6.5,0,0,0,0,0,0,0
2025-2026,9,Milan,MODRIC Luka,modric luka,6.0,5.5,0,0,1,0,0,0,0
2025-2026,9,Milan,RABIOT Adrien,rabiot adrien,,,0,0,0,0,0,0,0
2025-2026,9,Milan,RICCI Samuele,ricci samuele,6.5,9.5,1,0,0,0,0,0,0
2025-2026,9,Milan,SAELEMAEKERS Alexis,saelemaekers alexis,6.5,6.5,0,0,0,0,0,0,0
2025-2026,9,Milan,TRAORE Chaka,traore chaka,,,0,0,0,0,0,0,0
2025-2026,9,Milan,VOS Silvano,vos silvano,,,0,0,0,0,0,0,0
2025-2026,9,Milan,BALENTIEN Chevejo,balentien chevejo,,,0,0,0,0,0,0,0
2025-2026,9,Milan,GIMENEZ Santiago,gimenez santiago,4.0,3.5,0,0,1,0,0,0,0
2025-2026,9,Milan,LEAO Rafael,leao rafael,4.5,4.5,0,0,0,0,0,0,0
2025-2026,9,Milan,NKUNKU Cristopher,nkunku cristopher,5.5,5.5,0,0,0,0,0,0,0
2025-2026,9,Milan,PULISIC Christian,pulisic christian,,,0,0,0,0,0,0,0
2025-2026,9,Napoli,CONTINI Nikita,contini nikita,,,0,0,0,0,0,0,0
2025-2026,9,Napoli,MERET Alex,meret alex,,,0,0,0,0,0,0,0
2025-2026,9,Napoli,MILINKOVIC Vanja,milinkovic vanja,7.5,11.5,0,0,0,0,0,1,0
2025-2026,9,Napoli,BEUKEMA Sam,beukema sam,,,0,0,0,0,0,0,0
2025-2026,9,Napoli,BUONGIORNO Alessand.,buongiorno alessand.,6.0,6.0,0,0,0,0,0,0,0
2025-2026,9,Napoli,DI LORENZO Giovanni,di lorenzo giovanni,5.5,5.5,0,0,0,0,0,0,0
2025-2026,9,Napoli,GUTIERREZ Miguel,gutierrez miguel,,,0,0,0,0,0,0,0
2025-2026,9,Napoli,JESUS Juan,jesus juan,6.0,6.0,0,0,0,0,0,0,0
2025-2026,9,Napoli,MARIANUCCI Luca,marianucci luca,,,0,0,0,0,0,0,0
2025-2026,9,Napoli,MAZZOCCHI Pasquale,mazzocchi pasquale,,,0,0,0,0,0,0,0
2025-2026,9,Napoli,OLIVERA Mathias,olivera mathias,6.0,5.5,0,0,1,0,0,0,0
2025-2026,9,Napoli,RRAHMANI Amir,rrahmani amir,,,0,0,0,0,0,0,0
2025-2026,9,Napoli,SPINAZZOLA Leonardo,spinazzola leonardo,6.5,6.5,0,0,0,0,0,0,0
2025-2026,9,Napoli,ANGUISSA Andre' Zam.,anguissa andre' zam.,7.5,10.5,1,0,0,0,0,0,0
2025-2026,9,Napoli,DE BRUYNE Kevin,de bruyne kevin,,,0,0,0,0,0,0,0
2025-2026,9,Napoli,ELMAS Eljif,elmas eljif,6.5,6.5,0,0,0,0,0,0,0
2025-2026,9,Napoli,GILMOUR Billy,gilmour billy,6.0,6.0,0,0,0,0,0,0,0
2025-2026,9,Napoli,LOBOTKA Stanislav,lobotka stanislav,,,0,0,0,0,0,0,0
2025-2026,9,Napoli,MCTOMINAY Scott,mctominay scott,6.0,6.0,0,0,0,0,0,0,0
2025-2026,9,Napoli,VERGARA Antonio,vergara antonio,,,0,0,0,0,0,0,0
2025-2026,9,Napoli,AMBROSINO Giuseppe,ambrosino giuseppe,,,0,0,0,0,0,0,0
2025-2026,9,Napoli,HOJLUND Rasmus,hojlund rasmus,5.5,5.5,0,0,0,0,0,0,0
2025-2026,9,Napoli,LANG Noa,lang noa,6.0,6.0,0,0,0,0,0,0,0
2025-2026,9,Napoli,LUCCA Lorenzo,lucca lorenzo,5.5,5.5,0,0,0,0,0,0,0
2025-2026,9,Napoli,LUKAKU Romelu,lukaku romelu,,,0,0,0,0,0,0,0
2025-2026,9,Napoli,NERES David,neres david,6.0,7.0,0,1,0,0,0,0,0
2025-2026,9,Napoli,POLITANO Matteo,politano matteo,6.0,6.0,0,0,0,0,0,0,0
2025-2026,9,Roma,GOLLINI Pierluigi,gollini pierluigi,,,0,0,0,0,0,0,0
2025-2026,9,Roma,SVILAR Mile,svilar mile,7.0,6.0,-1,0,0,0,0,0,0
2025-2026,9,Roma,VASQUEZ Devis,vasquez devis,,,0,0,0,0,0,0,0
2025-2026,9,Roma,ANGELINO Jose',angelino jose',,,0,0,0,0,0,0,0
2025-2026,9,Roma,CELIK Zeki,celik zeki,6.5,6.5,0,0,0,0,0,0,0
2025-2026,9,Roma,GHILARDI Daniele,ghilardi daniele,,,0,0,0,0,0,0,0
2025-2026,9,Roma,HERMOSO Mario,hermoso mario,7.0,10.0,1,0,0,0,0,0,0
2025-2026,9,Roma,MANCINI Gianluca,mancini gianluca,6.5,6.5,0,0,0,0,0,0,0
2025-2026,9,Roma,NDICKA Evan,ndicka evan,6.0,6.0,0,0,0,0,0,0,0
2025-2026,9,Roma,RENSCH Devyne,rensch devyne,,,0,0,0,0,0,0,0
2025-2026,9,Roma,SANGARe' Buba,sangare' buba,,,0,0,0,0,0,0,0
2025-2026,9,Roma,TSIMIKAS Konstantin.,tsimikas konstantin.,,,0,0,0,0,0,0,0
2025-2026,9,Roma,WESLEY,wesley,6.0,6.0,0,0,0,0,0,0,0
2025-2026,9,Roma,ZIOLKOWSKI Jan,ziolkowski jan,,,0,0,0,0,0,0,0
2025-2026,9,Roma,BALDANZI Tommaso,baldanzi tommaso,,,0,0,0,0,0,0,0
2025-2026,9,Roma,CRISTANTE Bryan,cristante bryan,6.0,6.0,0,0,0,0,0,0,0
2025-2026,9,Roma,EL AYNAOUI Neil,el aynaoui neil,6.0,6.0,0,0,0,0,0,0,0
2025-2026,9,Roma,EL SHAARAWY Stephan,el shaarawy stephan,,,0,0,0,0,0,0,0
2025-2026,9,Roma,KONE' Manu,kone' manu,6.5,6.5,0,0,0,0,0,0,0
2025-2026,9,Roma,PELLEGRINI Lorenzo,pellegrini lorenzo,,,0,0,0,0,0,0,0
2025-2026,9,Roma,PISILLI Niccolo',pisilli niccolo',,,0,0,0,0,0,0,0
2025-2026,9,Roma,ROMANO Alessandro,romano alessandro,,,0,0,0,0,0,0,0
2025-2026,9,Roma,ARENA Antonio,arena antonio,,,0,0,0,0,0,0,0
2025-2026,9,Roma,BAILEY Leon,bailey leon,5.0,5.0,0,0,0,0,0,0,0
2025-2026,9,Roma,DOVBYK Artem,dovbyk artem,6.5,9.5,1,0,0,0,0,0,0
2025-2026,9,Roma,DYBALA Paulo,dybala paulo,7.0,8.0,0,1,0,0,0,0,0
2025-2026,9,Roma,FERGUSON Evan,ferguson evan,,,0,0,0,0,0,0,0
2025-2026,9,Roma,SOULE' Matias,soule' matias,6.0,6.0,0,0,0,0,0,0,0
2025-2026,9,Sassuolo,MURIC Arijanet,muric arijanet,6.0,5.0,-1,0,0,0,0,0,0
2025-2026,9,Sassuolo,SATALINO Giacomo,satalino giacomo,,,0,0,0,0,0,0,0
2025-2026,9,Sassuolo,TURATI Stefano,turati stefano,,,0,0,0,0,0,0,0
2025-2026,9,Sassuolo,ZACCHI Gioele,zacchi gioele,,,0,0,0,0,0,0,0
2025-2026,9,Sassuolo,CANDE' Fali,cande' fali,6.0,6.0,0,0,0,0,0,0,0
2025-2026,9,Sassuolo,COULIBALY Woyo,coulibaly woyo,6.0,6.0,0,0,0,0,0,0,0
2025-2026,9,Sassuolo,DOIG Josh,doig josh,,,0,0,0,0,0,0,0
2025-2026,9,Sassuolo,IDZES Jay,idzes jay,6.5,6.5,0,0,0,0,0,0,0
2025-2026,9,Sassuolo,MUHAREMOVIC Tarik,muharemovic tarik,,,0,0,0,0,0,0,0
2025-2026,9,Sassuolo,PAZ Yeferson,paz yeferson,,,0,0,0,0,0,0,0
2025-2026,9,Sassuolo,PIERAGNOLO Edoardo,pieragnolo edoardo,,,0,0,0,0,0,0,0
2025-2026,9,Sassuolo,ROMAGNA Filippo,romagna filippo,,,0,0,0,0,0,0,0
2025-2026,9,Sassuolo,WALUKIEWICZ Sebasti.,walukiewicz sebasti.,6.0,5.5,0,0,1,0,0,0,0
2025-2026,9,Sassuolo,BOLOCA Daniel,boloca daniel,,,0,0,0,0,0,0,0
2025-2026,9,Sassuolo,FADERA Alieu,fadera alieu,6.0,5.5,0,0,1,0,0,0,0
2025-2026,9,Sassuolo,IANNONI Edoardo,iannoni edoardo,,5.5,0,0,1,0,0,0,0
2025-2026,9,Sassuolo,KONE Ismael,kone ismael,6.5,6.5,0,0,0,0,0,0,0
2025-2026,9,Sassuolo,LIPANI Luca,lipani luca,,,0,0,0,0,0,0,0
2025-2026,9,Sassuolo,MATIC Nemanja,matic nemanja,6.5,6.5,0,0,0,0,0,0,0
2025-2026,9,Sassuolo,THORSTVEDT Kristian,thorstvedt kristian,6.0,5.5,0,0,1,0,0,0,0
2025-2026,9,Sassuolo,VOLPATO Cristian,volpato cristian,6.5,7.5,0,1,0,0,0,0,0
2025-2026,9,Sassuolo,VRANCKX Aster,vranckx aster,6.0,6.0,0,0,0,0,0,0,0
2025-2026,9,Sassuolo,BERARDI Domenico,berardi domenico,,,0,0,0,0,0,0,0
2025-2026,9,Sassuolo,CHEDDIRA Walid,cheddira walid,,,0,0,0,0,0,0,0
2025-2026,9,Sassuolo,LAURIENTE' Armand,lauriente' armand,6.5,9.5,1,0,0,0,0,0,0
2025-2026,9,Sassuolo,MORO Luca,moro luca,6.0,6.0,0,0,0,0,0,0,0
2025-2026,9,Sassuolo,PIERINI Nicholas,pierini nicholas,,,0,0,0,0,0,0,0
2025-2026,9,Sassuolo,PINAMONTI Andrea,pinamonti andrea,6.5,9.5,1,0,0,0,0,0,0
2025-2026,9,Sassuolo,SKJELLERUP Laurs,skjellerup laurs,,,0,0,0,0,0,0,0
2025-2026,9,Torino,ISRAEL Franco,israel franco,,,0,0,0,0,0,0,0
2025-2026,9,Torino,PALEARI Alberto,paleari alberto,7.0,8.0,0,0,0,0,0,0,0
2025-2026,9,Torino,POPA Mihai,popa mihai,,,0,0,0,0,0,0,0
2025-2026,9,Torino,BIRAGHI Cristiano,biraghi cristiano,,,0,0,0,0,0,0,0
2025-2026,9,Torino,COCO Saul,coco saul,7.0,7.0,0,0,0,0,0,0,0
2025-2026,9,Torino,DEMBELE' Ali,dembele' ali,,,0,0,0,0,0,0,0
2025-2026,9,Torino,ISMAJLI Ardian,ismajli ardian,6.5,6.0,0,0,1,0,0,0,0
2025-2026,9,Torino,LAZARO Valentino,lazaro valentino,6.5,6.5,0,0,0,0,0,0,0
2025-2026,9,Torino,MARIPAN Guillermo,maripan guillermo,7.0,7.0,0,0,0,0,0,0,0
2025-2026,9,Torino,MASINA Adam,masina adam,,,0,0,0,0,0,0,0
2025-2026,9,Torino,NKOUNKOU Niels,nkounkou niels,,,0,0,0,0,0,0,0
2025-2026,9,Torino,PEDERSEN Marcus,pedersen marcus,6.0,6.0,0,0,0,0,0,0,0
2025-2026,9,Torino,PEREZ Alex,perez alex,,,0,0,0,0,0,0,0
2025-2026,9,Torino,SAZONOV Saba,sazonov saba,,,0,0,0,0,0,0,0
2025-2026,9,Torino,SCHUURS Perr,schuurs perr,,,0,0,0,0,0,0,0
2025-2026,9,Torino,ZAIA Edoardo,zaia edoardo,,,0,0,0,0,0,0,0
2025-2026,9,Torino,ANJORIN Tino,anjorin tino,,,0,0,0,0,0,0,0
2025-2026,9,Torino,ASLLANI Kristjan,asllani kristjan,,6.0,0,0,0,0,0,0,0
2025-2026,9,Torino,CASADEI Cesare,casadei cesare,7.0,7.0,0,0,0,0,0,0,0
2025-2026,9,Torino,GINEITIS Gvidas,gineitis gvidas,6.5,6.5,0,0,0,0,0,0,0
2025-2026,9,Torino,ILIC Ivan,ilic ivan,6.5,6.0,0,0,1,0,0,0,0
2025-2026,9,Torino,ILKHAN Emirhan,ilkhan emirhan,,,0,0,0,0,0,0,0
2025-2026,9,Torino,PERCIUN Sergiu,perciun sergiu,,,0,0,0,0,0,0,0
2025-2026,9,Torino,TAMEZE Adrien,tameze adrien,6.0,5.5,0,0,1,0,0,0,0
2025-2026,9,Torino,VLASIC Nikola,vlasic nikola,6.5,6.5,0,0,0,0,0,0,0
2025-2026,9,Torino,ABOUKHLAL Zakaria,aboukhlal zakaria,,,0,0,0,0,0,0,0
2025-2026,9,Torino,ADAMS Che',adams che',5.5,5.5,0,0,0,0,0,0,0
2025-2026,9,Torino,GABELLINI Tommaso,gabellini tommaso,,,0,0,0,0,0,0,0
2025-2026,9,Torino,NGONGE Cyril,ngonge cyril,6.0,6.0,0,0,0,0,0,0,0
2025-2026,9,Torino,NJIE Alieu,njie alieu,,,0,0,0,0,0,0,0
2025-2026,9,Torino,SAVVA Zanos,savva zanos,,,0,0,0,0,0,0,0
2025-2026,9,Torino,SIMEONE Giovanni,simeone giovanni,6.5,6.5,0,0,0,0,0,0,0
2025-2026,9,Torino,ZAPATA Duvan,zapata duvan,,,0,0,0,0,0,0,0
2025-2026,9,Udinese,NUNZIANTE Alessandro,nunziante alessandro,,,0,0,0,0,0,0,0
2025-2026,9,Udinese,OKOYE Maduka,okoye maduka,8.0,5.0,-3,0,0,0,0,0,2
2025-2026,9,Udinese,PADELLI Daniele,padelli daniele,,,0,0,0,0,0,0,0
2025-2026,9,Udinese,SAVA Razvan,sava razvan,,,0,0,0,0,0,0,0
2025-2026,9,Udinese,BERTOLA Nicolo',bertola nicolo',,,0,0,0,0,0,0,0
2025-2026,9,Udinese,EHIZIBUE Kingsley,ehizibue kingsley,5.0,5.0,0,0,0,0,0,0,0
2025-2026,9,Udinese,GOGLICHIDZE Saba,goglichidze saba,4.0,3.5,0,0,1,0,0,0,0
2025-2026,9,Udinese,KABASELE Christian,kabasele christian,5.0,5.0,0,0,0,0,0,0,0
2025-2026,9,Udinese,KAMARA Hassane,kamara hassane,5.0,5.0,0,0,0,0,0,0,0
2025-2026,9,Udinese,KRISTENSEN Thomas,kristensen thomas,,,0,0,0,0,0,0,0
2025-2026,9,Udinese,MODESTO Rui,modesto rui,,,0,0,0,0,0,0,0
2025-2026,9,Udinese,PALMA Matteo,palma matteo,,,0,0,0,0,0,0,0
2025-2026,9,Udinese,SOLET Oumar,solet oumar,6.0,6.0,0,0,0,0,0,0,0
2025-2026,9,Udinese,ZANOLI Alessandro,zanoli alessandro,5.5,5.5,0,0,0,0,0,0,0
2025-2026,9,Udinese,ZEMURA Jordan,zemura jordan,,,0,0,0,0,0,0,0
2025-2026,9,Udinese,ATTA Arthur,atta arthur,6.0,6.0,0,0,0,0,0,0,0
2025-2026,9,Udinese,EKKELENKAMP Jurgen,ekkelenkamp jurgen,,,0,0,0,0,0,0,0
2025-2026,9,Udinese,KARLSTROM Jesper,karlstrom jesper,6.0,6.0,0,0,0,0,0,0,0
2025-2026,9,Udinese,LOVRIC Sandi,lovric sandi,5.0,4.5,0,0,1,0,0,0,0
2025-2026,9,Udinese,MILLER Lennon,miller lennon,5.0,4.5,0,0,1,0,0,0,0
2025-2026,9,Udinese,PIOTROWSKI Jakub,piotrowski jakub,5.5,5.0,0,0,1,0,0,0,0
2025-2026,9,Udinese,ZANIOLO Nicolo',zaniolo nicolo',7.0,10.0,1,0,0,0,0,0,0
2025-2026,9,Udinese,ZARRAGA Oier,zarraga oier,,,0,0,0,0,0,0,0
2025-2026,9,Udinese,BAYO Vakoun,bayo vakoun,5.5,5.5,0,0,0,0,0,0,0
2025-2026,9,Udinese,BRAVO Iker,bravo iker,,,0,0,0,0,0,0,0
2025-2026,9,Udinese,BUKSA Adam,buksa adam,6.0,6.0,0,0,0,0,0,0,0
2025-2026,9,Udinese,DAVIS Keinan,davis keinan,5.5,5.5,0,0,0,0,0,0,0
2025-2026,9,Udinese,GUEYE Idrissa,gueye idrissa,,,0,0,0,0,0,0,0
2025-2026,9,Udinese,VINCIATI Giulio,vinciati giulio,,,0,0,0,0,0,0,0
2025-2026,9,Verona,MONTIPO' Lorenzo,montipo' lorenzo,6.0,3.0,-3,0,0,0,0,0,0
2025-2026,9,Verona,PERILLI Simone,perilli simone,,,0,0,0,0,0,0,0
2025-2026,9,Verona,BELGHALI Rafik,belghali rafik,6.0,5.5,0,0,1,0,0,0,0
2025-2026,9,Verona,BELLA-KOTCHAP Armel,bella-kotchap armel,6.0,6.0,0,0,0,0,0,0,0
2025-2026,9,Verona,BRADARIC Domagoj,bradaric domagoj,6.0,6.0,0,0,0,0,0,0,0
2025-2026,9,Verona,CHAM Fallou,cham fallou,,,0,0,0,0,0,0,0
2025-2026,9,Verona,EBOSSE Enzo,ebosse enzo,,,0,0,0,0,0,0,0
2025-2026,9,Verona,FRESE Martin,frese martin,6.5,6.5,0,0,0,0,0,0,0
2025-2026,9,Verona,KURTI Adi,kurti adi,,,0,0,0,0,0,0,0
2025-2026,9,Verona,NELSSON Victor,nelsson victor,5.5,5.0,0,0,1,0,0,0,0
2025-2026,9,Verona,NUNEZ Unai,nunez unai,,,0,0,0,0,0,0,0
2025-2026,9,Verona,OYEGOKE Daniel,oyegoke daniel,,,0,0,0,0,0,0,0
2025-2026,9,Verona,SLOTSAGER Tobias,slotsager tobias,,,0,0,0,0,0,0,0
2025-2026,9,Verona,VALENTINI Nicolas,valentini nicolas,5.0,5.0,0,0,0,0,0,0,0
2025-2026,9,Verona,YELLU Santiago,yellu santiago,,,0,0,0,0,0,0,0
2025-2026,9,Verona,AKPA-AKPRO Jean-Dan.,akpa-akpro jean-dan.,,,0,0,0,0,0,0,0
2025-2026,9,Verona,AL-MUSRATI Moatasem,al-musrati moatasem,,,0,0,0,0,0,0,0
2025-2026,9,Verona,BERNEDE Antoine,bernede antoine,6.5,6.5,0,0,0,0,0,0,0
2025-2026,9,Verona,GAGLIARDINI Roberto,gagliardini roberto,5.5,5.0,0,0,1,0,0,0,0
2025-2026,9,Verona,HARROUI Abdou,harroui abdou,,,0,0,0,0,0,0,0
2025-2026,9,Verona,KASTANOS Grigoris,kastanos grigoris,,,0,0,0,0,0,0,0
2025-2026,9,Verona,NIASSE Cheikh,niasse cheikh,6.0,6.0,0,0,0,0,0,0,0
2025-2026,9,Verona,SERDAR Suat,serdar suat,7.0,10.0,1,0,0,0,0,0,0
2025-2026,9,Verona,SUSLOV Tomas,suslov tomas,,,0,0,0,0,0,0,0
2025-2026,9,Verona,YILDIZ Veis,yildiz veis,,,0,0,0,0,0,0,0
2025-2026,9,Verona,AJAYI Junior,ajayi junior,,,0,0,0,0,0,0,0
2025-2026,9,Verona,GIOVANE Do Nascimie.,giovane do nascimie.,6.0,6.0,0,0,0,0,0,0,0
2025-2026,9,Verona,LUNA Agustin,luna agustin,,,0,0,0,0,0,0,0
2025-2026,9,Verona,MOSQUERA Daniel,mosquera daniel,,,0,0,0,0,0,0,0
2025-2026,9,Verona,ORBAN Gift,orban gift,6.0,5.5,0,0,1,0,0,0,0
2025-2026,9,Verona,SARR Amin,sarr amin,6.0,6.0,0,0,0,0,0,0,0
2025-2026,9,Cremonese,AUDERO Emil,audero emil,6.5,7.5,0,0,0,0,0,0,0
2025-2026,9,Cremonese,MALOVEC Adrian,malovec adrian,,,0,0,0,0,0,0,0
2025-2026,9,Cremonese,NAVA Lapo,nava lapo,,,0,0,0,0,0,0,0
2025-2026,9,Cremonese,SILVESTRI Marco,silvestri marco,,,0,0,0,0,0,0,0
2025-2026,9,Cremonese,BARBIERI Tommaso,barbieri tommaso,7.0,6.5,0,0,1,0,0,0,0
2025-2026,9,Cremonese,BASCHIROTTO Federico,baschirotto federico,7.0,7.0,0,0,0,0,0,0,0
2025-2026,9,Cremonese,BIANCHETTI Matteo,bianchetti matteo,6.5,7.5,0,1,0,0,0,0,0
2025-2026,9,Cremonese,CECCHERINI Federico,ceccherini federico,,,0,0,0,0,0,0,0
2025-2026,9,Cremonese,FAYE Mikayil,faye mikayil,6.0,6.0,0,0,0,0,0,0,0
2025-2026,9,Cremonese,FLORIANI MUSSOLINI .,floriani mussolini .,6.5,6.5,0,0,0,0,0,0,0
2025-2026,9,Cremonese,FOLINO Francesco,folino francesco,,,0,0,0,0,0,0,0
2025-2026,9,Cremonese,PEZZELLA Giuseppe,pezzella giuseppe,,,0,0,0,0,0,0,0
2025-2026,9,Cremonese,SERNICOLA Leonardo,sernicola leonardo,,,0,0,0,0,0,0,0
2025-2026,9,Cremonese,TERRACCIANO Filippo,terracciano filippo,7.0,7.0,0,0,0,0,0,0,0
2025-2026,9,Cremonese,BONDO Warren,bondo warren,6.5,6.5,0,0,0,0,0,0,0
2025-2026,9,Cremonese,COLLOCOLO Michele,collocolo michele,,,0,0,0,0,0,0,0
2025-2026,9,Cremonese,GRASSI Alberto,grassi alberto,,,0,0,0,0,0,0,0
2025-2026,9,Cremonese,LORDKIPANIDZE Dachi,lordkipanidze dachi,,,0,0,0,0,0,0,0
2025-2026,9,Cremonese,PAYERO Martin,payero martin,6.5,6.5,0,0,0,0,0,0,0
2025-2026,9,Cremonese,VALOTI Mattia,valoti mattia,,,0,0,0,0,0,0,0
2025-2026,9,Cremonese,VANDEPUTTE Jari,vandeputte jari,7.0,8.0,0,1,0,0,0,0,0
2025-2026,9,Cremonese,BONAZZOLI Federico,bonazzoli federico,8.0,14.0,2,0,0,0,0,0,0
2025-2026,9,Cremonese,DE LUCA Manuel,de luca manuel,,,0,0,0,0,0,0,0
2025-2026,9,Cremonese,JOHNSEN Dennis,johnsen dennis,,,0,0,0,0,0,0,0
2025-2026,9,Cremonese,MOUMBAGNA Faris,moumbagna faris,,,0,0,0,0,0,0,0
2025-2026,9,Cremonese,OKEREKE David,okereke david,,,0,0,0,0,0,0,0
2025-2026,9,Cremonese,SANABRIA Antonio,sanabria antonio,,,0,0,0,0,0,0,0
2025-2026,9,Cremonese,SARMIENTO Jeremy,sarmiento jeremy,,,0,0,0,0,0,0,0
2025-2026,9,Cremonese,VARDY Jamie,vardy jamie,6.0,6.0,0,0,0,0,0,0,0
2025-2026,9,Cremonese,VAZQUEZ Franco,vazquez franco,6.0,6.0,0,0,0,0,0,0,0
2025-2026,9,Cremonese,ZERBIN Alessio,zerbin alessio,,,0,0,0,0,0,0,0
2025-2026,9,Parma,CORVI Edoardo,corvi edoardo,,,0,0,0,0,0,0,0
2025-2026,9,Parma,RINALDI Filippo,rinaldi filippo,,,0,0,0,0,0,0,0
2025-2026,9,Parma,SUZUKI Zion,suzuki zion,5.5,3.5,-2,0,0,0,0,0,0
2025-2026,9,Parma,BRITSCHGI Sascha,britschgi sascha,5.0,5.0,0,0,0,0,0,0,0
2025-2026,9,Parma,CIRCATI Alessandro,circati alessandro,6.5,9.5,1,0,0,0,0,0,0
2025-2026,9,Parma,DEL PRATO Enrico,del prato enrico,5.5,5.5,0,0,0,0,0,0,0
2025-2026,9,Parma,LOVIK Mathias,lovik mathias,,,0,0,0,0,0,0,0
2025-2026,9,Parma,NDIAYE Abdoulaye,ndiaye abdoulaye,,,0,0,0,0,0,0,0
2025-2026,9,Parma,TRABUCCHI Nicolas,trabucchi nicolas,,,0,0,0,0,0,0,0
2025-2026,9,Parma,TROILO Mariano,troilo mariano,,,0,0,0,0,0,0,0
2025-2026,9,Parma,VALENTI Lautaro,valenti lautaro,5.5,5.5,0,0,0,0,0,0,0
2025-2026,9,Parma,VALERI Emanuele,valeri emanuele,,,0,0,0,0,0,0,0
2025-2026,9,Parma,BERNABE' Adrian,bernabe' adrian,5.5,5.5,0,0,0,0,0,0,0
2025-2026,9,Parma,CREMASCHI Benjamin,cremaschi benjamin,5.5,5.5,0,0,0,0,0,0,0
2025-2026,9,Parma,ESTEVEZ Nahuel,estevez nahuel,6.0,6.0,0,0,0,0,0,0,0
2025-2026,9,Parma,HERNANI,hernani,,,0,0,0,0,0,0,0
2025-2026,9,Parma,KEITA Mandela,keita mandela,,,0,0,0,0,0,0,0
2025-2026,9,Parma,ORDONEZ Christian,ordonez christian,6.0,5.5,0,0,1,0,0,0,0
2025-2026,9,Parma,ORISTANIO Gaetano,oristanio gaetano,,,0,0,0,0,0,0,0
2025-2026,9,Parma,PLICCO Elia,plicco elia,,,0,0,0,0,0,0,0
2025-2026,9,Parma,SORENSEN Oliver,sorensen oliver,6.0,6.0,0,0,0,0,0,0,0
2025-2026,9,Parma,ALMQVIST Pontus,almqvist pontus,6.0,6.0,0,0,0,0,0,0,0
2025-2026,9,Parma,BEGIC Tjas,begic tjas,,,0,0,0,0,0,0,0
2025-2026,9,Parma,BENEDYCZAK Adrian,benedyczak adrian,6.0,7.0,0,1,0,0,0,0,0
2025-2026,9,Parma,CUTRONE Patrick,cutrone patrick,6.0,6.0,0,0,0,0,0,0,0
2025-2026,9,Parma,DJURIC Milan,djuric milan,5.5,5.5,0,0,0,0,0,0,0
2025-2026,9,Parma,FRIGAN Matija,frigan matija,,,0,0,0,0,0,0,0
2025-2026,9,Parma,ONDREJKA Jacob,ondrejka jacob,,,0,0,0,0,0,0,0
2025-2026,9,Parma,PELLEGRINO Mateo,pellegrino mateo,6.5,6.0,0,0,1,0,0,0,0
2025-2026,9,Pisa,NICOLAS,nicolas,,,0,0,0,0,0,0,0
2025-2026,9,Pisa,SCUFFET Simone,scuffet simone,,,0,0,0,0,0,0,0
2025-2026,9,Pisa,SEMPER Adrian,semper adrian,7.0,8.0,0,0,0,0,0,0,0
2025-2026,9,Pisa,ALBIOL Raul,albiol raul,,,0,0,0,0,0,0,0
2025-2026,9,Pisa,ANGORI Samuele,angori samuele,6.0,6.0,0,0,0,0,0,0,0
2025-2026,9,Pisa,BONFANTI Giovanni,bonfanti giovanni,,,0,0,0,0,0,0,0
2025-2026,9,Pisa,CALABRESI Arturo,calabresi arturo,6.0,6.0,0,0,0,0,0,0,0
2025-2026,9,Pisa,CANESTRELLI Simone,canestrelli simone,6.0,6.0,0,0,0,0,0,0,0
2025-2026,9,Pisa,CARACCIOLO Antonio,caracciolo antonio,6.0,6.0,0,0,0,0,0,0,0
2025-2026,9,Pisa,CUADRADO Juan,cuadrado juan,6.5,6.0,0,0,1,0,0,0,0
2025-2026,9,Pisa,DENOON Daniel,denoon daniel,5.0,4.5,0,0,1,0,0,0,0
2025-2026,9,Pisa,ESTEVES Tomas,esteves tomas,,,0,0,0,0,0,0,0
2025-2026,9,Pisa,LUSUARDI Mateus,lusuardi mateus,,,0,0,0,0,0,0,0
2025-2026,9,Pisa,MBAMBI Jeremy,mbambi jeremy,,,0,0,0,0,0,0,0
2025-2026,9,Pisa,AEBISCHER Michel,aebischer michel,6.0,6.0,0,0,0,0,0,0,0
2025-2026,9,Pisa,AKINSANMIRO Ebenezer,akinsanmiro ebenezer,6.0,6.0,0,0,0,0,0,0,0
2025-2026,9,Pisa,HOJHOLT Malthe,hojholt malthe,,,0,0,0,0,0,0,0
2025-2026,9,Pisa,LERIS Mehdi,leris mehdi,6.0,6.0,0,0,0,0,0,0,0
2025-2026,9,Pisa,LORRAN De Sousa,lorran de sousa,,,0,0,0,0,0,0,0
2025-2026,9,Pisa,MARIN Marius,marin marius,5.5,5.5,0,0,0,0,0,0,0
2025-2026,9,Pisa,MAUCCI Giacomo,maucci giacomo,,,0,0,0,0,0,0,0
2025-2026,9,Pisa,PICCININI Gabriele,piccinini gabriele,,,0,0,0,0,0,0,0
2025-2026,9,Pisa,STENGS Calvin,stengs calvin,,,0,0,0,0,0,0,0
2025-2026,9,Pisa,TOURE Idrissa,toure idrissa,6.0,6.0,0,0,0,0,0,0,0
2025-2026,9,Pisa,TRAMONI Matteo,tramoni matteo,5.5,5.5,0,0,0,0,0,0,0
2025-2026,9,Pisa,VURAL Isak,vural isak,,,0,0,0,0,0,0,0
2025-2026,9,Pisa,BUFFON Louis,buffon louis,,,0,0,0,0,0,0,0
2025-2026,9,Pisa,MEISTER Henrik,meister henrik,,,0,0,0,0,0,0,0
2025-2026,9,Pisa,MOREO Stefano,moreo stefano,6.5,6.5,0,0,0,0,0,0,0
2025-2026,9,Pisa,NZOLA M'Bala,nzola m'bala,5.5,5.5,0,0,0,0,0,0,0
2025-2026,9,Como,BUTEZ Jean,butez jean,6.0,5.0,-1,0,0,0,0,0,0
2025-2026,9,Como,CAVLINA Nikola,cavlina nikola,,,0,0,0,0,0,0,0
2025-2026,9,Como,VIGORITO Mauro,vigorito mauro,,,0,0,0,0,0,0,0
2025-2026,9,Como,CARLOS Diego,carlos diego,6.0,6.0,0,0,0,0,0,0,0
2025-2026,9,Como,DOSSENA Alberto,dossena alberto,,,0,0,0,0,0,0,0
2025-2026,9,Como,GOLDANIGA Edoardo,goldaniga edoardo,,,0,0,0,0,0,0,0
2025-2026,9,Como,KEMPF Marc-Oliver,kempf marc-oliver,,6.0,0,0,0,0,0,0,0
2025-2026,9,Como,MORENO Alberto,moreno alberto,,,0,0,0,0,0,0,0
2025-2026,9,Como,POSCH Stefan,posch stefan,7.0,10.0,1,0,0,0,0,0,0
2025-2026,9,Como,RAMON Jacobo,ramon jacobo,6.5,6.5,0,0,0,0,0,0,0
2025-2026,9,Como,ROBERTO Sergi,roberto sergi,,,0,0,0,0,0,0,0
2025-2026,9,Como,SALA Marco,sala marco,,,0,0,0,0,0,0,0
2025-2026,9,Como,SMOLCIC Ivan,smolcic ivan,,,0,0,0,0,0,0,0
2025-2026,9,Como,VALLE Alex,valle alex,6.0,7.0,0,1,0,0,0,0,0
2025-2026,9,Como,VAN DER BREMPT Igna.,van der brempt igna.,,,0,0,0,0,0,0,0
2025-2026,9,Como,VOJVODA Mergim,vojvoda mergim,6.5,9.5,1,0,0,0,0,0,0
2025-2026,9,Como,BATURINA Martin,baturina martin,,,0,0,0,0,0,0,0
2025-2026,9,Como,CAQUERET Maxence,caqueret maxence,6.5,7.5,0,1,0,0,0,0,0
2025-2026,9,Como,DA CUNHA Lucas,da cunha lucas,6.5,6.5,0,0,0,0,0,0,0
2025-2026,9,Como,PAZ Nico,paz nico,6.5,6.0,0,0,1,0,0,0,0
2025-2026,9,Como,PERRONE Maximo,perrone maximo,,,0,0,0,0,0,0,0
2025-2026,9,Como,ADDAI Jaden,addai jaden,,,0,0,0,0,0,0,0
2025-2026,9,Como,CERRI Alberto,cerri alberto,,,0,0,0,0,0,0,0
2025-2026,9,Como,DIAO Assane,diao assane,5.0,5.0,0,0,0,0,0,0,0
2025-2026,9,Como,DOUVIKAS Tasos,douvikas tasos,7.0,10.0,1,0,0,0,0,0,0
2025-2026,9,Como,KUHN Nicolas,kuhn nicolas,5.5,5.5,0,0,0,0,0,0,0
2025-2026,9,Como,MORATA Alvaro,morata alvaro,,,0,0,0,0,0,0,0
2025-2026,9,Como,RODRIGUEZ Jesus,rodriguez jesus,6.0,7.0,0,1,0,0,0,0,0
2025-2026,10,Atalanta,CARNESECCHI Marco,carnesecchi marco,6.5,5.5,-1,0,0,0,0,0,0
2025-2026,10,Atalanta,ROSSI Francesco,rossi francesco,,,0,0,0,0,0,0,0
2025-2026,10,Atalanta,SPORTIELLO Marco,sportiello marco,,,0,0,0,0,0,0,0
2025-2026,10,Atalanta,AHANOR Honest,ahanor honest,,,0,0,0,0,0,0,0
2025-2026,10,Atalanta,BAKKER Mitchel,bakker mitchel,,,0,0,0,0,0,0,0
2025-2026,10,Atalanta,BELLANOVA Raoul,bellanova raoul,6.5,6.5,0,0,0,0,0,0,0
2025-2026,10,Atalanta,BERNASCONI Lorenzo,bernasconi lorenzo,,,0,0,0,0,0,0,0
2025-2026,10,Atalanta,COMI Pietro,comi pietro,,,0,0,0,0,0,0,0
2025-2026,10,Atalanta,DJIMSITI Berat,djimsiti berat,6.0,6.0,0,0,0,0,0,0,0
2025-2026,10,Atalanta,HIEN Isak,hien isak,5.5,5.5,0,0,0,0,0,0,0
2025-2026,10,Atalanta,KOLASINAC Sead,kolasinac sead,,,0,0,0,0,0,0,0
2025-2026,10,Atalanta,KOSSOUNOU Odilon,kossounou odilon,5.5,5.5,0,0,0,0,0,0,0
2025-2026,10,Atalanta,OBRIC Relja,obric relja,,,0,0,0,0,0,0,0
2025-2026,10,Atalanta,SCALVINI Giorgio,scalvini giorgio,,,0,0,0,0,0,0,0
2025-2026,10,Atalanta,ZAPPACOSTA Davide,zappacosta davide,6.0,6.0,0,0,0,0,0,0,0
2025-2026,10,Atalanta,BRESCIANINI Marco,brescianini marco,,,0,0,0,0,0,0,0
2025-2026,10,Atalanta,CASSA Federico,cassa federico,,,0,0,0,0,0,0,0
2025-2026,10,Atalanta,DE ROON Marten,de roon marten,,,0,0,0,0,0,0,0
2025-2026,10,Atalanta,EDERSON,ederson,5.0,4.5,0,0,1,0,0,0,0
2025-2026,10,Atalanta,MALDINI Daniel,maldini daniel,,,0,0,0,0,0,0,0
2025-2026,10,Atalanta,MANZONI Alberto,manzoni alberto,,,0,0,0,0,0,0,0
2025-2026,10,Atalanta,MUSAH Yunus,musah yunus,,,0,0,0,0,0,0,0
2025-2026,10,Atalanta,PASALIC Mario,pasalic mario,5.0,5.0,0,0,0,0,0,0,0
2025-2026,10,Atalanta,SAMARDZIC Lazar,samardzic lazar,4.5,4.5,0,0,0,0,0,0,0
2025-2026,10,Atalanta,ZALEWSKI Nicola,zalewski nicola,4.5,4.5,0,0,0,0,0,0,0
2025-2026,10,Atalanta,DE KETELAERE Charles,de ketelaere charles,,5.5,0,0,1,0,0,0,0
2025-2026,10,Atalanta,KRSTOVIC Nikola,krstovic nikola,5.0,4.5,0,0,1,0,0,0,0
2025-2026,10,Atalanta,LOOKMAN Ademola,lookman ademola,5.5,5.5,0,0,0,0,0,0,0
2025-2026,10,Atalanta,SCAMACCA Gianluca,scamacca gianluca,5.0,5.0,0,0,0,0,0,0,0
2025-2026,10,Atalanta,SULEMANA Kamaldeen,sulemana kamaldeen,5.0,5.0,0,0,0,0,0,0,0
2025-2026,10,Bologna,PESSINA Massimo,pessina massimo,,,0,0,0,0,0,0,0
2025-2026,10,Bologna,RAVAGLIA Federico,ravaglia federico,,,0,0,0,0,0,0,0
2025-2026,10,Bologna,SKORUPSKI Lukasz,skorupski lukasz,6.0,5.0,-1,0,0,0,0,0,0
2025-2026,10,Bologna,BONIFAZI Kevin,bonifazi kevin,,,0,0,0,0,0,0,0
2025-2026,10,Bologna,CASALE Nicolo',casale nicolo',,,0,0,0,0,0,0,0
2025-2026,10,Bologna,DE SILVESTRI Lorenzo,de silvestri lorenzo,,,0,0,0,0,0,0,0
2025-2026,10,Bologna,HEGGEM Torbjorn,heggem torbjorn,6.0,6.0,0,0,0,0,0,0,0
2025-2026,10,Bologna,HOLM Emil,holm emil,6.5,7.5,0,1,0,0,0,0,0
2025-2026,10,Bologna,LUCUMI Jhon,lucumi jhon,6.0,6.0,0,0,0,0,0,0,0
2025-2026,10,Bologna,LYKOGIANNIS Charala.,lykogiannis charala.,,,0,0,0,0,0,0,0
2025-2026,10,Bologna,MIRANDA Juan,miranda juan,7.5,10.5,1,0,0,0,0,0,0
2025-2026,10,Bologna,VITIK Martin,vitik martin,,,0,0,0,0,0,0,0
2025-2026,10,Bologna,ZORTEA Nadir,zortea nadir,,,0,0,0,0,0,0,0
2025-2026,10,Bologna,BERNARDESCHI Federi.,bernardeschi federi.,6.0,6.0,0,0,0,0,0,0,0
2025-2026,10,Bologna,FABBIAN Giovanni,fabbian giovanni,6.0,6.0,0,0,0,0,0,0,0
2025-2026,10,Bologna,FERGUSON Lewis,ferguson lewis,,,0,0,0,0,0,0,0
2025-2026,10,Bologna,FREULER Remo,freuler remo,6.0,6.0,0,0,0,0,0,0,0
2025-2026,10,Bologna,MORO Nikola,moro nikola,6.0,6.0,0,0,0,0,0,0,0
2025-2026,10,Bologna,POBEGA Tommaso,pobega tommaso,6.0,6.0,0,0,0,0,0,0,0
2025-2026,10,Bologna,SULEMANA,sulemana,,,0,0,0,0,0,0,0
2025-2026,10,Bologna,CAMBIAGHI Nicolo',cambiaghi nicolo',6.0,6.5,0,1,1,0,0,0,0
2025-2026,10,Bologna,CASTRO Santiago,castro santiago,8.0,13.5,2,0,1,0,0,0,0
2025-2026,10,Bologna,DALLINGA Thijs,dallinga thijs,6.0,6.0,0,0,0,0,0,0,0
2025-2026,10,Bologna,DOMINGUEZ Benjamin,dominguez benjamin,,,0,0,0,0,0,0,0
2025-2026,10,Bologna,IMMOBILE Ciro,immobile ciro,,,0,0,0,0,0,0,0
2025-2026,10,Bologna,ODGAARD Jens,odgaard jens,6.0,6.0,0,0,0,0,0,0,0
2025-2026,10,Bologna,ORSOLINI Riccardo,orsolini riccardo,6.5,6.5,0,0,0,0,0,0,0
2025-2026,10,Bologna,ROWE Jonathan,rowe jonathan,6.5,6.5,0,0,0,0,0,0,0
2025-2026,10,Cagliari,CAPRILE Elia,caprile elia,5.5,3.5,-2,0,0,0,0,0,0
2025-2026,10,Cagliari,CIOCCI Giuseppe,ciocci giuseppe,,,0,0,0,0,0,0,0
2025-2026,10,Cagliari,RADUNOVIC Boris,radunovic boris,,,0,0,0,0,0,0,0
2025-2026,10,Cagliari,IDRISSI Riyad,idrissi riyad,6.0,6.0,0,0,0,0,0,0,0
2025-2026,10,Cagliari,LUPERTO Sebastiano,luperto sebastiano,5.5,5.5,0,0,0,0,0,0,0
2025-2026,10,Cagliari,MINA Yerry,mina yerry,5.5,5.5,0,0,0,0,0,0,0
2025-2026,10,Cagliari,OBERT Adam,obert adam,,,0,0,0,0,0,0,0
2025-2026,10,Cagliari,PALESTRA Marco,palestra marco,5.5,5.5,0,0,0,0,0,0,0
2025-2026,10,Cagliari,RODRIGUEZ Juan,rodriguez juan,,,0,0,0,0,0,0,0
2025-2026,10,Cagliari,ZAPPA Gabriele,zappa gabriele,5.5,5.5,0,0,0,0,0,0,0
2025-2026,10,Cagliari,ZE PEDRO,ze pedro,,,0,0,0,0,0,0,0
2025-2026,10,Cagliari,ADOPO Michel,adopo michel,6.0,6.0,0,0,0,0,0,0,0
2025-2026,10,Cagliari,CAVUOTI Nicolo',cavuoti nicolo',,,0,0,0,0,0,0,0
2025-2026,10,Cagliari,DEIOLA Alessandro,deiola alessandro,,,0,0,0,0,0,0,0
2025-2026,10,Cagliari,DI PARDO Alessandro,di pardo alessandro,,,0,0,0,0,0,0,0
2025-2026,10,Cagliari,FOLORUNSHO Michael,folorunsho michael,6.5,6.5,0,0,0,0,0,0,0
2025-2026,10,Cagliari,GAETANO Gianluca,gaetano gianluca,5.0,4.5,0,0,1,0,0,0,0
2025-2026,10,Cagliari,LITETA Joseph,liteta joseph,,,0,0,0,0,0,0,0
2025-2026,10,Cagliari,MAZZITELLI Luca,mazzitelli luca,,,0,0,0,0,0,0,0
2025-2026,10,Cagliari,PRATI Matteo,prati matteo,5.0,5.0,0,0,0,0,0,0,0
2025-2026,10,Cagliari,ROG Marko,rog marko,,,0,0,0,0,0,0,0
2025-2026,10,Cagliari,BELOTTI Andrea,belotti andrea,,,0,0,0,0,0,0,0
2025-2026,10,Cagliari,BORRELLI Gennaro,borrelli gennaro,5.0,5.0,0,0,0,0,0,0,0
2025-2026,10,Cagliari,ESPOSITO Sebastiano,esposito sebastiano,5.5,5.5,0,0,0,0,0,0,0
2025-2026,10,Cagliari,FELICI Mattia,felici mattia,6.0,5.5,0,0,1,0,0,0,0
2025-2026,10,Cagliari,KILICSOY Semih,kilicsoy semih,5.0,5.0,0,0,0,0,0,0,0
2025-2026,10,Cagliari,LUVUMBO Sebastiao Z.,luvumbo sebastiao z.,5.0,5.0,0,0,0,0,0,0,0
2025-2026,10,Cagliari,PAVOLETTI Leonardo,pavoletti leonardo,5.5,5.5,0,0,0,0,0,0,0
2025-2026,10,Fiorentina,DE GEA David,de gea david,6.0,5.0,-1,0,0,0,0,0,0
2025-2026,10,Fiorentina,LEZZERINI Luca,lezzerini luca,,,0,0,0,0,0,0,0
2025-2026,10,Fiorentina,MARTINELLI Tommaso,martinelli tommaso,,,0,0,0,0,0,0,0
2025-2026,10,Fiorentina,COMUZZO Pietro,comuzzo pietro,5.0,5.0,0,0,0,0,0,0,0
2025-2026,10,Fiorentina,DODO,dodo,6.0,6.0,0,0,0,0,0,0,0
2025-2026,10,Fiorentina,FORTINI Niccolo',fortini niccolo',6.0,6.0,0,0,0,0,0,0,0
2025-2026,10,Fiorentina,GOSENS Robin,gosens robin,,,0,0,0,0,0,0,0
2025-2026,10,Fiorentina,KOSPO Eman,kospo eman,,,0,0,0,0,0,0,0
2025-2026,10,Fiorentina,KOUADIO Eddy,kouadio eddy,,,0,0,0,0,0,0,0
2025-2026,10,Fiorentina,LAMPTEY Tariq,lamptey tariq,,,0,0,0,0,0,0,0
2025-2026,10,Fiorentina,MARI Pablo,mari pablo,,,0,0,0,0,0,0,0
2025-2026,10,Fiorentina,PARISI Fabiano,parisi fabiano,,,0,0,0,0,0,0,0
2025-2026,10,Fiorentina,PONGRACIC Marin,pongracic marin,5.5,5.5,0,0,0,0,0,0,0
2025-2026,10,Fiorentina,RANIERI Luca,ranieri luca,4.0,3.5,0,0,1,0,0,0,0
2025-2026,10,Fiorentina,VITI Mattia,viti mattia,,,0,0,0,0,0,0,0
2025-2026,10,Fiorentina,FAGIOLI Nicolo',fagioli nicolo',4.0,3.5,0,0,1,0,0,0,0
2025-2026,10,Fiorentina,FAZZINI Jacopo,fazzini jacopo,,6.0,0,0,0,0,0,0,0
2025-2026,10,Fiorentina,INFANTINO Gino,infantino gino,,,0,0,0,0,0,0,0
2025-2026,10,Fiorentina,MANDRAGORA Rolando,mandragora rolando,5.0,5.0,0,0,0,0,0,0,0
2025-2026,10,Fiorentina,NDOUR Cher,ndour cher,4.0,4.0,0,0,0,0,0,0,0
2025-2026,10,Fiorentina,NICOLUSSI CAVIGLIA .,nicolussi caviglia .,4.0,3.5,0,0,1,0,0,0,0
2025-2026,10,Fiorentina,RICHARDSON Amir,richardson amir,,,0,0,0,0,0,0,0
2025-2026,10,Fiorentina,SABIRI Abdelhamid,sabiri abdelhamid,,,0,0,0,0,0,0,0
2025-2026,10,Fiorentina,SOHM Simon,sohm simon,4.0,4.0,0,0,0,0,0,0,0
2025-2026,10,Fiorentina,DZEKO Edin,dzeko edin,4.0,4.0,0,0,0,0,0,0,0
2025-2026,10,Fiorentina,GUDMUNDSSON Albert,gudmundsson albert,4.0,4.0,0,0,0,0,0,0,0
2025-2026,10,Fiorentina,KEAN Moise,kean moise,5.5,5.0,0,0,1,0,0,0,0
2025-2026,10,Fiorentina,KOUAME' Christian,kouame' christian,,,0,0,0,0,0,0,0
2025-2026,10,Fiorentina,PICCOLI Roberto,piccoli roberto,4.0,4.0,0,0,0,0,0,0,0
2025-2026,10,Genoa,LEALI Nicola,leali nicola,6.5,5.5,-1,0,0,0,0,0,0
2025-2026,10,Genoa,SIEGRIST Benjamin,siegrist benjamin,,,0,0,0,0,0,0,0
2025-2026,10,Genoa,SOMMARIVA Daniele,sommariva daniele,,,0,0,0,0,0,0,0
2025-2026,10,Genoa,KUMER CELIK Alin,kumer celik alin,,,0,0,0,0,0,0,0
2025-2026,10,Genoa,MARCANDALLI Alessan.,marcandalli alessan.,6.5,6.0,0,0,1,0,0,0,0
2025-2026,10,Genoa,MARTIN Aaron,martin aaron,7.0,8.0,0,1,0,0,0,0,0
2025-2026,10,Genoa,NORTON-CUFFY Brooke,norton-cuffy brooke,6.5,6.5,0,0,0,0,0,0,0
2025-2026,10,Genoa,OSTIGARD Leo,ostigard leo,7.0,10.0,1,0,0,0,0,0,0
2025-2026,10,Genoa,OTOA Sebastian,otoa sebastian,,,0,0,0,0,0,0,0
2025-2026,10,Genoa,SABELLI Stefano,sabelli stefano,,,0,0,0,0,0,0,0
2025-2026,10,Genoa,VASQUEZ Johan,vasquez johan,7.0,7.0,0,0,0,0,0,0,0
2025-2026,10,Genoa,CARBONI Valentin,carboni valentin,,,0,0,0,0,0,0,0
2025-2026,10,Genoa,CUENCA Hugo,cuenca hugo,,,0,0,0,0,0,0,0
2025-2026,10,Genoa,ELLERTSSON Mikael,ellertsson mikael,6.0,6.0,0,0,0,0,0,0,0
2025-2026,10,Genoa,FINI Seydou,fini seydou,,,0,0,0,0,0,0,0
2025-2026,10,Genoa,FRENDRUP Morten,frendrup morten,6.5,6.5,0,0,0,0,0,0,0
2025-2026,10,Genoa,GRONBAEK Alberto,gronbaek alberto,,,0,0,0,0,0,0,0
2025-2026,10,Genoa,LAFONT Gael,lafont gael,,,0,0,0,0,0,0,0
2025-2026,10,Genoa,MALINOVSKIY Ruslan,malinovskiy ruslan,7.5,10.0,1,0,1,0,0,0,0
2025-2026,10,Genoa,MASINI Patrizio,masini patrizio,6.5,6.0,0,0,1,0,0,0,0
2025-2026,10,Genoa,MESSIAS Junior,messias junior,6.0,6.0,0,0,0,0,0,0,0
2025-2026,10,Genoa,ONANA Jean,onana jean,,,0,0,0,0,0,0,0
2025-2026,10,Genoa,STANCIU Nicolae,stanciu nicolae,,,0,0,0,0,0,0,0
2025-2026,10,Genoa,THORSBY Morten,thorsby morten,6.5,6.5,0,0,0,0,0,0,0
2025-2026,10,Genoa,COLOMBO Lorenzo,colombo lorenzo,6.5,6.5,0,0,0,0,0,0,0
2025-2026,10,Genoa,CORNET Maxwel,cornet maxwel,,,0,0,0,0,0,0,0
2025-2026,10,Genoa,EKHATOR Jeff,ekhator jeff,,,0,0,0,0,0,0,0
2025-2026,10,Genoa,EKUBAN Caleb,ekuban caleb,6.0,6.0,0,0,0,0,0,0,0
2025-2026,10,Genoa,VENTURINO Lorenzo,venturino lorenzo,,,0,0,0,0,0,0,0
2025-2026,10,Genoa,VITINHA,vitinha,7.0,7.0,0,0,0,0,0,0,0
2025-2026,10,Inter,DI GENNARO Raffaele,di gennaro raffaele,,,0,0,0,0,0,0,0
2025-2026,10,Inter,MARTINEZ Josep,martinez josep,,,0,0,0,0,0,0,0
2025-2026,10,Inter,SOMMER Yann,sommer yann,5.5,4.5,-1,0,0,0,0,0,0
2025-2026,10,Inter,ACERBI Francesco,acerbi francesco,,,0,0,0,0,0,0,0
2025-2026,10,Inter,AKANJI Manuel,akanji manuel,6.0,6.0,0,0,0,0,0,0,0
2025-2026,10,Inter,ALEXIOU Christos,alexiou christos,,,0,0,0,0,0,0,0
2025-2026,10,Inter,BASTONI Alessandro,bastoni alessandro,5.0,5.0,0,0,0,0,0,0,0
2025-2026,10,Inter,BISSECK Yann Aurel,bisseck yann aurel,6.0,5.5,0,0,1,0,0,0,0
2025-2026,10,Inter,CARLOS AUGUSTO,carlos augusto,5.0,5.0,0,0,0,0,0,0,0
2025-2026,10,Inter,COCCHI Matteo,cocchi matteo,,,0,0,0,0,0,0,0
2025-2026,10,Inter,DARMIAN Matteo,darmian matteo,,,0,0,0,0,0,0,0
2025-2026,10,Inter,DE VRIJ Stefan,de vrij stefan,,,0,0,0,0,0,0,0
2025-2026,10,Inter,DIMARCO Federico,dimarco federico,5.5,5.5,0,0,0,0,0,0,0
2025-2026,10,Inter,DUMFRIES Denzel,dumfries denzel,5.5,5.5,0,0,0,0,0,0,0
2025-2026,10,Inter,LUIS HENRIQUE,luis henrique,5.0,5.0,0,0,0,0,0,0,0
2025-2026,10,Inter,PALACIOS Tomas,palacios tomas,,,0,0,0,0,0,0,0
2025-2026,10,Inter,RE CECCONI Gabriele,re cecconi gabriele,,,0,0,0,0,0,0,0
2025-2026,10,Inter,BARELLA Nicolo',barella nicolo',6.0,6.0,0,0,0,0,0,0,0
2025-2026,10,Inter,BERENBRUCH Thomas,berenbruch thomas,,,0,0,0,0,0,0,0
2025-2026,10,Inter,CALHANOGLU Hakan,calhanoglu hakan,6.5,7.5,0,1,0,0,0,0,0
2025-2026,10,Inter,DIOUF Andy,diouf andy,,,0,0,0,0,0,0,0
2025-2026,10,Inter,FRATTESI Davide,frattesi davide,,,0,0,0,0,0,0,0
2025-2026,10,Inter,MKHITARYAN Henrikh,mkhitaryan henrikh,,,0,0,0,0,0,0,0
2025-2026,10,Inter,SUCIC Petar,sucic petar,5.5,5.5,0,0,0,0,0,0,0
2025-2026,10,Inter,TOPALOVIC Luka,topalovic luka,,,0,0,0,0,0,0,0
2025-2026,10,Inter,ZIELINSKI Piotr,zielinski piotr,6.5,9.5,1,0,0,0,0,0,0
2025-2026,10,Inter,BONNY Ange-Yoan,bonny ange-yoan,5.0,5.0,0,0,0,0,0,0,0
2025-2026,10,Inter,ESPOSITO Francesco .,esposito francesco .,5.5,5.5,0,0,0,0,0,0,0
2025-2026,10,Inter,MARTINEZ Lautaro,martinez lautaro,5.0,5.0,0,0,0,0,0,0,0
2025-2026,10,Inter,THURAM Marcus,thuram marcus,,,0,0,0,0,0,0,0
2025-2026,10,Juventus,DI GREGORIO Michele,di gregorio michele,6.0,5.0,-1,0,0,0,0,0,0
2025-2026,10,Juventus,PERIN Mattia,perin mattia,,,0,0,0,0,0,0,0
2025-2026,10,Juventus,PINSOGLIO Carlo,pinsoglio carlo,,,0,0,0,0,0,0,0
2025-2026,10,Juventus,BREMER Gleison,bremer gleison,,,0,0,0,0,0,0,0
2025-2026,10,Juventus,CABAL Juan,cabal juan,,,0,0,0,0,0,0,0
2025-2026,10,Juventus,CAMBIASO Andrea,cambiaso andrea,6.5,9.5,1,0,0,0,0,0,0
2025-2026,10,Juventus,GATTI Federico,gatti federico,5.0,5.0,0,0,0,0,0,0,0
2025-2026,10,Juventus,KALULU Pierre,kalulu pierre,6.0,6.0,0,0,0,0,0,0,0
2025-2026,10,Juventus,KELLY Lloyd,kelly lloyd,,,0,0,0,0,0,0,0
2025-2026,10,Juventus,MARIO Joao,mario joao,,6.0,0,0,0,0,0,0,0
2025-2026,10,Juventus,ROUHI Jonas,rouhi jonas,,,0,0,0,0,0,0,0
2025-2026,10,Juventus,RUGANI Daniele,rugani daniele,,,0,0,0,0,0,0,0
2025-2026,10,Juventus,ADZIC Vasilije,adzic vasilije,,6.0,0,0,0,0,0,0,0
2025-2026,10,Juventus,KOOPMEINERS Teun,koopmeiners teun,6.0,6.0,0,0,0,0,0,0,0
2025-2026,10,Juventus,KOSTIC Filip,kostic filip,6.5,9.5,1,0,0,0,0,0,0
2025-2026,10,Juventus,LOCATELLI Manuel,locatelli manuel,6.0,6.0,0,0,0,0,0,0,0
2025-2026,10,Juventus,MCKENNIE Weston,mckennie weston,6.5,6.5,0,0,0,0,0,0,0
2025-2026,10,Juventus,MIRETTI Fabio,miretti fabio,,,0,0,0,0,0,0,0
2025-2026,10,Juventus,THURAM Khephren,thuram khephren,5.5,5.5,0,0,0,0,0,0,0
2025-2026,10,Juventus,CONCEICAO Francisco,conceicao francisco,5.5,5.5,0,0,0,0,0,0,0
2025-2026,10,Juventus,DAVID Jonathan,david jonathan,,,0,0,0,0,0,0,0
2025-2026,10,Juventus,MILIK Arek,milik arek,,,0,0,0,0,0,0,0
2025-2026,10,Juventus,OPENDA Lois,openda lois,5.0,5.0,0,0,0,0,0,0,0
2025-2026,10,Juventus,PUGNO Diego,pugno diego,,,0,0,0,0,0,0,0
2025-2026,10,Juventus,VLAHOVIC Dusan,vlahovic dusan,6.0,6.0,0,0,0,0,0,0,0
2025-2026,10,Juventus,YILDIZ Kenan,yildiz kenan,,,0,0,0,0,0,0,0
2025-2026,10,Juventus,ZHEGROVA Edon,zhegrova edon,,,0,0,0,0,0,0,0
2025-2026,10,Lazio,FURLANETTO Alessio,furlanetto alessio,,,0,0,0,0,0,0,0
2025-2026,10,Lazio,MANDAS Christos,mandas christos,,,0,0,0,0,0,0,0
2025-2026,10,Lazio,PROVEDEL Ivan,provedel ivan,6.5,7.5,0,0,0,0,0,0,0
2025-2026,10,Lazio,GIGOT Samuel,gigot samuel,,,0,0,0,0,0,0,0
2025-2026,10,Lazio,GILA Mario,gila mario,6.5,6.5,0,0,0,0,0,0,0
2025-2026,10,Lazio,HYSAJ Elseid,hysaj elseid,,,0,0,0,0,0,0,0
2025-2026,10,Lazio,LAZZARI Manuel,lazzari manuel,6.0,6.0,0,0,0,0,0,0,0
2025-2026,10,Lazio,MARUSIC Adam,marusic adam,6.5,6.5,0,0,0,0,0,0,0
2025-2026,10,Lazio,NUNO TAVARES,nuno tavares,,,0,0,0,0,0,0,0
2025-2026,10,Lazio,PATRIC,patric,,,0,0,0,0,0,0,0
2025-2026,10,Lazio,PELLEGRINI Luca,pellegrini luca,6.0,6.0,0,0,0,0,0,0,0
2025-2026,10,Lazio,PROVSTGAARD Oliver,provstgaard oliver,6.0,6.0,0,0,0,0,0,0,0
2025-2026,10,Lazio,ROMAGNOLI Alessio,romagnoli alessio,6.0,6.0,0,0,0,0,0,0,0
2025-2026,10,Lazio,BASIC Toma,basic toma,6.0,6.0,0,0,0,0,0,0,0
2025-2026,10,Lazio,BELAHYANE Reda,belahyane reda,,,0,0,0,0,0,0,0
2025-2026,10,Lazio,CATALDI Danilo,cataldi danilo,6.5,6.5,0,0,0,0,0,0,0
2025-2026,10,Lazio,DELE-BASHIRU Fisayo,dele-bashiru fisayo,,,0,0,0,0,0,0,0
2025-2026,10,Lazio,GUENDOUZI Matteo,guendouzi matteo,6.5,7.5,0,1,0,0,0,0,0
2025-2026,10,Lazio,ROVELLA Nicolo,rovella nicolo,,,0,0,0,0,0,0,0
2025-2026,10,Lazio,VECINO Matias,vecino matias,6.0,6.0,0,0,0,0,0,0,0
2025-2026,10,Lazio,CANCELLIERI Matteo,cancellieri matteo,,,0,0,0,0,0,0,0
2025-2026,10,Lazio,CASTELLANOS Valentin,castellanos valentin,,,0,0,0,0,0,0,0
2025-2026,10,Lazio,DIA Boulaye,dia boulaye,5.0,5.0,0,0,0,0,0,0,0
2025-2026,10,Lazio,ISAKSEN Gustav,isaksen gustav,7.0,10.0,1,0,0,0,0,0,0
2025-2026,10,Lazio,NOSLIN Tijjani,noslin tijjani,,,0,0,0,0,0,0,0
2025-2026,10,Lazio,PEDRO,pedro,,,0,0,0,0,0,0,0
2025-2026,10,Lazio,ZACCAGNI Mattia,zaccagni mattia,7.0,10.0,1,0,0,0,0,0,0
2025-2026,10,Lecce,FALCONE Wladimiro,falcone wladimiro,7.0,8.0,0,0,0,0,0,0,0
2025-2026,10,Lecce,FRUCHTL Christian,fruchtl christian,,,0,0,0,0,0,0,0
2025-2026,10,Lecce,SAMOOJA Jasper,samooja jasper,,,0,0,0,0,0,0,0
2025-2026,10,Lecce,ESTEBAN Paco,esteban paco,,,0,0,0,0,0,0,0
2025-2026,10,Lecce,GABRIEL Tiago,gabriel tiago,6.5,6.5,0,0,0,0,0,0,0
2025-2026,10,Lecce,GALLO Antonino,gallo antonino,6.0,6.0,0,0,0,0,0,0,0
2025-2026,10,Lecce,GASPAR Kialonda,gaspar kialonda,7.0,7.0,0,0,0,0,0,0,0
2025-2026,10,Lecce,GUILBERT Frederic,guilbert frederic,,,0,0,0,0,0,0,0
2025-2026,10,Lecce,JEAN Gaby,jean gaby,,,0,0,0,0,0,0,0
2025-2026,10,Lecce,KOUASSI Owen,kouassi owen,,,0,0,0,0,0,0,0
2025-2026,10,Lecce,NDABA Corrie,ndaba corrie,,,0,0,0,0,0,0,0
2025-2026,10,Lecce,PEHLIVANOV Cristian,pehlivanov cristian,,,0,0,0,0,0,0,0
2025-2026,10,Lecce,PEREZ Matias,perez matias,,,0,0,0,0,0,0,0
2025-2026,10,Lecce,SCOTT Elijah,scott elijah,,,0,0,0,0,0,0,0
2025-2026,10,Lecce,SIEBERT Jamil,siebert jamil,,,0,0,0,0,0,0,0
2025-2026,10,Lecce,VEIGA Danilo,veiga danilo,6.5,6.0,0,0,1,0,0,0,0
2025-2026,10,Lecce,BERISHA Medon,berisha medon,7.5,10.5,1,0,0,0,0,0,0
2025-2026,10,Lecce,COULIBALY Lassana,coulibaly lassana,6.5,6.5,0,0,0,0,0,0,0
2025-2026,10,Lecce,GORTER Olaf,gorter olaf,,,0,0,0,0,0,0,0
2025-2026,10,Lecce,HELGASON Thorir,helgason thorir,,,0,0,0,0,0,0,0
2025-2026,10,Lecce,KABA Mohamed,kaba mohamed,,,0,0,0,0,0,0,0
2025-2026,10,Lecce,MALEH Youssef,maleh youssef,5.5,5.5,0,0,0,0,0,0,0
2025-2026,10,Lecce,MARCHWINSKI Filip,marchwinski filip,,,0,0,0,0,0,0,0
2025-2026,10,Lecce,PIERRET Balthazar,pierret balthazar,,,0,0,0,0,0,0,0
2025-2026,10,Lecce,RAFIA Hamza,rafia hamza,,,0,0,0,0,0,0,0
2025-2026,10,Lecce,RAMADANI Ylber,ramadani ylber,7.0,7.0,0,0,0,0,0,0,0
2025-2026,10,Lecce,SALA Alex,sala alex,,,0,0,0,0,0,0,0
2025-2026,10,Lecce,SOTTIL Riccardo,sottil riccardo,,,0,0,0,0,0,0,0
2025-2026,10,Lecce,BANDA Lameck,banda lameck,6.0,6.0,0,0,0,0,0,0,0
2025-2026,10,Lecce,CAMARDA Francesco,camarda francesco,,,0,0,0,0,0,0,0
2025-2026,10,Lecce,MORENTE Tete,morente tete,6.5,6.5,0,0,0,0,0,0,0
2025-2026,10,Lecce,N'DRI Konan,n'dri konan,,,0,0,0,0,0,0,0
2025-2026,10,Lecce,PIEROTTI Santiago,pierotti santiago,5.5,5.5,0,0,0,0,0,0,0
2025-2026,10,Lecce,STULIC Nikola,stulic nikola,6.5,6.5,0,0,0,0,0,0,0
2025-2026,10,Milan,MAIGNAN Mike,maignan mike,8.0,12.0,0,0,0,0,0,1,0
2025-2026,10,Milan,TERRACCIANO Pietro,terracciano pietro,,,0,0,0,0,0,0,0
2025-2026,10,Milan,TORRIANI Lorenzo,torriani lorenzo,,,0,0,0,0,0,0,0
2025-2026,10,Milan,ATHEKAME Zachary,athekame zachary,,,0,0,0,0,0,0,0
2025-2026,10,Milan,BARTESAGHI Davide,bartesaghi davide,6.0,6.0,0,0,0,0,0,0,0
2025-2026,10,Milan,DE WINTER Koni,de winter koni,5.5,5.5,0,0,0,0,0,0,0
2025-2026,10,Milan,ESTUPINAN Pervis,estupinan pervis,,,0,0,0,0,0,0,0
2025-2026,10,Milan,GABBIA Matteo,gabbia matteo,6.5,6.5,0,0,0,0,0,0,0
2025-2026,10,Milan,ODOGU David,odogu david,,,0,0,0,0,0,0,0
2025-2026,10,Milan,PAVLOVIC Strahinja,pavlovic strahinja,7.5,10.5,1,0,0,0,0,0,0
2025-2026,10,Milan,TOMORI Fikayo,tomori fikayo,,,0,0,0,0,0,0,0
2025-2026,10,Milan,FOFANA Youssouf,fofana youssouf,5.0,4.5,0,0,1,0,0,0,0
2025-2026,10,Milan,JASHARI Ardon,jashari ardon,,,0,0,0,0,0,0,0
2025-2026,10,Milan,LOFTUS-CHEEK Ruben,loftus-cheek ruben,,,0,0,0,0,0,0,0
2025-2026,10,Milan,MODRIC Luka,modric luka,7.0,7.0,0,0,0,0,0,0,0
2025-2026,10,Milan,RABIOT Adrien,rabiot adrien,,,0,0,0,0,0,0,0
2025-2026,10,Milan,RICCI Samuele,ricci samuele,6.5,6.5,0,0,0,0,0,0,0
2025-2026,10,Milan,SAELEMAEKERS Alexis,saelemaekers alexis,7.0,7.0,0,0,0,0,0,0,0
2025-2026,10,Milan,TRAORE Chaka,traore chaka,,,0,0,0,0,0,0,0
2025-2026,10,Milan,VOS Silvano,vos silvano,,,0,0,0,0,0,0,0
2025-2026,10,Milan,BALENTIEN Chevejo,balentien chevejo,,,0,0,0,0,0,0,0
2025-2026,10,Milan,GIMENEZ Santiago,gimenez santiago,,,0,0,0,0,0,0,0
2025-2026,10,Milan,LEAO Rafael,leao rafael,7.0,8.0,0,1,0,0,0,0,0
2025-2026,10,Milan,NKUNKU Cristopher,nkunku cristopher,5.5,5.5,0,0,0,0,0,0,0
2025-2026,10,Milan,PULISIC Christian,pulisic christian,,,0,0,0,0,0,0,0
2025-2026,10,Napoli,CONTINI Nikita,contini nikita,,,0,0,0,0,0,0,0
2025-2026,10,Napoli,MERET Alex,meret alex,,,0,0,0,0,0,0,0
2025-2026,10,Napoli,MILINKOVIC Vanja,milinkovic vanja,7.0,11.0,0,0,0,0,0,1,0
2025-2026,10,Napoli,BEUKEMA Sam,beukema sam,,,0,0,0,0,0,0,0
2025-2026,10,Napoli,BUONGIORNO Alessand.,buongiorno alessand.,6.0,6.0,0,0,0,0,0,0,0
2025-2026,10,Napoli,DI LORENZO Giovanni,di lorenzo giovanni,5.5,5.5,0,0,0,0,0,0,0
2025-2026,10,Napoli,GUTIERREZ Miguel,gutierrez miguel,6.0,6.0,0,0,0,0,0,0,0
2025-2026,10,Napoli,JESUS Juan,jesus juan,,,0,0,0,0,0,0,0
2025-2026,10,Napoli,MARIANUCCI Luca,marianucci luca,,,0,0,0,0,0,0,0
2025-2026,10,Napoli,MAZZOCCHI Pasquale,mazzocchi pasquale,,,0,0,0,0,0,0,0
2025-2026,10,Napoli,OLIVERA Mathias,olivera mathias,,,0,0,0,0,0,0,0
2025-2026,10,Napoli,RRAHMANI Amir,rrahmani amir,6.5,6.5,0,0,0,0,0,0,0
2025-2026,10,Napoli,SPINAZZOLA Leonardo,spinazzola leonardo,5.5,5.5,0,0,0,0,0,0,0
2025-2026,10,Napoli,ANGUISSA Andre' Zam.,anguissa andre' zam.,6.0,5.5,0,0,1,0,0,0,0
2025-2026,10,Napoli,DE BRUYNE Kevin,de bruyne kevin,,,0,0,0,0,0,0,0
2025-2026,10,Napoli,ELMAS Eljif,elmas eljif,6.5,6.0,0,0,1,0,0,0,0
2025-2026,10,Napoli,GILMOUR Billy,gilmour billy,6.0,6.0,0,0,0,0,0,0,0
2025-2026,10,Napoli,LOBOTKA Stanislav,lobotka stanislav,,,0,0,0,0,0,0,0
2025-2026,10,Napoli,MCTOMINAY Scott,mctominay scott,6.0,6.0,0,0,0,0,0,0,0
2025-2026,10,Napoli,VERGARA Antonio,vergara antonio,,,0,0,0,0,0,0,0
2025-2026,10,Napoli,AMBROSINO Giuseppe,ambrosino giuseppe,,,0,0,0,0,0,0,0
2025-2026,10,Napoli,HOJLUND Rasmus,hojlund rasmus,5.0,5.0,0,0,0,0,0,0,0
2025-2026,10,Napoli,LANG Noa,lang noa,5.5,5.5,0,0,0,0,0,0,0
2025-2026,10,Napoli,LUCCA Lorenzo,lucca lorenzo,,,0,0,0,0,0,0,0
2025-2026,10,Napoli,LUKAKU Romelu,lukaku romelu,,,0,0,0,0,0,0,0
2025-2026,10,Napoli,NERES David,neres david,5.0,5.0,0,0,0,0,0,0,0
2025-2026,10,Napoli,POLITANO Matteo,politano matteo,6.0,5.5,0,0,1,0,0,0,0
2025-2026,10,Roma,GOLLINI Pierluigi,gollini pierluigi,,,0,0,0,0,0,0,0
2025-2026,10,Roma,SVILAR Mile,svilar mile,7.0,6.0,-1,0,0,0,0,0,0
2025-2026,10,Roma,VASQUEZ Devis,vasquez devis,,,0,0,0,0,0,0,0
2025-2026,10,Roma,ANGELINO Jose',angelino jose',,,0,0,0,0,0,0,0
2025-2026,10,Roma,CELIK Zeki,celik zeki,6.0,5.5,0,0,1,0,0,0,0
2025-2026,10,Roma,GHILARDI Daniele,ghilardi daniele,,,0,0,0,0,0,0,0
2025-2026,10,Roma,HERMOSO Mario,hermoso mario,6.0,5.5,0,0,1,0,0,0,0
2025-2026,10,Roma,MANCINI Gianluca,mancini gianluca,6.0,5.5,0,0,1,0,0,0,0
2025-2026,10,Roma,NDICKA Evan,ndicka evan,5.5,5.5,0,0,0,0,0,0,0
2025-2026,10,Roma,RENSCH Devyne,rensch devyne,,,0,0,0,0,0,0,0
2025-2026,10,Roma,SANGARe' Buba,sangare' buba,,,0,0,0,0,0,0,0
2025-2026,10,Roma,TSIMIKAS Konstantin.,tsimikas konstantin.,,,0,0,0,0,0,0,0
2025-2026,10,Roma,WESLEY,wesley,6.0,5.5,0,0,1,0,0,0,0
2025-2026,10,Roma,ZIOLKOWSKI Jan,ziolkowski jan,,,0,0,0,0,0,0,0
2025-2026,10,Roma,BALDANZI Tommaso,baldanzi tommaso,,,0,0,0,0,0,0,0
2025-2026,10,Roma,CRISTANTE Bryan,cristante bryan,6.0,6.0,0,0,0,0,0,0,0
2025-2026,10,Roma,EL AYNAOUI Neil,el aynaoui neil,5.5,5.0,0,0,1,0,0,0,0
2025-2026,10,Roma,EL SHAARAWY Stephan,el shaarawy stephan,,,0,0,0,0,0,0,0
2025-2026,10,Roma,KONE' Manu,kone' manu,5.5,5.5,0,0,0,0,0,0,0
2025-2026,10,Roma,PELLEGRINI Lorenzo,pellegrini lorenzo,6.0,6.0,0,0,0,0,0,0,0
2025-2026,10,Roma,PISILLI Niccolo',pisilli niccolo',,,0,0,0,0,0,0,0
2025-2026,10,Roma,ROMANO Alessandro,romano alessandro,,,0,0,0,0,0,0,0
2025-2026,10,Roma,ARENA Antonio,arena antonio,,,0,0,0,0,0,0,0
2025-2026,10,Roma,BAILEY Leon,bailey leon,5.5,5.5,0,0,0,0,0,0,0
2025-2026,10,Roma,DOVBYK Artem,dovbyk artem,5.0,5.0,0,0,0,0,0,0,0
2025-2026,10,Roma,DYBALA Paulo,dybala paulo,5.0,2.0,0,0,0,0,0,0,1
2025-2026,10,Roma,FERGUSON Evan,ferguson evan,,,0,0,0,0,0,0,0
2025-2026,10,Roma,SOULE' Matias,soule' matias,6.0,6.0,0,0,0,0,0,0,0
2025-2026,10,Sassuolo,MURIC Arijanet,muric arijanet,5.5,3.5,-2,0,0,0,0,0,0
2025-2026,10,Sassuolo,SATALINO Giacomo,satalino giacomo,,,0,0,0,0,0,0,0
2025-2026,10,Sassuolo,TURATI Stefano,turati stefano,,,0,0,0,0,0,0,0
2025-2026,10,Sassuolo,ZACCHI Gioele,zacchi gioele,,,0,0,0,0,0,0,0
2025-2026,10,Sassuolo,CANDE' Fali,cande' fali,,,0,0,0,0,0,0,0
2025-2026,10,Sassuolo,COULIBALY Woyo,coulibaly woyo,5.0,5.0,0,0,0,0,0,0,0
2025-2026,10,Sassuolo,DOIG Josh,doig josh,5.0,5.0,0,0,0,0,0,0,0
2025-2026,10,Sassuolo,IDZES Jay,idzes jay,6.0,6.0,0,0,0,0,0,0,0
2025-2026,10,Sassuolo,MUHAREMOVIC Tarik,muharemovic tarik,5.5,5.0,0,0,1,0,0,0,0
2025-2026,10,Sassuolo,PAZ Yeferson,paz yeferson,,,0,0,0,0,0,0,0
2025-2026,10,Sassuolo,PIERAGNOLO Edoardo,pieragnolo edoardo,,,0,0,0,0,0,0,0
2025-2026,10,Sassuolo,ROMAGNA Filippo,romagna filippo,,,0,0,0,0,0,0,0
2025-2026,10,Sassuolo,WALUKIEWICZ Sebasti.,walukiewicz sebasti.,5.5,5.5,0,0,0,0,0,0,0
2025-2026,10,Sassuolo,BOLOCA Daniel,boloca daniel,,,0,0,0,0,0,0,0
2025-2026,10,Sassuolo,FADERA Alieu,fadera alieu,5.0,5.0,0,0,0,0,0,0,0
2025-2026,10,Sassuolo,IANNONI Edoardo,iannoni edoardo,,,0,0,0,0,0,0,0
2025-2026,10,Sassuolo,KONE Ismael,kone ismael,5.5,5.5,0,0,0,0,0,0,0
2025-2026,10,Sassuolo,LIPANI Luca,lipani luca,,,0,0,0,0,0,0,0
2025-2026,10,Sassuolo,MATIC Nemanja,matic nemanja,6.0,6.0,0,0,0,0,0,0,0
2025-2026,10,Sassuolo,THORSTVEDT Kristian,thorstvedt kristian,5.5,5.5,0,0,0,0,0,0,0
2025-2026,10,Sassuolo,VOLPATO Cristian,volpato cristian,,,0,0,0,0,0,0,0
2025-2026,10,Sassuolo,VRANCKX Aster,vranckx aster,5.0,5.0,0,0,0,0,0,0,0
2025-2026,10,Sassuolo,BERARDI Domenico,berardi domenico,6.0,9.0,1,0,0,0,0,0,0
2025-2026,10,Sassuolo,CHEDDIRA Walid,cheddira walid,5.0,5.0,0,0,0,0,0,0,0
2025-2026,10,Sassuolo,LAURIENTE' Armand,lauriente' armand,5.5,5.5,0,0,0,0,0,0,0
2025-2026,10,Sassuolo,MORO Luca,moro luca,,,0,0,0,0,0,0,0
2025-2026,10,Sassuolo,PIERINI Nicholas,pierini nicholas,,,0,0,0,0,0,0,0
2025-2026,10,Sassuolo,PINAMONTI Andrea,pinamonti andrea,6.0,6.0,0,0,0,0,0,0,0
2025-2026,10,Sassuolo,SKJELLERUP Laurs,skjellerup laurs,,,0,0,0,0,0,0,0
2025-2026,10,Torino,ISRAEL Franco,israel franco,,,0,0,0,0,0,0,0
2025-2026,10,Torino,PALEARI Alberto,paleari alberto,6.0,4.0,-2,0,0,0,0,0,1
2025-2026,10,Torino,POPA Mihai,popa mihai,,,0,0,0,0,0,0,0
2025-2026,10,Torino,BIRAGHI Cristiano,biraghi cristiano,,6.0,0,0,0,0,0,0,0
2025-2026,10,Torino,COCO Saul,coco saul,6.0,6.0,0,0,0,0,0,0,0
2025-2026,10,Torino,DEMBELE' Ali,dembele' ali,,,0,0,0,0,0,0,0
2025-2026,10,Torino,ISMAJLI Ardian,ismajli ardian,5.5,5.5,0,0,0,0,0,0,0
2025-2026,10,Torino,LAZARO Valentino,lazaro valentino,6.5,6.5,0,0,0,0,0,0,0
2025-2026,10,Torino,MARIPAN Guillermo,maripan guillermo,7.0,7.0,0,0,0,0,0,0,0
2025-2026,10,Torino,MASINA Adam,masina adam,,,0,0,0,0,0,0,0
2025-2026,10,Torino,NKOUNKOU Niels,nkounkou niels,,,0,0,0,0,0,0,0
2025-2026,10,Torino,PEDERSEN Marcus,pedersen marcus,7.0,6.5,0,0,1,0,0,0,0
2025-2026,10,Torino,PEREZ Alex,perez alex,,,0,0,0,0,0,0,0
2025-2026,10,Torino,SAZONOV Saba,sazonov saba,,,0,0,0,0,0,0,0
2025-2026,10,Torino,SCHUURS Perr,schuurs perr,,,0,0,0,0,0,0,0
2025-2026,10,Torino,ZAIA Edoardo,zaia edoardo,,,0,0,0,0,0,0,0
2025-2026,10,Torino,ANJORIN Tino,anjorin tino,,,0,0,0,0,0,0,0
2025-2026,10,Torino,ASLLANI Kristjan,asllani kristjan,,,0,0,0,0,0,0,0
2025-2026,10,Torino,CASADEI Cesare,casadei cesare,6.0,5.5,0,0,1,0,0,0,0
2025-2026,10,Torino,GINEITIS Gvidas,gineitis gvidas,6.0,6.0,0,0,0,0,0,0,0
2025-2026,10,Torino,ILIC Ivan,ilic ivan,6.5,6.5,0,0,0,0,0,0,0
2025-2026,10,Torino,ILKHAN Emirhan,ilkhan emirhan,,,0,0,0,0,0,0,0
2025-2026,10,Torino,PERCIUN Sergiu,perciun sergiu,,,0,0,0,0,0,0,0
2025-2026,10,Torino,TAMEZE Adrien,tameze adrien,6.0,6.0,0,0,0,0,0,0,0
2025-2026,10,Torino,VLASIC Nikola,vlasic nikola,6.0,6.0,0,0,0,0,0,0,0
2025-2026,10,Torino,ABOUKHLAL Zakaria,aboukhlal zakaria,,,0,0,0,0,0,0,0
2025-2026,10,Torino,ADAMS Che',adams che',7.0,10.0,1,0,0,0,0,0,0
2025-2026,10,Torino,GABELLINI Tommaso,gabellini tommaso,,,0,0,0,0,0,0,0
2025-2026,10,Torino,NGONGE Cyril,ngonge cyril,6.0,6.0,0,0,0,0,0,0,0
2025-2026,10,Torino,NJIE Alieu,njie alieu,,,0,0,0,0,0,0,0
2025-2026,10,Torino,SAVVA Zanos,savva zanos,,,0,0,0,0,0,0,0
2025-2026,10,Torino,SIMEONE Giovanni,simeone giovanni,7.0,10.0,1,0,0,0,0,0,0
2025-2026,10,Torino,ZAPATA Duvan,zapata duvan,,6.0,0,0,0,0,0,0,0
2025-2026,10,Udinese,NUNZIANTE Alessandro,nunziante alessandro,,,0,0,0,0,0,0,0
2025-2026,10,Udinese,OKOYE Maduka,okoye maduka,6.0,7.0,0,0,0,0,0,0,0
2025-2026,10,Udinese,PADELLI Daniele,padelli daniele,,,0,0,0,0,0,0,0
2025-2026,10,Udinese,SAVA Razvan,sava razvan,,,0,0,0,0,0,0,0
2025-2026,10,Udinese,BERTOLA Nicolo',bertola nicolo',6.0,6.0,0,0,0,0,0,0,0
2025-2026,10,Udinese,EHIZIBUE Kingsley,ehizibue kingsley,,6.0,0,0,0,0,0,0,0
2025-2026,10,Udinese,GOGLICHIDZE Saba,goglichidze saba,,,0,0,0,0,0,0,0
2025-2026,10,Udinese,KABASELE Christian,kabasele christian,6.5,6.5,0,0,0,0,0,0,0
2025-2026,10,Udinese,KAMARA Hassane,kamara hassane,6.5,7.0,0,1,1,0,0,0,0
2025-2026,10,Udinese,KRISTENSEN Thomas,kristensen thomas,,,0,0,0,0,0,0,0
2025-2026,10,Udinese,MODESTO Rui,modesto rui,,,0,0,0,0,0,0,0
2025-2026,10,Udinese,PALMA Matteo,palma matteo,6.0,6.0,0,0,0,0,0,0,0
2025-2026,10,Udinese,SOLET Oumar,solet oumar,6.0,6.0,0,0,0,0,0,0,0
2025-2026,10,Udinese,ZANOLI Alessandro,zanoli alessandro,6.0,6.0,0,0,0,0,0,0,0
2025-2026,10,Udinese,ZEMURA Jordan,zemura jordan,,,0,0,0,0,0,0,0
2025-2026,10,Udinese,ATTA Arthur,atta arthur,7.0,7.0,0,0,0,0,0,0,0
2025-2026,10,Udinese,EKKELENKAMP Jurgen,ekkelenkamp jurgen,6.5,6.5,0,0,0,0,0,0,0
2025-2026,10,Udinese,KARLSTROM Jesper,karlstrom jesper,7.0,7.0,0,0,0,0,0,0,0
2025-2026,10,Udinese,LOVRIC Sandi,lovric sandi,,,0,0,0,0,0,0,0
2025-2026,10,Udinese,MILLER Lennon,miller lennon,,,0,0,0,0,0,0,0
2025-2026,10,Udinese,PIOTROWSKI Jakub,piotrowski jakub,6.0,6.0,0,0,0,0,0,0,0
2025-2026,10,Udinese,ZANIOLO Nicolo',zaniolo nicolo',7.0,10.0,1,0,0,0,0,0,0
2025-2026,10,Udinese,ZARRAGA Oier,zarraga oier,,,0,0,0,0,0,0,0
2025-2026,10,Udinese,BAYO Vakoun,bayo vakoun,6.5,6.5,0,0,0,0,0,0,0
2025-2026,10,Udinese,BRAVO Iker,bravo iker,,,0,0,0,0,0,0,0
2025-2026,10,Udinese,BUKSA Adam,buksa adam,5.5,5.5,0,0,0,0,0,0,0
2025-2026,10,Udinese,DAVIS Keinan,davis keinan,,,0,0,0,0,0,0,0
2025-2026,10,Udinese,GUEYE Idrissa,gueye idrissa,,,0,0,0,0,0,0,0
2025-2026,10,Udinese,VINCIATI Giulio,vinciati giulio,,,0,0,0,0,0,0,0
2025-2026,10,Verona,MONTIPO' Lorenzo,montipo' lorenzo,6.5,4.5,-2,0,0,0,0,0,0
2025-2026,10,Verona,PERILLI Simone,perilli simone,,,0,0,0,0,0,0,0
2025-2026,10,Verona,BELGHALI Rafik,belghali rafik,7.0,7.0,0,0,0,0,0,0,0
2025-2026,10,Verona,BELLA-KOTCHAP Armel,bella-kotchap armel,7.0,6.5,0,0,1,0,0,0,0
2025-2026,10,Verona,BRADARIC Domagoj,bradaric domagoj,6.0,6.0,0,0,0,0,0,0,0
2025-2026,10,Verona,CHAM Fallou,cham fallou,,,0,0,0,0,0,0,0
2025-2026,10,Verona,EBOSSE Enzo,ebosse enzo,,,0,0,0,0,0,0,0
2025-2026,10,Verona,FRESE Martin,frese martin,6.0,4.0,0,0,0,0,1,0,0
2025-2026,10,Verona,KURTI Adi,kurti adi,,,0,0,0,0,0,0,0
2025-2026,10,Verona,NELSSON Victor,nelsson victor,6.5,6.5,0,0,0,0,0,0,0
2025-2026,10,Verona,NUNEZ Unai,nunez unai,,,0,0,0,0,0,0,0
2025-2026,10,Verona,OYEGOKE Daniel,oyegoke daniel,,,0,0,0,0,0,0,0
2025-2026,10,Verona,SLOTSAGER Tobias,slotsager tobias,,,0,0,0,0,0,0,0
2025-2026,10,Verona,VALENTINI Nicolas,valentini nicolas,,,0,0,0,0,0,0,0
2025-2026,10,Verona,YELLU Santiago,yellu santiago,,,0,0,0,0,0,0,0
2025-2026,10,Verona,AKPA-AKPRO Jean-Dan.,akpa-akpro jean-dan.,6.0,6.0,0,0,0,0,0,0,0
2025-2026,10,Verona,AL-MUSRATI Moatasem,al-musrati moatasem,,,0,0,0,0,0,0,0
2025-2026,10,Verona,BERNEDE Antoine,bernede antoine,6.0,6.0,0,0,0,0,0,0,0
2025-2026,10,Verona,GAGLIARDINI Roberto,gagliardini roberto,6.0,6.0,0,0,0,0,0,0,0
2025-2026,10,Verona,HARROUI Abdou,harroui abdou,,,0,0,0,0,0,0,0
2025-2026,10,Verona,KASTANOS Grigoris,kastanos grigoris,,,0,0,0,0,0,0,0
2025-2026,10,Verona,NIASSE Cheikh,niasse cheikh,6.0,6.0,0,0,0,0,0,0,0
2025-2026,10,Verona,SERDAR Suat,serdar suat,,,0,0,0,0,0,0,0
2025-2026,10,Verona,SUSLOV Tomas,suslov tomas,,,0,0,0,0,0,0,0
2025-2026,10,Verona,YILDIZ Veis,yildiz veis,,,0,0,0,0,0,0,0
2025-2026,10,Verona,AJAYI Junior,ajayi junior,,,0,0,0,0,0,0,0
2025-2026,10,Verona,GIOVANE Do Nascimie.,giovane do nascimie.,7.0,10.0,1,0,0,0,0,0,0
2025-2026,10,Verona,LUNA Agustin,luna agustin,,,0,0,0,0,0,0,0
2025-2026,10,Verona,MOSQUERA Daniel,mosquera daniel,5.5,5.5,0,0,0,0,0,0,0
2025-2026,10,Verona,ORBAN Gift,orban gift,7.0,7.5,0,1,1,0,0,0,0
2025-2026,10,Verona,SARR Amin,sarr amin,,6.0,0,0,0,0,0,0,0
2025-2026,10,Cremonese,AUDERO Emil,audero emil,6.0,4.0,-2,0,0,0,0,0,0
2025-2026,10,Cremonese,MALOVEC Adrian,malovec adrian,,,0,0,0,0,0,0,0
2025-2026,10,Cremonese,NAVA Lapo,nava lapo,,,0,0,0,0,0,0,0
2025-2026,10,Cremonese,SILVESTRI Marco,silvestri marco,,,0,0,0,0,0,0,0
2025-2026,10,Cremonese,BARBIERI Tommaso,barbieri tommaso,5.0,5.0,0,0,0,0,0,0,0
2025-2026,10,Cremonese,BASCHIROTTO Federico,baschirotto federico,5.5,5.5,0,0,0,0,0,0,0
2025-2026,10,Cremonese,BIANCHETTI Matteo,bianchetti matteo,6.0,5.5,0,0,1,0,0,0,0
2025-2026,10,Cremonese,CECCHERINI Federico,ceccherini federico,,,0,0,0,0,0,0,0
2025-2026,10,Cremonese,FAYE Mikayil,faye mikayil,6.0,6.0,0,0,0,0,0,0,0
2025-2026,10,Cremonese,FLORIANI MUSSOLINI .,floriani mussolini .,5.0,5.0,0,0,0,0,0,0,0
2025-2026,10,Cremonese,FOLINO Francesco,folino francesco,,,0,0,0,0,0,0,0
2025-2026,10,Cremonese,PEZZELLA Giuseppe,pezzella giuseppe,,,0,0,0,0,0,0,0
2025-2026,10,Cremonese,SERNICOLA Leonardo,sernicola leonardo,,,0,0,0,0,0,0,0
2025-2026,10,Cremonese,TERRACCIANO Filippo,terracciano filippo,5.0,5.0,0,0,0,0,0,0,0
2025-2026,10,Cremonese,BONDO Warren,bondo warren,5.0,5.0,0,0,0,0,0,0,0
2025-2026,10,Cremonese,COLLOCOLO Michele,collocolo michele,,,0,0,0,0,0,0,0
2025-2026,10,Cremonese,GRASSI Alberto,grassi alberto,,,0,0,0,0,0,0,0
2025-2026,10,Cremonese,LORDKIPANIDZE Dachi,lordkipanidze dachi,,,0,0,0,0,0,0,0
2025-2026,10,Cremonese,PAYERO Martin,payero martin,6.0,6.0,0,0,0,0,0,0,0
2025-2026,10,Cremonese,VALOTI Mattia,valoti mattia,,,0,0,0,0,0,0,0
2025-2026,10,Cremonese,VANDEPUTTE Jari,vandeputte jari,5.0,5.0,0,0,0,0,0,0,0
2025-2026,10,Cremonese,BONAZZOLI Federico,bonazzoli federico,5.0,5.0,0,0,0,0,0,0,0
2025-2026,10,Cremonese,DE LUCA Manuel,de luca manuel,,,0,0,0,0,0,0,0
2025-2026,10,Cremonese,JOHNSEN Dennis,johnsen dennis,,7.0,0,1,0,0,0,0,0
2025-2026,10,Cremonese,MOUMBAGNA Faris,moumbagna faris,,,0,0,0,0,0,0,0
2025-2026,10,Cremonese,OKEREKE David,okereke david,,,0,0,0,0,0,0,0
2025-2026,10,Cremonese,SANABRIA Antonio,sanabria antonio,,,0,0,0,0,0,0,0
2025-2026,10,Cremonese,SARMIENTO Jeremy,sarmiento jeremy,6.0,6.0,0,0,0,0,0,0,0
2025-2026,10,Cremonese,VARDY Jamie,vardy jamie,6.5,9.5,1,0,0,0,0,0,0
2025-2026,10,Cremonese,VAZQUEZ Franco,vazquez franco,6.0,6.0,0,0,0,0,0,0,0
2025-2026,10,Cremonese,ZERBIN Alessio,zerbin alessio,,,0,0,0,0,0,0,0
2025-2026,10,Parma,CORVI Edoardo,corvi edoardo,,,0,0,0,0,0,0,0
2025-2026,10,Parma,RINALDI Filippo,rinaldi filippo,,,0,0,0,0,0,0,0
2025-2026,10,Parma,SUZUKI Zion,suzuki zion,6.0,3.0,-3,0,0,0,0,0,0
2025-2026,10,Parma,BRITSCHGI Sascha,britschgi sascha,6.0,6.0,0,0,0,0,0,0,0
2025-2026,10,Parma,CIRCATI Alessandro,circati alessandro,6.0,6.0,0,0,0,0,0,0,0
2025-2026,10,Parma,DEL PRATO Enrico,del prato enrico,5.5,5.5,0,0,0,0,0,0,0
2025-2026,10,Parma,LOVIK Mathias,lovik mathias,,,0,0,0,0,0,0,0
2025-2026,10,Parma,NDIAYE Abdoulaye,ndiaye abdoulaye,6.0,6.0,0,0,0,0,0,0,0
2025-2026,10,Parma,TRABUCCHI Nicolas,trabucchi nicolas,,,0,0,0,0,0,0,0
2025-2026,10,Parma,TROILO Mariano,troilo mariano,,,0,0,0,0,0,0,0
2025-2026,10,Parma,VALENTI Lautaro,valenti lautaro,5.5,5.0,0,0,1,0,0,0,0
2025-2026,10,Parma,VALERI Emanuele,valeri emanuele,,,0,0,0,0,0,0,0
2025-2026,10,Parma,BERNABE' Adrian,bernabe' adrian,6.5,9.5,1,0,0,0,0,0,0
2025-2026,10,Parma,CREMASCHI Benjamin,cremaschi benjamin,,,0,0,0,0,0,0,0
2025-2026,10,Parma,ESTEVEZ Nahuel,estevez nahuel,5.5,5.5,0,0,0,0,0,0,0
2025-2026,10,Parma,HERNANI,hernani,6.0,6.0,0,0,0,0,0,0,0
2025-2026,10,Parma,KEITA Mandela,keita mandela,6.0,6.0,0,0,0,0,0,0,0
2025-2026,10,Parma,ORDONEZ Christian,ordonez christian,4.0,3.0,0,0,0,1,0,0,0
2025-2026,10,Parma,ORISTANIO Gaetano,oristanio gaetano,,,0,0,0,0,0,0,0
2025-2026,10,Parma,PLICCO Elia,plicco elia,,,0,0,0,0,0,0,0
2025-2026,10,Parma,SORENSEN Oliver,sorensen oliver,5.5,5.5,0,0,0,0,0,0,0
2025-2026,10,Parma,ALMQVIST Pontus,almqvist pontus,,,0,0,0,0,0,0,0
2025-2026,10,Parma,BEGIC Tjas,begic tjas,,,0,0,0,0,0,0,0
2025-2026,10,Parma,BENEDYCZAK Adrian,benedyczak adrian,5.5,5.5,0,0,0,0,0,0,0
2025-2026,10,Parma,CUTRONE Patrick,cutrone patrick,6.0,6.0,0,0,0,0,0,0,0
2025-2026,10,Parma,DJURIC Milan,djuric milan,5.5,5.5,0,0,0,0,0,0,0
2025-2026,10,Parma,FRIGAN Matija,frigan matija,,,0,0,0,0,0,0,0
2025-2026,10,Parma,ONDREJKA Jacob,ondrejka jacob,,,0,0,0,0,0,0,0
2025-2026,10,Parma,PELLEGRINO Mateo,pellegrino mateo,6.0,6.0,0,0,0,0,0,0,0
2025-2026,10,Pisa,NICOLAS,nicolas,,,0,0,0,0,0,0,0
2025-2026,10,Pisa,SCUFFET Simone,scuffet simone,,,0,0,0,0,0,0,0
2025-2026,10,Pisa,SEMPER Adrian,semper adrian,6.0,4.0,-2,0,0,0,0,0,0
2025-2026,10,Pisa,ALBIOL Raul,albiol raul,,,0,0,0,0,0,0,0
2025-2026,10,Pisa,ANGORI Samuele,angori samuele,6.0,6.0,0,0,0,0,0,0,0
2025-2026,10,Pisa,BONFANTI Giovanni,bonfanti giovanni,,,0,0,0,0,0,0,0
2025-2026,10,Pisa,CALABRESI Arturo,calabresi arturo,6.0,6.0,0,0,0,0,0,0,0
2025-2026,10,Pisa,CANESTRELLI Simone,canestrelli simone,6.0,6.0,0,0,0,0,0,0,0
2025-2026,10,Pisa,CARACCIOLO Antonio,caracciolo antonio,6.0,6.0,0,0,0,0,0,0,0
2025-2026,10,Pisa,CUADRADO Juan,cuadrado juan,,,0,0,0,0,0,0,0
2025-2026,10,Pisa,DENOON Daniel,denoon daniel,,,0,0,0,0,0,0,0
2025-2026,10,Pisa,ESTEVES Tomas,esteves tomas,,,0,0,0,0,0,0,0
2025-2026,10,Pisa,LUSUARDI Mateus,lusuardi mateus,,,0,0,0,0,0,0,0
2025-2026,10,Pisa,MBAMBI Jeremy,mbambi jeremy,,,0,0,0,0,0,0,0
2025-2026,10,Pisa,AEBISCHER Michel,aebischer michel,6.0,6.0,0,0,0,0,0,0,0
2025-2026,10,Pisa,AKINSANMIRO Ebenezer,akinsanmiro ebenezer,6.5,6.5,0,0,0,0,0,0,0
2025-2026,10,Pisa,HOJHOLT Malthe,hojholt malthe,5.5,5.0,0,0,1,0,0,0,0
2025-2026,10,Pisa,LERIS Mehdi,leris mehdi,7.0,8.0,0,1,0,0,0,0,0
2025-2026,10,Pisa,LORRAN De Sousa,lorran de sousa,,,0,0,0,0,0,0,0
2025-2026,10,Pisa,MARIN Marius,marin marius,,,0,0,0,0,0,0,0
2025-2026,10,Pisa,MAUCCI Giacomo,maucci giacomo,,,0,0,0,0,0,0,0
2025-2026,10,Pisa,PICCININI Gabriele,piccinini gabriele,,,0,0,0,0,0,0,0
2025-2026,10,Pisa,STENGS Calvin,stengs calvin,,,0,0,0,0,0,0,0
2025-2026,10,Pisa,TOURE Idrissa,toure idrissa,5.5,5.5,0,0,0,0,0,0,0
2025-2026,10,Pisa,TRAMONI Matteo,tramoni matteo,,,0,0,0,0,0,0,0
2025-2026,10,Pisa,VURAL Isak,vural isak,6.5,6.5,0,0,0,0,0,0,0
2025-2026,10,Pisa,BUFFON Louis,buffon louis,,,0,0,0,0,0,0,0
2025-2026,10,Pisa,MEISTER Henrik,meister henrik,6.5,6.5,0,0,0,0,0,0,0
2025-2026,10,Pisa,MOREO Stefano,moreo stefano,7.5,13.5,2,0,0,0,0,1,0
2025-2026,10,Pisa,NZOLA M'Bala,nzola m'bala,6.0,6.0,0,0,0,0,0,0,0
2025-2026,10,Como,BUTEZ Jean,butez jean,6.5,7.5,0,0,0,0,0,0,0
2025-2026,10,Como,CAVLINA Nikola,cavlina nikola,,,0,0,0,0,0,0,0
2025-2026,10,Como,VIGORITO Mauro,vigorito mauro,,,0,0,0,0,0,0,0
2025-2026,10,Como,CARLOS Diego,carlos diego,6.0,6.0,0,0,0,0,0,0,0
2025-2026,10,Como,DOSSENA Alberto,dossena alberto,,,0,0,0,0,0,0,0
2025-2026,10,Como,GOLDANIGA Edoardo,goldaniga edoardo,,,0,0,0,0,0,0,0
2025-2026,10,Como,KEMPF Marc-Oliver,kempf marc-oliver,,,0,0,0,0,0,0,0
2025-2026,10,Como,MORENO Alberto,moreno alberto,,,0,0,0,0,0,0,0
2025-2026,10,Como,POSCH Stefan,posch stefan,6.0,6.0,0,0,0,0,0,0,0
2025-2026,10,Como,RAMON Jacobo,ramon jacobo,6.5,6.5,0,0,0,0,0,0,0
2025-2026,10,Como,ROBERTO Sergi,roberto sergi,,,0,0,0,0,0,0,0
2025-2026,10,Como,SALA Marco,sala marco,,,0,0,0,0,0,0,0
2025-2026,10,Como,SMOLCIC Ivan,smolcic ivan,6.0,5.5,0,0,1,0,0,0,0
2025-2026,10,Como,VALLE Alex,valle alex,6.0,6.0,0,0,0,0,0,0,0
2025-2026,10,Como,VAN DER BREMPT Igna.,van der brempt igna.,,,0,0,0,0,0,0,0
2025-2026,10,Como,VOJVODA Mergim,vojvoda mergim,,,0,0,0,0,0,0,0
2025-2026,10,Como,BATURINA Martin,baturina martin,,,0,0,0,0,0,0,0
2025-2026,10,Como,CAQUERET Maxence,caqueret maxence,6.5,6.5,0,0,0,0,0,0,0
2025-2026,10,Como,DA CUNHA Lucas,da cunha lucas,6.0,6.0,0,0,0,0,0,0,0
2025-2026,10,Como,PAZ Nico,paz nico,5.5,5.5,0,0,0,0,0,0,0
2025-2026,10,Como,PERRONE Maximo,perrone maximo,6.0,5.5,0,0,1,0,0,0,0
2025-2026,10,Como,ADDAI Jaden,addai jaden,6.0,6.0,0,0,0,0,0,0,0
2025-2026,10,Como,CERRI Alberto,cerri alberto,,,0,0,0,0,0,0,0
2025-2026,10,Como,DIAO Assane,diao assane,6.5,6.5,0,0,0,0,0,0,0
2025-2026,10,Como,DOUVIKAS Tasos,douvikas tasos,,,0,0,0,0,0,0,0
2025-2026,10,Como,KUHN Nicolas,kuhn nicolas,,,0,0,0,0,0,0,0
2025-2026,10,Como,MORATA Alvaro,morata alvaro,5.0,2.0,0,0,0,0,0,0,1
2025-2026,10,Como,RODRIGUEZ Jesus,rodriguez jesus,,,0,0,0,0,0,0,0
2025-2026,11,Atalanta,CARNESECCHI Marco,carnesecchi marco,5.5,2.5,-3,0,0,0,0,0,1
2025-2026,11,Atalanta,ROSSI Francesco,rossi francesco,,,0,0,0,0,0,0,0
2025-2026,11,Atalanta,SPORTIELLO Marco,sportiello marco,,,0,0,0,0,0,0,0
2025-2026,11,Atalanta,AHANOR Honest,ahanor honest,5.0,5.0,0,0,0,0,0,0,0
2025-2026,11,Atalanta,BAKKER Mitchel,bakker mitchel,,,0,0,0,0,0,0,0
2025-2026,11,Atalanta,BELLANOVA Raoul,bellanova raoul,4.5,4.5,0,0,0,0,0,0,0
2025-2026,11,Atalanta,BERNASCONI Lorenzo,bernasconi lorenzo,,,0,0,0,0,0,0,0
2025-2026,11,Atalanta,COMI Pietro,comi pietro,,,0,0,0,0,0,0,0
2025-2026,11,Atalanta,DJIMSITI Berat,djimsiti berat,4.5,4.5,0,0,0,0,0,0,0
2025-2026,11,Atalanta,HIEN Isak,hien isak,4.0,4.0,0,0,0,0,0,0,0
2025-2026,11,Atalanta,KOLASINAC Sead,kolasinac sead,,,0,0,0,0,0,0,0
2025-2026,11,Atalanta,KOSSOUNOU Odilon,kossounou odilon,4.5,4.5,0,0,0,0,0,0,0
2025-2026,11,Atalanta,OBRIC Relja,obric relja,,,0,0,0,0,0,0,0
2025-2026,11,Atalanta,SCALVINI Giorgio,scalvini giorgio,,,0,0,0,0,0,0,0
2025-2026,11,Atalanta,ZAPPACOSTA Davide,zappacosta davide,6.0,6.0,0,0,0,0,0,0,0
2025-2026,11,Atalanta,BRESCIANINI Marco,brescianini marco,,,0,0,0,0,0,0,0
2025-2026,11,Atalanta,CASSA Federico,cassa federico,,,0,0,0,0,0,0,0
2025-2026,11,Atalanta,DE ROON Marten,de roon marten,,,0,0,0,0,0,0,0
2025-2026,11,Atalanta,EDERSON,ederson,4.5,4.5,0,0,0,0,0,0,0
2025-2026,11,Atalanta,MALDINI Daniel,maldini daniel,,,0,0,0,0,0,0,0
2025-2026,11,Atalanta,MANZONI Alberto,manzoni alberto,,,0,0,0,0,0,0,0
2025-2026,11,Atalanta,MUSAH Yunus,musah yunus,,,0,0,0,0,0,0,0
2025-2026,11,Atalanta,PASALIC Mario,pasalic mario,4.5,4.5,0,0,0,0,0,0,0
2025-2026,11,Atalanta,SAMARDZIC Lazar,samardzic lazar,4.0,4.0,0,0,0,0,0,0,0
2025-2026,11,Atalanta,ZALEWSKI Nicola,zalewski nicola,,,0,0,0,0,0,0,0
2025-2026,11,Atalanta,DE KETELAERE Charles,de ketelaere charles,5.0,5.0,0,0,0,0,0,0,0
2025-2026,11,Atalanta,KRSTOVIC Nikola,krstovic nikola,4.0,4.0,0,0,0,0,0,0,0
2025-2026,11,Atalanta,LOOKMAN Ademola,lookman ademola,5.0,5.0,0,0,0,0,0,0,0
2025-2026,11,Atalanta,SCAMACCA Gianluca,scamacca gianluca,5.0,5.0,0,0,0,0,0,0,0
2025-2026,11,Atalanta,SULEMANA Kamaldeen,sulemana kamaldeen,,6.0,0,0,0,0,0,0,0
2025-2026,11,Bologna,PESSINA Massimo,pessina massimo,6.5,7.5,0,0,0,0,0,0,0
2025-2026,11,Bologna,RAVAGLIA Federico,ravaglia federico,,,0,0,0,0,0,0,0
2025-2026,11,Bologna,SKORUPSKI Lukasz,skorupski lukasz,,,0,0,0,0,0,0,0
2025-2026,11,Bologna,BONIFAZI Kevin,bonifazi kevin,,,0,0,0,0,0,0,0
2025-2026,11,Bologna,CASALE Nicolo',casale nicolo',6.0,6.0,0,0,0,0,0,0,0
2025-2026,11,Bologna,DE SILVESTRI Lorenzo,de silvestri lorenzo,,,0,0,0,0,0,0,0
2025-2026,11,Bologna,HEGGEM Torbjorn,heggem torbjorn,7.0,7.0,0,0,0,0,0,0,0
2025-2026,11,Bologna,HOLM Emil,holm emil,7.0,8.0,0,1,0,0,0,0,0
2025-2026,11,Bologna,LUCUMI Jhon,lucumi jhon,8.0,11.0,1,0,0,0,0,0,0
2025-2026,11,Bologna,LYKOGIANNIS Charala.,lykogiannis charala.,,,0,0,0,0,0,0,0
2025-2026,11,Bologna,MIRANDA Juan,miranda juan,6.5,6.5,0,0,0,0,0,0,0
2025-2026,11,Bologna,VITIK Martin,vitik martin,,,0,0,0,0,0,0,0
2025-2026,11,Bologna,ZORTEA Nadir,zortea nadir,,,0,0,0,0,0,0,0
2025-2026,11,Bologna,BERNARDESCHI Federi.,bernardeschi federi.,6.5,6.5,0,0,0,0,0,0,0
2025-2026,11,Bologna,FABBIAN Giovanni,fabbian giovanni,,,0,0,0,0,0,0,0
2025-2026,11,Bologna,FERGUSON Lewis,ferguson lewis,7.0,7.0,0,0,0,0,0,0,0
2025-2026,11,Bologna,FREULER Remo,freuler remo,,,0,0,0,0,0,0,0
2025-2026,11,Bologna,MORO Nikola,moro nikola,6.0,6.0,0,0,0,0,0,0,0
2025-2026,11,Bologna,POBEGA Tommaso,pobega tommaso,6.5,6.5,0,0,0,0,0,0,0
2025-2026,11,Bologna,SULEMANA,sulemana,,,0,0,0,0,0,0,0
2025-2026,11,Bologna,CAMBIAGHI Nicolo',cambiaghi nicolo',7.0,8.0,0,1,0,0,0,0,0
2025-2026,11,Bologna,CASTRO Santiago,castro santiago,,,0,0,0,0,0,0,0
2025-2026,11,Bologna,DALLINGA Thijs,dallinga thijs,7.5,10.5,1,0,0,0,0,0,0
2025-2026,11,Bologna,DOMINGUEZ Benjamin,dominguez benjamin,,,0,0,0,0,0,0,0
2025-2026,11,Bologna,IMMOBILE Ciro,immobile ciro,,,0,0,0,0,0,0,0
2025-2026,11,Bologna,ODGAARD Jens,odgaard jens,6.0,6.0,0,0,0,0,0,0,0
2025-2026,11,Bologna,ORSOLINI Riccardo,orsolini riccardo,6.5,6.0,0,0,1,0,0,0,0
2025-2026,11,Bologna,ROWE Jonathan,rowe jonathan,6.0,6.0,0,0,0,0,0,0,0
2025-2026,11,Cagliari,CAPRILE Elia,caprile elia,7.5,8.5,0,0,0,0,0,0,0
2025-2026,11,Cagliari,CIOCCI Giuseppe,ciocci giuseppe,,,0,0,0,0,0,0,0
2025-2026,11,Cagliari,RADUNOVIC Boris,radunovic boris,,,0,0,0,0,0,0,0
2025-2026,11,Cagliari,IDRISSI Riyad,idrissi riyad,,6.0,0,0,0,0,0,0,0
2025-2026,11,Cagliari,LUPERTO Sebastiano,luperto sebastiano,6.5,6.5,0,0,0,0,0,0,0
2025-2026,11,Cagliari,MINA Yerry,mina yerry,6.5,6.5,0,0,0,0,0,0,0
2025-2026,11,Cagliari,OBERT Adam,obert adam,5.5,5.5,0,0,0,0,0,0,0
2025-2026,11,Cagliari,PALESTRA Marco,palestra marco,6.5,6.5,0,0,0,0,0,0,0
2025-2026,11,Cagliari,RODRIGUEZ Juan,rodriguez juan,,,0,0,0,0,0,0,0
2025-2026,11,Cagliari,ZAPPA Gabriele,zappa gabriele,6.0,6.0,0,0,0,0,0,0,0
2025-2026,11,Cagliari,ZE PEDRO,ze pedro,,,0,0,0,0,0,0,0
2025-2026,11,Cagliari,ADOPO Michel,adopo michel,6.0,6.0,0,0,0,0,0,0,0
2025-2026,11,Cagliari,CAVUOTI Nicolo',cavuoti nicolo',,,0,0,0,0,0,0,0
2025-2026,11,Cagliari,DEIOLA Alessandro,deiola alessandro,,,0,0,0,0,0,0,0
2025-2026,11,Cagliari,DI PARDO Alessandro,di pardo alessandro,,,0,0,0,0,0,0,0
2025-2026,11,Cagliari,FOLORUNSHO Michael,folorunsho michael,6.0,6.0,0,0,0,0,0,0,0
2025-2026,11,Cagliari,GAETANO Gianluca,gaetano gianluca,5.0,5.0,0,0,0,0,0,0,0
2025-2026,11,Cagliari,LITETA Joseph,liteta joseph,,,0,0,0,0,0,0,0
2025-2026,11,Cagliari,MAZZITELLI Luca,mazzitelli luca,,6.0,0,0,0,0,0,0,0
2025-2026,11,Cagliari,PRATI Matteo,prati matteo,5.5,5.0,0,0,1,0,0,0,0
2025-2026,11,Cagliari,ROG Marko,rog marko,,,0,0,0,0,0,0,0
2025-2026,11,Cagliari,BELOTTI Andrea,belotti andrea,,,0,0,0,0,0,0,0
2025-2026,11,Cagliari,BORRELLI Gennaro,borrelli gennaro,5.5,5.5,0,0,0,0,0,0,0
2025-2026,11,Cagliari,ESPOSITO Sebastiano,esposito sebastiano,5.0,5.0,0,0,0,0,0,0,0
2025-2026,11,Cagliari,FELICI Mattia,felici mattia,6.5,6.5,0,0,0,0,0,0,0
2025-2026,11,Cagliari,KILICSOY Semih,kilicsoy semih,,,0,0,0,0,0,0,0
2025-2026,11,Cagliari,LUVUMBO Sebastiao Z.,luvumbo sebastiao z.,5.0,5.0,0,0,0,0,0,0,0
2025-2026,11,Cagliari,PAVOLETTI Leonardo,pavoletti leonardo,,,0,0,0,0,0,0,0
2025-2026,11,Fiorentina,DE GEA David,de gea david,5.5,6.5,-2,0,0,0,0,1,0
2025-2026,11,Fiorentina,LEZZERINI Luca,lezzerini luca,,,0,0,0,0,0,0,0
2025-2026,11,Fiorentina,MARTINELLI Tommaso,martinelli tommaso,,,0,0,0,0,0,0,0
2025-2026,11,Fiorentina,COMUZZO Pietro,comuzzo pietro,,,0,0,0,0,0,0,0
2025-2026,11,Fiorentina,DODO,dodo,6.0,5.5,0,0,1,0,0,0,0
2025-2026,11,Fiorentina,FORTINI Niccolo',fortini niccolo',6.0,6.0,0,0,0,0,0,0,0
2025-2026,11,Fiorentina,GOSENS Robin,gosens robin,,,0,0,0,0,0,0,0
2025-2026,11,Fiorentina,KOSPO Eman,kospo eman,,,0,0,0,0,0,0,0
2025-2026,11,Fiorentina,KOUADIO Eddy,kouadio eddy,,,0,0,0,0,0,0,0
2025-2026,11,Fiorentina,LAMPTEY Tariq,lamptey tariq,,,0,0,0,0,0,0,0
2025-2026,11,Fiorentina,MARI Pablo,mari pablo,6.5,6.5,0,0,0,0,0,0,0
2025-2026,11,Fiorentina,PARISI Fabiano,parisi fabiano,6.0,6.0,0,0,0,0,0,0,0
2025-2026,11,Fiorentina,PONGRACIC Marin,pongracic marin,6.0,5.5,0,0,1,0,0,0,0
2025-2026,11,Fiorentina,RANIERI Luca,ranieri luca,5.0,4.5,0,0,1,0,0,0,0
2025-2026,11,Fiorentina,VITI Mattia,viti mattia,6.0,6.0,0,0,0,0,0,0,0
2025-2026,11,Fiorentina,FAGIOLI Nicolo',fagioli nicolo',,,0,0,0,0,0,0,0
2025-2026,11,Fiorentina,FAZZINI Jacopo,fazzini jacopo,,,0,0,0,0,0,0,0
2025-2026,11,Fiorentina,INFANTINO Gino,infantino gino,,,0,0,0,0,0,0,0
2025-2026,11,Fiorentina,MANDRAGORA Rolando,mandragora rolando,5.0,5.0,0,0,0,0,0,0,0
2025-2026,11,Fiorentina,NDOUR Cher,ndour cher,,6.0,0,0,0,0,0,0,0
2025-2026,11,Fiorentina,NICOLUSSI CAVIGLIA .,nicolussi caviglia .,5.5,5.5,0,0,0,0,0,0,0
2025-2026,11,Fiorentina,RICHARDSON Amir,richardson amir,,,0,0,0,0,0,0,0
2025-2026,11,Fiorentina,SABIRI Abdelhamid,sabiri abdelhamid,,,0,0,0,0,0,0,0
2025-2026,11,Fiorentina,SOHM Simon,sohm simon,6.5,7.5,0,1,0,0,0,0,0
2025-2026,11,Fiorentina,DZEKO Edin,dzeko edin,,6.0,0,0,0,0,0,0,0
2025-2026,11,Fiorentina,GUDMUNDSSON Albert,gudmundsson albert,6.5,9.5,1,0,0,0,0,1,0
2025-2026,11,Fiorentina,KEAN Moise,kean moise,,,0,0,0,0,0,0,0
2025-2026,11,Fiorentina,KOUAME' Christian,kouame' christian,,,0,0,0,0,0,0,0
2025-2026,11,Fiorentina,PICCOLI Roberto,piccoli roberto,7.0,10.0,1,0,0,0,0,0,0
2025-2026,11,Genoa,LEALI Nicola,leali nicola,6.5,4.5,-2,0,0,0,0,0,1
2025-2026,11,Genoa,SIEGRIST Benjamin,siegrist benjamin,,,0,0,0,0,0,0,0
2025-2026,11,Genoa,SOMMARIVA Daniele,sommariva daniele,,,0,0,0,0,0,0,0
2025-2026,11,Genoa,KUMER CELIK Alin,kumer celik alin,,,0,0,0,0,0,0,0
2025-2026,11,Genoa,MARCANDALLI Alessan.,marcandalli alessan.,5.0,5.0,0,0,0,0,0,0,0
2025-2026,11,Genoa,MARTIN Aaron,martin aaron,6.5,7.0,0,1,1,0,0,0,0
2025-2026,11,Genoa,NORTON-CUFFY Brooke,norton-cuffy brooke,6.0,6.0,0,0,0,0,0,0,0
2025-2026,11,Genoa,OSTIGARD Leo,ostigard leo,7.0,11.0,1,1,0,0,0,0,0
2025-2026,11,Genoa,OTOA Sebastian,otoa sebastian,,,0,0,0,0,0,0,0
2025-2026,11,Genoa,SABELLI Stefano,sabelli stefano,,,0,0,0,0,0,0,0
2025-2026,11,Genoa,VASQUEZ Johan,vasquez johan,5.0,5.0,0,0,0,0,0,0,0
2025-2026,11,Genoa,CARBONI Valentin,carboni valentin,,6.0,0,0,0,0,0,0,0
2025-2026,11,Genoa,CUENCA Hugo,cuenca hugo,,,0,0,0,0,0,0,0
2025-2026,11,Genoa,ELLERTSSON Mikael,ellertsson mikael,5.0,4.5,0,0,1,0,0,0,0
2025-2026,11,Genoa,FINI Seydou,fini seydou,,,0,0,0,0,0,0,0
2025-2026,11,Genoa,FRENDRUP Morten,frendrup morten,6.0,6.0,0,0,0,0,0,0,0
2025-2026,11,Genoa,GRONBAEK Alberto,gronbaek alberto,,,0,0,0,0,0,0,0
2025-2026,11,Genoa,LAFONT Gael,lafont gael,,,0,0,0,0,0,0,0
2025-2026,11,Genoa,MALINOVSKIY Ruslan,malinovskiy ruslan,,,0,0,0,0,0,0,0
2025-2026,11,Genoa,MASINI Patrizio,masini patrizio,,6.0,0,0,0,0,0,0,0
2025-2026,11,Genoa,MESSIAS Junior,messias junior,,,0,0,0,0,0,0,0
2025-2026,11,Genoa,ONANA Jean,onana jean,,,0,0,0,0,0,0,0
2025-2026,11,Genoa,STANCIU Nicolae,stanciu nicolae,,,0,0,0,0,0,0,0
2025-2026,11,Genoa,THORSBY Morten,thorsby morten,5.5,5.5,0,0,0,0,0,0,0
2025-2026,11,Genoa,COLOMBO Lorenzo,colombo lorenzo,5.5,5.5,1,0,0,0,0,0,1
2025-2026,11,Genoa,CORNET Maxwel,cornet maxwel,,,0,0,0,0,0,0,0
2025-2026,11,Genoa,EKHATOR Jeff,ekhator jeff,6.0,6.0,0,0,0,0,0,0,0
2025-2026,11,Genoa,EKUBAN Caleb,ekuban caleb,,,0,0,0,0,0,0,0
2025-2026,11,Genoa,VENTURINO Lorenzo,venturino lorenzo,,,0,0,0,0,0,0,0
2025-2026,11,Genoa,VITINHA,vitinha,6.0,6.0,0,0,0,0,0,0,0
2025-2026,11,Inter,DI GENNARO Raffaele,di gennaro raffaele,,,0,0,0,0,0,0,0
2025-2026,11,Inter,MARTINEZ Josep,martinez josep,,,0,0,0,0,0,0,0
2025-2026,11,Inter,SOMMER Yann,sommer yann,6.5,7.5,0,0,0,0,0,0,0
2025-2026,11,Inter,ACERBI Francesco,acerbi francesco,6.5,6.5,0,0,0,0,0,0,0
2025-2026,11,Inter,AKANJI Manuel,akanji manuel,6.0,5.5,0,0,1,0,0,0,0
2025-2026,11,Inter,ALEXIOU Christos,alexiou christos,,,0,0,0,0,0,0,0
2025-2026,11,Inter,BASTONI Alessandro,bastoni alessandro,7.0,8.0,0,1,0,0,0,0,0
2025-2026,11,Inter,BISSECK Yann Aurel,bisseck yann aurel,,,0,0,0,0,0,0,0
2025-2026,11,Inter,CARLOS AUGUSTO,carlos augusto,6.0,6.0,0,0,0,0,0,0,0
2025-2026,11,Inter,COCCHI Matteo,cocchi matteo,,,0,0,0,0,0,0,0
2025-2026,11,Inter,DARMIAN Matteo,darmian matteo,,,0,0,0,0,0,0,0
2025-2026,11,Inter,DE VRIJ Stefan,de vrij stefan,,,0,0,0,0,0,0,0
2025-2026,11,Inter,DIMARCO Federico,dimarco federico,7.0,8.0,0,1,0,0,0,0,0
2025-2026,11,Inter,DUMFRIES Denzel,dumfries denzel,5.5,5.0,0,0,1,0,0,0,0
2025-2026,11,Inter,LUIS HENRIQUE,luis henrique,,,0,0,0,0,0,0,0
2025-2026,11,Inter,PALACIOS Tomas,palacios tomas,,,0,0,0,0,0,0,0
2025-2026,11,Inter,RE CECCONI Gabriele,re cecconi gabriele,,,0,0,0,0,0,0,0
2025-2026,11,Inter,BARELLA Nicolo',barella nicolo',7.0,7.0,0,0,0,0,0,0,0
2025-2026,11,Inter,BERENBRUCH Thomas,berenbruch thomas,,,0,0,0,0,0,0,0
2025-2026,11,Inter,CALHANOGLU Hakan,calhanoglu hakan,7.0,7.0,0,0,0,0,0,0,0
2025-2026,11,Inter,DIOUF Andy,diouf andy,,,0,0,0,0,0,0,0
2025-2026,11,Inter,FRATTESI Davide,frattesi davide,,6.0,0,0,0,0,0,0,0
2025-2026,11,Inter,MKHITARYAN Henrikh,mkhitaryan henrikh,,,0,0,0,0,0,0,0
2025-2026,11,Inter,SUCIC Petar,sucic petar,6.0,5.5,0,0,1,0,0,0,0
2025-2026,11,Inter,TOPALOVIC Luka,topalovic luka,,,0,0,0,0,0,0,0
2025-2026,11,Inter,ZIELINSKI Piotr,zielinski piotr,6.5,6.5,0,0,0,0,0,0,0
2025-2026,11,Inter,BONNY Ange-Yoan,bonny ange-yoan,7.0,10.0,1,0,0,0,0,0,0
2025-2026,11,Inter,ESPOSITO Francesco .,esposito francesco .,,6.0,0,0,0,0,0,0,0
2025-2026,11,Inter,MARTINEZ Lautaro,martinez lautaro,7.5,10.5,1,0,0,0,0,0,0
2025-2026,11,Inter,THURAM Marcus,thuram marcus,6.0,6.0,0,0,0,0,0,0,0
2025-2026,11,Juventus,DI GREGORIO Michele,di gregorio michele,7.5,8.5,0,0,0,0,0,0,0
2025-2026,11,Juventus,PERIN Mattia,perin mattia,,,0,0,0,0,0,0,0
2025-2026,11,Juventus,PINSOGLIO Carlo,pinsoglio carlo,,,0,0,0,0,0,0,0
2025-2026,11,Juventus,BREMER Gleison,bremer gleison,,,0,0,0,0,0,0,0
2025-2026,11,Juventus,CABAL Juan,cabal juan,,,0,0,0,0,0,0,0
2025-2026,11,Juventus,CAMBIASO Andrea,cambiaso andrea,6.5,6.5,0,0,0,0,0,0,0
2025-2026,11,Juventus,GATTI Federico,gatti federico,6.0,6.0,0,0,0,0,0,0,0
2025-2026,11,Juventus,KALULU Pierre,kalulu pierre,6.5,6.5,0,0,0,0,0,0,0
2025-2026,11,Juventus,KELLY Lloyd,kelly lloyd,,,0,0,0,0,0,0,0
2025-2026,11,Juventus,MARIO Joao,mario joao,,,0,0,0,0,0,0,0
2025-2026,11,Juventus,ROUHI Jonas,rouhi jonas,,,0,0,0,0,0,0,0
2025-2026,11,Juventus,RUGANI Daniele,rugani daniele,6.0,6.0,0,0,0,0,0,0,0
2025-2026,11,Juventus,ADZIC Vasilije,adzic vasilije,,,0,0,0,0,0,0,0
2025-2026,11,Juventus,KOOPMEINERS Teun,koopmeiners teun,6.0,6.0,0,0,0,0,0,0,0
2025-2026,11,Juventus,KOSTIC Filip,kostic filip,,,0,0,0,0,0,0,0
2025-2026,11,Juventus,LOCATELLI Manuel,locatelli manuel,6.0,6.0,0,0,0,0,0,0,0
2025-2026,11,Juventus,MCKENNIE Weston,mckennie weston,6.0,6.0,0,0,0,0,0,0,0
2025-2026,11,Juventus,MIRETTI Fabio,miretti fabio,,,0,0,0,0,0,0,0
2025-2026,11,Juventus,THURAM Khephren,thuram khephren,6.5,6.5,0,0,0,0,0,0,0
2025-2026,11,Juventus,CONCEICAO Francisco,conceicao francisco,6.0,6.0,0,0,0,0,0,0,0
2025-2026,11,Juventus,DAVID Jonathan,david jonathan,6.0,6.0,0,0,0,0,0,0,0
2025-2026,11,Juventus,MILIK Arek,milik arek,,,0,0,0,0,0,0,0
2025-2026,11,Juventus,OPENDA Lois,openda lois,,,0,0,0,0,0,0,0
2025-2026,11,Juventus,PUGNO Diego,pugno diego,,,0,0,0,0,0,0,0
2025-2026,11,Juventus,VLAHOVIC Dusan,vlahovic dusan,5.0,5.0,0,0,0,0,0,0,0
2025-2026,11,Juventus,YILDIZ Kenan,yildiz kenan,5.5,5.5,0,0,0,0,0,0,0
2025-2026,11,Juventus,ZHEGROVA Edon,zhegrova edon,6.5,6.5,0,0,0,0,0,0,0
2025-2026,11,Lazio,FURLANETTO Alessio,furlanetto alessio,,,0,0,0,0,0,0,0
2025-2026,11,Lazio,MANDAS Christos,mandas christos,,,0,0,0,0,0,0,0
2025-2026,11,Lazio,PROVEDEL Ivan,provedel ivan,6.0,4.0,-2,0,0,0,0,0,0
2025-2026,11,Lazio,GIGOT Samuel,gigot samuel,,,0,0,0,0,0,0,0
2025-2026,11,Lazio,GILA Mario,gila mario,6.5,6.5,0,0,0,0,0,0,0
2025-2026,11,Lazio,HYSAJ Elseid,hysaj elseid,,,0,0,0,0,0,0,0
2025-2026,11,Lazio,LAZZARI Manuel,lazzari manuel,5.0,5.0,0,0,0,0,0,0,0
2025-2026,11,Lazio,MARUSIC Adam,marusic adam,6.0,6.0,0,0,0,0,0,0,0
2025-2026,11,Lazio,NUNO TAVARES,nuno tavares,,,0,0,0,0,0,0,0
2025-2026,11,Lazio,PATRIC,patric,,,0,0,0,0,0,0,0
2025-2026,11,Lazio,PELLEGRINI Luca,pellegrini luca,6.0,6.0,0,0,0,0,0,0,0
2025-2026,11,Lazio,PROVSTGAARD Oliver,provstgaard oliver,6.0,6.0,0,0,0,0,0,0,0
2025-2026,11,Lazio,ROMAGNOLI Alessio,romagnoli alessio,5.5,5.5,0,0,0,0,0,0,0
2025-2026,11,Lazio,BASIC Toma,basic toma,5.5,5.5,0,0,0,0,0,0,0
2025-2026,11,Lazio,BELAHYANE Reda,belahyane reda,,,0,0,0,0,0,0,0
2025-2026,11,Lazio,CATALDI Danilo,cataldi danilo,5.5,5.5,0,0,0,0,0,0,0
2025-2026,11,Lazio,DELE-BASHIRU Fisayo,dele-bashiru fisayo,,,0,0,0,0,0,0,0
2025-2026,11,Lazio,GUENDOUZI Matteo,guendouzi matteo,5.0,5.0,0,0,0,0,0,0,0
2025-2026,11,Lazio,ROVELLA Nicolo,rovella nicolo,,,0,0,0,0,0,0,0
2025-2026,11,Lazio,VECINO Matias,vecino matias,6.0,6.0,0,0,0,0,0,0,0
2025-2026,11,Lazio,CANCELLIERI Matteo,cancellieri matteo,,,0,0,0,0,0,0,0
2025-2026,11,Lazio,CASTELLANOS Valentin,castellanos valentin,,,0,0,0,0,0,0,0
2025-2026,11,Lazio,DIA Boulaye,dia boulaye,5.0,5.0,0,0,0,0,0,0,0
2025-2026,11,Lazio,ISAKSEN Gustav,isaksen gustav,5.0,5.0,0,0,0,0,0,0,0
2025-2026,11,Lazio,NOSLIN Tijjani,noslin tijjani,6.0,6.0,0,0,0,0,0,0,0
2025-2026,11,Lazio,PEDRO,pedro,6.0,6.0,0,0,0,0,0,0,0
2025-2026,11,Lazio,ZACCAGNI Mattia,zaccagni mattia,6.5,6.0,0,0,1,0,0,0,0
2025-2026,11,Lecce,FALCONE Wladimiro,falcone wladimiro,6.0,7.0,0,0,0,0,0,0,0
2025-2026,11,Lecce,FRUCHTL Christian,fruchtl christian,,,0,0,0,0,0,0,0
2025-2026,11,Lecce,SAMOOJA Jasper,samooja jasper,,,0,0,0,0,0,0,0
2025-2026,11,Lecce,ESTEBAN Paco,esteban paco,,,0,0,0,0,0,0,0
2025-2026,11,Lecce,GABRIEL Tiago,gabriel tiago,6.0,6.0,0,0,0,0,0,0,0
2025-2026,11,Lecce,GALLO Antonino,gallo antonino,6.5,6.5,0,0,0,0,0,0,0
2025-2026,11,Lecce,GASPAR Kialonda,gaspar kialonda,6.0,6.0,0,0,0,0,0,0,0
2025-2026,11,Lecce,GUILBERT Frederic,guilbert frederic,,,0,0,0,0,0,0,0
2025-2026,11,Lecce,JEAN Gaby,jean gaby,,,0,0,0,0,0,0,0
2025-2026,11,Lecce,KOUASSI Owen,kouassi owen,,,0,0,0,0,0,0,0
2025-2026,11,Lecce,NDABA Corrie,ndaba corrie,,,0,0,0,0,0,0,0
2025-2026,11,Lecce,PEHLIVANOV Cristian,pehlivanov cristian,,,0,0,0,0,0,0,0
2025-2026,11,Lecce,PEREZ Matias,perez matias,,,0,0,0,0,0,0,0
2025-2026,11,Lecce,SCOTT Elijah,scott elijah,,,0,0,0,0,0,0,0
2025-2026,11,Lecce,SIEBERT Jamil,siebert jamil,,,0,0,0,0,0,0,0
2025-2026,11,Lecce,VEIGA Danilo,veiga danilo,6.5,6.5,0,0,0,0,0,0,0
2025-2026,11,Lecce,BERISHA Medon,berisha medon,7.0,7.0,0,0,0,0,0,0,0
2025-2026,11,Lecce,COULIBALY Lassana,coulibaly lassana,6.0,5.5,0,0,1,0,0,0,0
2025-2026,11,Lecce,GORTER Olaf,gorter olaf,,,0,0,0,0,0,0,0
2025-2026,11,Lecce,HELGASON Thorir,helgason thorir,,,0,0,0,0,0,0,0
2025-2026,11,Lecce,KABA Mohamed,kaba mohamed,,,0,0,0,0,0,0,0
2025-2026,11,Lecce,MALEH Youssef,maleh youssef,,,0,0,0,0,0,0,0
2025-2026,11,Lecce,MARCHWINSKI Filip,marchwinski filip,,,0,0,0,0,0,0,0
2025-2026,11,Lecce,PIERRET Balthazar,pierret balthazar,,,0,0,0,0,0,0,0
2025-2026,11,Lecce,RAFIA Hamza,rafia hamza,,,0,0,0,0,0,0,0
2025-2026,11,Lecce,RAMADANI Ylber,ramadani ylber,6.0,6.0,0,0,0,0,0,0,0
2025-2026,11,Lecce,SALA Alex,sala alex,,,0,0,0,0,0,0,0
2025-2026,11,Lecce,SOTTIL Riccardo,sottil riccardo,6.5,6.5,0,0,0,0,0,0,0
2025-2026,11,Lecce,BANDA Lameck,banda lameck,6.5,6.5,0,0,0,0,0,0,0
2025-2026,11,Lecce,CAMARDA Francesco,camarda francesco,6.0,6.0,0,0,0,0,0,0,0
2025-2026,11,Lecce,MORENTE Tete,morente tete,5.5,5.5,0,0,0,0,0,0,0
2025-2026,11,Lecce,N'DRI Konan,n'dri konan,,,0,0,0,0,0,0,0
2025-2026,11,Lecce,PIEROTTI Santiago,pierotti santiago,5.5,5.5,0,0,0,0,0,0,0
2025-2026,11,Lecce,STULIC Nikola,stulic nikola,5.5,5.5,0,0,0,0,0,0,0
2025-2026,11,Milan,MAIGNAN Mike,maignan mike,6.5,4.5,-2,0,0,0,0,0,0
2025-2026,11,Milan,TERRACCIANO Pietro,terracciano pietro,,,0,0,0,0,0,0,0
2025-2026,11,Milan,TORRIANI Lorenzo,torriani lorenzo,,,0,0,0,0,0,0,0
2025-2026,11,Milan,ATHEKAME Zachary,athekame zachary,,,0,0,0,0,0,0,0
2025-2026,11,Milan,BARTESAGHI Davide,bartesaghi davide,6.0,6.0,0,0,0,0,0,0,0
2025-2026,11,Milan,DE WINTER Koni,de winter koni,5.5,5.5,0,0,0,0,0,0,0
2025-2026,11,Milan,ESTUPINAN Pervis,estupinan pervis,4.0,4.0,0,0,0,0,0,0,0
2025-2026,11,Milan,GABBIA Matteo,gabbia matteo,5.5,5.5,0,0,0,0,0,0,0
2025-2026,11,Milan,ODOGU David,odogu david,,,0,0,0,0,0,0,0
2025-2026,11,Milan,PAVLOVIC Strahinja,pavlovic strahinja,5.5,5.5,0,0,0,0,0,0,0
2025-2026,11,Milan,TOMORI Fikayo,tomori fikayo,,,0,0,0,0,0,0,0
2025-2026,11,Milan,FOFANA Youssouf,fofana youssouf,5.0,5.0,0,0,0,0,0,0,0
2025-2026,11,Milan,JASHARI Ardon,jashari ardon,,,0,0,0,0,0,0,0
2025-2026,11,Milan,LOFTUS-CHEEK Ruben,loftus-cheek ruben,5.0,5.0,0,0,0,0,0,0,0
2025-2026,11,Milan,MODRIC Luka,modric luka,6.5,6.0,0,0,1,0,0,0,0
2025-2026,11,Milan,RABIOT Adrien,rabiot adrien,,,0,0,0,0,0,0,0
2025-2026,11,Milan,RICCI Samuele,ricci samuele,5.5,5.5,0,0,0,0,0,0,0
2025-2026,11,Milan,SAELEMAEKERS Alexis,saelemaekers alexis,6.5,9.5,1,0,0,0,0,0,0
2025-2026,11,Milan,TRAORE Chaka,traore chaka,,,0,0,0,0,0,0,0
2025-2026,11,Milan,VOS Silvano,vos silvano,,,0,0,0,0,0,0,0
2025-2026,11,Milan,BALENTIEN Chevejo,balentien chevejo,,,0,0,0,0,0,0,0
2025-2026,11,Milan,GIMENEZ Santiago,gimenez santiago,,,0,0,0,0,0,0,0
2025-2026,11,Milan,LEAO Rafael,leao rafael,7.0,10.0,1,0,0,0,0,1,0
2025-2026,11,Milan,NKUNKU Cristopher,nkunku cristopher,5.0,6.0,0,1,0,0,0,0,0
2025-2026,11,Milan,PULISIC Christian,pulisic christian,5.0,5.0,0,0,0,0,0,0,0
2025-2026,11,Napoli,CONTINI Nikita,contini nikita,,,0,0,0,0,0,0,0
2025-2026,11,Napoli,MERET Alex,meret alex,,,0,0,0,0,0,0,0
2025-2026,11,Napoli,MILINKOVIC Vanja,milinkovic vanja,5.0,3.0,-2,0,0,0,0,0,0
2025-2026,11,Napoli,BEUKEMA Sam,beukema sam,,,0,0,0,0,0,0,0
2025-2026,11,Napoli,BUONGIORNO Alessand.,buongiorno alessand.,5.0,5.0,0,0,0,0,0,0,0
2025-2026,11,Napoli,DI LORENZO Giovanni,di lorenzo giovanni,4.5,4.5,0,0,0,0,0,0,0
2025-2026,11,Napoli,GUTIERREZ Miguel,gutierrez miguel,6.0,6.0,0,0,0,0,0,0,0
2025-2026,11,Napoli,JESUS Juan,jesus juan,5.5,5.5,0,0,0,0,0,0,0
2025-2026,11,Napoli,MARIANUCCI Luca,marianucci luca,,,0,0,0,0,0,0,0
2025-2026,11,Napoli,MAZZOCCHI Pasquale,mazzocchi pasquale,,,0,0,0,0,0,0,0
2025-2026,11,Napoli,OLIVERA Mathias,olivera mathias,5.5,5.5,0,0,0,0,0,0,0
2025-2026,11,Napoli,RRAHMANI Amir,rrahmani amir,4.5,4.5,0,0,0,0,0,0,0
2025-2026,11,Napoli,SPINAZZOLA Leonardo,spinazzola leonardo,,,0,0,0,0,0,0,0
2025-2026,11,Napoli,ANGUISSA Andre' Zam.,anguissa andre' zam.,5.0,5.0,0,0,0,0,0,0,0
2025-2026,11,Napoli,DE BRUYNE Kevin,de bruyne kevin,,,0,0,0,0,0,0,0
2025-2026,11,Napoli,ELMAS Eljif,elmas eljif,5.0,5.0,0,0,0,0,0,0,0
2025-2026,11,Napoli,GILMOUR Billy,gilmour billy,,,0,0,0,0,0,0,0
2025-2026,11,Napoli,LOBOTKA Stanislav,lobotka stanislav,5.5,5.5,0,0,0,0,0,0,0
2025-2026,11,Napoli,MCTOMINAY Scott,mctominay scott,5.0,5.0,0,0,0,0,0,0,0
2025-2026,11,Napoli,VERGARA Antonio,vergara antonio,,,0,0,0,0,0,0,0
2025-2026,11,Napoli,AMBROSINO Giuseppe,ambrosino giuseppe,,,0,0,0,0,0,0,0
2025-2026,11,Napoli,HOJLUND Rasmus,hojlund rasmus,5.5,5.0,0,0,1,0,0,0,0
2025-2026,11,Napoli,LANG Noa,lang noa,5.0,4.5,0,0,1,0,0,0,0
2025-2026,11,Napoli,LUCCA Lorenzo,lucca lorenzo,,,0,0,0,0,0,0,0
2025-2026,11,Napoli,LUKAKU Romelu,lukaku romelu,,,0,0,0,0,0,0,0
2025-2026,11,Napoli,NERES David,neres david,5.0,4.5,0,0,1,0,0,0,0
2025-2026,11,Napoli,POLITANO Matteo,politano matteo,5.0,5.0,0,0,0,0,0,0,0
2025-2026,11,Roma,GOLLINI Pierluigi,gollini pierluigi,,,0,0,0,0,0,0,0
2025-2026,11,Roma,SVILAR Mile,svilar mile,7.0,8.0,0,0,0,0,0,0,0
2025-2026,11,Roma,VASQUEZ Devis,vasquez devis,,,0,0,0,0,0,0,0
2025-2026,11,Roma,ANGELINO Jose',angelino jose',,,0,0,0,0,0,0,0
2025-2026,11,Roma,CELIK Zeki,celik zeki,7.0,10.0,1,0,0,0,0,0,0
2025-2026,11,Roma,GHILARDI Daniele,ghilardi daniele,,,0,0,0,0,0,0,0
2025-2026,11,Roma,HERMOSO Mario,hermoso mario,7.0,7.0,0,0,0,0,0,0,0
2025-2026,11,Roma,MANCINI Gianluca,mancini gianluca,7.0,8.0,0,1,0,0,0,0,0
2025-2026,11,Roma,NDICKA Evan,ndicka evan,5.5,5.5,0,0,0,0,0,0,0
2025-2026,11,Roma,RENSCH Devyne,rensch devyne,,,0,0,0,0,0,0,0
2025-2026,11,Roma,SANGARe' Buba,sangare' buba,,,0,0,0,0,0,0,0
2025-2026,11,Roma,TSIMIKAS Konstantin.,tsimikas konstantin.,,,0,0,0,0,0,0,0
2025-2026,11,Roma,WESLEY,wesley,6.5,6.5,0,0,0,0,0,0,0
2025-2026,11,Roma,ZIOLKOWSKI Jan,ziolkowski jan,,,0,0,0,0,0,0,0
2025-2026,11,Roma,BALDANZI Tommaso,baldanzi tommaso,6.0,6.0,0,0,0,0,0,0,0
2025-2026,11,Roma,CRISTANTE Bryan,cristante bryan,7.0,6.5,0,0,1,0,0,0,0
2025-2026,11,Roma,EL AYNAOUI Neil,el aynaoui neil,6.0,6.0,0,0,0,0,0,0,0
2025-2026,11,Roma,EL SHAARAWY Stephan,el shaarawy stephan,6.0,6.0,0,0,0,0,0,0,0
2025-2026,11,Roma,KONE' Manu,kone' manu,6.5,6.5,0,0,0,0,0,0,0
2025-2026,11,Roma,PELLEGRINI Lorenzo,pellegrini lorenzo,7.5,10.0,1,0,1,0,0,1,0
2025-2026,11,Roma,PISILLI Niccolo',pisilli niccolo',,,0,0,0,0,0,0,0
2025-2026,11,Roma,ROMANO Alessandro,romano alessandro,,,0,0,0,0,0,0,0
2025-2026,11,Roma,ARENA Antonio,arena antonio,,,0,0,0,0,0,0,0
2025-2026,11,Roma,BAILEY Leon,bailey leon,,,0,0,0,0,0,0,0
2025-2026,11,Roma,DOVBYK Artem,dovbyk artem,5.0,5.0,0,0,0,0,0,0,0
2025-2026,11,Roma,DYBALA Paulo,dybala paulo,,,0,0,0,0,0,0,0
2025-2026,11,Roma,FERGUSON Evan,ferguson evan,,,0,0,0,0,0,0,0
2025-2026,11,Roma,SOULE' Matias,soule' matias,6.0,6.0,0,0,0,0,0,0,0
2025-2026,11,Sassuolo,MURIC Arijanet,muric arijanet,6.5,7.0,0,0,1,0,0,0,0
2025-2026,11,Sassuolo,SATALINO Giacomo,satalino giacomo,,,0,0,0,0,0,0,0
2025-2026,11,Sassuolo,TURATI Stefano,turati stefano,,,0,0,0,0,0,0,0
2025-2026,11,Sassuolo,ZACCHI Gioele,zacchi gioele,,,0,0,0,0,0,0,0
2025-2026,11,Sassuolo,CANDE' Fali,cande' fali,6.5,6.0,0,0,1,0,0,0,0
2025-2026,11,Sassuolo,COULIBALY Woyo,coulibaly woyo,,,0,0,0,0,0,0,0
2025-2026,11,Sassuolo,DOIG Josh,doig josh,,,0,0,0,0,0,0,0
2025-2026,11,Sassuolo,IDZES Jay,idzes jay,7.0,7.0,0,0,0,0,0,0,0
2025-2026,11,Sassuolo,MUHAREMOVIC Tarik,muharemovic tarik,7.5,7.5,0,0,0,0,0,0,0
2025-2026,11,Sassuolo,PAZ Yeferson,paz yeferson,,,0,0,0,0,0,0,0
2025-2026,11,Sassuolo,PIERAGNOLO Edoardo,pieragnolo edoardo,,,0,0,0,0,0,0,0
2025-2026,11,Sassuolo,ROMAGNA Filippo,romagna filippo,,,0,0,0,0,0,0,0
2025-2026,11,Sassuolo,WALUKIEWICZ Sebasti.,walukiewicz sebasti.,7.5,7.5,0,0,0,0,0,0,0
2025-2026,11,Sassuolo,BOLOCA Daniel,boloca daniel,,,0,0,0,0,0,0,0
2025-2026,11,Sassuolo,FADERA Alieu,fadera alieu,6.0,6.0,0,0,0,0,0,0,0
2025-2026,11,Sassuolo,IANNONI Edoardo,iannoni edoardo,,,0,0,0,0,0,0,0
2025-2026,11,Sassuolo,KONE Ismael,kone ismael,7.0,7.0,0,0,0,0,0,0,0
2025-2026,11,Sassuolo,LIPANI Luca,lipani luca,,,0,0,0,0,0,0,0
2025-2026,11,Sassuolo,MATIC Nemanja,matic nemanja,7.5,7.5,0,0,0,0,0,0,0
2025-2026,11,Sassuolo,THORSTVEDT Kristian,thorstvedt kristian,7.5,8.5,0,1,0,0,0,0,0
2025-2026,11,Sassuolo,VOLPATO Cristian,volpato cristian,,,0,0,0,0,0,0,0
2025-2026,11,Sassuolo,VRANCKX Aster,vranckx aster,,,0,0,0,0,0,0,0
2025-2026,11,Sassuolo,BERARDI Domenico,berardi domenico,8.0,15.0,2,1,0,0,0,1,0
2025-2026,11,Sassuolo,CHEDDIRA Walid,cheddira walid,,,0,0,0,0,0,0,0
2025-2026,11,Sassuolo,LAURIENTE' Armand,lauriente' armand,6.0,6.0,0,0,0,0,0,0,0
2025-2026,11,Sassuolo,MORO Luca,moro luca,,,0,0,0,0,0,0,0
2025-2026,11,Sassuolo,PIERINI Nicholas,pierini nicholas,,,0,0,0,0,0,0,0
2025-2026,11,Sassuolo,PINAMONTI Andrea,pinamonti andrea,7.5,10.5,1,0,0,0,0,0,0
2025-2026,11,Sassuolo,SKJELLERUP Laurs,skjellerup laurs,,,0,0,0,0,0,0,0
2025-2026,11,Torino,ISRAEL Franco,israel franco,,,0,0,0,0,0,0,0
2025-2026,11,Torino,PALEARI Alberto,paleari alberto,7.5,8.5,0,0,0,0,0,0,0
2025-2026,11,Torino,POPA Mihai,popa mihai,,,0,0,0,0,0,0,0
2025-2026,11,Torino,BIRAGHI Cristiano,biraghi cristiano,,,0,0,0,0,0,0,0
2025-2026,11,Torino,COCO Saul,coco saul,6.5,6.5,0,0,0,0,0,0,0
2025-2026,11,Torino,DEMBELE' Ali,dembele' ali,,,0,0,0,0,0,0,0
2025-2026,11,Torino,ISMAJLI Ardian,ismajli ardian,7.5,7.5,0,0,0,0,0,0,0
2025-2026,11,Torino,LAZARO Valentino,lazaro valentino,6.5,6.5,0,0,0,0,0,0,0
2025-2026,11,Torino,MARIPAN Guillermo,maripan guillermo,7.0,7.0,0,0,0,0,0,0,0
2025-2026,11,Torino,MASINA Adam,masina adam,,,0,0,0,0,0,0,0
2025-2026,11,Torino,NKOUNKOU Niels,nkounkou niels,,,0,0,0,0,0,0,0
2025-2026,11,Torino,PEDERSEN Marcus,pedersen marcus,6.0,6.0,0,0,0,0,0,0,0
2025-2026,11,Torino,PEREZ Alex,perez alex,,,0,0,0,0,0,0,0
2025-2026,11,Torino,SAZONOV Saba,sazonov saba,,,0,0,0,0,0,0,0
2025-2026,11,Torino,SCHUURS Perr,schuurs perr,,,0,0,0,0,0,0,0
2025-2026,11,Torino,ZAIA Edoardo,zaia edoardo,,,0,0,0,0,0,0,0
2025-2026,11,Torino,ANJORIN Tino,anjorin tino,,6.0,0,0,0,0,0,0,0
2025-2026,11,Torino,ASLLANI Kristjan,asllani kristjan,6.5,6.0,0,0,1,0,0,0,0
2025-2026,11,Torino,CASADEI Cesare,casadei cesare,6.5,6.5,0,0,0,0,0,0,0
2025-2026,11,Torino,GINEITIS Gvidas,gineitis gvidas,,,0,0,0,0,0,0,0
2025-2026,11,Torino,ILIC Ivan,ilic ivan,6.0,6.0,0,0,0,0,0,0,0
2025-2026,11,Torino,ILKHAN Emirhan,ilkhan emirhan,,,0,0,0,0,0,0,0
2025-2026,11,Torino,PERCIUN Sergiu,perciun sergiu,,,0,0,0,0,0,0,0
2025-2026,11,Torino,TAMEZE Adrien,tameze adrien,,,0,0,0,0,0,0,0
2025-2026,11,Torino,VLASIC Nikola,vlasic nikola,6.0,6.0,0,0,0,0,0,0,0
2025-2026,11,Torino,ABOUKHLAL Zakaria,aboukhlal zakaria,,,0,0,0,0,0,0,0
2025-2026,11,Torino,ADAMS Che',adams che',6.5,6.5,0,0,0,0,0,0,0
2025-2026,11,Torino,GABELLINI Tommaso,gabellini tommaso,,,0,0,0,0,0,0,0
2025-2026,11,Torino,NGONGE Cyril,ngonge cyril,6.0,6.0,0,0,0,0,0,0,0
2025-2026,11,Torino,NJIE Alieu,njie alieu,,,0,0,0,0,0,0,0
2025-2026,11,Torino,SAVVA Zanos,savva zanos,,,0,0,0,0,0,0,0
2025-2026,11,Torino,SIMEONE Giovanni,simeone giovanni,6.0,6.0,0,0,0,0,0,0,0
2025-2026,11,Torino,ZAPATA Duvan,zapata duvan,,6.0,0,0,0,0,0,0,0
2025-2026,11,Udinese,NUNZIANTE Alessandro,nunziante alessandro,,,0,0,0,0,0,0,0
2025-2026,11,Udinese,OKOYE Maduka,okoye maduka,5.5,3.5,-2,0,0,0,0,0,1
2025-2026,11,Udinese,PADELLI Daniele,padelli daniele,,,0,0,0,0,0,0,0
2025-2026,11,Udinese,SAVA Razvan,sava razvan,,,0,0,0,0,0,0,0
2025-2026,11,Udinese,BERTOLA Nicolo',bertola nicolo',5.5,5.5,0,0,0,0,0,0,0
2025-2026,11,Udinese,EHIZIBUE Kingsley,ehizibue kingsley,,,0,0,0,0,0,0,0
2025-2026,11,Udinese,GOGLICHIDZE Saba,goglichidze saba,,,0,0,0,0,0,0,0
2025-2026,11,Udinese,KABASELE Christian,kabasele christian,6.0,6.0,0,0,0,0,0,0,0
2025-2026,11,Udinese,KAMARA Hassane,kamara hassane,5.0,5.0,0,0,0,0,0,0,0
2025-2026,11,Udinese,KRISTENSEN Thomas,kristensen thomas,,,0,0,0,0,0,0,0
2025-2026,11,Udinese,MODESTO Rui,modesto rui,,,0,0,0,0,0,0,0
2025-2026,11,Udinese,PALMA Matteo,palma matteo,5.5,5.5,0,0,0,0,0,0,0
2025-2026,11,Udinese,SOLET Oumar,solet oumar,6.0,6.0,0,0,0,0,0,0,0
2025-2026,11,Udinese,ZANOLI Alessandro,zanoli alessandro,5.0,5.0,0,0,0,0,0,0,0
2025-2026,11,Udinese,ZEMURA Jordan,zemura jordan,,,0,0,0,0,0,0,0
2025-2026,11,Udinese,ATTA Arthur,atta arthur,5.5,5.5,0,0,0,0,0,0,0
2025-2026,11,Udinese,EKKELENKAMP Jurgen,ekkelenkamp jurgen,5.0,5.0,0,0,0,0,0,0,0
2025-2026,11,Udinese,KARLSTROM Jesper,karlstrom jesper,6.0,5.5,0,0,1,0,0,0,0
2025-2026,11,Udinese,LOVRIC Sandi,lovric sandi,,,0,0,0,0,0,0,0
2025-2026,11,Udinese,MILLER Lennon,miller lennon,,,0,0,0,0,0,0,0
2025-2026,11,Udinese,PIOTROWSKI Jakub,piotrowski jakub,5.5,5.5,0,0,0,0,0,0,0
2025-2026,11,Udinese,ZANIOLO Nicolo',zaniolo nicolo',5.0,5.0,0,0,0,0,0,0,0
2025-2026,11,Udinese,ZARRAGA Oier,zarraga oier,,,0,0,0,0,0,0,0
2025-2026,11,Udinese,BAYO Vakoun,bayo vakoun,,,0,0,0,0,0,0,0
2025-2026,11,Udinese,BRAVO Iker,bravo iker,,,0,0,0,0,0,0,0
2025-2026,11,Udinese,BUKSA Adam,buksa adam,5.5,5.5,0,0,0,0,0,0,0
2025-2026,11,Udinese,DAVIS Keinan,davis keinan,5.5,5.5,0,0,0,0,0,0,0
2025-2026,11,Udinese,GUEYE Idrissa,gueye idrissa,,,0,0,0,0,0,0,0
2025-2026,11,Udinese,VINCIATI Giulio,vinciati giulio,,,0,0,0,0,0,0,0
2025-2026,11,Verona,MONTIPO' Lorenzo,montipo' lorenzo,6.5,7.5,0,0,0,0,0,0,0
2025-2026,11,Verona,PERILLI Simone,perilli simone,,,0,0,0,0,0,0,0
2025-2026,11,Verona,BELGHALI Rafik,belghali rafik,6.0,6.0,0,0,0,0,0,0,0
2025-2026,11,Verona,BELLA-KOTCHAP Armel,bella-kotchap armel,6.0,6.0,0,0,0,0,0,0,0
2025-2026,11,Verona,BRADARIC Domagoj,bradaric domagoj,6.5,6.0,0,0,1,0,0,0,0
2025-2026,11,Verona,CHAM Fallou,cham fallou,,,0,0,0,0,0,0,0
2025-2026,11,Verona,EBOSSE Enzo,ebosse enzo,,,0,0,0,0,0,0,0
2025-2026,11,Verona,FRESE Martin,frese martin,6.0,5.5,0,0,1,0,0,0,0
2025-2026,11,Verona,KURTI Adi,kurti adi,,,0,0,0,0,0,0,0
2025-2026,11,Verona,NELSSON Victor,nelsson victor,6.5,6.5,0,0,0,0,0,0,0
2025-2026,11,Verona,NUNEZ Unai,nunez unai,,,0,0,0,0,0,0,0
2025-2026,11,Verona,OYEGOKE Daniel,oyegoke daniel,,,0,0,0,0,0,0,0
2025-2026,11,Verona,SLOTSAGER Tobias,slotsager tobias,,,0,0,0,0,0,0,0
2025-2026,11,Verona,VALENTINI Nicolas,valentini nicolas,6.0,5.5,0,0,1,0,0,0,0
2025-2026,11,Verona,YELLU Santiago,yellu santiago,,,0,0,0,0,0,0,0
2025-2026,11,Verona,AKPA-AKPRO Jean-Dan.,akpa-akpro jean-dan.,6.0,5.5,0,0,1,0,0,0,0
2025-2026,11,Verona,AL-MUSRATI Moatasem,al-musrati moatasem,,,0,0,0,0,0,0,0
2025-2026,11,Verona,BERNEDE Antoine,bernede antoine,5.5,5.5,0,0,0,0,0,0,0
2025-2026,11,Verona,GAGLIARDINI Roberto,gagliardini roberto,5.5,5.5,0,0,0,0,0,0,0
2025-2026,11,Verona,HARROUI Abdou,harroui abdou,5.5,5.5,0,0,0,0,0,0,0
2025-2026,11,Verona,KASTANOS Grigoris,kastanos grigoris,,,0,0,0,0,0,0,0
2025-2026,11,Verona,NIASSE Cheikh,niasse cheikh,,,0,0,0,0,0,0,0
2025-2026,11,Verona,SERDAR Suat,serdar suat,,,0,0,0,0,0,0,0
2025-2026,11,Verona,SUSLOV Tomas,suslov tomas,,,0,0,0,0,0,0,0
2025-2026,11,Verona,YILDIZ Veis,yildiz veis,,,0,0,0,0,0,0,0
2025-2026,11,Verona,AJAYI Junior,ajayi junior,,,0,0,0,0,0,0,0
2025-2026,11,Verona,GIOVANE Do Nascimie.,giovane do nascimie.,5.0,5.0,0,0,0,0,0,0,0
2025-2026,11,Verona,LUNA Agustin,luna agustin,,,0,0,0,0,0,0,0
2025-2026,11,Verona,MOSQUERA Daniel,mosquera daniel,,,0,0,0,0,0,0,0
2025-2026,11,Verona,ORBAN Gift,orban gift,5.5,5.5,0,0,0,0,0,0,0
2025-2026,11,Verona,SARR Amin,sarr amin,6.0,6.0,0,0,0,0,0,0,0
2025-2026,11,Cremonese,AUDERO Emil,audero emil,6.0,5.0,-1,0,0,0,0,0,0
2025-2026,11,Cremonese,MALOVEC Adrian,malovec adrian,,,0,0,0,0,0,0,0
2025-2026,11,Cremonese,NAVA Lapo,nava lapo,,,0,0,0,0,0,0,0
2025-2026,11,Cremonese,SILVESTRI Marco,silvestri marco,,,0,0,0,0,0,0,0
2025-2026,11,Cremonese,BARBIERI Tommaso,barbieri tommaso,6.5,6.5,0,0,0,0,0,0,0
2025-2026,11,Cremonese,BASCHIROTTO Federico,baschirotto federico,5.5,5.5,0,0,0,0,0,0,0
2025-2026,11,Cremonese,BIANCHETTI Matteo,bianchetti matteo,6.0,6.0,0,0,0,0,0,0,0
2025-2026,11,Cremonese,CECCHERINI Federico,ceccherini federico,,,0,0,0,0,0,0,0
2025-2026,11,Cremonese,FAYE Mikayil,faye mikayil,6.0,5.5,0,0,1,0,0,0,0
2025-2026,11,Cremonese,FLORIANI MUSSOLINI .,floriani mussolini .,5.5,5.5,0,0,0,0,0,0,0
2025-2026,11,Cremonese,FOLINO Francesco,folino francesco,,,0,0,0,0,0,0,0
2025-2026,11,Cremonese,PEZZELLA Giuseppe,pezzella giuseppe,,,0,0,0,0,0,0,0
2025-2026,11,Cremonese,SERNICOLA Leonardo,sernicola leonardo,,,0,0,0,0,0,0,0
2025-2026,11,Cremonese,TERRACCIANO Filippo,terracciano filippo,5.5,5.0,0,0,1,0,0,0,0
2025-2026,11,Cremonese,BONDO Warren,bondo warren,5.5,5.5,0,0,0,0,0,0,0
2025-2026,11,Cremonese,COLLOCOLO Michele,collocolo michele,,,0,0,0,0,0,0,0
2025-2026,11,Cremonese,GRASSI Alberto,grassi alberto,,,0,0,0,0,0,0,0
2025-2026,11,Cremonese,LORDKIPANIDZE Dachi,lordkipanidze dachi,,,0,0,0,0,0,0,0
2025-2026,11,Cremonese,PAYERO Martin,payero martin,5.5,5.5,0,0,0,0,0,0,0
2025-2026,11,Cremonese,VALOTI Mattia,valoti mattia,,,0,0,0,0,0,0,0
2025-2026,11,Cremonese,VANDEPUTTE Jari,vandeputte jari,6.5,6.5,0,0,0,0,0,0,0
2025-2026,11,Cremonese,BONAZZOLI Federico,bonazzoli federico,5.5,5.5,0,0,0,0,0,0,0
2025-2026,11,Cremonese,DE LUCA Manuel,de luca manuel,,,0,0,0,0,0,0,0
2025-2026,11,Cremonese,JOHNSEN Dennis,johnsen dennis,,,0,0,0,0,0,0,0
2025-2026,11,Cremonese,MOUMBAGNA Faris,moumbagna faris,,,0,0,0,0,0,0,0
2025-2026,11,Cremonese,OKEREKE David,okereke david,,,0,0,0,0,0,0,0
2025-2026,11,Cremonese,SANABRIA Antonio,sanabria antonio,,,0,0,0,0,0,0,0
2025-2026,11,Cremonese,SARMIENTO Jeremy,sarmiento jeremy,5.5,5.5,0,0,0,0,0,0,0
2025-2026,11,Cremonese,VARDY Jamie,vardy jamie,5.5,5.5,0,0,0,0,0,0,0
2025-2026,11,Cremonese,VAZQUEZ Franco,vazquez franco,6.5,6.5,0,0,0,0,0,0,0
2025-2026,11,Cremonese,ZERBIN Alessio,zerbin alessio,,,0,0,0,0,0,0,0
2025-2026,11,Parma,CORVI Edoardo,corvi edoardo,,,0,0,0,0,0,0,0
2025-2026,11,Parma,RINALDI Filippo,rinaldi filippo,,,0,0,0,0,0,0,0
2025-2026,11,Parma,SUZUKI Zion,suzuki zion,6.0,4.0,-2,0,0,0,0,0,1
2025-2026,11,Parma,BRITSCHGI Sascha,britschgi sascha,7.0,9.0,0,2,0,0,0,0,0
2025-2026,11,Parma,CIRCATI Alessandro,circati alessandro,,,0,0,0,0,0,0,0
2025-2026,11,Parma,DEL PRATO Enrico,del prato enrico,7.5,10.5,1,0,0,0,0,0,0
2025-2026,11,Parma,LOVIK Mathias,lovik mathias,5.0,5.0,0,0,0,0,0,0,0
2025-2026,11,Parma,NDIAYE Abdoulaye,ndiaye abdoulaye,4.5,4.5,0,0,0,0,0,0,0
2025-2026,11,Parma,TRABUCCHI Nicolas,trabucchi nicolas,,,0,0,0,0,0,0,0
2025-2026,11,Parma,TROILO Mariano,troilo mariano,6.5,6.5,0,0,0,0,0,0,0
2025-2026,11,Parma,VALENTI Lautaro,valenti lautaro,7.0,7.0,0,0,0,0,0,0,0
2025-2026,11,Parma,VALERI Emanuele,valeri emanuele,6.5,6.5,0,0,0,0,0,0,0
2025-2026,11,Parma,BERNABE' Adrian,bernabe' adrian,7.5,10.5,1,0,0,0,0,0,0
2025-2026,11,Parma,CREMASCHI Benjamin,cremaschi benjamin,,,0,0,0,0,0,0,0
2025-2026,11,Parma,ESTEVEZ Nahuel,estevez nahuel,,,0,0,0,0,0,0,0
2025-2026,11,Parma,HERNANI,hernani,6.0,6.0,0,0,0,0,0,0,0
2025-2026,11,Parma,KEITA Mandela,keita mandela,6.0,6.0,0,0,0,0,0,0,0
2025-2026,11,Parma,ORDONEZ Christian,ordonez christian,,,0,0,0,0,0,0,0
2025-2026,11,Parma,ORISTANIO Gaetano,oristanio gaetano,,,0,0,0,0,0,0,0
2025-2026,11,Parma,PLICCO Elia,plicco elia,,,0,0,0,0,0,0,0
2025-2026,11,Parma,SORENSEN Oliver,sorensen oliver,6.0,5.5,0,0,1,0,0,0,0
2025-2026,11,Parma,ALMQVIST Pontus,almqvist pontus,,,0,0,0,0,0,0,0
2025-2026,11,Parma,BEGIC Tjas,begic tjas,,,0,0,0,0,0,0,0
2025-2026,11,Parma,BENEDYCZAK Adrian,benedyczak adrian,,,0,0,0,0,0,0,0
2025-2026,11,Parma,CUTRONE Patrick,cutrone patrick,6.0,6.0,0,0,0,0,0,0,0
2025-2026,11,Parma,DJURIC Milan,djuric milan,,,0,0,0,0,0,0,0
2025-2026,11,Parma,FRIGAN Matija,frigan matija,,,0,0,0,0,0,0,0
2025-2026,11,Parma,ONDREJKA Jacob,ondrejka jacob,,,0,0,0,0,0,0,0
2025-2026,11,Parma,PELLEGRINO Mateo,pellegrino mateo,6.5,6.5,0,0,0,0,0,0,0
2025-2026,11,Pisa,NICOLAS,nicolas,,,0,0,0,0,0,0,0
2025-2026,11,Pisa,SCUFFET Simone,scuffet simone,,,0,0,0,0,0,0,0
2025-2026,11,Pisa,SEMPER Adrian,semper adrian,7.0,8.0,0,0,0,0,0,0,0
2025-2026,11,Pisa,ALBIOL Raul,albiol raul,,,0,0,0,0,0,0,0
2025-2026,11,Pisa,ANGORI Samuele,angori samuele,,,0,0,0,0,0,0,0
2025-2026,11,Pisa,BONFANTI Giovanni,bonfanti giovanni,,,0,0,0,0,0,0,0
2025-2026,11,Pisa,CALABRESI Arturo,calabresi arturo,6.5,6.5,0,0,0,0,0,0,0
2025-2026,11,Pisa,CANESTRELLI Simone,canestrelli simone,5.5,5.5,0,0,0,0,0,0,0
2025-2026,11,Pisa,CARACCIOLO Antonio,caracciolo antonio,6.5,6.5,0,0,0,0,0,0,0
2025-2026,11,Pisa,CUADRADO Juan,cuadrado juan,5.0,5.0,0,0,0,0,0,0,0
2025-2026,11,Pisa,DENOON Daniel,denoon daniel,,,0,0,0,0,0,0,0
2025-2026,11,Pisa,ESTEVES Tomas,esteves tomas,,,0,0,0,0,0,0,0
2025-2026,11,Pisa,LUSUARDI Mateus,lusuardi mateus,,,0,0,0,0,0,0,0
2025-2026,11,Pisa,MBAMBI Jeremy,mbambi jeremy,,,0,0,0,0,0,0,0
2025-2026,11,Pisa,AEBISCHER Michel,aebischer michel,6.0,5.5,0,0,1,0,0,0,0
2025-2026,11,Pisa,AKINSANMIRO Ebenezer,akinsanmiro ebenezer,6.5,6.5,0,0,0,0,0,0,0
2025-2026,11,Pisa,HOJHOLT Malthe,hojholt malthe,,,0,0,0,0,0,0,0
2025-2026,11,Pisa,LERIS Mehdi,leris mehdi,6.5,6.5,0,0,0,0,0,0,0
2025-2026,11,Pisa,LORRAN De Sousa,lorran de sousa,,,0,0,0,0,0,0,0
2025-2026,11,Pisa,MARIN Marius,marin marius,6.0,5.5,0,0,1,0,0,0,0
2025-2026,11,Pisa,MAUCCI Giacomo,maucci giacomo,,,0,0,0,0,0,0,0
2025-2026,11,Pisa,PICCININI Gabriele,piccinini gabriele,6.5,6.0,0,0,1,0,0,0,0
2025-2026,11,Pisa,STENGS Calvin,stengs calvin,,,0,0,0,0,0,0,0
2025-2026,11,Pisa,TOURE Idrissa,toure idrissa,7.5,10.5,1,0,0,0,0,0,0
2025-2026,11,Pisa,TRAMONI Matteo,tramoni matteo,7.0,8.0,0,1,0,0,0,0,0
2025-2026,11,Pisa,VURAL Isak,vural isak,6.0,5.5,0,0,1,0,0,0,0
2025-2026,11,Pisa,BUFFON Louis,buffon louis,,,0,0,0,0,0,0,0
2025-2026,11,Pisa,MEISTER Henrik,meister henrik,,,0,0,0,0,0,0,0
2025-2026,11,Pisa,MOREO Stefano,moreo stefano,5.0,5.0,0,0,0,0,0,0,0
2025-2026,11,Pisa,NZOLA M'Bala,nzola m'bala,5.0,5.0,0,0,0,0,0,0,0
2025-2026,11,Como,BUTEZ Jean,butez jean,6.5,7.5,0,0,0,0,0,0,0
2025-2026,11,Como,CAVLINA Nikola,cavlina nikola,,,0,0,0,0,0,0,0
2025-2026,11,Como,VIGORITO Mauro,vigorito mauro,,,0,0,0,0,0,0,0
2025-2026,11,Como,CARLOS Diego,carlos diego,6.0,6.0,0,0,0,0,0,0,0
2025-2026,11,Como,DOSSENA Alberto,dossena alberto,,,0,0,0,0,0,0,0
2025-2026,11,Como,GOLDANIGA Edoardo,goldaniga edoardo,,,0,0,0,0,0,0,0
2025-2026,11,Como,KEMPF Marc-Oliver,kempf marc-oliver,,,0,0,0,0,0,0,0
2025-2026,11,Como,MORENO Alberto,moreno alberto,,,0,0,0,0,0,0,0
2025-2026,11,Como,POSCH Stefan,posch stefan,,,0,0,0,0,0,0,0
2025-2026,11,Como,RAMON Jacobo,ramon jacobo,6.5,6.5,0,0,0,0,0,0,0
2025-2026,11,Como,ROBERTO Sergi,roberto sergi,,,0,0,0,0,0,0,0
2025-2026,11,Como,SALA Marco,sala marco,,,0,0,0,0,0,0,0
2025-2026,11,Como,SMOLCIC Ivan,smolcic ivan,6.0,6.0,0,0,0,0,0,0,0
2025-2026,11,Como,VALLE Alex,valle alex,6.0,6.0,0,0,0,0,0,0,0
2025-2026,11,Como,VAN DER BREMPT Igna.,van der brempt igna.,,,0,0,0,0,0,0,0
2025-2026,11,Como,VOJVODA Mergim,vojvoda mergim,,,0,0,0,0,0,0,0
2025-2026,11,Como,BATURINA Martin,baturina martin,5.5,5.5,0,0,0,0,0,0,0
2025-2026,11,Como,CAQUERET Maxence,caqueret maxence,5.5,5.5,0,0,0,0,0,0,0
2025-2026,11,Como,DA CUNHA Lucas,da cunha lucas,,,0,0,0,0,0,0,0
2025-2026,11,Como,PAZ Nico,paz nico,6.5,6.5,0,0,0,0,0,0,0
2025-2026,11,Como,PERRONE Maximo,perrone maximo,6.5,6.0,0,0,1,0,0,0,0
2025-2026,11,Como,ADDAI Jaden,addai jaden,6.5,6.0,0,0,1,0,0,0,0
2025-2026,11,Como,CERRI Alberto,cerri alberto,,,0,0,0,0,0,0,0
2025-2026,11,Como,DIAO Assane,diao assane,5.0,5.0,0,0,0,0,0,0,0
2025-2026,11,Como,DOUVIKAS Tasos,douvikas tasos,5.5,5.5,0,0,0,0,0,0,0
2025-2026,11,Como,KUHN Nicolas,kuhn nicolas,5.5,5.5,0,0,0,0,0,0,0
2025-2026,11,Como,MORATA Alvaro,morata alvaro,5.0,4.5,0,0,1,0,0,0,0
2025-2026,11,Como,RODRIGUEZ Jesus,rodriguez jesus,5.5,5.5,0,0,0,0,0,0,0
2025-2026,12,Atalanta,CARNESECCHI Marco,carnesecchi marco,6.0,3.0,-3,0,0,0,0,0,0
2025-2026,12,Atalanta,ROSSI Francesco,rossi francesco,,,0,0,0,0,0,0,0
2025-2026,12,Atalanta,SPORTIELLO Marco,sportiello marco,,,0,0,0,0,0,0,0
2025-2026,12,Atalanta,AHANOR Honest,ahanor honest,4.0,4.0,0,0,0,0,0,0,0
2025-2026,12,Atalanta,BAKKER Mitchel,bakker mitchel,,,0,0,0,0,0,0,0
2025-2026,12,Atalanta,BELLANOVA Raoul,bellanova raoul,5.5,6.5,0,1,0,0,0,0,0
2025-2026,12,Atalanta,BERNASCONI Lorenzo,bernasconi lorenzo,,,0,0,0,0,0,0,0
2025-2026,12,Atalanta,COMI Pietro,comi pietro,,,0,0,0,0,0,0,0
2025-2026,12,Atalanta,DJIMSITI Berat,djimsiti berat,5.0,5.0,0,0,0,0,0,0,0
2025-2026,12,Atalanta,HIEN Isak,hien isak,5.5,5.5,0,0,0,0,0,0,0
2025-2026,12,Atalanta,KOLASINAC Sead,kolasinac sead,,,0,0,0,0,0,0,0
2025-2026,12,Atalanta,KOSSOUNOU Odilon,kossounou odilon,6.0,6.0,0,0,0,0,0,0,0
2025-2026,12,Atalanta,OBRIC Relja,obric relja,,,0,0,0,0,0,0,0
2025-2026,12,Atalanta,SCALVINI Giorgio,scalvini giorgio,,,0,0,0,0,0,0,0
2025-2026,12,Atalanta,ZAPPACOSTA Davide,zappacosta davide,5.0,4.5,0,0,1,0,0,0,0
2025-2026,12,Atalanta,BRESCIANINI Marco,brescianini marco,,,0,0,0,0,0,0,0
2025-2026,12,Atalanta,CASSA Federico,cassa federico,,,0,0,0,0,0,0,0
2025-2026,12,Atalanta,DE ROON Marten,de roon marten,5.5,5.0,0,0,1,0,0,0,0
2025-2026,12,Atalanta,EDERSON,ederson,6.0,6.0,0,0,0,0,0,0,0
2025-2026,12,Atalanta,MALDINI Daniel,maldini daniel,,,0,0,0,0,0,0,0
2025-2026,12,Atalanta,MANZONI Alberto,manzoni alberto,,,0,0,0,0,0,0,0
2025-2026,12,Atalanta,MUSAH Yunus,musah yunus,,,0,0,0,0,0,0,0
2025-2026,12,Atalanta,PASALIC Mario,pasalic mario,4.5,4.5,0,0,0,0,0,0,0
2025-2026,12,Atalanta,SAMARDZIC Lazar,samardzic lazar,,6.0,0,0,0,0,0,0,0
2025-2026,12,Atalanta,ZALEWSKI Nicola,zalewski nicola,6.0,6.0,0,0,0,0,0,0,0
2025-2026,12,Atalanta,DE KETELAERE Charles,de ketelaere charles,5.5,5.5,0,0,0,0,0,0,0
2025-2026,12,Atalanta,KRSTOVIC Nikola,krstovic nikola,,,0,0,0,0,0,0,0
2025-2026,12,Atalanta,LOOKMAN Ademola,lookman ademola,5.0,5.0,0,0,0,0,0,0,0
2025-2026,12,Atalanta,SCAMACCA Gianluca,scamacca gianluca,7.0,10.0,1,0,0,0,0,0,0
2025-2026,12,Atalanta,SULEMANA Kamaldeen,sulemana kamaldeen,,,0,0,0,0,0,0,0
2025-2026,12,Bologna,PESSINA Massimo,pessina massimo,,,0,0,0,0,0,0,0
2025-2026,12,Bologna,RAVAGLIA Federico,ravaglia federico,6.0,7.0,0,0,0,0,0,0,0
2025-2026,12,Bologna,SKORUPSKI Lukasz,skorupski lukasz,,,0,0,0,0,0,0,0
2025-2026,12,Bologna,BONIFAZI Kevin,bonifazi kevin,,,0,0,0,0,0,0,0
2025-2026,12,Bologna,CASALE Nicolo',casale nicolo',6.5,6.5,0,0,0,0,0,0,0
2025-2026,12,Bologna,DE SILVESTRI Lorenzo,de silvestri lorenzo,5.5,5.0,0,0,1,0,0,0,0
2025-2026,12,Bologna,HEGGEM Torbjorn,heggem torbjorn,6.5,6.5,0,0,0,0,0,0,0
2025-2026,12,Bologna,HOLM Emil,holm emil,,,0,0,0,0,0,0,0
2025-2026,12,Bologna,LUCUMI Jhon,lucumi jhon,,,0,0,0,0,0,0,0
2025-2026,12,Bologna,LYKOGIANNIS Charala.,lykogiannis charala.,,,0,0,0,0,0,0,0
2025-2026,12,Bologna,MIRANDA Juan,miranda juan,6.5,6.5,0,0,0,0,0,0,0
2025-2026,12,Bologna,VITIK Martin,vitik martin,,,0,0,0,0,0,0,0
2025-2026,12,Bologna,ZORTEA Nadir,zortea nadir,6.0,6.0,0,0,0,0,0,0,0
2025-2026,12,Bologna,BERNARDESCHI Federi.,bernardeschi federi.,7.0,10.0,1,0,0,0,0,0,0
2025-2026,12,Bologna,FABBIAN Giovanni,fabbian giovanni,5.0,5.0,0,0,0,0,0,0,0
2025-2026,12,Bologna,FERGUSON Lewis,ferguson lewis,,,0,0,0,0,0,0,0
2025-2026,12,Bologna,FREULER Remo,freuler remo,,,0,0,0,0,0,0,0
2025-2026,12,Bologna,MORO Nikola,moro nikola,5.5,5.5,0,0,0,0,0,0,0
2025-2026,12,Bologna,POBEGA Tommaso,pobega tommaso,8.0,14.0,2,0,0,0,0,0,0
2025-2026,12,Bologna,SULEMANA,sulemana,,6.0,0,0,0,0,0,0,0
2025-2026,12,Bologna,CAMBIAGHI Nicolo',cambiaghi nicolo',,,0,0,0,0,0,0,0
2025-2026,12,Bologna,CASTRO Santiago,castro santiago,6.0,6.0,0,0,0,0,0,0,0
2025-2026,12,Bologna,DALLINGA Thijs,dallinga thijs,,,0,0,0,0,0,0,0
2025-2026,12,Bologna,DOMINGUEZ Benjamin,dominguez benjamin,5.0,5.0,0,0,0,0,0,0,0
2025-2026,12,Bologna,IMMOBILE Ciro,immobile ciro,,,0,0,0,0,0,0,0
2025-2026,12,Bologna,ODGAARD Jens,odgaard jens,,,0,0,0,0,0,0,0
2025-2026,12,Bologna,ORSOLINI Riccardo,orsolini riccardo,5.5,3.5,0,1,0,0,0,0,1
2025-2026,12,Bologna,ROWE Jonathan,rowe jonathan,,,0,0,0,0,0,0,0
2025-2026,12,Cagliari,CAPRILE Elia,caprile elia,4.0,1.0,-3,0,0,0,0,0,0
2025-2026,12,Cagliari,CIOCCI Giuseppe,ciocci giuseppe,,,0,0,0,0,0,0,0
2025-2026,12,Cagliari,RADUNOVIC Boris,radunovic boris,,,0,0,0,0,0,0,0
2025-2026,12,Cagliari,IDRISSI Riyad,idrissi riyad,6.0,6.0,0,0,0,0,0,0,0
2025-2026,12,Cagliari,LUPERTO Sebastiano,luperto sebastiano,6.0,5.5,0,0,1,0,0,0,0
2025-2026,12,Cagliari,MINA Yerry,mina yerry,6.0,5.5,0,0,1,0,0,0,0
2025-2026,12,Cagliari,OBERT Adam,obert adam,,,0,0,0,0,0,0,0
2025-2026,12,Cagliari,PALESTRA Marco,palestra marco,6.5,7.5,0,1,0,0,0,0,0
2025-2026,12,Cagliari,RODRIGUEZ Juan,rodriguez juan,,,0,0,0,0,0,0,0
2025-2026,12,Cagliari,ZAPPA Gabriele,zappa gabriele,6.0,7.0,0,1,0,0,0,0,0
2025-2026,12,Cagliari,ZE PEDRO,ze pedro,,,0,0,0,0,0,0,0
2025-2026,12,Cagliari,ADOPO Michel,adopo michel,6.0,6.0,0,0,0,0,0,0,0
2025-2026,12,Cagliari,CAVUOTI Nicolo',cavuoti nicolo',,,0,0,0,0,0,0,0
2025-2026,12,Cagliari,DEIOLA Alessandro,deiola alessandro,6.5,7.0,0,1,1,0,0,0,0
2025-2026,12,Cagliari,DI PARDO Alessandro,di pardo alessandro,,,0,0,0,0,0,0,0
2025-2026,12,Cagliari,FOLORUNSHO Michael,folorunsho michael,5.5,5.5,0,0,0,0,0,0,0
2025-2026,12,Cagliari,GAETANO Gianluca,gaetano gianluca,6.0,6.0,0,0,0,0,0,0,0
2025-2026,12,Cagliari,LITETA Joseph,liteta joseph,,,0,0,0,0,0,0,0
2025-2026,12,Cagliari,MAZZITELLI Luca,mazzitelli luca,,,0,0,0,0,0,0,0
2025-2026,12,Cagliari,PRATI Matteo,prati matteo,5.5,5.0,0,0,1,0,0,0,0
2025-2026,12,Cagliari,ROG Marko,rog marko,,,0,0,0,0,0,0,0
2025-2026,12,Cagliari,BELOTTI Andrea,belotti andrea,,,0,0,0,0,0,0,0
2025-2026,12,Cagliari,BORRELLI Gennaro,borrelli gennaro,8.0,14.0,2,0,0,0,0,0,0
2025-2026,12,Cagliari,ESPOSITO Sebastiano,esposito sebastiano,6.5,9.5,1,0,0,0,0,0,0
2025-2026,12,Cagliari,FELICI Mattia,felici mattia,6.0,6.0,0,0,0,0,0,0,0
2025-2026,12,Cagliari,KILICSOY Semih,kilicsoy semih,,,0,0,0,0,0,0,0
2025-2026,12,Cagliari,LUVUMBO Sebastiao Z.,luvumbo sebastiao z.,5.5,5.5,0,0,0,0,0,0,0
2025-2026,12,Cagliari,PAVOLETTI Leonardo,pavoletti leonardo,6.0,6.0,0,0,0,0,0,0,0
2025-2026,12,Fiorentina,DE GEA David,de gea david,6.5,5.5,-1,0,0,0,0,0,0
2025-2026,12,Fiorentina,LEZZERINI Luca,lezzerini luca,,,0,0,0,0,0,0,0
2025-2026,12,Fiorentina,MARTINELLI Tommaso,martinelli tommaso,,,0,0,0,0,0,0,0
2025-2026,12,Fiorentina,COMUZZO Pietro,comuzzo pietro,,,0,0,0,0,0,0,0
2025-2026,12,Fiorentina,DODO,dodo,5.5,5.5,0,0,0,0,0,0,0
2025-2026,12,Fiorentina,FORTINI Niccolo',fortini niccolo',6.0,6.0,0,0,0,0,0,0,0
2025-2026,12,Fiorentina,GOSENS Robin,gosens robin,,,0,0,0,0,0,0,0
2025-2026,12,Fiorentina,KOSPO Eman,kospo eman,,,0,0,0,0,0,0,0
2025-2026,12,Fiorentina,KOUADIO Eddy,kouadio eddy,,,0,0,0,0,0,0,0
2025-2026,12,Fiorentina,LAMPTEY Tariq,lamptey tariq,,,0,0,0,0,0,0,0
2025-2026,12,Fiorentina,MARI Pablo,mari pablo,5.0,5.0,0,0,0,0,0,0,0
2025-2026,12,Fiorentina,PARISI Fabiano,parisi fabiano,6.5,6.0,0,0,1,0,0,0,0
2025-2026,12,Fiorentina,PONGRACIC Marin,pongracic marin,6.5,6.5,0,0,0,0,0,0,0
2025-2026,12,Fiorentina,RANIERI Luca,ranieri luca,6.0,6.0,0,0,0,0,0,0,0
2025-2026,12,Fiorentina,VITI Mattia,viti mattia,,,0,0,0,0,0,0,0
2025-2026,12,Fiorentina,FAGIOLI Nicolo',fagioli nicolo',5.5,5.0,0,0,1,0,0,0,0
2025-2026,12,Fiorentina,FAZZINI Jacopo,fazzini jacopo,,,0,0,0,0,0,0,0
2025-2026,12,Fiorentina,INFANTINO Gino,infantino gino,,,0,0,0,0,0,0,0
2025-2026,12,Fiorentina,MANDRAGORA Rolando,mandragora rolando,7.0,9.5,1,0,1,0,0,0,0
2025-2026,12,Fiorentina,NDOUR Cher,ndour cher,6.0,6.0,0,0,0,0,0,0,0
2025-2026,12,Fiorentina,NICOLUSSI CAVIGLIA .,nicolussi caviglia .,,,0,0,0,0,0,0,0
2025-2026,12,Fiorentina,RICHARDSON Amir,richardson amir,,,0,0,0,0,0,0,0
2025-2026,12,Fiorentina,SABIRI Abdelhamid,sabiri abdelhamid,,,0,0,0,0,0,0,0
2025-2026,12,Fiorentina,SOHM Simon,sohm simon,5.5,5.5,0,0,0,0,0,0,0
2025-2026,12,Fiorentina,DZEKO Edin,dzeko edin,,,0,0,0,0,0,0,0
2025-2026,12,Fiorentina,GUDMUNDSSON Albert,gudmundsson albert,5.5,5.5,0,0,0,0,0,0,0
2025-2026,12,Fiorentina,KEAN Moise,kean moise,7.0,8.0,0,1,0,0,0,0,0
2025-2026,12,Fiorentina,KOUAME' Christian,kouame' christian,,,0,0,0,0,0,0,0
2025-2026,12,Fiorentina,PICCOLI Roberto,piccoli roberto,5.0,5.0,0,0,0,0,0,0,0
2025-2026,12,Genoa,LEALI Nicola,leali nicola,5.0,2.0,-3,0,0,0,0,0,0
2025-2026,12,Genoa,SIEGRIST Benjamin,siegrist benjamin,,,0,0,0,0,0,0,0
2025-2026,12,Genoa,SOMMARIVA Daniele,sommariva daniele,,,0,0,0,0,0,0,0
2025-2026,12,Genoa,KUMER CELIK Alin,kumer celik alin,,,0,0,0,0,0,0,0
2025-2026,12,Genoa,MARCANDALLI Alessan.,marcandalli alessan.,5.0,5.0,0,0,0,0,0,0,0
2025-2026,12,Genoa,MARTIN Aaron,martin aaron,6.5,9.5,1,0,0,0,0,0,0
2025-2026,12,Genoa,NORTON-CUFFY Brooke,norton-cuffy brooke,5.0,4.0,0,0,0,1,0,0,0
2025-2026,12,Genoa,OSTIGARD Leo,ostigard leo,7.0,10.0,1,0,0,0,0,0,0
2025-2026,12,Genoa,OTOA Sebastian,otoa sebastian,,,0,0,0,0,0,0,0
2025-2026,12,Genoa,SABELLI Stefano,sabelli stefano,,,0,0,0,0,0,0,0
2025-2026,12,Genoa,VASQUEZ Johan,vasquez johan,6.0,6.0,0,0,0,0,0,0,0
2025-2026,12,Genoa,CARBONI Valentin,carboni valentin,,6.0,0,0,0,0,0,0,0
2025-2026,12,Genoa,CUENCA Hugo,cuenca hugo,,,0,0,0,0,0,0,0
2025-2026,12,Genoa,ELLERTSSON Mikael,ellertsson mikael,,,0,0,0,0,0,0,0
2025-2026,12,Genoa,FINI Seydou,fini seydou,,,0,0,0,0,0,0,0
2025-2026,12,Genoa,FRENDRUP Morten,frendrup morten,6.5,6.5,0,0,0,0,0,0,0
2025-2026,12,Genoa,GRONBAEK Alberto,gronbaek alberto,5.5,5.0,0,0,1,0,0,0,0
2025-2026,12,Genoa,LAFONT Gael,lafont gael,,,0,0,0,0,0,0,0
2025-2026,12,Genoa,MALINOVSKIY Ruslan,malinovskiy ruslan,6.5,6.5,0,0,0,0,0,0,0
2025-2026,12,Genoa,MASINI Patrizio,masini patrizio,,,0,0,0,0,0,0,0
2025-2026,12,Genoa,MESSIAS Junior,messias junior,,,0,0,0,0,0,0,0
2025-2026,12,Genoa,ONANA Jean,onana jean,,,0,0,0,0,0,0,0
2025-2026,12,Genoa,STANCIU Nicolae,stanciu nicolae,,,0,0,0,0,0,0,0
2025-2026,12,Genoa,THORSBY Morten,thorsby morten,6.5,7.5,0,1,0,0,0,0,0
2025-2026,12,Genoa,COLOMBO Lorenzo,colombo lorenzo,6.0,7.0,0,1,0,0,0,0,0
2025-2026,12,Genoa,CORNET Maxwel,cornet maxwel,,,0,0,0,0,0,0,0
2025-2026,12,Genoa,EKHATOR Jeff,ekhator jeff,,,0,0,0,0,0,0,0
2025-2026,12,Genoa,EKUBAN Caleb,ekuban caleb,,6.0,0,0,0,0,0,0,0
2025-2026,12,Genoa,VENTURINO Lorenzo,venturino lorenzo,,,0,0,0,0,0,0,0
2025-2026,12,Genoa,VITINHA,vitinha,6.5,9.5,1,0,0,0,0,0,0
2025-2026,12,Inter,DI GENNARO Raffaele,di gennaro raffaele,,,0,0,0,0,0,0,0
2025-2026,12,Inter,MARTINEZ Josep,martinez josep,,,0,0,0,0,0,0,0
2025-2026,12,Inter,SOMMER Yann,sommer yann,4.5,3.5,-1,0,0,0,0,0,0
2025-2026,12,Inter,ACERBI Francesco,acerbi francesco,6.5,6.5,0,0,0,0,0,0,0
2025-2026,12,Inter,AKANJI Manuel,akanji manuel,5.0,5.0,0,0,0,0,0,0,0
2025-2026,12,Inter,ALEXIOU Christos,alexiou christos,,,0,0,0,0,0,0,0
2025-2026,12,Inter,BASTONI Alessandro,bastoni alessandro,6.0,6.0,0,0,0,0,0,0,0
2025-2026,12,Inter,BISSECK Yann Aurel,bisseck yann aurel,,,0,0,0,0,0,0,0
2025-2026,12,Inter,CARLOS AUGUSTO,carlos augusto,5.5,5.5,0,0,0,0,0,0,0
2025-2026,12,Inter,COCCHI Matteo,cocchi matteo,,,0,0,0,0,0,0,0
2025-2026,12,Inter,DARMIAN Matteo,darmian matteo,,,0,0,0,0,0,0,0
2025-2026,12,Inter,DE VRIJ Stefan,de vrij stefan,,,0,0,0,0,0,0,0
2025-2026,12,Inter,DIMARCO Federico,dimarco federico,6.0,6.0,0,0,0,0,0,0,0
2025-2026,12,Inter,DUMFRIES Denzel,dumfries denzel,,,0,0,0,0,0,0,0
2025-2026,12,Inter,LUIS HENRIQUE,luis henrique,,,0,0,0,0,0,0,0
2025-2026,12,Inter,PALACIOS Tomas,palacios tomas,,,0,0,0,0,0,0,0
2025-2026,12,Inter,RE CECCONI Gabriele,re cecconi gabriele,,,0,0,0,0,0,0,0
2025-2026,12,Inter,BARELLA Nicolo',barella nicolo',7.0,7.0,0,0,0,0,0,0,0
2025-2026,12,Inter,BERENBRUCH Thomas,berenbruch thomas,,,0,0,0,0,0,0,0
2025-2026,12,Inter,CALHANOGLU Hakan,calhanoglu hakan,4.5,1.0,0,0,1,0,0,0,1
2025-2026,12,Inter,DIOUF Andy,diouf andy,,,0,0,0,0,0,0,0
2025-2026,12,Inter,FRATTESI Davide,frattesi davide,,,0,0,0,0,0,0,0
2025-2026,12,Inter,MKHITARYAN Henrikh,mkhitaryan henrikh,,,0,0,0,0,0,0,0
2025-2026,12,Inter,SUCIC Petar,sucic petar,6.0,6.0,0,0,0,0,0,0,0
2025-2026,12,Inter,TOPALOVIC Luka,topalovic luka,,,0,0,0,0,0,0,0
2025-2026,12,Inter,ZIELINSKI Piotr,zielinski piotr,5.5,5.5,0,0,0,0,0,0,0
2025-2026,12,Inter,BONNY Ange-Yoan,bonny ange-yoan,5.5,5.5,0,0,0,0,0,0,0
2025-2026,12,Inter,ESPOSITO Francesco .,esposito francesco .,,,0,0,0,0,0,0,0
2025-2026,12,Inter,MARTINEZ Lautaro,martinez lautaro,5.5,5.5,0,0,0,0,0,0,0
2025-2026,12,Inter,THURAM Marcus,thuram marcus,6.5,6.5,0,0,0,0,0,0,0
2025-2026,12,Juventus,DI GREGORIO Michele,di gregorio michele,5.5,4.5,-1,0,0,0,0,0,0
2025-2026,12,Juventus,PERIN Mattia,perin mattia,,,0,0,0,0,0,0,0
2025-2026,12,Juventus,PINSOGLIO Carlo,pinsoglio carlo,,,0,0,0,0,0,0,0
2025-2026,12,Juventus,BREMER Gleison,bremer gleison,,,0,0,0,0,0,0,0
2025-2026,12,Juventus,CABAL Juan,cabal juan,6.0,5.5,0,0,1,0,0,0,0
2025-2026,12,Juventus,CAMBIASO Andrea,cambiaso andrea,6.0,6.0,0,0,0,0,0,0,0
2025-2026,12,Juventus,GATTI Federico,gatti federico,,,0,0,0,0,0,0,0
2025-2026,12,Juventus,KALULU Pierre,kalulu pierre,6.0,6.0,0,0,0,0,0,0,0
2025-2026,12,Juventus,KELLY Lloyd,kelly lloyd,6.0,6.0,0,0,0,0,0,0,0
2025-2026,12,Juventus,MARIO Joao,mario joao,,,0,0,0,0,0,0,0
2025-2026,12,Juventus,ROUHI Jonas,rouhi jonas,,,0,0,0,0,0,0,0
2025-2026,12,Juventus,RUGANI Daniele,rugani daniele,,,0,0,0,0,0,0,0
2025-2026,12,Juventus,ADZIC Vasilije,adzic vasilije,,,0,0,0,0,0,0,0
2025-2026,12,Juventus,KOOPMEINERS Teun,koopmeiners teun,5.5,5.5,0,0,0,0,0,0,0
2025-2026,12,Juventus,KOSTIC Filip,kostic filip,6.5,9.5,1,0,0,0,0,0,0
2025-2026,12,Juventus,LOCATELLI Manuel,locatelli manuel,6.0,6.0,0,0,0,0,0,0,0
2025-2026,12,Juventus,MCKENNIE Weston,mckennie weston,6.0,5.5,0,0,1,0,0,0,0
2025-2026,12,Juventus,MIRETTI Fabio,miretti fabio,6.0,5.5,0,0,1,0,0,0,0
2025-2026,12,Juventus,THURAM Khephren,thuram khephren,5.0,5.0,0,0,0,0,0,0,0
2025-2026,12,Juventus,CONCEICAO Francisco,conceicao francisco,6.0,6.0,0,0,0,0,0,0,0
2025-2026,12,Juventus,DAVID Jonathan,david jonathan,,,0,0,0,0,0,0,0
2025-2026,12,Juventus,MILIK Arek,milik arek,,,0,0,0,0,0,0,0
2025-2026,12,Juventus,OPENDA Lois,openda lois,,,0,0,0,0,0,0,0
2025-2026,12,Juventus,PUGNO Diego,pugno diego,,,0,0,0,0,0,0,0
2025-2026,12,Juventus,VLAHOVIC Dusan,vlahovic dusan,6.0,7.0,0,1,0,0,0,0,0
2025-2026,12,Juventus,YILDIZ Kenan,yildiz kenan,5.5,5.5,0,0,0,0,0,0,0
2025-2026,12,Juventus,ZHEGROVA Edon,zhegrova edon,,,0,0,0,0,0,0,0
2025-2026,12,Lazio,FURLANETTO Alessio,furlanetto alessio,,,0,0,0,0,0,0,0
2025-2026,12,Lazio,MANDAS Christos,mandas christos,,,0,0,0,0,0,0,0
2025-2026,12,Lazio,PROVEDEL Ivan,provedel ivan,6.5,7.5,0,0,0,0,0,0,0
2025-2026,12,Lazio,GIGOT Samuel,gigot samuel,,,0,0,0,0,0,0,0
2025-2026,12,Lazio,GILA Mario,gila mario,6.0,6.0,0,0,0,0,0,0,0
2025-2026,12,Lazio,HYSAJ Elseid,hysaj elseid,,,0,0,0,0,0,0,0
2025-2026,12,Lazio,LAZZARI Manuel,lazzari manuel,6.0,6.0,0,0,0,0,0,0,0
2025-2026,12,Lazio,MARUSIC Adam,marusic adam,6.5,6.5,0,0,0,0,0,0,0
2025-2026,12,Lazio,NUNO TAVARES,nuno tavares,,,0,0,0,0,0,0,0
2025-2026,12,Lazio,PATRIC,patric,,,0,0,0,0,0,0,0
2025-2026,12,Lazio,PELLEGRINI Luca,pellegrini luca,6.0,6.0,0,0,0,0,0,0,0
2025-2026,12,Lazio,PROVSTGAARD Oliver,provstgaard oliver,,,0,0,0,0,0,0,0
2025-2026,12,Lazio,ROMAGNOLI Alessio,romagnoli alessio,6.0,6.0,0,0,0,0,0,0,0
2025-2026,12,Lazio,BASIC Toma,basic toma,7.0,8.0,0,1,0,0,0,0,0
2025-2026,12,Lazio,BELAHYANE Reda,belahyane reda,,,0,0,0,0,0,0,0
2025-2026,12,Lazio,CATALDI Danilo,cataldi danilo,6.0,6.0,0,0,0,0,0,0,0
2025-2026,12,Lazio,DELE-BASHIRU Fisayo,dele-bashiru fisayo,,,0,0,0,0,0,0,0
2025-2026,12,Lazio,GUENDOUZI Matteo,guendouzi matteo,7.0,9.5,1,0,1,0,0,0,0
2025-2026,12,Lazio,ROVELLA Nicolo,rovella nicolo,,,0,0,0,0,0,0,0
2025-2026,12,Lazio,VECINO Matias,vecino matias,6.0,6.0,0,0,0,0,0,0,0
2025-2026,12,Lazio,CANCELLIERI Matteo,cancellieri matteo,,,0,0,0,0,0,0,0
2025-2026,12,Lazio,CASTELLANOS Valentin,castellanos valentin,,,0,0,0,0,0,0,0
2025-2026,12,Lazio,DIA Boulaye,dia boulaye,6.0,6.0,0,0,0,0,0,0,0
2025-2026,12,Lazio,ISAKSEN Gustav,isaksen gustav,6.5,6.5,0,0,0,0,0,0,0
2025-2026,12,Lazio,NOSLIN Tijjani,noslin tijjani,6.5,9.5,1,0,0,0,0,0,0
2025-2026,12,Lazio,PEDRO,pedro,,6.0,0,0,0,0,0,0,0
2025-2026,12,Lazio,ZACCAGNI Mattia,zaccagni mattia,6.5,6.5,0,0,0,0,0,0,0
2025-2026,12,Lecce,FALCONE Wladimiro,falcone wladimiro,6.5,4.5,-2,0,0,0,0,0,0
2025-2026,12,Lecce,FRUCHTL Christian,fruchtl christian,,,0,0,0,0,0,0,0
2025-2026,12,Lecce,SAMOOJA Jasper,samooja jasper,,,0,0,0,0,0,0,0
2025-2026,12,Lecce,ESTEBAN Paco,esteban paco,,,0,0,0,0,0,0,0
2025-2026,12,Lecce,GABRIEL Tiago,gabriel tiago,4.5,4.5,0,0,0,0,0,0,0
2025-2026,12,Lecce,GALLO Antonino,gallo antonino,5.0,5.0,0,0,0,0,0,0,0
2025-2026,12,Lecce,GASPAR Kialonda,gaspar kialonda,5.5,5.5,0,0,0,0,0,0,0
2025-2026,12,Lecce,GUILBERT Frederic,guilbert frederic,,,0,0,0,0,0,0,0
2025-2026,12,Lecce,JEAN Gaby,jean gaby,,,0,0,0,0,0,0,0
2025-2026,12,Lecce,KOUASSI Owen,kouassi owen,,,0,0,0,0,0,0,0
2025-2026,12,Lecce,NDABA Corrie,ndaba corrie,,,0,0,0,0,0,0,0
2025-2026,12,Lecce,PEHLIVANOV Cristian,pehlivanov cristian,,,0,0,0,0,0,0,0
2025-2026,12,Lecce,PEREZ Matias,perez matias,,,0,0,0,0,0,0,0
2025-2026,12,Lecce,SCOTT Elijah,scott elijah,,,0,0,0,0,0,0,0
2025-2026,12,Lecce,SIEBERT Jamil,siebert jamil,,,0,0,0,0,0,0,0
2025-2026,12,Lecce,VEIGA Danilo,veiga danilo,5.5,5.5,0,0,0,0,0,0,0
2025-2026,12,Lecce,BERISHA Medon,berisha medon,5.0,5.0,0,0,0,0,0,0,0
2025-2026,12,Lecce,COULIBALY Lassana,coulibaly lassana,5.5,5.5,0,0,0,0,0,0,0
2025-2026,12,Lecce,GORTER Olaf,gorter olaf,,,0,0,0,0,0,0,0
2025-2026,12,Lecce,HELGASON Thorir,helgason thorir,,,0,0,0,0,0,0,0
2025-2026,12,Lecce,KABA Mohamed,kaba mohamed,5.5,5.5,0,0,0,0,0,0,0
2025-2026,12,Lecce,MALEH Youssef,maleh youssef,,,0,0,0,0,0,0,0
2025-2026,12,Lecce,MARCHWINSKI Filip,marchwinski filip,,,0,0,0,0,0,0,0
2025-2026,12,Lecce,PIERRET Balthazar,pierret balthazar,,,0,0,0,0,0,0,0
2025-2026,12,Lecce,RAFIA Hamza,rafia hamza,,,0,0,0,0,0,0,0
2025-2026,12,Lecce,RAMADANI Ylber,ramadani ylber,6.0,6.0,0,0,0,0,0,0,0
2025-2026,12,Lecce,SALA Alex,sala alex,,,0,0,0,0,0,0,0
2025-2026,12,Lecce,SOTTIL Riccardo,sottil riccardo,5.5,5.5,0,0,0,0,0,0,0
2025-2026,12,Lecce,BANDA Lameck,banda lameck,5.5,5.5,0,0,0,0,0,0,0
2025-2026,12,Lecce,CAMARDA Francesco,camarda francesco,5.0,5.0,0,0,0,0,0,0,0
2025-2026,12,Lecce,MORENTE Tete,morente tete,5.0,5.0,0,0,0,0,0,0,0
2025-2026,12,Lecce,N'DRI Konan,n'dri konan,5.5,5.0,0,0,1,0,0,0,0
2025-2026,12,Lecce,PIEROTTI Santiago,pierotti santiago,5.5,5.5,0,0,0,0,0,0,0
2025-2026,12,Lecce,STULIC Nikola,stulic nikola,5.0,5.0,0,0,0,0,0,0,0
2025-2026,12,Milan,MAIGNAN Mike,maignan mike,8.0,12.0,0,0,0,0,0,1,0
2025-2026,12,Milan,TERRACCIANO Pietro,terracciano pietro,,,0,0,0,0,0,0,0
2025-2026,12,Milan,TORRIANI Lorenzo,torriani lorenzo,,,0,0,0,0,0,0,0
2025-2026,12,Milan,ATHEKAME Zachary,athekame zachary,,,0,0,0,0,0,0,0
2025-2026,12,Milan,BARTESAGHI Davide,bartesaghi davide,6.5,6.5,0,0,0,0,0,0,0
2025-2026,12,Milan,DE WINTER Koni,de winter koni,,,0,0,0,0,0,0,0
2025-2026,12,Milan,ESTUPINAN Pervis,estupinan pervis,,,0,0,0,0,0,0,0
2025-2026,12,Milan,GABBIA Matteo,gabbia matteo,7.0,7.0,0,0,0,0,0,0,0
2025-2026,12,Milan,ODOGU David,odogu david,,,0,0,0,0,0,0,0
2025-2026,12,Milan,PAVLOVIC Strahinja,pavlovic strahinja,5.5,5.0,0,0,1,0,0,0,0
2025-2026,12,Milan,TOMORI Fikayo,tomori fikayo,6.5,6.5,0,0,0,0,0,0,0
2025-2026,12,Milan,FOFANA Youssouf,fofana youssouf,7.0,7.0,0,0,0,0,0,0,0
2025-2026,12,Milan,JASHARI Ardon,jashari ardon,,,0,0,0,0,0,0,0
2025-2026,12,Milan,LOFTUS-CHEEK Ruben,loftus-cheek ruben,,,0,0,0,0,0,0,0
2025-2026,12,Milan,MODRIC Luka,modric luka,7.0,7.0,0,0,0,0,0,0,0
2025-2026,12,Milan,RABIOT Adrien,rabiot adrien,7.5,7.5,0,0,0,0,0,0,0
2025-2026,12,Milan,RICCI Samuele,ricci samuele,6.0,6.0,0,0,0,0,0,0,0
2025-2026,12,Milan,SAELEMAEKERS Alexis,saelemaekers alexis,7.0,7.0,0,0,0,0,0,0,0
2025-2026,12,Milan,TRAORE Chaka,traore chaka,,,0,0,0,0,0,0,0
2025-2026,12,Milan,VOS Silvano,vos silvano,,,0,0,0,0,0,0,0
2025-2026,12,Milan,BALENTIEN Chevejo,balentien chevejo,,,0,0,0,0,0,0,0
2025-2026,12,Milan,GIMENEZ Santiago,gimenez santiago,,,0,0,0,0,0,0,0
2025-2026,12,Milan,LEAO Rafael,leao rafael,6.5,6.0,0,0,1,0,0,0,0
2025-2026,12,Milan,NKUNKU Cristopher,nkunku cristopher,5.5,5.5,0,0,0,0,0,0,0
2025-2026,12,Milan,PULISIC Christian,pulisic christian,7.5,10.5,1,0,0,0,0,0,0
2025-2026,12,Napoli,CONTINI Nikita,contini nikita,,,0,0,0,0,0,0,0
2025-2026,12,Napoli,MERET Alex,meret alex,,,0,0,0,0,0,0,0
2025-2026,12,Napoli,MILINKOVIC Vanja,milinkovic vanja,6.0,5.0,-1,0,0,0,0,0,0
2025-2026,12,Napoli,BEUKEMA Sam,beukema sam,6.5,6.5,0,0,0,0,0,0,0
2025-2026,12,Napoli,BUONGIORNO Alessand.,buongiorno alessand.,6.5,6.5,0,0,0,0,0,0,0
2025-2026,12,Napoli,DI LORENZO Giovanni,di lorenzo giovanni,6.5,7.5,0,1,0,0,0,0,0
2025-2026,12,Napoli,GUTIERREZ Miguel,gutierrez miguel,6.0,6.0,0,0,0,0,0,0,0
2025-2026,12,Napoli,JESUS Juan,jesus juan,6.0,6.0,0,0,0,0,0,0,0
2025-2026,12,Napoli,MARIANUCCI Luca,marianucci luca,,,0,0,0,0,0,0,0
2025-2026,12,Napoli,MAZZOCCHI Pasquale,mazzocchi pasquale,6.0,6.0,0,0,0,0,0,0,0
2025-2026,12,Napoli,OLIVERA Mathias,olivera mathias,,,0,0,0,0,0,0,0
2025-2026,12,Napoli,RRAHMANI Amir,rrahmani amir,6.0,6.0,0,0,0,0,0,0,0
2025-2026,12,Napoli,SPINAZZOLA Leonardo,spinazzola leonardo,,,0,0,0,0,0,0,0
2025-2026,12,Napoli,ANGUISSA Andre' Zam.,anguissa andre' zam.,,,0,0,0,0,0,0,0
2025-2026,12,Napoli,DE BRUYNE Kevin,de bruyne kevin,,,0,0,0,0,0,0,0
2025-2026,12,Napoli,ELMAS Eljif,elmas eljif,6.0,6.0,0,0,0,0,0,0,0
2025-2026,12,Napoli,GILMOUR Billy,gilmour billy,,,0,0,0,0,0,0,0
2025-2026,12,Napoli,LOBOTKA Stanislav,lobotka stanislav,6.5,6.5,0,0,0,0,0,0,0
2025-2026,12,Napoli,MCTOMINAY Scott,mctominay scott,7.0,8.0,0,1,0,0,0,0,0
2025-2026,12,Napoli,VERGARA Antonio,vergara antonio,,,0,0,0,0,0,0,0
2025-2026,12,Napoli,AMBROSINO Giuseppe,ambrosino giuseppe,,,0,0,0,0,0,0,0
2025-2026,12,Napoli,HOJLUND Rasmus,hojlund rasmus,6.5,7.5,0,1,0,0,0,0,0
2025-2026,12,Napoli,LANG Noa,lang noa,6.5,9.5,1,0,0,0,0,0,0
2025-2026,12,Napoli,LUCCA Lorenzo,lucca lorenzo,6.0,6.0,0,0,0,0,0,0,0
2025-2026,12,Napoli,LUKAKU Romelu,lukaku romelu,,,0,0,0,0,0,0,0
2025-2026,12,Napoli,NERES David,neres david,7.5,13.5,2,0,0,0,0,0,0
2025-2026,12,Napoli,POLITANO Matteo,politano matteo,6.0,6.0,0,0,0,0,0,0,0
2025-2026,12,Roma,GOLLINI Pierluigi,gollini pierluigi,,,0,0,0,0,0,0,0
2025-2026,12,Roma,SVILAR Mile,svilar mile,7.0,6.0,-1,0,0,0,0,0,0
2025-2026,12,Roma,VASQUEZ Devis,vasquez devis,,,0,0,0,0,0,0,0
2025-2026,12,Roma,ANGELINO Jose',angelino jose',,,0,0,0,0,0,0,0
2025-2026,12,Roma,CELIK Zeki,celik zeki,6.5,6.5,0,0,0,0,0,0,0
2025-2026,12,Roma,GHILARDI Daniele,ghilardi daniele,,,0,0,0,0,0,0,0
2025-2026,12,Roma,HERMOSO Mario,hermoso mario,,,0,0,0,0,0,0,0
2025-2026,12,Roma,MANCINI Gianluca,mancini gianluca,6.5,6.5,0,0,0,0,0,0,0
2025-2026,12,Roma,NDICKA Evan,ndicka evan,6.5,6.5,0,0,0,0,0,0,0
2025-2026,12,Roma,RENSCH Devyne,rensch devyne,,,0,0,0,0,0,0,0
2025-2026,12,Roma,SANGARe' Buba,sangare' buba,,,0,0,0,0,0,0,0
2025-2026,12,Roma,TSIMIKAS Konstantin.,tsimikas konstantin.,,6.0,0,0,0,0,0,0,0
2025-2026,12,Roma,WESLEY,wesley,7.5,10.5,1,0,0,0,0,0,0
2025-2026,12,Roma,ZIOLKOWSKI Jan,ziolkowski jan,6.0,5.5,0,0,1,0,0,0,0
2025-2026,12,Roma,BALDANZI Tommaso,baldanzi tommaso,6.5,6.5,0,0,0,0,0,0,0
2025-2026,12,Roma,CRISTANTE Bryan,cristante bryan,7.0,7.0,0,0,0,0,0,0,0
2025-2026,12,Roma,EL AYNAOUI Neil,el aynaoui neil,6.5,7.0,0,1,1,0,0,0,0
2025-2026,12,Roma,EL SHAARAWY Stephan,el shaarawy stephan,6.5,7.5,0,1,0,0,0,0,0
2025-2026,12,Roma,KONE' Manu,kone' manu,7.0,8.0,0,1,0,0,0,0,0
2025-2026,12,Roma,PELLEGRINI Lorenzo,pellegrini lorenzo,6.5,6.5,0,0,0,0,0,0,0
2025-2026,12,Roma,PISILLI Niccolo',pisilli niccolo',,,0,0,0,0,0,0,0
2025-2026,12,Roma,ROMANO Alessandro,romano alessandro,,,0,0,0,0,0,0,0
2025-2026,12,Roma,ARENA Antonio,arena antonio,,,0,0,0,0,0,0,0
2025-2026,12,Roma,BAILEY Leon,bailey leon,,,0,0,0,0,0,0,0
2025-2026,12,Roma,DOVBYK Artem,dovbyk artem,,,0,0,0,0,0,0,0
2025-2026,12,Roma,DYBALA Paulo,dybala paulo,,,0,0,0,0,0,0,0
2025-2026,12,Roma,FERGUSON Evan,ferguson evan,6.5,9.5,1,0,0,0,0,0,0
2025-2026,12,Roma,SOULE' Matias,soule' matias,7.5,10.5,1,0,0,0,0,0,0
2025-2026,12,Sassuolo,MURIC Arijanet,muric arijanet,6.0,4.0,-2,0,0,0,0,0,1
2025-2026,12,Sassuolo,SATALINO Giacomo,satalino giacomo,,,0,0,0,0,0,0,0
2025-2026,12,Sassuolo,TURATI Stefano,turati stefano,,,0,0,0,0,0,0,0
2025-2026,12,Sassuolo,ZACCHI Gioele,zacchi gioele,,,0,0,0,0,0,0,0
2025-2026,12,Sassuolo,CANDE' Fali,cande' fali,5.0,5.0,0,0,0,0,0,0,0
2025-2026,12,Sassuolo,COULIBALY Woyo,coulibaly woyo,5.5,5.5,0,0,0,0,0,0,0
2025-2026,12,Sassuolo,DOIG Josh,doig josh,6.0,6.0,0,0,0,0,0,0,0
2025-2026,12,Sassuolo,IDZES Jay,idzes jay,6.0,6.0,0,0,0,0,0,0,0
2025-2026,12,Sassuolo,MUHAREMOVIC Tarik,muharemovic tarik,5.5,5.5,0,0,0,0,0,0,0
2025-2026,12,Sassuolo,PAZ Yeferson,paz yeferson,,,0,0,0,0,0,0,0
2025-2026,12,Sassuolo,PIERAGNOLO Edoardo,pieragnolo edoardo,,,0,0,0,0,0,0,0
2025-2026,12,Sassuolo,ROMAGNA Filippo,romagna filippo,,,0,0,0,0,0,0,0
2025-2026,12,Sassuolo,WALUKIEWICZ Sebasti.,walukiewicz sebasti.,5.5,5.0,0,0,1,0,0,0,0
2025-2026,12,Sassuolo,BOLOCA Daniel,boloca daniel,,,0,0,0,0,0,0,0
2025-2026,12,Sassuolo,FADERA Alieu,fadera alieu,5.0,5.0,0,0,0,0,0,0,0
2025-2026,12,Sassuolo,IANNONI Edoardo,iannoni edoardo,,,0,0,0,0,0,0,0
2025-2026,12,Sassuolo,KONE Ismael,kone ismael,6.5,6.5,0,0,0,0,0,0,0
2025-2026,12,Sassuolo,LIPANI Luca,lipani luca,6.0,6.0,0,0,0,0,0,0,0
2025-2026,12,Sassuolo,MATIC Nemanja,matic nemanja,6.5,9.5,1,0,0,0,0,0,0
2025-2026,12,Sassuolo,THORSTVEDT Kristian,thorstvedt kristian,6.5,9.0,1,0,1,0,0,0,0
2025-2026,12,Sassuolo,VOLPATO Cristian,volpato cristian,6.0,7.0,0,1,0,0,0,0,0
2025-2026,12,Sassuolo,VRANCKX Aster,vranckx aster,,,0,0,0,0,0,0,0
2025-2026,12,Sassuolo,BERARDI Domenico,berardi domenico,6.0,6.0,0,0,0,0,0,0,0
2025-2026,12,Sassuolo,CHEDDIRA Walid,cheddira walid,,,0,0,0,0,0,0,0
2025-2026,12,Sassuolo,LAURIENTE' Armand,lauriente' armand,6.0,6.0,0,0,0,0,0,0,0
2025-2026,12,Sassuolo,MORO Luca,moro luca,,,0,0,0,0,0,0,0
2025-2026,12,Sassuolo,PIERINI Nicholas,pierini nicholas,,,0,0,0,0,0,0,0
2025-2026,12,Sassuolo,PINAMONTI Andrea,pinamonti andrea,5.5,5.5,0,0,0,0,0,0,0
2025-2026,12,Sassuolo,SKJELLERUP Laurs,skjellerup laurs,,,0,0,0,0,0,0,0
2025-2026,12,Torino,ISRAEL Franco,israel franco,,,0,0,0,0,0,0,0
2025-2026,12,Torino,PALEARI Alberto,paleari alberto,5.5,0.5,-5,0,0,0,0,0,0
2025-2026,12,Torino,POPA Mihai,popa mihai,,,0,0,0,0,0,0,0
2025-2026,12,Torino,BIRAGHI Cristiano,biraghi cristiano,,,0,0,0,0,0,0,0
2025-2026,12,Torino,COCO Saul,coco saul,,,0,0,0,0,0,0,0
2025-2026,12,Torino,DEMBELE' Ali,dembele' ali,,,0,0,0,0,0,0,0
2025-2026,12,Torino,ISMAJLI Ardian,ismajli ardian,,,0,0,0,0,0,0,0
2025-2026,12,Torino,LAZARO Valentino,lazaro valentino,5.0,5.0,0,0,0,0,0,0,0
2025-2026,12,Torino,MARIPAN Guillermo,maripan guillermo,5.0,5.0,0,0,0,0,0,0,0
2025-2026,12,Torino,MASINA Adam,masina adam,5.0,5.0,0,0,0,0,0,0,0
2025-2026,12,Torino,NKOUNKOU Niels,nkounkou niels,5.0,5.0,0,0,0,0,0,0,0
2025-2026,12,Torino,PEDERSEN Marcus,pedersen marcus,5.0,5.0,0,0,0,0,0,0,0
2025-2026,12,Torino,PEREZ Alex,perez alex,,,0,0,0,0,0,0,0
2025-2026,12,Torino,SAZONOV Saba,sazonov saba,,,0,0,0,0,0,0,0
2025-2026,12,Torino,SCHUURS Perr,schuurs perr,,,0,0,0,0,0,0,0
2025-2026,12,Torino,ZAIA Edoardo,zaia edoardo,,,0,0,0,0,0,0,0
2025-2026,12,Torino,ANJORIN Tino,anjorin tino,5.0,5.0,0,0,0,0,0,0,0
2025-2026,12,Torino,ASLLANI Kristjan,asllani kristjan,6.0,6.0,0,0,0,0,0,0,0
2025-2026,12,Torino,CASADEI Cesare,casadei cesare,6.0,6.0,0,0,0,0,0,0,0
2025-2026,12,Torino,GINEITIS Gvidas,gineitis gvidas,5.5,5.5,0,0,0,0,0,0,0
2025-2026,12,Torino,ILIC Ivan,ilic ivan,,,0,0,0,0,0,0,0
2025-2026,12,Torino,ILKHAN Emirhan,ilkhan emirhan,,,0,0,0,0,0,0,0
2025-2026,12,Torino,PERCIUN Sergiu,perciun sergiu,,,0,0,0,0,0,0,0
2025-2026,12,Torino,TAMEZE Adrien,tameze adrien,5.5,5.5,0,0,0,0,0,0,0
2025-2026,12,Torino,VLASIC Nikola,vlasic nikola,6.0,9.0,1,0,0,0,0,1,0
2025-2026,12,Torino,ABOUKHLAL Zakaria,aboukhlal zakaria,5.5,5.5,0,0,0,0,0,0,0
2025-2026,12,Torino,ADAMS Che',adams che',,,0,0,0,0,0,0,0
2025-2026,12,Torino,GABELLINI Tommaso,gabellini tommaso,,,0,0,0,0,0,0,0
2025-2026,12,Torino,NGONGE Cyril,ngonge cyril,5.0,5.0,0,0,0,0,0,0,0
2025-2026,12,Torino,NJIE Alieu,njie alieu,5.5,5.5,0,0,0,0,0,0,0
2025-2026,12,Torino,SAVVA Zanos,savva zanos,,,0,0,0,0,0,0,0
2025-2026,12,Torino,SIMEONE Giovanni,simeone giovanni,,,0,0,0,0,0,0,0
2025-2026,12,Torino,ZAPATA Duvan,zapata duvan,5.5,5.5,0,0,0,0,0,0,0
2025-2026,12,Udinese,NUNZIANTE Alessandro,nunziante alessandro,,,0,0,0,0,0,0,0
2025-2026,12,Udinese,OKOYE Maduka,okoye maduka,6.5,6.5,-3,0,0,0,0,1,0
2025-2026,12,Udinese,PADELLI Daniele,padelli daniele,,,0,0,0,0,0,0,0
2025-2026,12,Udinese,SAVA Razvan,sava razvan,,,0,0,0,0,0,0,0
2025-2026,12,Udinese,BERTOLA Nicolo',bertola nicolo',6.0,6.0,0,0,0,0,0,0,0
2025-2026,12,Udinese,EHIZIBUE Kingsley,ehizibue kingsley,5.0,5.0,0,0,0,0,0,0,0
2025-2026,12,Udinese,GOGLICHIDZE Saba,goglichidze saba,,,0,0,0,0,0,0,0
2025-2026,12,Udinese,KABASELE Christian,kabasele christian,6.0,6.0,0,0,0,0,0,0,0
2025-2026,12,Udinese,KAMARA Hassane,kamara hassane,5.5,5.5,0,0,0,0,0,0,0
2025-2026,12,Udinese,KRISTENSEN Thomas,kristensen thomas,,,0,0,0,0,0,0,0
2025-2026,12,Udinese,MODESTO Rui,modesto rui,,,0,0,0,0,0,0,0
2025-2026,12,Udinese,PALMA Matteo,palma matteo,,,0,0,0,0,0,0,0
2025-2026,12,Udinese,SOLET Oumar,solet oumar,5.5,5.5,0,0,0,0,0,0,0
2025-2026,12,Udinese,ZANOLI Alessandro,zanoli alessandro,6.0,6.0,0,0,0,0,0,0,0
2025-2026,12,Udinese,ZEMURA Jordan,zemura jordan,6.0,6.0,0,0,0,0,0,0,0
2025-2026,12,Udinese,ATTA Arthur,atta arthur,6.5,6.5,0,0,0,0,0,0,0
2025-2026,12,Udinese,EKKELENKAMP Jurgen,ekkelenkamp jurgen,5.5,5.5,0,0,0,0,0,0,0
2025-2026,12,Udinese,KARLSTROM Jesper,karlstrom jesper,5.0,5.0,0,0,0,0,0,0,0
2025-2026,12,Udinese,LOVRIC Sandi,lovric sandi,,,0,0,0,0,0,0,0
2025-2026,12,Udinese,MILLER Lennon,miller lennon,,,0,0,0,0,0,0,0
2025-2026,12,Udinese,PIOTROWSKI Jakub,piotrowski jakub,6.0,6.0,0,0,0,0,0,0,0
2025-2026,12,Udinese,ZANIOLO Nicolo',zaniolo nicolo',6.0,6.0,0,0,0,0,0,0,0
2025-2026,12,Udinese,ZARRAGA Oier,zarraga oier,,,0,0,0,0,0,0,0
2025-2026,12,Udinese,BAYO Vakoun,bayo vakoun,5.0,5.0,0,0,0,0,0,0,0
2025-2026,12,Udinese,BRAVO Iker,bravo iker,,,0,0,0,0,0,0,0
2025-2026,12,Udinese,BUKSA Adam,buksa adam,5.0,5.0,0,0,0,0,0,0,0
2025-2026,12,Udinese,DAVIS Keinan,davis keinan,5.5,5.5,0,0,0,0,0,0,0
2025-2026,12,Udinese,GUEYE Idrissa,gueye idrissa,,,0,0,0,0,0,0,0
2025-2026,12,Udinese,VINCIATI Giulio,vinciati giulio,,,0,0,0,0,0,0,0
2025-2026,12,Verona,MONTIPO' Lorenzo,montipo' lorenzo,6.5,4.5,-2,0,0,0,0,0,0
2025-2026,12,Verona,PERILLI Simone,perilli simone,,,0,0,0,0,0,0,0
2025-2026,12,Verona,BELGHALI Rafik,belghali rafik,5.5,5.5,0,0,0,0,0,0,0
2025-2026,12,Verona,BELLA-KOTCHAP Armel,bella-kotchap armel,5.0,5.0,0,0,0,0,0,0,0
2025-2026,12,Verona,BRADARIC Domagoj,bradaric domagoj,5.5,5.5,0,0,0,0,0,0,0
2025-2026,12,Verona,CHAM Fallou,cham fallou,,,0,0,0,0,0,0,0
2025-2026,12,Verona,EBOSSE Enzo,ebosse enzo,,,0,0,0,0,0,0,0
2025-2026,12,Verona,FRESE Martin,frese martin,5.5,5.0,0,0,1,0,0,0,0
2025-2026,12,Verona,KURTI Adi,kurti adi,,,0,0,0,0,0,0,0
2025-2026,12,Verona,NELSSON Victor,nelsson victor,5.0,5.0,0,0,0,0,0,0,0
2025-2026,12,Verona,NUNEZ Unai,nunez unai,6.0,5.5,0,0,1,0,0,0,0
2025-2026,12,Verona,OYEGOKE Daniel,oyegoke daniel,,,0,0,0,0,0,0,0
2025-2026,12,Verona,SLOTSAGER Tobias,slotsager tobias,,,0,0,0,0,0,0,0
2025-2026,12,Verona,VALENTINI Nicolas,valentini nicolas,,,0,0,0,0,0,0,0
2025-2026,12,Verona,YELLU Santiago,yellu santiago,,,0,0,0,0,0,0,0
2025-2026,12,Verona,AKPA-AKPRO Jean-Dan.,akpa-akpro jean-dan.,5.5,5.5,0,0,0,0,0,0,0
2025-2026,12,Verona,AL-MUSRATI Moatasem,al-musrati moatasem,6.0,5.5,0,0,1,0,0,0,0
2025-2026,12,Verona,BERNEDE Antoine,bernede antoine,5.5,5.5,0,0,0,0,0,0,0
2025-2026,12,Verona,GAGLIARDINI Roberto,gagliardini roberto,5.5,5.5,0,0,0,0,0,0,0
2025-2026,12,Verona,HARROUI Abdou,harroui abdou,,,0,0,0,0,0,0,0
2025-2026,12,Verona,KASTANOS Grigoris,kastanos grigoris,,,0,0,0,0,0,0,0
2025-2026,12,Verona,NIASSE Cheikh,niasse cheikh,,,0,0,0,0,0,0,0
2025-2026,12,Verona,SERDAR Suat,serdar suat,,,0,0,0,0,0,0,0
2025-2026,12,Verona,SUSLOV Tomas,suslov tomas,,,0,0,0,0,0,0,0
2025-2026,12,Verona,YILDIZ Veis,yildiz veis,,,0,0,0,0,0,0,0
2025-2026,12,Verona,AJAYI Junior,ajayi junior,,,0,0,0,0,0,0,0
2025-2026,12,Verona,GIOVANE Do Nascimie.,giovane do nascimie.,5.0,7.5,1,0,1,0,0,0,0
2025-2026,12,Verona,LUNA Agustin,luna agustin,,,0,0,0,0,0,0,0
2025-2026,12,Verona,MOSQUERA Daniel,mosquera daniel,6.5,7.5,0,1,0,0,0,0,0
2025-2026,12,Verona,ORBAN Gift,orban gift,5.0,5.0,0,0,0,0,0,0,0
2025-2026,12,Verona,SARR Amin,sarr amin,5.5,5.5,0,0,0,0,0,0,0
2025-2026,12,Cremonese,AUDERO Emil,audero emil,5.0,2.0,-3,0,0,0,0,0,0
2025-2026,12,Cremonese,MALOVEC Adrian,malovec adrian,,,0,0,0,0,0,0,0
2025-2026,12,Cremonese,NAVA Lapo,nava lapo,,,0,0,0,0,0,0,0
2025-2026,12,Cremonese,SILVESTRI Marco,silvestri marco,,,0,0,0,0,0,0,0
2025-2026,12,Cremonese,BARBIERI Tommaso,barbieri tommaso,5.5,5.5,0,0,0,0,0,0,0
2025-2026,12,Cremonese,BASCHIROTTO Federico,baschirotto federico,5.0,5.0,0,0,0,0,0,0,0
2025-2026,12,Cremonese,BIANCHETTI Matteo,bianchetti matteo,4.5,4.5,0,0,0,0,0,0,0
2025-2026,12,Cremonese,CECCHERINI Federico,ceccherini federico,,,0,0,0,0,0,0,0
2025-2026,12,Cremonese,FAYE Mikayil,faye mikayil,,,0,0,0,0,0,0,0
2025-2026,12,Cremonese,FLORIANI MUSSOLINI .,floriani mussolini .,5.5,5.5,0,0,0,0,0,0,0
2025-2026,12,Cremonese,FOLINO Francesco,folino francesco,6.5,9.5,1,0,0,0,0,0,0
2025-2026,12,Cremonese,PEZZELLA Giuseppe,pezzella giuseppe,5.5,5.5,0,0,0,0,0,0,0
2025-2026,12,Cremonese,SERNICOLA Leonardo,sernicola leonardo,,,0,0,0,0,0,0,0
2025-2026,12,Cremonese,TERRACCIANO Filippo,terracciano filippo,5.0,5.0,0,0,0,0,0,0,0
2025-2026,12,Cremonese,BONDO Warren,bondo warren,6.0,5.5,0,0,1,0,0,0,0
2025-2026,12,Cremonese,COLLOCOLO Michele,collocolo michele,,,0,0,0,0,0,0,0
2025-2026,12,Cremonese,GRASSI Alberto,grassi alberto,6.0,6.0,0,0,0,0,0,0,0
2025-2026,12,Cremonese,LORDKIPANIDZE Dachi,lordkipanidze dachi,,,0,0,0,0,0,0,0
2025-2026,12,Cremonese,PAYERO Martin,payero martin,5.0,4.5,0,0,1,0,0,0,0
2025-2026,12,Cremonese,VALOTI Mattia,valoti mattia,,,0,0,0,0,0,0,0
2025-2026,12,Cremonese,VANDEPUTTE Jari,vandeputte jari,5.0,5.0,0,0,0,0,0,0,0
2025-2026,12,Cremonese,BONAZZOLI Federico,bonazzoli federico,5.5,5.5,0,0,0,0,0,0,0
2025-2026,12,Cremonese,DE LUCA Manuel,de luca manuel,,,0,0,0,0,0,0,0
2025-2026,12,Cremonese,JOHNSEN Dennis,johnsen dennis,,,0,0,0,0,0,0,0
2025-2026,12,Cremonese,MOUMBAGNA Faris,moumbagna faris,,,0,0,0,0,0,0,0
2025-2026,12,Cremonese,OKEREKE David,okereke david,,,0,0,0,0,0,0,0
2025-2026,12,Cremonese,SANABRIA Antonio,sanabria antonio,,6.0,0,0,0,0,0,0,0
2025-2026,12,Cremonese,SARMIENTO Jeremy,sarmiento jeremy,,,0,0,0,0,0,0,0
2025-2026,12,Cremonese,VARDY Jamie,vardy jamie,5.5,5.5,0,0,0,0,0,0,0
2025-2026,12,Cremonese,VAZQUEZ Franco,vazquez franco,6.0,7.0,0,1,0,0,0,0,0
2025-2026,12,Cremonese,ZERBIN Alessio,zerbin alessio,,,0,0,0,0,0,0,0
2025-2026,12,Parma,CORVI Edoardo,corvi edoardo,6.5,5.5,-1,0,0,0,0,0,0
2025-2026,12,Parma,GUAITA Vicente,guaita vicente,,,0,0,0,0,0,0,0
2025-2026,12,Parma,RINALDI Filippo,rinaldi filippo,,,0,0,0,0,0,0,0
2025-2026,12,Parma,SUZUKI Zion,suzuki zion,,,0,0,0,0,0,0,0
2025-2026,12,Parma,BRITSCHGI Sascha,britschgi sascha,5.5,5.0,0,0,1,0,0,0,0
2025-2026,12,Parma,CIRCATI Alessandro,circati alessandro,,,0,0,0,0,0,0,0
2025-2026,12,Parma,DEL PRATO Enrico,del prato enrico,6.0,5.5,0,0,1,0,0,0,0
2025-2026,12,Parma,LOVIK Mathias,lovik mathias,6.0,6.0,0,0,0,0,0,0,0
2025-2026,12,Parma,NDIAYE Abdoulaye,ndiaye abdoulaye,,,0,0,0,0,0,0,0
2025-2026,12,Parma,TRABUCCHI Nicolas,trabucchi nicolas,,,0,0,0,0,0,0,0
2025-2026,12,Parma,TROILO Mariano,troilo mariano,6.5,6.5,0,0,0,0,0,0,0
2025-2026,12,Parma,VALENTI Lautaro,valenti lautaro,6.5,6.5,0,0,0,0,0,0,0
2025-2026,12,Parma,VALERI Emanuele,valeri emanuele,5.5,5.5,0,0,0,0,0,0,0
2025-2026,12,Parma,BERNABE' Adrian,bernabe' adrian,6.0,6.0,0,0,0,0,0,0,0
2025-2026,12,Parma,CREMASCHI Benjamin,cremaschi benjamin,,,0,0,0,0,0,0,0
2025-2026,12,Parma,ESTEVEZ Nahuel,estevez nahuel,,,0,0,0,0,0,0,0
2025-2026,12,Parma,HERNANI,hernani,,,0,0,0,0,0,0,0
2025-2026,12,Parma,KEITA Mandela,keita mandela,5.0,5.0,0,0,0,0,0,0,0
2025-2026,12,Parma,ORDONEZ Christian,ordonez christian,,,0,0,0,0,0,0,0
2025-2026,12,Parma,ORISTANIO Gaetano,oristanio gaetano,,,0,0,0,0,0,0,0
2025-2026,12,Parma,PLICCO Elia,plicco elia,,,0,0,0,0,0,0,0
2025-2026,12,Parma,SORENSEN Oliver,sorensen oliver,7.0,7.0,0,0,0,0,0,0,0
2025-2026,12,Parma,ALMQVIST Pontus,almqvist pontus,,,0,0,0,0,0,0,0
2025-2026,12,Parma,BEGIC Tjas,begic tjas,,,0,0,0,0,0,0,0
2025-2026,12,Parma,BENEDYCZAK Adrian,benedyczak adrian,6.0,6.0,0,0,0,0,0,0,0
2025-2026,12,Parma,CUTRONE Patrick,cutrone patrick,6.0,6.0,0,0,0,0,0,0,0
2025-2026,12,Parma,DJURIC Milan,djuric milan,,,0,0,0,0,0,0,0
2025-2026,12,Parma,FRIGAN Matija,frigan matija,,,0,0,0,0,0,0,0
2025-2026,12,Parma,ONDREJKA Jacob,ondrejka jacob,,,0,0,0,0,0,0,0
2025-2026,12,Parma,PELLEGRINO Mateo,pellegrino mateo,7.5,13.0,2,0,1,0,0,0,0
2025-2026,12,Pisa,NICOLAS,nicolas,,,0,0,0,0,0,0,0
2025-2026,12,Pisa,SCUFFET Simone,scuffet simone,,,0,0,0,0,0,0,0
2025-2026,12,Pisa,SEMPER Adrian,semper adrian,6.5,4.5,-2,0,0,0,0,0,0
2025-2026,12,Pisa,ALBIOL Raul,albiol raul,6.0,6.0,0,0,0,0,0,0,0
2025-2026,12,Pisa,ANGORI Samuele,angori samuele,6.0,6.0,0,0,0,0,0,0,0
2025-2026,12,Pisa,BONFANTI Giovanni,bonfanti giovanni,,,0,0,0,0,0,0,0
2025-2026,12,Pisa,CALABRESI Arturo,calabresi arturo,5.5,5.0,0,0,1,0,0,0,0
2025-2026,12,Pisa,CANESTRELLI Simone,canestrelli simone,6.5,6.5,0,0,0,0,0,0,0
2025-2026,12,Pisa,CARACCIOLO Antonio,caracciolo antonio,6.0,6.0,0,0,0,0,0,0,0
2025-2026,12,Pisa,CUADRADO Juan,cuadrado juan,,,0,0,0,0,0,0,0
2025-2026,12,Pisa,DENOON Daniel,denoon daniel,,,0,0,0,0,0,0,0
2025-2026,12,Pisa,ESTEVES Tomas,esteves tomas,,,0,0,0,0,0,0,0
2025-2026,12,Pisa,LUSUARDI Mateus,lusuardi mateus,,,0,0,0,0,0,0,0
2025-2026,12,Pisa,MBAMBI Jeremy,mbambi jeremy,,,0,0,0,0,0,0,0
2025-2026,12,Pisa,AEBISCHER Michel,aebischer michel,6.0,6.0,0,0,0,0,0,0,0
2025-2026,12,Pisa,AKINSANMIRO Ebenezer,akinsanmiro ebenezer,,,0,0,0,0,0,0,0
2025-2026,12,Pisa,HOJHOLT Malthe,hojholt malthe,6.0,6.0,0,0,0,0,0,0,0
2025-2026,12,Pisa,LERIS Mehdi,leris mehdi,6.5,6.5,0,0,0,0,0,0,0
2025-2026,12,Pisa,LORRAN De Sousa,lorran de sousa,,,0,0,0,0,0,0,0
2025-2026,12,Pisa,MARIN Marius,marin marius,,,0,0,0,0,0,0,0
2025-2026,12,Pisa,MAUCCI Giacomo,maucci giacomo,,,0,0,0,0,0,0,0
2025-2026,12,Pisa,PICCININI Gabriele,piccinini gabriele,6.0,6.0,0,0,0,0,0,0,0
2025-2026,12,Pisa,STENGS Calvin,stengs calvin,,,0,0,0,0,0,0,0
2025-2026,12,Pisa,TOURE Idrissa,toure idrissa,6.0,6.0,0,0,0,0,0,0,0
2025-2026,12,Pisa,TRAMONI Matteo,tramoni matteo,5.0,5.0,0,0,0,0,0,0,0
2025-2026,12,Pisa,VURAL Isak,vural isak,,,0,0,0,0,0,0,0
2025-2026,12,Pisa,BUFFON Louis,buffon louis,,,0,0,0,0,0,0,0
2025-2026,12,Pisa,MEISTER Henrik,meister henrik,7.0,10.0,1,0,0,0,0,0,0
2025-2026,12,Pisa,MOREO Stefano,moreo stefano,6.5,7.5,0,1,0,0,0,0,0
2025-2026,12,Pisa,NZOLA M'Bala,nzola m'bala,6.5,9.5,1,0,0,0,0,1,0
2025-2026,12,Como,BUTEZ Jean,butez jean,6.0,5.0,-1,0,0,0,0,0,1
2025-2026,12,Como,CAVLINA Nikola,cavlina nikola,,,0,0,0,0,0,0,0
2025-2026,12,Como,VIGORITO Mauro,vigorito mauro,,,0,0,0,0,0,0,0
2025-2026,12,Como,CARLOS Diego,carlos diego,7.0,7.0,0,0,0,0,0,0,0
2025-2026,12,Como,DOSSENA Alberto,dossena alberto,,,0,0,0,0,0,0,0
2025-2026,12,Como,GOLDANIGA Edoardo,goldaniga edoardo,,,0,0,0,0,0,0,0
2025-2026,12,Como,KEMPF Marc-Oliver,kempf marc-oliver,6.0,6.0,0,0,0,0,0,0,0
2025-2026,12,Como,MORENO Alberto,moreno alberto,,,0,0,0,0,0,0,0
2025-2026,12,Como,POSCH Stefan,posch stefan,,,0,0,0,0,0,0,0
2025-2026,12,Como,RAMON Jacobo,ramon jacobo,7.0,10.0,1,0,0,0,0,0,0
2025-2026,12,Como,ROBERTO Sergi,roberto sergi,,,0,0,0,0,0,0,0
2025-2026,12,Como,SALA Marco,sala marco,,,0,0,0,0,0,0,0
2025-2026,12,Como,SMOLCIC Ivan,smolcic ivan,6.0,5.5,0,0,1,0,0,0,0
2025-2026,12,Como,VALLE Alex,valle alex,6.5,6.5,0,0,0,0,0,0,0
2025-2026,12,Como,VAN DER BREMPT Igna.,van der brempt igna.,,,0,0,0,0,0,0,0
2025-2026,12,Como,VOJVODA Mergim,vojvoda mergim,6.5,6.5,0,0,0,0,0,0,0
2025-2026,12,Como,BATURINA Martin,baturina martin,6.5,9.5,1,0,0,0,0,0,0
2025-2026,12,Como,CAQUERET Maxence,caqueret maxence,,,0,0,0,0,0,0,0
2025-2026,12,Como,DA CUNHA Lucas,da cunha lucas,7.0,7.0,0,0,0,0,0,0,0
2025-2026,12,Como,PAZ Nico,paz nico,7.0,10.0,1,0,0,0,0,0,0
2025-2026,12,Como,PERRONE Maximo,perrone maximo,7.5,9.5,0,2,0,0,0,0,0
2025-2026,12,Como,ADDAI Jaden,addai jaden,7.5,13.5,2,0,0,0,0,0,0
2025-2026,12,Como,CERRI Alberto,cerri alberto,,,0,0,0,0,0,0,0
2025-2026,12,Como,DIAO Assane,diao assane,,,0,0,0,0,0,0,0
2025-2026,12,Como,DOUVIKAS Tasos,douvikas tasos,6.0,6.0,0,0,0,0,0,0,0
2025-2026,12,Como,KUHN Nicolas,kuhn nicolas,,,0,0,0,0,0,0,0
2025-2026,12,Como,MORATA Alvaro,morata alvaro,5.5,5.5,0,0,0,0,0,0,0
2025-2026,12,Como,RODRIGUEZ Jesus,rodriguez jesus,7.0,9.0,0,2,0,0,0,0,0
2025-2026,13,Atalanta,CARNESECCHI Marco,carnesecchi marco,7.0,8.0,0,0,0,0,0,0,0
2025-2026,13,Atalanta,ROSSI Francesco,rossi francesco,,,0,0,0,0,0,0,0
2025-2026,13,Atalanta,SPORTIELLO Marco,sportiello marco,,,0,0,0,0,0,0,0
2025-2026,13,Atalanta,AHANOR Honest,ahanor honest,,,0,0,0,0,0,0,0
2025-2026,13,Atalanta,BAKKER Mitchel,bakker mitchel,,,0,0,0,0,0,0,0
2025-2026,13,Atalanta,BELLANOVA Raoul,bellanova raoul,6.0,6.0,0,0,0,0,0,0,0
2025-2026,13,Atalanta,BERNASCONI Lorenzo,bernasconi lorenzo,,,0,0,0,0,0,0,0
2025-2026,13,Atalanta,COMI Pietro,comi pietro,,,0,0,0,0,0,0,0
2025-2026,13,Atalanta,DJIMSITI Berat,djimsiti berat,7.0,7.0,0,0,0,0,0,0,0
2025-2026,13,Atalanta,HIEN Isak,hien isak,6.5,6.0,0,0,1,0,0,0,0
2025-2026,13,Atalanta,KOLASINAC Sead,kolasinac sead,,,0,0,0,0,0,0,0
2025-2026,13,Atalanta,KOSSOUNOU Odilon,kossounou odilon,7.0,10.0,1,0,0,0,0,0,0
2025-2026,13,Atalanta,OBRIC Relja,obric relja,,,0,0,0,0,0,0,0
2025-2026,13,Atalanta,SCALVINI Giorgio,scalvini giorgio,,,0,0,0,0,0,0,0
2025-2026,13,Atalanta,ZAPPACOSTA Davide,zappacosta davide,6.5,6.5,0,0,0,0,0,0,0
2025-2026,13,Atalanta,BRESCIANINI Marco,brescianini marco,,,0,0,0,0,0,0,0
2025-2026,13,Atalanta,CASSA Federico,cassa federico,,,0,0,0,0,0,0,0
2025-2026,13,Atalanta,DE ROON Marten,de roon marten,7.0,7.0,0,0,0,0,0,0,0
2025-2026,13,Atalanta,EDERSON,ederson,6.5,6.5,0,0,0,0,0,0,0
2025-2026,13,Atalanta,MALDINI Daniel,maldini daniel,,,0,0,0,0,0,0,0
2025-2026,13,Atalanta,MANZONI Alberto,manzoni alberto,,,0,0,0,0,0,0,0
2025-2026,13,Atalanta,MUSAH Yunus,musah yunus,,,0,0,0,0,0,0,0
2025-2026,13,Atalanta,PASALIC Mario,pasalic mario,6.5,6.5,0,0,0,0,0,0,0
2025-2026,13,Atalanta,SAMARDZIC Lazar,samardzic lazar,,,0,0,0,0,0,0,0
2025-2026,13,Atalanta,ZALEWSKI Nicola,zalewski nicola,6.5,6.5,0,0,0,0,0,0,0
2025-2026,13,Atalanta,DE KETELAERE Charles,de ketelaere charles,7.5,8.5,0,1,0,0,0,0,0
2025-2026,13,Atalanta,KRSTOVIC Nikola,krstovic nikola,,6.0,0,0,0,0,0,0,0
2025-2026,13,Atalanta,LOOKMAN Ademola,lookman ademola,7.0,10.0,1,0,0,0,0,0,0
2025-2026,13,Atalanta,SCAMACCA Gianluca,scamacca gianluca,6.5,6.5,0,0,0,0,0,0,0
2025-2026,13,Atalanta,SULEMANA Kamaldeen,sulemana kamaldeen,,6.0,0,0,0,0,0,0,0
2025-2026,13,Bologna,PESSINA Massimo,pessina massimo,,,0,0,0,0,0,0,0
2025-2026,13,Bologna,RAVAGLIA Federico,ravaglia federico,5.5,2.5,-3,0,0,0,0,0,0
2025-2026,13,Bologna,SKORUPSKI Lukasz,skorupski lukasz,,,0,0,0,0,0,0,0
2025-2026,13,Bologna,BONIFAZI Kevin,bonifazi kevin,,,0,0,0,0,0,0,0
2025-2026,13,Bologna,CASALE Nicolo',casale nicolo',4.5,4.5,0,0,0,0,0,0,0
2025-2026,13,Bologna,DE SILVESTRI Lorenzo,de silvestri lorenzo,,,0,0,0,0,0,0,0
2025-2026,13,Bologna,HEGGEM Torbjorn,heggem torbjorn,5.0,5.0,0,0,0,0,0,0,0
2025-2026,13,Bologna,HOLM Emil,holm emil,,6.0,0,0,0,0,0,0,0
2025-2026,13,Bologna,LUCUMI Jhon,lucumi jhon,5.5,5.5,0,0,0,0,0,0,0
2025-2026,13,Bologna,LYKOGIANNIS Charala.,lykogiannis charala.,,,0,0,0,0,0,0,0
2025-2026,13,Bologna,MIRANDA Juan,miranda juan,5.0,5.0,0,0,0,0,0,0,0
2025-2026,13,Bologna,VITIK Martin,vitik martin,,,0,0,0,0,0,0,0
2025-2026,13,Bologna,ZORTEA Nadir,zortea nadir,5.0,5.0,0,0,0,0,0,0,0
2025-2026,13,Bologna,BERNARDESCHI Federi.,bernardeschi federi.,,6.0,0,0,0,0,0,0,0
2025-2026,13,Bologna,FABBIAN Giovanni,fabbian giovanni,,,0,0,0,0,0,0,0
2025-2026,13,Bologna,FERGUSON Lewis,ferguson lewis,,,0,0,0,0,0,0,0
2025-2026,13,Bologna,FREULER Remo,freuler remo,,,0,0,0,0,0,0,0
2025-2026,13,Bologna,MORO Nikola,moro nikola,5.0,5.0,0,0,0,0,0,0,0
2025-2026,13,Bologna,POBEGA Tommaso,pobega tommaso,5.0,5.0,0,0,0,0,0,0,0
2025-2026,13,Bologna,SULEMANA,sulemana,,,0,0,0,0,0,0,0
2025-2026,13,Bologna,CAMBIAGHI Nicolo',cambiaghi nicolo',6.0,6.0,0,0,0,0,0,0,0
2025-2026,13,Bologna,CASTRO Santiago,castro santiago,6.0,6.0,0,0,0,0,0,0,0
2025-2026,13,Bologna,DALLINGA Thijs,dallinga thijs,5.5,5.5,0,0,0,0,0,0,0
2025-2026,13,Bologna,DOMINGUEZ Benjamin,dominguez benjamin,5.0,5.0,0,0,0,0,0,0,0
2025-2026,13,Bologna,IMMOBILE Ciro,immobile ciro,,,0,0,0,0,0,0,0
2025-2026,13,Bologna,ODGAARD Jens,odgaard jens,5.0,5.0,0,0,0,0,0,0,0
2025-2026,13,Bologna,ORSOLINI Riccardo,orsolini riccardo,6.0,9.0,1,0,0,0,0,1,0
2025-2026,13,Bologna,ROWE Jonathan,rowe jonathan,,,0,0,0,0,0,0,0
2025-2026,13,Cagliari,CAPRILE Elia,caprile elia,6.5,4.5,-2,0,0,0,0,0,0
2025-2026,13,Cagliari,CIOCCI Giuseppe,ciocci giuseppe,,,0,0,0,0,0,0,0
2025-2026,13,Cagliari,RADUNOVIC Boris,radunovic boris,,,0,0,0,0,0,0,0
2025-2026,13,Cagliari,IDRISSI Riyad,idrissi riyad,6.0,6.0,0,0,0,0,0,0,0
2025-2026,13,Cagliari,LUPERTO Sebastiano,luperto sebastiano,6.0,6.0,0,0,0,0,0,0,0
2025-2026,13,Cagliari,MINA Yerry,mina yerry,,,0,0,0,0,0,0,0
2025-2026,13,Cagliari,OBERT Adam,obert adam,5.0,4.5,0,0,1,0,0,0,0
2025-2026,13,Cagliari,PALESTRA Marco,palestra marco,7.0,8.0,0,1,0,0,0,0,0
2025-2026,13,Cagliari,RODRIGUEZ Juan,rodriguez juan,,,0,0,0,0,0,0,0
2025-2026,13,Cagliari,ZAPPA Gabriele,zappa gabriele,5.0,5.0,0,0,0,0,0,0,0
2025-2026,13,Cagliari,ZE PEDRO,ze pedro,,,0,0,0,0,0,0,0
2025-2026,13,Cagliari,ADOPO Michel,adopo michel,5.5,5.5,0,0,0,0,0,0,0
2025-2026,13,Cagliari,CAVUOTI Nicolo',cavuoti nicolo',,,0,0,0,0,0,0,0
2025-2026,13,Cagliari,DEIOLA Alessandro,deiola alessandro,5.5,5.0,0,0,1,0,0,0,0
2025-2026,13,Cagliari,DI PARDO Alessandro,di pardo alessandro,,,0,0,0,0,0,0,0
2025-2026,13,Cagliari,FOLORUNSHO Michael,folorunsho michael,6.0,5.5,0,0,1,0,0,0,0
2025-2026,13,Cagliari,GAETANO Gianluca,gaetano gianluca,,,0,0,0,0,0,0,0
2025-2026,13,Cagliari,LITETA Joseph,liteta joseph,5.0,5.0,0,0,0,0,0,0,0
2025-2026,13,Cagliari,MAZZITELLI Luca,mazzitelli luca,,,0,0,0,0,0,0,0
2025-2026,13,Cagliari,PRATI Matteo,prati matteo,6.0,5.5,0,0,1,0,0,0,0
2025-2026,13,Cagliari,ROG Marko,rog marko,,,0,0,0,0,0,0,0
2025-2026,13,Cagliari,BELOTTI Andrea,belotti andrea,,,0,0,0,0,0,0,0
2025-2026,13,Cagliari,BORRELLI Gennaro,borrelli gennaro,6.0,6.0,0,0,0,0,0,0,0
2025-2026,13,Cagliari,ESPOSITO Sebastiano,esposito sebastiano,6.5,9.5,1,0,0,0,0,0,0
2025-2026,13,Cagliari,FELICI Mattia,felici mattia,6.0,5.5,0,0,1,0,0,0,0
2025-2026,13,Cagliari,KILICSOY Semih,kilicsoy semih,,,0,0,0,0,0,0,0
2025-2026,13,Cagliari,LUVUMBO Sebastiao Z.,luvumbo sebastiao z.,,,0,0,0,0,0,0,0
2025-2026,13,Cagliari,PAVOLETTI Leonardo,pavoletti leonardo,,,0,0,0,0,0,0,0
2025-2026,13,Fiorentina,DE GEA David,de gea david,7.0,5.0,-2,0,0,0,0,0,0
2025-2026,13,Fiorentina,LEZZERINI Luca,lezzerini luca,,,0,0,0,0,0,0,0
2025-2026,13,Fiorentina,MARTINELLI Tommaso,martinelli tommaso,,,0,0,0,0,0,0,0
2025-2026,13,Fiorentina,COMUZZO Pietro,comuzzo pietro,6.0,6.0,0,0,0,0,0,0,0
2025-2026,13,Fiorentina,DODO,dodo,5.5,5.5,0,0,0,0,0,0,0
2025-2026,13,Fiorentina,FORTINI Niccolo',fortini niccolo',6.0,6.0,0,0,0,0,0,0,0
2025-2026,13,Fiorentina,GOSENS Robin,gosens robin,,,0,0,0,0,0,0,0
2025-2026,13,Fiorentina,KOSPO Eman,kospo eman,,,0,0,0,0,0,0,0
2025-2026,13,Fiorentina,KOUADIO Eddy,kouadio eddy,,,0,0,0,0,0,0,0
2025-2026,13,Fiorentina,LAMPTEY Tariq,lamptey tariq,,,0,0,0,0,0,0,0
2025-2026,13,Fiorentina,MARI Pablo,mari pablo,5.5,5.0,0,0,1,0,0,0,0
2025-2026,13,Fiorentina,PARISI Fabiano,parisi fabiano,6.0,6.0,0,0,0,0,0,0,0
2025-2026,13,Fiorentina,PONGRACIC Marin,pongracic marin,5.5,5.0,0,0,1,0,0,0,0
2025-2026,13,Fiorentina,RANIERI Luca,ranieri luca,5.0,5.0,0,0,0,0,0,0,0
2025-2026,13,Fiorentina,VITI Mattia,viti mattia,,,0,0,0,0,0,0,0
2025-2026,13,Fiorentina,FAGIOLI Nicolo',fagioli nicolo',5.0,5.0,0,0,0,0,0,0,0
2025-2026,13,Fiorentina,FAZZINI Jacopo,fazzini jacopo,,,0,0,0,0,0,0,0
2025-2026,13,Fiorentina,INFANTINO Gino,infantino gino,,,0,0,0,0,0,0,0
2025-2026,13,Fiorentina,MANDRAGORA Rolando,mandragora rolando,5.5,5.0,0,0,1,0,0,0,0
2025-2026,13,Fiorentina,NDOUR Cher,ndour cher,,6.0,0,0,0,0,0,0,0
2025-2026,13,Fiorentina,NICOLUSSI CAVIGLIA .,nicolussi caviglia .,,,0,0,0,0,0,0,0
2025-2026,13,Fiorentina,RICHARDSON Amir,richardson amir,,6.0,0,0,0,0,0,0,0
2025-2026,13,Fiorentina,SABIRI Abdelhamid,sabiri abdelhamid,,,0,0,0,0,0,0,0
2025-2026,13,Fiorentina,SOHM Simon,sohm simon,5.0,5.0,0,0,0,0,0,0,0
2025-2026,13,Fiorentina,DZEKO Edin,dzeko edin,,,0,0,0,0,0,0,0
2025-2026,13,Fiorentina,GUDMUNDSSON Albert,gudmundsson albert,5.0,5.0,0,0,0,0,0,0,0
2025-2026,13,Fiorentina,KEAN Moise,kean moise,6.0,6.0,0,0,0,0,0,0,0
2025-2026,13,Fiorentina,KOUAME' Christian,kouame' christian,,,0,0,0,0,0,0,0
2025-2026,13,Fiorentina,PICCOLI Roberto,piccoli roberto,5.5,5.5,0,0,0,0,0,0,0
2025-2026,13,Genoa,LEALI Nicola,leali nicola,6.0,5.0,-1,0,0,0,0,0,0
2025-2026,13,Genoa,SIEGRIST Benjamin,siegrist benjamin,,,0,0,0,0,0,0,0
2025-2026,13,Genoa,SOMMARIVA Daniele,sommariva daniele,,,0,0,0,0,0,0,0
2025-2026,13,Genoa,KUMER CELIK Alin,kumer celik alin,,,0,0,0,0,0,0,0
2025-2026,13,Genoa,MARCANDALLI Alessan.,marcandalli alessan.,6.0,6.0,0,0,0,0,0,0,0
2025-2026,13,Genoa,MARTIN Aaron,martin aaron,6.5,6.5,0,0,0,0,0,0,0
2025-2026,13,Genoa,NORTON-CUFFY Brooke,norton-cuffy brooke,,,0,0,0,0,0,0,0
2025-2026,13,Genoa,OSTIGARD Leo,ostigard leo,5.5,5.5,0,0,0,0,0,0,0
2025-2026,13,Genoa,OTOA Sebastian,otoa sebastian,,,0,0,0,0,0,0,0
2025-2026,13,Genoa,SABELLI Stefano,sabelli stefano,,,0,0,0,0,0,0,0
2025-2026,13,Genoa,VASQUEZ Johan,vasquez johan,6.0,6.0,0,0,0,0,0,0,0
2025-2026,13,Genoa,CARBONI Valentin,carboni valentin,,,0,0,0,0,0,0,0
2025-2026,13,Genoa,CUENCA Hugo,cuenca hugo,,,0,0,0,0,0,0,0
2025-2026,13,Genoa,ELLERTSSON Mikael,ellertsson mikael,6.0,7.0,0,1,0,0,0,0,0
2025-2026,13,Genoa,FINI Seydou,fini seydou,,,0,0,0,0,0,0,0
2025-2026,13,Genoa,FRENDRUP Morten,frendrup morten,6.5,6.5,0,0,0,0,0,0,0
2025-2026,13,Genoa,GRONBAEK Alberto,gronbaek alberto,,,0,0,0,0,0,0,0
2025-2026,13,Genoa,LAFONT Gael,lafont gael,,,0,0,0,0,0,0,0
2025-2026,13,Genoa,MALINOVSKYI Ruslan,malinovskyi ruslan,6.5,6.5,0,0,0,0,0,0,0
2025-2026,13,Genoa,MASINI Patrizio,masini patrizio,6.0,6.0,0,0,0,0,0,0,0
2025-2026,13,Genoa,MESSIAS Junior,messias junior,,,0,0,0,0,0,0,0
2025-2026,13,Genoa,ONANA Jean,onana jean,,,0,0,0,0,0,0,0
2025-2026,13,Genoa,STANCIU Nicolae,stanciu nicolae,,,0,0,0,0,0,0,0
2025-2026,13,Genoa,THORSBY Morten,thorsby morten,7.0,9.5,1,0,1,0,0,0,0
2025-2026,13,Genoa,COLOMBO Lorenzo,colombo lorenzo,7.0,10.0,1,0,0,0,0,0,0
2025-2026,13,Genoa,CORNET Maxwel,cornet maxwel,,,0,0,0,0,0,0,0
2025-2026,13,Genoa,EKHATOR Jeff,ekhator jeff,,,0,0,0,0,0,0,0
2025-2026,13,Genoa,EKUBAN Caleb,ekuban caleb,6.0,6.0,0,0,0,0,0,0,0
2025-2026,13,Genoa,VENTURINO Lorenzo,venturino lorenzo,,,0,0,0,0,0,0,0
2025-2026,13,Genoa,VITINHA,vitinha,6.5,7.5,0,1,0,0,0,0,0
2025-2026,13,Inter,DI GENNARO Raffaele,di gennaro raffaele,,,0,0,0,0,0,0,0
2025-2026,13,Inter,MARTINEZ Josep,martinez josep,,,0,0,0,0,0,0,0
2025-2026,13,Inter,SOMMER Yann,sommer yann,6.0,7.0,0,0,0,0,0,0,0
2025-2026,13,Inter,ACERBI Francesco,acerbi francesco,5.5,5.0,0,0,1,0,0,0,0
2025-2026,13,Inter,AKANJI Manuel,akanji manuel,6.0,6.0,0,0,0,0,0,0,0
2025-2026,13,Inter,ALEXIOU Christos,alexiou christos,,,0,0,0,0,0,0,0
2025-2026,13,Inter,BASTONI Alessandro,bastoni alessandro,5.5,5.5,0,0,0,0,0,0,0
2025-2026,13,Inter,BISSECK Yann Aurel,bisseck yann aurel,,6.0,0,0,0,0,0,0,0
2025-2026,13,Inter,CARLOS AUGUSTO,carlos augusto,,,0,0,0,0,0,0,0
2025-2026,13,Inter,COCCHI Matteo,cocchi matteo,,,0,0,0,0,0,0,0
2025-2026,13,Inter,DARMIAN Matteo,darmian matteo,,,0,0,0,0,0,0,0
2025-2026,13,Inter,DE VRIJ Stefan,de vrij stefan,,,0,0,0,0,0,0,0
2025-2026,13,Inter,DIMARCO Federico,dimarco federico,6.0,6.0,0,0,0,0,0,0,0
2025-2026,13,Inter,DUMFRIES Denzel,dumfries denzel,,,0,0,0,0,0,0,0
2025-2026,13,Inter,LUIS HENRIQUE,luis henrique,5.0,5.0,0,0,0,0,0,0,0
2025-2026,13,Inter,PALACIOS Tomas,palacios tomas,,,0,0,0,0,0,0,0
2025-2026,13,Inter,RE CECCONI Gabriele,re cecconi gabriele,,,0,0,0,0,0,0,0
2025-2026,13,Inter,BARELLA Nicolo',barella nicolo',6.5,7.5,0,1,0,0,0,0,0
2025-2026,13,Inter,BERENBRUCH Thomas,berenbruch thomas,,,0,0,0,0,0,0,0
2025-2026,13,Inter,CALHANOGLU Hakan,calhanoglu hakan,6.0,6.0,0,0,0,0,0,0,0
2025-2026,13,Inter,DIOUF Andy,diouf andy,6.5,6.5,0,0,0,0,0,0,0
2025-2026,13,Inter,FRATTESI Davide,frattesi davide,,,0,0,0,0,0,0,0
2025-2026,13,Inter,MKHITARYAN Henrikh,mkhitaryan henrikh,,,0,0,0,0,0,0,0
2025-2026,13,Inter,SUCIC Petar,sucic petar,5.5,5.5,0,0,0,0,0,0,0
2025-2026,13,Inter,TOPALOVIC Luka,topalovic luka,,,0,0,0,0,0,0,0
2025-2026,13,Inter,ZIELINSKI Piotr,zielinski piotr,7.0,7.0,0,0,0,0,0,0,0
2025-2026,13,Inter,BONNY Ange-Yoan,bonny ange-yoan,,,0,0,0,0,0,0,0
2025-2026,13,Inter,ESPOSITO Francesco .,esposito francesco .,7.0,8.0,0,1,0,0,0,0,0
2025-2026,13,Inter,MARTINEZ Lautaro,martinez lautaro,8.0,14.0,2,0,0,0,0,0,0
2025-2026,13,Inter,THURAM Marcus,thuram marcus,5.5,5.5,0,0,0,0,0,0,0
2025-2026,13,Juventus,DI GREGORIO Michele,di gregorio michele,,,0,0,0,0,0,0,0
2025-2026,13,Juventus,PERIN Mattia,perin mattia,6.5,5.5,-1,0,0,0,0,0,0
2025-2026,13,Juventus,PINSOGLIO Carlo,pinsoglio carlo,,,0,0,0,0,0,0,0
2025-2026,13,Juventus,BREMER Gleison,bremer gleison,,,0,0,0,0,0,0,0
2025-2026,13,Juventus,CABAL Juan,cabal juan,,,0,0,0,0,0,0,0
2025-2026,13,Juventus,CAMBIASO Andrea,cambiaso andrea,6.0,5.5,0,0,1,0,0,0,0
2025-2026,13,Juventus,GATTI Federico,gatti federico,,,0,0,0,0,0,0,0
2025-2026,13,Juventus,KALULU Pierre,kalulu pierre,6.0,7.0,0,1,0,0,0,0,0
2025-2026,13,Juventus,KELLY Lloyd,kelly lloyd,6.0,6.0,0,0,0,0,0,0,0
2025-2026,13,Juventus,MARIO Joao,mario joao,,,0,0,0,0,0,0,0
2025-2026,13,Juventus,ROUHI Jonas,rouhi jonas,,,0,0,0,0,0,0,0
2025-2026,13,Juventus,RUGANI Daniele,rugani daniele,,,0,0,0,0,0,0,0
2025-2026,13,Juventus,ADZIC Vasilije,adzic vasilije,,,0,0,0,0,0,0,0
2025-2026,13,Juventus,KOOPMEINERS Teun,koopmeiners teun,7.0,7.0,0,0,0,0,0,0,0
2025-2026,13,Juventus,KOSTIC Filip,kostic filip,4.5,4.5,0,0,0,0,0,0,0
2025-2026,13,Juventus,LOCATELLI Manuel,locatelli manuel,6.0,6.0,0,0,0,0,0,0,0
2025-2026,13,Juventus,MCKENNIE Weston,mckennie weston,6.5,6.5,0,0,0,0,0,0,0
2025-2026,13,Juventus,MIRETTI Fabio,miretti fabio,6.0,6.0,0,0,0,0,0,0,0
2025-2026,13,Juventus,THURAM Khephren,thuram khephren,6.0,6.0,0,0,0,0,0,0,0
2025-2026,13,Juventus,CONCEICAO Francisco,conceicao francisco,6.5,6.5,0,0,0,0,0,0,0
2025-2026,13,Juventus,DAVID Jonathan,david jonathan,5.0,5.0,0,0,0,0,0,0,0
2025-2026,13,Juventus,MILIK Arek,milik arek,,,0,0,0,0,0,0,0
2025-2026,13,Juventus,OPENDA Lois,openda lois,,,0,0,0,0,0,0,0
2025-2026,13,Juventus,PUGNO Diego,pugno diego,,,0,0,0,0,0,0,0
2025-2026,13,Juventus,VLAHOVIC Dusan,vlahovic dusan,6.0,6.0,0,0,0,0,0,0,0
2025-2026,13,Juventus,YILDIZ Kenan,yildiz kenan,8.0,14.0,2,0,0,0,0,0,0
2025-2026,13,Juventus,ZHEGROVA Edon,zhegrova edon,,,0,0,0,0,0,0,0
2025-2026,13,Lazio,FURLANETTO Alessio,furlanetto alessio,,,0,0,0,0,0,0,0
2025-2026,13,Lazio,MANDAS Christos,mandas christos,,,0,0,0,0,0,0,0
2025-2026,13,Lazio,PROVEDEL Ivan,provedel ivan,6.0,5.0,-1,0,0,0,0,0,0
2025-2026,13,Lazio,GIGOT Samuel,gigot samuel,,,0,0,0,0,0,0,0
2025-2026,13,Lazio,GILA Mario,gila mario,5.5,5.5,0,0,0,0,0,0,0
2025-2026,13,Lazio,HYSAJ Elseid,hysaj elseid,,,0,0,0,0,0,0,0
2025-2026,13,Lazio,LAZZARI Manuel,lazzari manuel,,,0,0,0,0,0,0,0
2025-2026,13,Lazio,MARUSIC Adam,marusic adam,6.0,6.0,0,0,0,0,0,0,0
2025-2026,13,Lazio,NUNO TAVARES,nuno tavares,,6.0,0,0,0,0,0,0,0
2025-2026,13,Lazio,PATRIC,patric,,,0,0,0,0,0,0,0
2025-2026,13,Lazio,PELLEGRINI Luca,pellegrini luca,6.0,5.5,0,0,1,0,0,0,0
2025-2026,13,Lazio,PROVSTGAARD Oliver,provstgaard oliver,,,0,0,0,0,0,0,0
2025-2026,13,Lazio,ROMAGNOLI Alessio,romagnoli alessio,6.5,6.0,0,0,1,0,0,0,0
2025-2026,13,Lazio,BASIC Toma,basic toma,5.5,5.5,0,0,0,0,0,0,0
2025-2026,13,Lazio,BELAHYANE Reda,belahyane reda,,,0,0,0,0,0,0,0
2025-2026,13,Lazio,CATALDI Danilo,cataldi danilo,,,0,0,0,0,0,0,0
2025-2026,13,Lazio,DELE-BASHIRU Fisayo,dele-bashiru fisayo,6.0,6.0,0,0,0,0,0,0,0
2025-2026,13,Lazio,GUENDOUZI Matteo,guendouzi matteo,5.5,5.5,0,0,0,0,0,0,0
2025-2026,13,Lazio,ROVELLA Nicolo,rovella nicolo,,,0,0,0,0,0,0,0
2025-2026,13,Lazio,VECINO Matias,vecino matias,6.0,6.0,0,0,0,0,0,0,0
2025-2026,13,Lazio,CANCELLIERI Matteo,cancellieri matteo,,,0,0,0,0,0,0,0
2025-2026,13,Lazio,CASTELLANOS Valentin,castellanos valentin,6.0,6.0,0,0,0,0,0,0,0
2025-2026,13,Lazio,DIA Boulaye,dia boulaye,5.0,5.0,0,0,0,0,0,0,0
2025-2026,13,Lazio,ISAKSEN Gustav,isaksen gustav,6.0,6.0,0,0,0,0,0,0,0
2025-2026,13,Lazio,NOSLIN Tijjani,noslin tijjani,,6.0,0,0,0,0,0,0,0
2025-2026,13,Lazio,PEDRO,pedro,6.0,6.0,0,0,0,0,0,0,0
2025-2026,13,Lazio,ZACCAGNI Mattia,zaccagni mattia,6.5,6.0,0,0,1,0,0,0,0
2025-2026,13,Lecce,FALCONE Wladimiro,falcone wladimiro,7.5,9.5,-1,0,0,0,0,1,0
2025-2026,13,Lecce,FRUCHTL Christian,fruchtl christian,,,0,0,0,0,0,0,0
2025-2026,13,Lecce,SAMOOJA Jasper,samooja jasper,,,0,0,0,0,0,0,0
2025-2026,13,Lecce,ESTEBAN Paco,esteban paco,,,0,0,0,0,0,0,0
2025-2026,13,Lecce,GABRIEL Tiago,gabriel tiago,5.5,5.5,0,0,0,0,0,0,0
2025-2026,13,Lecce,GALLO Antonino,gallo antonino,6.5,6.5,0,0,0,0,0,0,0
2025-2026,13,Lecce,GASPAR Kialonda,gaspar kialonda,6.0,6.0,0,0,0,0,0,0,0
2025-2026,13,Lecce,GUILBERT Frederic,guilbert frederic,,,0,0,0,0,0,0,0
2025-2026,13,Lecce,JEAN Gaby,jean gaby,,,0,0,0,0,0,0,0
2025-2026,13,Lecce,KOUASSI Owen,kouassi owen,,,0,0,0,0,0,0,0
2025-2026,13,Lecce,NDABA Corrie,ndaba corrie,,,0,0,0,0,0,0,0
2025-2026,13,Lecce,PEHLIVANOV Cristian,pehlivanov cristian,,,0,0,0,0,0,0,0
2025-2026,13,Lecce,PEREZ Matias,perez matias,,,0,0,0,0,0,0,0
2025-2026,13,Lecce,SCOTT Elijah,scott elijah,,,0,0,0,0,0,0,0
2025-2026,13,Lecce,SIEBERT Jamil,siebert jamil,,,0,0,0,0,0,0,0
2025-2026,13,Lecce,VEIGA Danilo,veiga danilo,6.0,6.0,0,0,0,0,0,0,0
2025-2026,13,Lecce,BERISHA Medon,berisha medon,7.0,9.0,0,2,0,0,0,0,0
2025-2026,13,Lecce,COULIBALY Lassana,coulibaly lassana,6.5,9.0,1,0,1,0,0,0,0
2025-2026,13,Lecce,GORTER Olaf,gorter olaf,,,0,0,0,0,0,0,0
2025-2026,13,Lecce,HELGASON Thorir,helgason thorir,,,0,0,0,0,0,0,0
2025-2026,13,Lecce,KABA Mohamed,kaba mohamed,,,0,0,0,0,0,0,0
2025-2026,13,Lecce,MALEH Youssef,maleh youssef,,,0,0,0,0,0,0,0
2025-2026,13,Lecce,MARCHWINSKI Filip,marchwinski filip,,,0,0,0,0,0,0,0
2025-2026,13,Lecce,PIERRET Balthazar,pierret balthazar,,,0,0,0,0,0,0,0
2025-2026,13,Lecce,RAFIA Hamza,rafia hamza,,,0,0,0,0,0,0,0
2025-2026,13,Lecce,RAMADANI Ylber,ramadani ylber,6.0,5.5,0,0,1,0,0,0,0
2025-2026,13,Lecce,SALA Alex,sala alex,,,0,0,0,0,0,0,0
2025-2026,13,Lecce,SOTTIL Riccardo,sottil riccardo,6.0,6.0,0,0,0,0,0,0,0
2025-2026,13,Lecce,BANDA Lameck,banda lameck,6.5,9.5,1,0,0,0,0,0,0
2025-2026,13,Lecce,CAMARDA Francesco,camarda francesco,,,0,0,0,0,0,0,0
2025-2026,13,Lecce,MORENTE Tete,morente tete,5.0,5.0,0,0,0,0,0,0,0
2025-2026,13,Lecce,N'DRI Konan,n'dri konan,,,0,0,0,0,0,0,0
2025-2026,13,Lecce,PIEROTTI Santiago,pierotti santiago,5.5,5.5,0,0,0,0,0,0,0
2025-2026,13,Lecce,STULIC Nikola,stulic nikola,5.5,5.5,0,0,0,0,0,0,0
2025-2026,13,Milan,MAIGNAN Mike,maignan mike,7.5,8.5,0,0,0,0,0,0,0
2025-2026,13,Milan,TERRACCIANO Pietro,terracciano pietro,,,0,0,0,0,0,0,0
2025-2026,13,Milan,TORRIANI Lorenzo,torriani lorenzo,,,0,0,0,0,0,0,0
2025-2026,13,Milan,ATHEKAME Zachary,athekame zachary,,,0,0,0,0,0,0,0
2025-2026,13,Milan,BARTESAGHI Davide,bartesaghi davide,7.0,7.0,0,0,0,0,0,0,0
2025-2026,13,Milan,DE WINTER Koni,de winter koni,,,0,0,0,0,0,0,0
2025-2026,13,Milan,ESTUPINAN Pervis,estupinan pervis,,,0,0,0,0,0,0,0
2025-2026,13,Milan,GABBIA Matteo,gabbia matteo,6.5,6.0,0,0,1,0,0,0,0
2025-2026,13,Milan,ODOGU David,odogu david,,,0,0,0,0,0,0,0
2025-2026,13,Milan,PAVLOVIC Strahinja,pavlovic strahinja,6.0,6.0,0,0,0,0,0,0,0
2025-2026,13,Milan,TOMORI Fikayo,tomori fikayo,6.5,7.0,0,1,1,0,0,0,0
2025-2026,13,Milan,FOFANA Youssouf,fofana youssouf,6.0,6.0,0,0,0,0,0,0,0
2025-2026,13,Milan,JASHARI Ardon,jashari ardon,,,0,0,0,0,0,0,0
2025-2026,13,Milan,LOFTUS-CHEEK Ruben,loftus-cheek ruben,6.0,6.0,0,0,0,0,0,0,0
2025-2026,13,Milan,MODRIC Luka,modric luka,6.0,6.0,0,0,0,0,0,0,0
2025-2026,13,Milan,RABIOT Adrien,rabiot adrien,6.5,6.5,0,0,0,0,0,0,0
2025-2026,13,Milan,RICCI Samuele,ricci samuele,,5.5,0,0,1,0,0,0,0
2025-2026,13,Milan,SAELEMAEKERS Alexis,saelemaekers alexis,6.0,6.0,0,0,0,0,0,0,0
2025-2026,13,Milan,TRAORE Chaka,traore chaka,,,0,0,0,0,0,0,0
2025-2026,13,Milan,VOS Silvano,vos silvano,,,0,0,0,0,0,0,0
2025-2026,13,Milan,BALENTIEN Chevejo,balentien chevejo,,,0,0,0,0,0,0,0
2025-2026,13,Milan,GIMENEZ Santiago,gimenez santiago,,,0,0,0,0,0,0,0
2025-2026,13,Milan,LEAO Rafael,leao rafael,7.5,10.5,1,0,0,0,0,0,0
2025-2026,13,Milan,NKUNKU Cristopher,nkunku cristopher,5.0,5.0,0,0,0,0,0,0,0
2025-2026,13,Milan,PULISIC Christian,pulisic christian,,,0,0,0,0,0,0,0
2025-2026,13,Napoli,CONTINI Nikita,contini nikita,,,0,0,0,0,0,0,0
2025-2026,13,Napoli,MERET Alex,meret alex,,,0,0,0,0,0,0,0
2025-2026,13,Napoli,MILINKOVIC Vanja,milinkovic vanja,6.5,7.5,0,0,0,0,0,0,0
2025-2026,13,Napoli,BEUKEMA Sam,beukema sam,6.5,6.0,0,0,1,0,0,0,0
2025-2026,13,Napoli,BUONGIORNO Alessand.,buongiorno alessand.,7.0,7.0,0,0,0,0,0,0,0
2025-2026,13,Napoli,DI LORENZO Giovanni,di lorenzo giovanni,6.0,6.0,0,0,0,0,0,0,0
2025-2026,13,Napoli,GUTIERREZ Miguel,gutierrez miguel,,,0,0,0,0,0,0,0
2025-2026,13,Napoli,JESUS Juan,jesus juan,,,0,0,0,0,0,0,0
2025-2026,13,Napoli,MARIANUCCI Luca,marianucci luca,,,0,0,0,0,0,0,0
2025-2026,13,Napoli,MAZZOCCHI Pasquale,mazzocchi pasquale,,,0,0,0,0,0,0,0
2025-2026,13,Napoli,OLIVERA Mathias,olivera mathias,6.0,5.5,0,0,1,0,0,0,0
2025-2026,13,Napoli,RRAHMANI Amir,rrahmani amir,7.0,7.0,0,0,0,0,0,0,0
2025-2026,13,Napoli,SPINAZZOLA Leonardo,spinazzola leonardo,,,0,0,0,0,0,0,0
2025-2026,13,Napoli,ANGUISSA Andre' Zam.,anguissa andre' zam.,,,0,0,0,0,0,0,0
2025-2026,13,Napoli,DE BRUYNE Kevin,de bruyne kevin,,,0,0,0,0,0,0,0
2025-2026,13,Napoli,ELMAS Eljif,elmas eljif,6.0,6.0,0,0,0,0,0,0,0
2025-2026,13,Napoli,GILMOUR Billy,gilmour billy,,,0,0,0,0,0,0,0
2025-2026,13,Napoli,LOBOTKA Stanislav,lobotka stanislav,6.5,6.0,0,0,1,0,0,0,0
2025-2026,13,Napoli,MCTOMINAY Scott,mctominay scott,6.5,6.5,0,0,0,0,0,0,0
2025-2026,13,Napoli,VERGARA Antonio,vergara antonio,,,0,0,0,0,0,0,0
2025-2026,13,Napoli,AMBROSINO Giuseppe,ambrosino giuseppe,,,0,0,0,0,0,0,0
2025-2026,13,Napoli,HOJLUND Rasmus,hojlund rasmus,6.5,7.5,0,1,0,0,0,0,0
2025-2026,13,Napoli,LANG Noa,lang noa,7.0,7.0,0,0,0,0,0,0,0
2025-2026,13,Napoli,LUCCA Lorenzo,lucca lorenzo,,,0,0,0,0,0,0,0
2025-2026,13,Napoli,LUKAKU Romelu,lukaku romelu,,,0,0,0,0,0,0,0
2025-2026,13,Napoli,NERES David,neres david,7.5,10.5,1,0,0,0,0,0,0
2025-2026,13,Napoli,POLITANO Matteo,politano matteo,6.0,6.0,0,0,0,0,0,0,0
2025-2026,13,Roma,GOLLINI Pierluigi,gollini pierluigi,,,0,0,0,0,0,0,0
2025-2026,13,Roma,SVILAR Mile,svilar mile,6.5,5.5,-1,0,0,0,0,0,0
2025-2026,13,Roma,VASQUEZ Devis,vasquez devis,,,0,0,0,0,0,0,0
2025-2026,13,Roma,ANGELINO Jose',angelino jose',,,0,0,0,0,0,0,0
2025-2026,13,Roma,CELIK Zeki,celik zeki,5.5,5.5,0,0,0,0,0,0,0
2025-2026,13,Roma,GHILARDI Daniele,ghilardi daniele,,,0,0,0,0,0,0,0
2025-2026,13,Roma,HERMOSO Mario,hermoso mario,5.5,5.5,0,0,0,0,0,0,0
2025-2026,13,Roma,MANCINI Gianluca,mancini gianluca,6.0,6.0,0,0,0,0,0,0,0
2025-2026,13,Roma,NDICKA Evan,ndicka evan,5.5,5.0,0,0,1,0,0,0,0
2025-2026,13,Roma,RENSCH Devyne,rensch devyne,,,0,0,0,0,0,0,0
2025-2026,13,Roma,SANGARe' Buba,sangare' buba,,,0,0,0,0,0,0,0
2025-2026,13,Roma,TSIMIKAS Konstantin.,tsimikas konstantin.,,,0,0,0,0,0,0,0
2025-2026,13,Roma,WESLEY,wesley,5.5,5.5,0,0,0,0,0,0,0
2025-2026,13,Roma,ZIOLKOWSKI Jan,ziolkowski jan,,,0,0,0,0,0,0,0
2025-2026,13,Roma,BALDANZI Tommaso,baldanzi tommaso,5.0,4.5,0,0,1,0,0,0,0
2025-2026,13,Roma,CRISTANTE Bryan,cristante bryan,5.0,4.5,0,0,1,0,0,0,0
2025-2026,13,Roma,EL AYNAOUI Neil,el aynaoui neil,5.5,5.5,0,0,0,0,0,0,0
2025-2026,13,Roma,EL SHAARAWY Stephan,el shaarawy stephan,,5.5,0,0,1,0,0,0,0
2025-2026,13,Roma,KONE' Manu,kone' manu,6.0,6.0,0,0,0,0,0,0,0
2025-2026,13,Roma,PELLEGRINI Lorenzo,pellegrini lorenzo,6.0,6.0,0,0,0,0,0,0,0
2025-2026,13,Roma,PISILLI Niccolo',pisilli niccolo',,,0,0,0,0,0,0,0
2025-2026,13,Roma,ROMANO Alessandro,romano alessandro,,,0,0,0,0,0,0,0
2025-2026,13,Roma,ARENA Antonio,arena antonio,,,0,0,0,0,0,0,0
2025-2026,13,Roma,BAILEY Leon,bailey leon,,6.0,0,0,0,0,0,0,0
2025-2026,13,Roma,DOVBYK Artem,dovbyk artem,,,0,0,0,0,0,0,0
2025-2026,13,Roma,DYBALA Paulo,dybala paulo,5.5,5.5,0,0,0,0,0,0,0
2025-2026,13,Roma,FERGUSON Evan,ferguson evan,4.5,4.5,0,0,0,0,0,0,0
2025-2026,13,Roma,SOULE' Matias,soule' matias,5.0,5.0,0,0,0,0,0,0,0
2025-2026,13,Sassuolo,MURIC Arijanet,muric arijanet,5.0,3.0,-2,0,0,0,0,0,0
2025-2026,13,Sassuolo,SATALINO Giacomo,satalino giacomo,,,0,0,0,0,0,0,0
2025-2026,13,Sassuolo,TURATI Stefano,turati stefano,,,0,0,0,0,0,0,0
2025-2026,13,Sassuolo,ZACCHI Gioele,zacchi gioele,,,0,0,0,0,0,0,0
2025-2026,13,Sassuolo,CANDE' Fali,cande' fali,,6.0,0,0,0,0,0,0,0
2025-2026,13,Sassuolo,COULIBALY Woyo,coulibaly woyo,,,0,0,0,0,0,0,0
2025-2026,13,Sassuolo,DOIG Josh,doig josh,6.0,6.0,0,0,0,0,0,0,0
2025-2026,13,Sassuolo,IDZES Jay,idzes jay,4.5,4.5,0,0,0,0,0,0,0
2025-2026,13,Sassuolo,MUHAREMOVIC Tarik,muharemovic tarik,5.0,5.0,0,0,0,0,0,0,0
2025-2026,13,Sassuolo,PAZ Yeferson,paz yeferson,,,0,0,0,0,0,0,0
2025-2026,13,Sassuolo,PIERAGNOLO Edoardo,pieragnolo edoardo,,,0,0,0,0,0,0,0
2025-2026,13,Sassuolo,ROMAGNA Filippo,romagna filippo,,,0,0,0,0,0,0,0
2025-2026,13,Sassuolo,WALUKIEWICZ Sebasti.,walukiewicz sebasti.,5.5,5.5,0,0,0,0,0,0,0
2025-2026,13,Sassuolo,BOLOCA Daniel,boloca daniel,,,0,0,0,0,0,0,0
2025-2026,13,Sassuolo,FADERA Alieu,fadera alieu,6.0,6.0,0,0,0,0,0,0,0
2025-2026,13,Sassuolo,IANNONI Edoardo,iannoni edoardo,,6.0,0,0,0,0,0,0,0
2025-2026,13,Sassuolo,KONE Ismael,kone ismael,5.5,5.0,0,0,1,0,0,0,0
2025-2026,13,Sassuolo,LIPANI Luca,lipani luca,,,0,0,0,0,0,0,0
2025-2026,13,Sassuolo,MATIC Nemanja,matic nemanja,6.5,6.5,0,0,0,0,0,0,0
2025-2026,13,Sassuolo,THORSTVEDT Kristian,thorstvedt kristian,6.5,6.5,0,0,0,0,0,0,0
2025-2026,13,Sassuolo,VOLPATO Cristian,volpato cristian,5.0,5.0,0,0,0,0,0,0,0
2025-2026,13,Sassuolo,VRANCKX Aster,vranckx aster,,,0,0,0,0,0,0,0
2025-2026,13,Sassuolo,BERARDI Domenico,berardi domenico,5.5,5.5,0,0,0,0,0,0,0
2025-2026,13,Sassuolo,CHEDDIRA Walid,cheddira walid,,,0,0,0,0,0,0,0
2025-2026,13,Sassuolo,LAURIENTE' Armand,lauriente' armand,5.5,5.5,0,0,0,0,0,0,0
2025-2026,13,Sassuolo,MORO Luca,moro luca,6.0,6.0,0,0,0,0,0,0,0
2025-2026,13,Sassuolo,PIERINI Nicholas,pierini nicholas,,,0,0,0,0,0,0,0
2025-2026,13,Sassuolo,PINAMONTI Andrea,pinamonti andrea,5.5,5.5,0,0,0,0,0,0,0
2025-2026,13,Sassuolo,SKJELLERUP Laurs,skjellerup laurs,,,0,0,0,0,0,0,0
2025-2026,13,Torino,ISRAEL Franco,israel franco,5.5,3.5,-2,0,0,0,0,0,0
2025-2026,13,Torino,PALEARI Alberto,paleari alberto,,,0,0,0,0,0,0,0
2025-2026,13,Torino,POPA Mihai,popa mihai,,,0,0,0,0,0,0,0
2025-2026,13,Torino,BIRAGHI Cristiano,biraghi cristiano,,,0,0,0,0,0,0,0
2025-2026,13,Torino,COCO Saul,coco saul,5.5,5.0,0,0,1,0,0,0,0
2025-2026,13,Torino,DEMBELE' Ali,dembele' ali,,,0,0,0,0,0,0,0
2025-2026,13,Torino,ISMAJLI Ardian,ismajli ardian,,,0,0,0,0,0,0,0
2025-2026,13,Torino,LAZARO Valentino,lazaro valentino,5.0,5.0,0,0,0,0,0,0,0
2025-2026,13,Torino,MARIPAN Guillermo,maripan guillermo,5.5,5.5,0,0,0,0,0,0,0
2025-2026,13,Torino,MASINA Adam,masina adam,5.0,5.0,0,0,0,0,0,0,0
2025-2026,13,Torino,NKOUNKOU Niels,nkounkou niels,5.0,5.0,0,0,0,0,0,0,0
2025-2026,13,Torino,PEDERSEN Marcus,pedersen marcus,5.0,5.0,0,0,0,0,0,0,0
2025-2026,13,Torino,PEREZ Alex,perez alex,,,0,0,0,0,0,0,0
2025-2026,13,Torino,SAZONOV Saba,sazonov saba,,,0,0,0,0,0,0,0
2025-2026,13,Torino,SCHUURS Perr,schuurs perr,,,0,0,0,0,0,0,0
2025-2026,13,Torino,ZAIA Edoardo,zaia edoardo,,,0,0,0,0,0,0,0
2025-2026,13,Torino,ANJORIN Tino,anjorin tino,,,0,0,0,0,0,0,0
2025-2026,13,Torino,ASLLANI Kristjan,asllani kristjan,4.5,1.5,0,0,0,0,0,0,1
2025-2026,13,Torino,CASADEI Cesare,casadei cesare,5.5,5.0,0,0,1,0,0,0,0
2025-2026,13,Torino,GINEITIS Gvidas,gineitis gvidas,5.0,5.0,0,0,0,0,0,0,0
2025-2026,13,Torino,ILIC Ivan,ilic ivan,,,0,0,0,0,0,0,0
2025-2026,13,Torino,ILKHAN Emirhan,ilkhan emirhan,,,0,0,0,0,0,0,0
2025-2026,13,Torino,PERCIUN Sergiu,perciun sergiu,,,0,0,0,0,0,0,0
2025-2026,13,Torino,TAMEZE Adrien,tameze adrien,5.0,5.0,0,0,0,0,0,0,0
2025-2026,13,Torino,VLASIC Nikola,vlasic nikola,6.5,7.5,0,1,0,0,0,0,0
2025-2026,13,Torino,ABOUKHLAL Zakaria,aboukhlal zakaria,5.5,5.5,0,0,0,0,0,0,0
2025-2026,13,Torino,ADAMS Che',adams che',6.5,9.5,1,0,0,0,0,0,0
2025-2026,13,Torino,GABELLINI Tommaso,gabellini tommaso,,,0,0,0,0,0,0,0
2025-2026,13,Torino,NGONGE Cyril,ngonge cyril,5.0,4.5,0,0,1,0,0,0,0
2025-2026,13,Torino,NJIE Alieu,njie alieu,,,0,0,0,0,0,0,0
2025-2026,13,Torino,SAVVA Zanos,savva zanos,,,0,0,0,0,0,0,0
2025-2026,13,Torino,SIMEONE Giovanni,simeone giovanni,,,0,0,0,0,0,0,0
2025-2026,13,Torino,ZAPATA Duvan,zapata duvan,6.0,6.0,0,0,0,0,0,0,0
2025-2026,13,Udinese,NUNZIANTE Alessandro,nunziante alessandro,,,0,0,0,0,0,0,0
2025-2026,13,Udinese,OKOYE Maduka,okoye maduka,6.0,7.0,0,0,0,0,0,0,0
2025-2026,13,Udinese,PADELLI Daniele,padelli daniele,,,0,0,0,0,0,0,0
2025-2026,13,Udinese,SAVA Razvan,sava razvan,,,0,0,0,0,0,0,0
2025-2026,13,Udinese,BERTOLA Nicolo',bertola nicolo',7.0,8.0,0,1,0,0,0,0,0
2025-2026,13,Udinese,EHIZIBUE Kingsley,ehizibue kingsley,,,0,0,0,0,0,0,0
2025-2026,13,Udinese,GOGLICHIDZE Saba,goglichidze saba,,,0,0,0,0,0,0,0
2025-2026,13,Udinese,KABASELE Christian,kabasele christian,6.5,6.5,0,0,0,0,0,0,0
2025-2026,13,Udinese,KAMARA Hassane,kamara hassane,,,0,0,0,0,0,0,0
2025-2026,13,Udinese,KRISTENSEN Thomas,kristensen thomas,,,0,0,0,0,0,0,0
2025-2026,13,Udinese,MODESTO Rui,modesto rui,,,0,0,0,0,0,0,0
2025-2026,13,Udinese,PALMA Matteo,palma matteo,,,0,0,0,0,0,0,0
2025-2026,13,Udinese,SOLET Oumar,solet oumar,6.0,6.0,0,0,0,0,0,0,0
2025-2026,13,Udinese,ZANOLI Alessandro,zanoli alessandro,6.0,6.0,0,0,0,0,0,0,0
2025-2026,13,Udinese,ZEMURA Jordan,zemura jordan,6.5,6.5,0,0,0,0,0,0,0
2025-2026,13,Udinese,ATTA Arthur,atta arthur,6.0,5.5,0,0,1,0,0,0,0
2025-2026,13,Udinese,EKKELENKAMP Jurgen,ekkelenkamp jurgen,6.0,6.0,0,0,0,0,0,0,0
2025-2026,13,Udinese,KARLSTROM Jesper,karlstrom jesper,6.5,6.5,0,0,0,0,0,0,0
2025-2026,13,Udinese,LOVRIC Sandi,lovric sandi,,,0,0,0,0,0,0,0
2025-2026,13,Udinese,MILLER Lennon,miller lennon,,,0,0,0,0,0,0,0
2025-2026,13,Udinese,PIOTROWSKI Jakub,piotrowski jakub,6.0,6.0,0,0,0,0,0,0,0
2025-2026,13,Udinese,ZANIOLO Nicolo',zaniolo nicolo',7.0,10.0,1,0,0,0,0,0,0
2025-2026,13,Udinese,ZARRAGA Oier,zarraga oier,,,0,0,0,0,0,0,0
2025-2026,13,Udinese,BAYO Vakoun,bayo vakoun,,,0,0,0,0,0,0,0
2025-2026,13,Udinese,BRAVO Iker,bravo iker,,,0,0,0,0,0,0,0
2025-2026,13,Udinese,BUKSA Adam,buksa adam,6.0,6.0,0,0,0,0,0,0,0
2025-2026,13,Udinese,DAVIS Keinan,davis keinan,7.0,9.5,1,0,1,0,0,1,0
2025-2026,13,Udinese,GUEYE Idrissa,gueye idrissa,,,0,0,0,0,0,0,0
2025-2026,13,Udinese,VINCIATI Giulio,vinciati giulio,,,0,0,0,0,0,0,0
2025-2026,13,Verona,MONTIPO' Lorenzo,montipo' lorenzo,6.0,4.0,-2,0,0,0,0,0,0
2025-2026,13,Verona,PERILLI Simone,perilli simone,,,0,0,0,0,0,0,0
2025-2026,13,Verona,BELGHALI Rafik,belghali rafik,6.5,9.5,1,0,0,0,0,0,0
2025-2026,13,Verona,BELLA-KOTCHAP Armel,bella-kotchap armel,,,0,0,0,0,0,0,0
2025-2026,13,Verona,BRADARIC Domagoj,bradaric domagoj,6.0,6.0,0,0,0,0,0,0,0
2025-2026,13,Verona,CHAM Fallou,cham fallou,,,0,0,0,0,0,0,0
2025-2026,13,Verona,EBOSSE Enzo,ebosse enzo,,,0,0,0,0,0,0,0
2025-2026,13,Verona,FRESE Martin,frese martin,6.0,6.0,0,0,0,0,0,0,0
2025-2026,13,Verona,KURTI Adi,kurti adi,,,0,0,0,0,0,0,0
2025-2026,13,Verona,NELSSON Victor,nelsson victor,5.5,5.5,0,0,0,0,0,0,0
2025-2026,13,Verona,NUNEZ Unai,nunez unai,6.0,5.5,0,0,1,0,0,0,0
2025-2026,13,Verona,OYEGOKE Daniel,oyegoke daniel,,6.0,0,0,0,0,0,0,0
2025-2026,13,Verona,SLOTSAGER Tobias,slotsager tobias,,,0,0,0,0,0,0,0
2025-2026,13,Verona,VALENTINI Nicolas,valentini nicolas,5.0,5.0,0,0,0,0,0,0,0
2025-2026,13,Verona,YELLU Santiago,yellu santiago,,,0,0,0,0,0,0,0
2025-2026,13,Verona,AKPA-AKPRO Jean-Dan.,akpa-akpro jean-dan.,,,0,0,0,0,0,0,0
2025-2026,13,Verona,AL-MUSRATI Moatasem,al-musrati moatasem,,6.0,0,0,0,0,0,0,0
2025-2026,13,Verona,BERNEDE Antoine,bernede antoine,5.5,5.5,0,0,0,0,0,0,0
2025-2026,13,Verona,GAGLIARDINI Roberto,gagliardini roberto,5.0,4.5,0,0,1,0,0,0,0
2025-2026,13,Verona,HARROUI Abdou,harroui abdou,,,0,0,0,0,0,0,0
2025-2026,13,Verona,KASTANOS Grigoris,kastanos grigoris,,,0,0,0,0,0,0,0
2025-2026,13,Verona,NIASSE Cheikh,niasse cheikh,5.5,5.5,0,0,0,0,0,0,0
2025-2026,13,Verona,SERDAR Suat,serdar suat,,,0,0,0,0,0,0,0
2025-2026,13,Verona,SUSLOV Tomas,suslov tomas,,,0,0,0,0,0,0,0
2025-2026,13,Verona,YILDIZ Veis,yildiz veis,,,0,0,0,0,0,0,0
2025-2026,13,Verona,AJAYI Junior,ajayi junior,,,0,0,0,0,0,0,0
2025-2026,13,Verona,GIOVANE Do Nascimie.,giovane do nascimie.,5.5,5.5,0,0,0,0,0,0,0
2025-2026,13,Verona,LUNA Agustin,luna agustin,,,0,0,0,0,0,0,0
2025-2026,13,Verona,MOSQUERA Daniel,mosquera daniel,6.5,6.0,0,0,1,0,0,0,0
2025-2026,13,Verona,ORBAN Gift,orban gift,5.0,5.0,0,0,0,0,0,0,0
2025-2026,13,Verona,SARR Amin,sarr amin,5.5,5.5,0,0,0,0,0,0,0
2025-2026,13,Cremonese,AUDERO Emil,audero emil,6.5,5.5,-1,0,0,0,0,0,1
2025-2026,13,Cremonese,MALOVEC Adrian,malovec adrian,,,0,0,0,0,0,0,0
2025-2026,13,Cremonese,NAVA Lapo,nava lapo,,,0,0,0,0,0,0,0
2025-2026,13,Cremonese,SILVESTRI Marco,silvestri marco,,,0,0,0,0,0,0,0
2025-2026,13,Cremonese,BARBIERI Tommaso,barbieri tommaso,7.0,8.0,0,1,0,0,0,0,0
2025-2026,13,Cremonese,BASCHIROTTO Federico,baschirotto federico,7.0,7.0,0,0,0,0,0,0,0
2025-2026,13,Cremonese,BIANCHETTI Matteo,bianchetti matteo,6.5,7.5,0,1,0,0,0,0,0
2025-2026,13,Cremonese,CECCHERINI Federico,ceccherini federico,,,0,0,0,0,0,0,0
2025-2026,13,Cremonese,FAYE Mikayil,faye mikayil,,,0,0,0,0,0,0,0
2025-2026,13,Cremonese,FLORIANI MUSSOLINI .,floriani mussolini .,,,0,0,0,0,0,0,0
2025-2026,13,Cremonese,FOLINO Francesco,folino francesco,,,0,0,0,0,0,0,0
2025-2026,13,Cremonese,PEZZELLA Giuseppe,pezzella giuseppe,6.0,5.5,0,0,1,0,0,0,0
2025-2026,13,Cremonese,SERNICOLA Leonardo,sernicola leonardo,,,0,0,0,0,0,0,0
2025-2026,13,Cremonese,TERRACCIANO Filippo,terracciano filippo,7.0,6.5,0,0,1,0,0,0,0
2025-2026,13,Cremonese,BONDO Warren,bondo warren,6.5,6.5,0,0,0,0,0,0,0
2025-2026,13,Cremonese,COLLOCOLO Michele,collocolo michele,,,0,0,0,0,0,0,0
2025-2026,13,Cremonese,GRASSI Alberto,grassi alberto,6.0,6.0,0,0,0,0,0,0,0
2025-2026,13,Cremonese,LORDKIPANIDZE Dachi,lordkipanidze dachi,,,0,0,0,0,0,0,0
2025-2026,13,Cremonese,PAYERO Martin,payero martin,7.0,10.0,1,0,0,0,0,0,0
2025-2026,13,Cremonese,VALOTI Mattia,valoti mattia,,,0,0,0,0,0,0,0
2025-2026,13,Cremonese,VANDEPUTTE Jari,vandeputte jari,6.5,6.5,0,0,0,0,0,0,0
2025-2026,13,Cremonese,BONAZZOLI Federico,bonazzoli federico,7.0,8.0,0,1,0,0,0,0,0
2025-2026,13,Cremonese,DE LUCA Manuel,de luca manuel,,,0,0,0,0,0,0,0
2025-2026,13,Cremonese,JOHNSEN Dennis,johnsen dennis,,,0,0,0,0,0,0,0
2025-2026,13,Cremonese,MOUMBAGNA Faris,moumbagna faris,,,0,0,0,0,0,0,0
2025-2026,13,Cremonese,OKEREKE David,okereke david,,,0,0,0,0,0,0,0
2025-2026,13,Cremonese,SANABRIA Antonio,sanabria antonio,6.0,6.0,0,0,0,0,0,0,0
2025-2026,13,Cremonese,SARMIENTO Jeremy,sarmiento jeremy,,,0,0,0,0,0,0,0
2025-2026,13,Cremonese,VARDY Jamie,vardy jamie,8.0,14.0,2,0,0,0,0,0,0
2025-2026,13,Cremonese,VAZQUEZ Franco,vazquez franco,,,0,0,0,0,0,0,0
2025-2026,13,Cremonese,ZERBIN Alessio,zerbin alessio,6.0,6.0,0,0,0,0,0,0,0
2025-2026,13,Parma,CORVI Edoardo,corvi edoardo,5.0,3.0,-2,0,0,0,0,0,1
2025-2026,13,Parma,GUAITA Vicente,guaita vicente,,,0,0,0,0,0,0,0
2025-2026,13,Parma,RINALDI Filippo,rinaldi filippo,,,0,0,0,0,0,0,0
2025-2026,13,Parma,SUZUKI Zion,suzuki zion,,,0,0,0,0,0,0,0
2025-2026,13,Parma,BRITSCHGI Sascha,britschgi sascha,5.5,5.5,0,0,0,0,0,0,0
2025-2026,13,Parma,CIRCATI Alessandro,circati alessandro,,,0,0,0,0,0,0,0
2025-2026,13,Parma,DEL PRATO Enrico,del prato enrico,6.0,6.0,0,0,0,0,0,0,0
2025-2026,13,Parma,LOVIK Mathias,lovik mathias,,6.0,0,0,0,0,0,0,0
2025-2026,13,Parma,NDIAYE Abdoulaye,ndiaye abdoulaye,,,0,0,0,0,0,0,0
2025-2026,13,Parma,TRABUCCHI Nicolas,trabucchi nicolas,,,0,0,0,0,0,0,0
2025-2026,13,Parma,TROILO Mariano,troilo mariano,4.5,3.5,0,0,0,1,0,0,0
2025-2026,13,Parma,VALENTI Lautaro,valenti lautaro,5.0,5.0,0,0,0,0,0,0,0
2025-2026,13,Parma,VALERI Emanuele,valeri emanuele,5.5,5.5,0,0,0,0,0,0,0
2025-2026,13,Parma,BERNABE' Adrian,bernabe' adrian,5.5,5.5,0,0,0,0,0,0,0
2025-2026,13,Parma,CREMASCHI Benjamin,cremaschi benjamin,,,0,0,0,0,0,0,0
2025-2026,13,Parma,ESTEVEZ Nahuel,estevez nahuel,5.5,5.5,0,0,0,0,0,0,0
2025-2026,13,Parma,HERNANI,hernani,5.5,5.5,0,0,0,0,0,0,0
2025-2026,13,Parma,KEITA Mandela,keita mandela,5.5,5.0,0,0,1,0,0,0,0
2025-2026,13,Parma,ORDONEZ Christian,ordonez christian,,,0,0,0,0,0,0,0
2025-2026,13,Parma,ORISTANIO Gaetano,oristanio gaetano,,,0,0,0,0,0,0,0
2025-2026,13,Parma,PLICCO Elia,plicco elia,,,0,0,0,0,0,0,0
2025-2026,13,Parma,SORENSEN Oliver,sorensen oliver,5.5,5.5,0,0,0,0,0,0,0
2025-2026,13,Parma,ALMQVIST Pontus,almqvist pontus,,,0,0,0,0,0,0,0
2025-2026,13,Parma,BEGIC Tjas,begic tjas,,,0,0,0,0,0,0,0
2025-2026,13,Parma,BENEDYCZAK Adrian,benedyczak adrian,,6.0,0,0,0,0,0,0,0
2025-2026,13,Parma,CUTRONE Patrick,cutrone patrick,5.5,5.5,0,0,0,0,0,0,0
2025-2026,13,Parma,DJURIC Milan,djuric milan,,,0,0,0,0,0,0,0
2025-2026,13,Parma,FRIGAN Matija,frigan matija,,,0,0,0,0,0,0,0
2025-2026,13,Parma,ONDREJKA Jacob,ondrejka jacob,6.0,6.0,0,0,0,0,0,0,0
2025-2026,13,Parma,PELLEGRINO Mateo,pellegrino mateo,5.5,5.5,0,0,0,0,0,0,0
2025-2026,13,Pisa,NICOLAS,nicolas,,,0,0,0,0,0,0,0
2025-2026,13,Pisa,SCUFFET Simone,scuffet simone,6.0,4.0,-2,0,0,0,0,0,0
2025-2026,13,Pisa,SEMPER Adrian,semper adrian,,,0,0,0,0,0,0,0
2025-2026,13,Pisa,ALBIOL Raul,albiol raul,6.0,5.5,0,0,1,0,0,0,0
2025-2026,13,Pisa,ANGORI Samuele,angori samuele,5.5,5.5,0,0,0,0,0,0,0
2025-2026,13,Pisa,BONFANTI Giovanni,bonfanti giovanni,,,0,0,0,0,0,0,0
2025-2026,13,Pisa,CALABRESI Arturo,calabresi arturo,,,0,0,0,0,0,0,0
2025-2026,13,Pisa,CANESTRELLI Simone,canestrelli simone,5.5,5.5,0,0,0,0,0,0,0
2025-2026,13,Pisa,CARACCIOLO Antonio,caracciolo antonio,5.5,5.0,0,0,1,0,0,0,0
2025-2026,13,Pisa,CUADRADO Juan,cuadrado juan,,,0,0,0,0,0,0,0
2025-2026,13,Pisa,DENOON Daniel,denoon daniel,,,0,0,0,0,0,0,0
2025-2026,13,Pisa,ESTEVES Tomas,esteves tomas,,,0,0,0,0,0,0,0
2025-2026,13,Pisa,LUSUARDI Mateus,lusuardi mateus,,,0,0,0,0,0,0,0
2025-2026,13,Pisa,MBAMBI Jeremy,mbambi jeremy,,,0,0,0,0,0,0,0
2025-2026,13,Pisa,AEBISCHER Michel,aebischer michel,5.5,5.5,0,0,0,0,0,0,0
2025-2026,13,Pisa,AKINSANMIRO Ebenezer,akinsanmiro ebenezer,,,0,0,0,0,0,0,0
2025-2026,13,Pisa,HOJHOLT Malthe,hojholt malthe,,,0,0,0,0,0,0,0
2025-2026,13,Pisa,LERIS Mehdi,leris mehdi,5.5,5.5,0,0,0,0,0,0,0
2025-2026,13,Pisa,LORRAN De Sousa,lorran de sousa,,6.0,0,0,0,0,0,0,0
2025-2026,13,Pisa,MARIN Marius,marin marius,5.5,5.5,0,0,0,0,0,0,0
2025-2026,13,Pisa,MAUCCI Giacomo,maucci giacomo,,,0,0,0,0,0,0,0
2025-2026,13,Pisa,PICCININI Gabriele,piccinini gabriele,6.5,6.5,0,0,0,0,0,0,0
2025-2026,13,Pisa,STENGS Calvin,stengs calvin,,,0,0,0,0,0,0,0
2025-2026,13,Pisa,TOURE Idrissa,toure idrissa,6.5,6.5,0,0,0,0,0,0,0
2025-2026,13,Pisa,TRAMONI Matteo,tramoni matteo,5.5,5.5,0,0,0,0,0,0,0
2025-2026,13,Pisa,VURAL Isak,vural isak,,,0,0,0,0,0,0,0
2025-2026,13,Pisa,BUFFON Louis,buffon louis,,,0,0,0,0,0,0,0
2025-2026,13,Pisa,MEISTER Henrik,meister henrik,6.5,6.5,0,0,0,0,0,0,0
2025-2026,13,Pisa,MOREO Stefano,moreo stefano,,,0,0,0,0,0,0,0
2025-2026,13,Pisa,NZOLA M'Bala,nzola m'bala,6.5,6.5,0,0,0,0,0,0,0
2025-2026,13,Como,BUTEZ Jean,butez jean,7.0,8.0,0,0,0,0,0,0,0
2025-2026,13,Como,CAVLINA Nikola,cavlina nikola,,,0,0,0,0,0,0,0
2025-2026,13,Como,VIGORITO Mauro,vigorito mauro,,,0,0,0,0,0,0,0
2025-2026,13,Como,CARLOS Diego,carlos diego,6.5,6.5,0,0,0,0,0,0,0
2025-2026,13,Como,DOSSENA Alberto,dossena alberto,,,0,0,0,0,0,0,0
2025-2026,13,Como,GOLDANIGA Edoardo,goldaniga edoardo,,,0,0,0,0,0,0,0
2025-2026,13,Como,KEMPF Marc-Oliver,kempf marc-oliver,,,0,0,0,0,0,0,0
2025-2026,13,Como,MORENO Alberto,moreno alberto,7.0,10.0,1,0,0,0,0,0,0
2025-2026,13,Como,POSCH Stefan,posch stefan,5.5,5.5,0,0,0,0,0,0,0
2025-2026,13,Como,RAMON Jacobo,ramon jacobo,6.0,5.5,0,0,1,0,0,0,0
2025-2026,13,Como,ROBERTO Sergi,roberto sergi,,,0,0,0,0,0,0,0
2025-2026,13,Como,SALA Marco,sala marco,,,0,0,0,0,0,0,0
2025-2026,13,Como,SMOLCIC Ivan,smolcic ivan,,,0,0,0,0,0,0,0
2025-2026,13,Como,VALLE Alex,valle alex,,,0,0,0,0,0,0,0
2025-2026,13,Como,VAN DER BREMPT Igna.,van der brempt igna.,,,0,0,0,0,0,0,0
2025-2026,13,Como,VOJVODA Mergim,vojvoda mergim,6.0,6.0,0,0,0,0,0,0,0
2025-2026,13,Como,BATURINA Martin,baturina martin,6.0,6.0,0,0,0,0,0,0,0
2025-2026,13,Como,CAQUERET Maxence,caqueret maxence,6.5,6.0,0,0,1,0,0,0,0
2025-2026,13,Como,DA CUNHA Lucas,da cunha lucas,6.5,6.5,0,0,0,0,0,0,0
2025-2026,13,Como,PAZ Nico,paz nico,8.0,9.0,0,1,0,0,0,0,0
2025-2026,13,Como,PERRONE Maximo,perrone maximo,7.0,7.0,0,0,0,0,0,0,0
2025-2026,13,Como,ADDAI Jaden,addai jaden,6.0,6.0,0,0,0,0,0,0,0
2025-2026,13,Como,CERRI Alberto,cerri alberto,,,0,0,0,0,0,0,0
2025-2026,13,Como,DIAO Assane,diao assane,,,0,0,0,0,0,0,0
2025-2026,13,Como,DOUVIKAS Tasos,douvikas tasos,7.0,10.0,1,0,0,0,0,0,0
2025-2026,13,Como,KUHN Nicolas,kuhn nicolas,,6.0,0,0,0,0,0,0,0
2025-2026,13,Como,MORATA Alvaro,morata alvaro,,,0,0,0,0,0,0,0
2025-2026,13,Como,RODRIGUEZ Jesus,rodriguez jesus,6.5,6.5,0,0,0,0,0,0,0
2025-2026,14,Atalanta,CARNESECCHI Marco,carnesecchi marco,5.5,2.5,-3,0,0,0,0,0,0
2025-2026,14,Atalanta,ROSSI Francesco,rossi francesco,,,0,0,0,0,0,0,0
2025-2026,14,Atalanta,SPORTIELLO Marco,sportiello marco,,,0,0,0,0,0,0,0
2025-2026,14,Atalanta,AHANOR Honest,ahanor honest,,,0,0,0,0,0,0,0
2025-2026,14,Atalanta,BAKKER Mitchel,bakker mitchel,,,0,0,0,0,0,0,0
2025-2026,14,Atalanta,BELLANOVA Raoul,bellanova raoul,5.5,5.5,0,0,0,0,0,0,0
2025-2026,14,Atalanta,BERNASCONI Lorenzo,bernasconi lorenzo,,,0,0,0,0,0,0,0
2025-2026,14,Atalanta,COMI Pietro,comi pietro,,,0,0,0,0,0,0,0
2025-2026,14,Atalanta,DJIMSITI Berat,djimsiti berat,5.0,5.0,0,0,0,0,0,0,0
2025-2026,14,Atalanta,HIEN Isak,hien isak,5.0,5.0,0,0,0,0,0,0,0
2025-2026,14,Atalanta,KOLASINAC Sead,kolasinac sead,5.0,5.0,0,0,0,0,0,0,0
2025-2026,14,Atalanta,KOSSOUNOU Odilon,kossounou odilon,4.5,4.5,0,0,0,0,0,0,0
2025-2026,14,Atalanta,OBRIC Relja,obric relja,,,0,0,0,0,0,0,0
2025-2026,14,Atalanta,SCALVINI Giorgio,scalvini giorgio,,,0,0,0,0,0,0,0
2025-2026,14,Atalanta,ZAPPACOSTA Davide,zappacosta davide,4.5,4.5,0,0,0,0,0,0,0
2025-2026,14,Atalanta,BRESCIANINI Marco,brescianini marco,,,0,0,0,0,0,0,0
2025-2026,14,Atalanta,CASSA Federico,cassa federico,,,0,0,0,0,0,0,0
2025-2026,14,Atalanta,DE ROON Marten,de roon marten,5.0,4.5,0,0,1,0,0,0,0
2025-2026,14,Atalanta,EDERSON,ederson,5.0,5.0,0,0,0,0,0,0,0
2025-2026,14,Atalanta,MALDINI Daniel,maldini daniel,,,0,0,0,0,0,0,0
2025-2026,14,Atalanta,MANZONI Alberto,manzoni alberto,,,0,0,0,0,0,0,0
2025-2026,14,Atalanta,MUSAH Yunus,musah yunus,,,0,0,0,0,0,0,0
2025-2026,14,Atalanta,PASALIC Mario,pasalic mario,5.5,5.5,0,0,0,0,0,0,0
2025-2026,14,Atalanta,SAMARDZIC Lazar,samardzic lazar,5.0,5.0,0,0,0,0,0,0,0
2025-2026,14,Atalanta,ZALEWSKI Nicola,zalewski nicola,5.0,5.0,0,0,0,0,0,0,0
2025-2026,14,Atalanta,DE KETELAERE Charles,de ketelaere charles,6.0,6.0,0,0,0,0,0,0,0
2025-2026,14,Atalanta,KRSTOVIC Nikola,krstovic nikola,5.0,5.0,0,0,0,0,0,0,0
2025-2026,14,Atalanta,LOOKMAN Ademola,lookman ademola,5.0,5.0,0,0,0,0,0,0,0
2025-2026,14,Atalanta,SCAMACCA Gianluca,scamacca gianluca,6.5,9.5,1,0,0,0,0,0,0
2025-2026,14,Atalanta,SULEMANA Kamaldeen,sulemana kamaldeen,,,0,0,0,0,0,0,0
2025-2026,14,Bologna,PESSINA Massimo,pessina massimo,,,0,0,0,0,0,0,0
2025-2026,14,Bologna,RAVAGLIA Federico,ravaglia federico,8.0,7.0,-1,0,0,0,0,0,0
2025-2026,14,Bologna,SKORUPSKI Lukasz,skorupski lukasz,,,0,0,0,0,0,0,0
2025-2026,14,Bologna,BONIFAZI Kevin,bonifazi kevin,,,0,0,0,0,0,0,0
2025-2026,14,Bologna,CASALE Nicolo',casale nicolo',5.0,5.0,0,0,0,0,0,0,0
2025-2026,14,Bologna,DE SILVESTRI Lorenzo,de silvestri lorenzo,6.5,6.5,0,0,0,0,0,0,0
2025-2026,14,Bologna,HEGGEM Torbjorn,heggem torbjorn,6.0,6.0,0,0,0,0,0,0,0
2025-2026,14,Bologna,HOLM Emil,holm emil,,,0,0,0,0,0,0,0
2025-2026,14,Bologna,LUCUMI Jhon,lucumi jhon,,,0,0,0,0,0,0,0
2025-2026,14,Bologna,LYKOGIANNIS Charala.,lykogiannis charala.,,,0,0,0,0,0,0,0
2025-2026,14,Bologna,MIRANDA Juan,miranda juan,5.0,4.5,0,0,1,0,0,0,0
2025-2026,14,Bologna,VITIK Martin,vitik martin,,,0,0,0,0,0,0,0
2025-2026,14,Bologna,ZORTEA Nadir,zortea nadir,6.5,6.5,0,0,0,0,0,0,0
2025-2026,14,Bologna,BERNARDESCHI Federi.,bernardeschi federi.,5.5,5.5,0,0,0,0,0,0,0
2025-2026,14,Bologna,FABBIAN Giovanni,fabbian giovanni,,,0,0,0,0,0,0,0
2025-2026,14,Bologna,FERGUSON Lewis,ferguson lewis,5.5,5.5,0,0,0,0,0,0,0
2025-2026,14,Bologna,FREULER Remo,freuler remo,,,0,0,0,0,0,0,0
2025-2026,14,Bologna,MORO Nikola,moro nikola,5.5,5.0,0,0,1,0,0,0,0
2025-2026,14,Bologna,POBEGA Tommaso,pobega tommaso,6.0,6.0,0,0,0,0,0,0,0
2025-2026,14,Bologna,SULEMANA,sulemana,,,0,0,0,0,0,0,0
2025-2026,14,Bologna,CAMBIAGHI Nicolo',cambiaghi nicolo',5.5,5.0,0,0,1,0,0,0,0
2025-2026,14,Bologna,CASTRO Santiago,castro santiago,6.0,6.0,0,0,0,0,0,0,0
2025-2026,14,Bologna,DALLINGA Thijs,dallinga thijs,,,0,0,0,0,0,0,0
2025-2026,14,Bologna,DOMINGUEZ Benjamin,dominguez benjamin,,,0,0,0,0,0,0,0
2025-2026,14,Bologna,IMMOBILE Ciro,immobile ciro,,,0,0,0,0,0,0,0
2025-2026,14,Bologna,ODGAARD Jens,odgaard jens,7.0,10.0,1,0,0,0,0,0,0
2025-2026,14,Bologna,ORSOLINI Riccardo,orsolini riccardo,6.0,6.0,0,0,0,0,0,0,0
2025-2026,14,Bologna,ROWE Jonathan,rowe jonathan,6.0,6.0,0,0,0,0,0,0,0
2025-2026,14,Cagliari,CAPRILE Elia,caprile elia,6.0,7.0,0,0,0,0,0,0,0
2025-2026,14,Cagliari,CIOCCI Giuseppe,ciocci giuseppe,,,0,0,0,0,0,0,0
2025-2026,14,Cagliari,RADUNOVIC Boris,radunovic boris,,,0,0,0,0,0,0,0
2025-2026,14,Cagliari,IDRISSI Riyad,idrissi riyad,6.5,6.5,0,0,0,0,0,0,0
2025-2026,14,Cagliari,LUPERTO Sebastiano,luperto sebastiano,7.0,7.0,0,0,0,0,0,0,0
2025-2026,14,Cagliari,MINA Yerry,mina yerry,,,0,0,0,0,0,0,0
2025-2026,14,Cagliari,OBERT Adam,obert adam,6.5,6.5,0,0,0,0,0,0,0
2025-2026,14,Cagliari,PALESTRA Marco,palestra marco,7.5,7.5,0,0,0,0,0,0,0
2025-2026,14,Cagliari,RODRIGUEZ Juan,rodriguez juan,7.0,7.0,0,0,0,0,0,0,0
2025-2026,14,Cagliari,ZAPPA Gabriele,zappa gabriele,6.5,6.5,0,0,0,0,0,0,0
2025-2026,14,Cagliari,ZE PEDRO,ze pedro,,,0,0,0,0,0,0,0
2025-2026,14,Cagliari,ADOPO Michel,adopo michel,6.0,6.0,0,0,0,0,0,0,0
2025-2026,14,Cagliari,CAVUOTI Nicolo',cavuoti nicolo',,,0,0,0,0,0,0,0
2025-2026,14,Cagliari,DEIOLA Alessandro,deiola alessandro,7.0,7.0,0,0,0,0,0,0,0
2025-2026,14,Cagliari,DI PARDO Alessandro,di pardo alessandro,,,0,0,0,0,0,0,0
2025-2026,14,Cagliari,FOLORUNSHO Michael,folorunsho michael,7.0,6.5,0,0,1,0,0,0,0
2025-2026,14,Cagliari,GAETANO Gianluca,gaetano gianluca,7.5,10.0,1,0,1,0,0,0,0
2025-2026,14,Cagliari,LITETA Joseph,liteta joseph,,,0,0,0,0,0,0,0
2025-2026,14,Cagliari,MAZZITELLI Luca,mazzitelli luca,,,0,0,0,0,0,0,0
2025-2026,14,Cagliari,PRATI Matteo,prati matteo,6.0,6.0,0,0,0,0,0,0,0
2025-2026,14,Cagliari,ROG Marko,rog marko,,,0,0,0,0,0,0,0
2025-2026,14,Cagliari,BELOTTI Andrea,belotti andrea,,,0,0,0,0,0,0,0
2025-2026,14,Cagliari,BORRELLI Gennaro,borrelli gennaro,6.5,6.5,0,0,0,0,0,0,0
2025-2026,14,Cagliari,ESPOSITO Sebastiano,esposito sebastiano,7.0,8.0,0,1,0,0,0,0,0
2025-2026,14,Cagliari,FELICI Mattia,felici mattia,,,0,0,0,0,0,0,0
2025-2026,14,Cagliari,KILICSOY Semih,kilicsoy semih,,,0,0,0,0,0,0,0
2025-2026,14,Cagliari,LUVUMBO Sebastiao Z.,luvumbo sebastiao z.,,,0,0,0,0,0,0,0
2025-2026,14,Cagliari,PAVOLETTI Leonardo,pavoletti leonardo,,,0,0,0,0,0,0,0
2025-2026,14,Fiorentina,DE GEA David,de gea david,4.0,1.0,-3,0,0,0,0,0,0
2025-2026,14,Fiorentina,LEZZERINI Luca,lezzerini luca,,,0,0,0,0,0,0,0
2025-2026,14,Fiorentina,MARTINELLI Tommaso,martinelli tommaso,,,0,0,0,0,0,0,0
2025-2026,14,Fiorentina,COMUZZO Pietro,comuzzo pietro,5.5,5.5,0,0,0,0,0,0,0
2025-2026,14,Fiorentina,DODO,dodo,5.0,5.0,0,0,0,0,0,0,0
2025-2026,14,Fiorentina,FORTINI Niccolo',fortini niccolo',5.0,5.0,0,0,0,0,0,0,0
2025-2026,14,Fiorentina,GOSENS Robin,gosens robin,,,0,0,0,0,0,0,0
2025-2026,14,Fiorentina,KOSPO Eman,kospo eman,,,0,0,0,0,0,0,0
2025-2026,14,Fiorentina,KOUADIO Eddy,kouadio eddy,,,0,0,0,0,0,0,0
2025-2026,14,Fiorentina,LAMPTEY Tariq,lamptey tariq,,,0,0,0,0,0,0,0
2025-2026,14,Fiorentina,MARI Pablo,mari pablo,5.0,5.0,0,0,0,0,0,0,0
2025-2026,14,Fiorentina,PARISI Fabiano,parisi fabiano,4.5,4.5,0,0,0,0,0,0,0
2025-2026,14,Fiorentina,PONGRACIC Marin,pongracic marin,,,0,0,0,0,0,0,0
2025-2026,14,Fiorentina,RANIERI Luca,ranieri luca,4.5,4.5,0,0,0,0,0,0,0
2025-2026,14,Fiorentina,VITI Mattia,viti mattia,5.0,4.5,0,0,1,0,0,0,0
2025-2026,14,Fiorentina,FAGIOLI Nicolo',fagioli nicolo',4.0,4.0,0,0,0,0,0,0,0
2025-2026,14,Fiorentina,FAZZINI Jacopo,fazzini jacopo,,,0,0,0,0,0,0,0
2025-2026,14,Fiorentina,INFANTINO Gino,infantino gino,,,0,0,0,0,0,0,0
2025-2026,14,Fiorentina,MANDRAGORA Rolando,mandragora rolando,5.5,8.0,1,0,1,0,0,1,0
2025-2026,14,Fiorentina,NDOUR Cher,ndour cher,4.0,3.5,0,0,1,0,0,0,0
2025-2026,14,Fiorentina,NICOLUSSI CAVIGLIA .,nicolussi caviglia .,,,0,0,0,0,0,0,0
2025-2026,14,Fiorentina,RICHARDSON Amir,richardson amir,,,0,0,0,0,0,0,0
2025-2026,14,Fiorentina,SABIRI Abdelhamid,sabiri abdelhamid,,,0,0,0,0,0,0,0
2025-2026,14,Fiorentina,SOHM Simon,sohm simon,4.0,4.0,0,0,0,0,0,0,0
2025-2026,14,Fiorentina,DZEKO Edin,dzeko edin,,,0,0,0,0,0,0,0
2025-2026,14,Fiorentina,GUDMUNDSSON Albert,gudmundsson albert,4.0,4.0,0,0,0,0,0,0,0
2025-2026,14,Fiorentina,KEAN Moise,kean moise,4.5,4.5,0,0,0,0,0,0,0
2025-2026,14,Fiorentina,KOUAME' Christian,kouame' christian,,,0,0,0,0,0,0,0
2025-2026,14,Fiorentina,PICCOLI Roberto,piccoli roberto,5.0,5.0,0,0,0,0,0,0,0
2025-2026,14,Genoa,LEALI Nicola,leali nicola,7.0,6.0,-1,0,0,0,0,0,0
2025-2026,14,Genoa,SIEGRIST Benjamin,siegrist benjamin,,,0,0,0,0,0,0,0
2025-2026,14,Genoa,SOMMARIVA Daniele,sommariva daniele,,,0,0,0,0,0,0,0
2025-2026,14,Genoa,KUMER CELIK Alin,kumer celik alin,,,0,0,0,0,0,0,0
2025-2026,14,Genoa,MARCANDALLI Alessan.,marcandalli alessan.,6.0,6.0,0,0,0,0,0,0,0
2025-2026,14,Genoa,MARTIN Aaron,martin aaron,6.0,6.0,0,0,0,0,0,0,0
2025-2026,14,Genoa,NORTON-CUFFY Brooke,norton-cuffy brooke,7.0,10.0,1,0,0,0,0,0,0
2025-2026,14,Genoa,OSTIGARD Leo,ostigard leo,,,0,0,0,0,0,0,0
2025-2026,14,Genoa,OTOA Sebastian,otoa sebastian,6.0,6.0,0,0,0,0,0,0,0
2025-2026,14,Genoa,SABELLI Stefano,sabelli stefano,,,0,0,0,0,0,0,0
2025-2026,14,Genoa,VASQUEZ Johan,vasquez johan,6.0,6.0,0,0,0,0,0,0,0
2025-2026,14,Genoa,CARBONI Valentin,carboni valentin,,,0,0,0,0,0,0,0
2025-2026,14,Genoa,CUENCA Hugo,cuenca hugo,,,0,0,0,0,0,0,0
2025-2026,14,Genoa,ELLERTSSON Mikael,ellertsson mikael,,,0,0,0,0,0,0,0
2025-2026,14,Genoa,FINI Seydou,fini seydou,,,0,0,0,0,0,0,0
2025-2026,14,Genoa,FRENDRUP Morten,frendrup morten,,,0,0,0,0,0,0,0
2025-2026,14,Genoa,GRONBAEK Alberto,gronbaek alberto,,,0,0,0,0,0,0,0
2025-2026,14,Genoa,LAFONT Gael,lafont gael,,,0,0,0,0,0,0,0
2025-2026,14,Genoa,MALINOVSKYI Ruslan,malinovskyi ruslan,6.5,9.5,1,0,0,0,0,1,0
2025-2026,14,Genoa,MASINI Patrizio,masini patrizio,6.5,6.5,0,0,0,0,0,0,0
2025-2026,14,Genoa,MESSIAS Junior,messias junior,6.5,6.5,0,0,0,0,0,0,0
2025-2026,14,Genoa,ONANA Jean,onana jean,,,0,0,0,0,0,0,0
2025-2026,14,Genoa,STANCIU Nicolae,stanciu nicolae,,,0,0,0,0,0,0,0
2025-2026,14,Genoa,THORSBY Morten,thorsby morten,6.5,6.5,0,0,0,0,0,0,0
2025-2026,14,Genoa,COLOMBO Lorenzo,colombo lorenzo,6.0,6.0,0,0,0,0,0,0,0
2025-2026,14,Genoa,CORNET Maxwel,cornet maxwel,,,0,0,0,0,0,0,0
2025-2026,14,Genoa,EKHATOR Jeff,ekhator jeff,6.0,6.0,0,0,0,0,0,0,0
2025-2026,14,Genoa,EKUBAN Caleb,ekuban caleb,6.5,7.5,0,1,0,0,0,0,0
2025-2026,14,Genoa,VENTURINO Lorenzo,venturino lorenzo,,,0,0,0,0,0,0,0
2025-2026,14,Genoa,VITINHA,vitinha,6.0,6.0,0,0,0,0,0,0,0
2025-2026,14,Inter,DI GENNARO Raffaele,di gennaro raffaele,,,0,0,0,0,0,0,0
2025-2026,14,Inter,MARTINEZ Josep,martinez josep,,,0,0,0,0,0,0,0
2025-2026,14,Inter,SOMMER Yann,sommer yann,5.5,6.5,0,0,0,0,0,0,0
2025-2026,14,Inter,ACERBI Francesco,acerbi francesco,7.0,8.0,0,1,0,0,0,0,0
2025-2026,14,Inter,AKANJI Manuel,akanji manuel,6.0,5.5,0,0,1,0,0,0,0
2025-2026,14,Inter,ALEXIOU Christos,alexiou christos,,,0,0,0,0,0,0,0
2025-2026,14,Inter,BASTONI Alessandro,bastoni alessandro,6.5,6.5,0,0,0,0,0,0,0
2025-2026,14,Inter,BISSECK Yann Aurel,bisseck yann aurel,,,0,0,0,0,0,0,0
2025-2026,14,Inter,CARLOS AUGUSTO,carlos augusto,6.5,9.5,1,0,0,0,0,0,0
2025-2026,14,Inter,COCCHI Matteo,cocchi matteo,,,0,0,0,0,0,0,0
2025-2026,14,Inter,DARMIAN Matteo,darmian matteo,,,0,0,0,0,0,0,0
2025-2026,14,Inter,DE VRIJ Stefan,de vrij stefan,,,0,0,0,0,0,0,0
2025-2026,14,Inter,DIMARCO Federico,dimarco federico,7.0,8.0,0,1,0,0,0,0,0
2025-2026,14,Inter,DUMFRIES Denzel,dumfries denzel,,,0,0,0,0,0,0,0
2025-2026,14,Inter,LUIS HENRIQUE,luis henrique,7.0,8.0,0,1,0,0,0,0,0
2025-2026,14,Inter,PALACIOS Tomas,palacios tomas,,,0,0,0,0,0,0,0
2025-2026,14,Inter,RE CECCONI Gabriele,re cecconi gabriele,,,0,0,0,0,0,0,0
2025-2026,14,Inter,BARELLA Nicolo',barella nicolo',7.0,7.0,0,0,0,0,0,0,0
2025-2026,14,Inter,BERENBRUCH Thomas,berenbruch thomas,,,0,0,0,0,0,0,0
2025-2026,14,Inter,CALHANOGLU Hakan,calhanoglu hakan,7.0,10.0,1,0,0,0,0,0,0
2025-2026,14,Inter,DIOUF Andy,diouf andy,,,0,0,0,0,0,0,0
2025-2026,14,Inter,FRATTESI Davide,frattesi davide,,,0,0,0,0,0,0,0
2025-2026,14,Inter,MKHITARYAN Henrikh,mkhitaryan henrikh,6.5,6.5,0,0,0,0,0,0,0
2025-2026,14,Inter,SUCIC Petar,sucic petar,,,0,0,0,0,0,0,0
2025-2026,14,Inter,TOPALOVIC Luka,topalovic luka,,,0,0,0,0,0,0,0
2025-2026,14,Inter,ZIELINSKI Piotr,zielinski piotr,6.5,6.5,0,0,0,0,0,0,0
2025-2026,14,Inter,BONNY Ange-Yoan,bonny ange-yoan,,,0,0,0,0,0,0,0
2025-2026,14,Inter,ESPOSITO Francesco .,esposito francesco .,6.0,6.0,0,0,0,0,0,0,0
2025-2026,14,Inter,MARTINEZ Lautaro,martinez lautaro,7.0,10.0,1,0,0,0,0,0,0
2025-2026,14,Inter,THURAM Marcus,thuram marcus,7.0,10.0,1,0,0,0,0,0,0
2025-2026,14,Juventus,DI GREGORIO Michele,di gregorio michele,6.5,4.5,-2,0,0,0,0,0,0
2025-2026,14,Juventus,PERIN Mattia,perin mattia,,,0,0,0,0,0,0,0
2025-2026,14,Juventus,PINSOGLIO Carlo,pinsoglio carlo,,,0,0,0,0,0,0,0
2025-2026,14,Juventus,BREMER Gleison,bremer gleison,,,0,0,0,0,0,0,0
2025-2026,14,Juventus,CABAL Juan,cabal juan,5.0,5.0,0,0,0,0,0,0,0
2025-2026,14,Juventus,CAMBIASO Andrea,cambiaso andrea,5.0,5.0,0,0,0,0,0,0,0
2025-2026,14,Juventus,GATTI Federico,gatti federico,,,0,0,0,0,0,0,0
2025-2026,14,Juventus,KALULU Pierre,kalulu pierre,5.5,5.0,0,0,1,0,0,0,0
2025-2026,14,Juventus,KELLY Lloyd,kelly lloyd,5.0,5.0,0,0,0,0,0,0,0
2025-2026,14,Juventus,MARIO Joao,mario joao,,,0,0,0,0,0,0,0
2025-2026,14,Juventus,ROUHI Jonas,rouhi jonas,,,0,0,0,0,0,0,0
2025-2026,14,Juventus,RUGANI Daniele,rugani daniele,,,0,0,0,0,0,0,0
2025-2026,14,Juventus,ADZIC Vasilije,adzic vasilije,,,0,0,0,0,0,0,0
2025-2026,14,Juventus,KOOPMEINERS Teun,koopmeiners teun,5.0,5.0,0,0,0,0,0,0,0
2025-2026,14,Juventus,KOSTIC Filip,kostic filip,5.5,5.5,0,0,0,0,0,0,0
2025-2026,14,Juventus,LOCATELLI Manuel,locatelli manuel,6.0,6.0,0,0,0,0,0,0,0
2025-2026,14,Juventus,MCKENNIE Weston,mckennie weston,5.5,6.5,0,1,0,0,0,0,0
2025-2026,14,Juventus,MIRETTI Fabio,miretti fabio,,6.0,0,0,0,0,0,0,0
2025-2026,14,Juventus,THURAM Khephren,thuram khephren,5.0,5.0,0,0,0,0,0,0,0
2025-2026,14,Juventus,CONCEICAO Francisco,conceicao francisco,6.0,6.0,0,0,0,0,0,0,0
2025-2026,14,Juventus,DAVID Jonathan,david jonathan,5.5,5.5,0,0,0,0,0,0,0
2025-2026,14,Juventus,MILIK Arek,milik arek,,,0,0,0,0,0,0,0
2025-2026,14,Juventus,OPENDA Lois,openda lois,,6.0,0,0,0,0,0,0,0
2025-2026,14,Juventus,PUGNO Diego,pugno diego,,,0,0,0,0,0,0,0
2025-2026,14,Juventus,VLAHOVIC Dusan,vlahovic dusan,,,0,0,0,0,0,0,0
2025-2026,14,Juventus,YILDIZ Kenan,yildiz kenan,7.0,10.0,1,0,0,0,0,0,0
2025-2026,14,Juventus,ZHEGROVA Edon,zhegrova edon,,,0,0,0,0,0,0,0
2025-2026,14,Lazio,FURLANETTO Alessio,furlanetto alessio,,,0,0,0,0,0,0,0
2025-2026,14,Lazio,MANDAS Christos,mandas christos,,,0,0,0,0,0,0,0
2025-2026,14,Lazio,PROVEDEL Ivan,provedel ivan,6.5,5.5,-1,0,0,0,0,0,0
2025-2026,14,Lazio,GIGOT Samuel,gigot samuel,,,0,0,0,0,0,0,0
2025-2026,14,Lazio,GILA Mario,gila mario,4.5,3.5,0,0,0,1,0,0,0
2025-2026,14,Lazio,HYSAJ Elseid,hysaj elseid,,,0,0,0,0,0,0,0
2025-2026,14,Lazio,LAZZARI Manuel,lazzari manuel,6.0,5.5,0,0,1,0,0,0,0
2025-2026,14,Lazio,MARUSIC Adam,marusic adam,6.0,6.0,0,0,0,0,0,0,0
2025-2026,14,Lazio,NUNO TAVARES,nuno tavares,4.0,3.5,0,0,1,0,0,0,0
2025-2026,14,Lazio,PATRIC,patric,6.0,6.0,0,0,0,0,0,0,0
2025-2026,14,Lazio,PELLEGRINI Luca,pellegrini luca,,,0,0,0,0,0,0,0
2025-2026,14,Lazio,PROVSTGAARD Oliver,provstgaard oliver,,,0,0,0,0,0,0,0
2025-2026,14,Lazio,ROMAGNOLI Alessio,romagnoli alessio,6.5,6.5,0,0,0,0,0,0,0
2025-2026,14,Lazio,BASIC Toma,basic toma,6.5,6.5,0,0,0,0,0,0,0
2025-2026,14,Lazio,BELAHYANE Reda,belahyane reda,,,0,0,0,0,0,0,0
2025-2026,14,Lazio,CATALDI Danilo,cataldi danilo,6.0,6.0,0,0,0,0,0,0,0
2025-2026,14,Lazio,DELE-BASHIRU Fisayo,dele-bashiru fisayo,6.0,6.0,0,0,0,0,0,0,0
2025-2026,14,Lazio,GUENDOUZI Matteo,guendouzi matteo,7.0,7.0,0,0,0,0,0,0,0
2025-2026,14,Lazio,ROVELLA Nicolo,rovella nicolo,,,0,0,0,0,0,0,0
2025-2026,14,Lazio,VECINO Matias,vecino matias,,,0,0,0,0,0,0,0
2025-2026,14,Lazio,CANCELLIERI Matteo,cancellieri matteo,6.5,6.5,0,0,0,0,0,0,0
2025-2026,14,Lazio,CASTELLANOS Valentin,castellanos valentin,5.0,5.0,0,0,0,0,0,0,0
2025-2026,14,Lazio,DIA Boulaye,dia boulaye,,,0,0,0,0,0,0,0
2025-2026,14,Lazio,ISAKSEN Gustav,isaksen gustav,7.0,10.0,1,0,0,0,0,0,0
2025-2026,14,Lazio,NOSLIN Tijjani,noslin tijjani,6.0,6.0,0,0,0,0,0,0,0
2025-2026,14,Lazio,PEDRO,pedro,,,0,0,0,0,0,0,0
2025-2026,14,Lazio,ZACCAGNI Mattia,zaccagni mattia,6.5,6.5,0,0,0,0,0,0,0
2025-2026,14,Lecce,FALCONE Wladimiro,falcone wladimiro,6.0,4.0,-2,0,0,0,0,0,1
2025-2026,14,Lecce,FRUCHTL Christian,fruchtl christian,,,0,0,0,0,0,0,0
2025-2026,14,Lecce,SAMOOJA Jasper,samooja jasper,,,0,0,0,0,0,0,0
2025-2026,14,Lecce,ESTEBAN Paco,esteban paco,,,0,0,0,0,0,0,0
2025-2026,14,Lecce,GABRIEL Tiago,gabriel tiago,6.0,6.0,0,0,0,0,0,0,0
2025-2026,14,Lecce,GALLO Antonino,gallo antonino,5.5,5.0,0,0,1,0,0,0,0
2025-2026,14,Lecce,GASPAR Kialonda,gaspar kialonda,5.5,5.5,0,0,0,0,0,0,0
2025-2026,14,Lecce,GUILBERT Frederic,guilbert frederic,,,0,0,0,0,0,0,0
2025-2026,14,Lecce,JEAN Gaby,jean gaby,,,0,0,0,0,0,0,0
2025-2026,14,Lecce,KOUASSI Owen,kouassi owen,,,0,0,0,0,0,0,0
2025-2026,14,Lecce,NDABA Corrie,ndaba corrie,,,0,0,0,0,0,0,0
2025-2026,14,Lecce,PEHLIVANOV Cristian,pehlivanov cristian,,,0,0,0,0,0,0,0
2025-2026,14,Lecce,PEREZ Matias,perez matias,,,0,0,0,0,0,0,0
2025-2026,14,Lecce,SCOTT Elijah,scott elijah,,,0,0,0,0,0,0,0
2025-2026,14,Lecce,SIEBERT Jamil,siebert jamil,,,0,0,0,0,0,0,0
2025-2026,14,Lecce,VEIGA Danilo,veiga danilo,6.0,6.0,0,0,0,0,0,0,0
2025-2026,14,Lecce,BERISHA Medon,berisha medon,6.0,6.0,0,0,0,0,0,0,0
2025-2026,14,Lecce,COULIBALY Lassana,coulibaly lassana,6.0,6.0,0,0,0,0,0,0,0
2025-2026,14,Lecce,GORTER Olaf,gorter olaf,,,0,0,0,0,0,0,0
2025-2026,14,Lecce,HELGASON Thorir,helgason thorir,,,0,0,0,0,0,0,0
2025-2026,14,Lecce,KABA Mohamed,kaba mohamed,5.5,5.5,0,0,0,0,0,0,0
2025-2026,14,Lecce,MALEH Youssef,maleh youssef,,,0,0,0,0,0,0,0
2025-2026,14,Lecce,MARCHWINSKI Filip,marchwinski filip,,,0,0,0,0,0,0,0
2025-2026,14,Lecce,PIERRET Balthazar,pierret balthazar,,,0,0,0,0,0,0,0
2025-2026,14,Lecce,RAFIA Hamza,rafia hamza,,,0,0,0,0,0,0,0
2025-2026,14,Lecce,RAMADANI Ylber,ramadani ylber,5.5,5.5,0,0,0,0,0,0,0
2025-2026,14,Lecce,SALA Alex,sala alex,5.5,5.5,0,0,0,0,0,0,0
2025-2026,14,Lecce,SOTTIL Riccardo,sottil riccardo,6.0,6.0,0,0,0,0,0,0,0
2025-2026,14,Lecce,BANDA Lameck,banda lameck,5.0,4.5,0,0,1,0,0,0,0
2025-2026,14,Lecce,CAMARDA Francesco,camarda francesco,5.5,5.5,0,0,0,0,0,0,0
2025-2026,14,Lecce,MORENTE Tete,morente tete,,,0,0,0,0,0,0,0
2025-2026,14,Lecce,N'DRI Konan,n'dri konan,5.0,5.0,0,0,0,0,0,0,0
2025-2026,14,Lecce,PIEROTTI Santiago,pierotti santiago,5.5,5.5,0,0,0,0,0,0,0
2025-2026,14,Lecce,STULIC Nikola,stulic nikola,5.0,5.0,0,0,0,0,0,0,0
2025-2026,14,Milan,MAIGNAN Mike,maignan mike,5.5,3.0,-2,0,1,0,0,0,1
2025-2026,14,Milan,TERRACCIANO Pietro,terracciano pietro,,,0,0,0,0,0,0,0
2025-2026,14,Milan,TORRIANI Lorenzo,torriani lorenzo,,,0,0,0,0,0,0,0
2025-2026,14,Milan,ATHEKAME Zachary,athekame zachary,,,0,0,0,0,0,0,0
2025-2026,14,Milan,BARTESAGHI Davide,bartesaghi davide,6.0,6.0,0,0,0,0,0,0,0
2025-2026,14,Milan,DE WINTER Koni,de winter koni,,,0,0,0,0,0,0,0
2025-2026,14,Milan,ESTUPINAN Pervis,estupinan pervis,,,0,0,0,0,0,0,0
2025-2026,14,Milan,GABBIA Matteo,gabbia matteo,6.0,6.0,0,0,0,0,0,0,0
2025-2026,14,Milan,ODOGU David,odogu david,,,0,0,0,0,0,0,0
2025-2026,14,Milan,PAVLOVIC Strahinja,pavlovic strahinja,6.0,6.0,0,0,0,0,0,0,0
2025-2026,14,Milan,TOMORI Fikayo,tomori fikayo,5.5,6.5,0,1,0,0,0,0,0
2025-2026,14,Milan,FOFANA Youssouf,fofana youssouf,,,0,0,0,0,0,0,0
2025-2026,14,Milan,JASHARI Ardon,jashari ardon,,,0,0,0,0,0,0,0
2025-2026,14,Milan,LOFTUS-CHEEK Ruben,loftus-cheek ruben,6.5,6.5,0,0,0,0,0,0,0
2025-2026,14,Milan,MODRIC Luka,modric luka,6.0,6.0,0,0,0,0,0,0,0
2025-2026,14,Milan,RABIOT Adrien,rabiot adrien,7.5,10.5,1,0,0,0,0,0,0
2025-2026,14,Milan,RICCI Samuele,ricci samuele,7.0,8.0,0,1,0,0,0,0,0
2025-2026,14,Milan,SAELEMAEKERS Alexis,saelemaekers alexis,7.0,8.0,0,1,0,0,0,0,0
2025-2026,14,Milan,TRAORE Chaka,traore chaka,,,0,0,0,0,0,0,0
2025-2026,14,Milan,VOS Silvano,vos silvano,,,0,0,0,0,0,0,0
2025-2026,14,Milan,BALENTIEN Chevejo,balentien chevejo,,,0,0,0,0,0,0,0
2025-2026,14,Milan,GIMENEZ Santiago,gimenez santiago,,,0,0,0,0,0,0,0
2025-2026,14,Milan,LEAO Rafael,leao rafael,6.0,6.0,0,0,0,0,0,0,0
2025-2026,14,Milan,NKUNKU Cristopher,nkunku cristopher,5.0,5.0,0,0,0,0,0,0,0
2025-2026,14,Milan,PULISIC Christian,pulisic christian,8.0,14.0,2,0,0,0,0,0,0
2025-2026,14,Napoli,CONTINI Nikita,contini nikita,,,0,0,0,0,0,0,0
2025-2026,14,Napoli,MERET Alex,meret alex,,,0,0,0,0,0,0,0
2025-2026,14,Napoli,MILINKOVIC Vanja,milinkovic vanja,6.0,5.0,-1,0,0,0,0,0,0
2025-2026,14,Napoli,BEUKEMA Sam,beukema sam,5.5,5.0,0,0,1,0,0,0,0
2025-2026,14,Napoli,BUONGIORNO Alessand.,buongiorno alessand.,6.0,5.5,0,0,1,0,0,0,0
2025-2026,14,Napoli,DI LORENZO Giovanni,di lorenzo giovanni,6.5,6.5,0,0,0,0,0,0,0
2025-2026,14,Napoli,GUTIERREZ Miguel,gutierrez miguel,,,0,0,0,0,0,0,0
2025-2026,14,Napoli,JESUS Juan,jesus juan,,,0,0,0,0,0,0,0
2025-2026,14,Napoli,MARIANUCCI Luca,marianucci luca,,,0,0,0,0,0,0,0
2025-2026,14,Napoli,MAZZOCCHI Pasquale,mazzocchi pasquale,,,0,0,0,0,0,0,0
2025-2026,14,Napoli,OLIVERA Mathias,olivera mathias,6.0,6.0,0,0,0,0,0,0,0
2025-2026,14,Napoli,RRAHMANI Amir,rrahmani amir,7.0,7.0,0,0,0,0,0,0,0
2025-2026,14,Napoli,SPINAZZOLA Leonardo,spinazzola leonardo,6.0,6.0,0,0,0,0,0,0,0
2025-2026,14,Napoli,ANGUISSA Andre' Zam.,anguissa andre' zam.,,,0,0,0,0,0,0,0
2025-2026,14,Napoli,DE BRUYNE Kevin,de bruyne kevin,,,0,0,0,0,0,0,0
2025-2026,14,Napoli,ELMAS Eljif,elmas eljif,6.5,6.5,0,0,0,0,0,0,0
2025-2026,14,Napoli,GILMOUR Billy,gilmour billy,,,0,0,0,0,0,0,0
2025-2026,14,Napoli,LOBOTKA Stanislav,lobotka stanislav,,,0,0,0,0,0,0,0
2025-2026,14,Napoli,MCTOMINAY Scott,mctominay scott,7.0,7.0,0,0,0,0,0,0,0
2025-2026,14,Napoli,VERGARA Antonio,vergara antonio,,,0,0,0,0,0,0,0
2025-2026,14,Napoli,AMBROSINO Giuseppe,ambrosino giuseppe,,,0,0,0,0,0,0,0
2025-2026,14,Napoli,HOJLUND Rasmus,hojlund rasmus,8.0,14.0,2,0,0,0,0,0,0
2025-2026,14,Napoli,LANG Noa,lang noa,6.0,6.0,0,0,0,0,0,0,0
2025-2026,14,Napoli,LUCCA Lorenzo,lucca lorenzo,,,0,0,0,0,0,0,0
2025-2026,14,Napoli,LUKAKU Romelu,lukaku romelu,,,0,0,0,0,0,0,0
2025-2026,14,Napoli,NERES David,neres david,7.5,8.5,0,1,0,0,0,0,0
2025-2026,14,Napoli,POLITANO Matteo,politano matteo,,,0,0,0,0,0,0,0
2025-2026,14,Roma,GOLLINI Pierluigi,gollini pierluigi,,,0,0,0,0,0,0,0
2025-2026,14,Roma,SVILAR Mile,svilar mile,6.5,5.5,-1,0,0,0,0,0,0
2025-2026,14,Roma,VASQUEZ Devis,vasquez devis,,,0,0,0,0,0,0,0
2025-2026,14,Roma,ANGELINO Jose',angelino jose',,,0,0,0,0,0,0,0
2025-2026,14,Roma,CELIK Zeki,celik zeki,5.0,4.0,0,0,0,1,0,0,0
2025-2026,14,Roma,GHILARDI Daniele,ghilardi daniele,4.0,4.0,0,0,0,0,0,0,0
2025-2026,14,Roma,HERMOSO Mario,hermoso mario,5.5,5.0,0,0,1,0,0,0,0
2025-2026,14,Roma,MANCINI Gianluca,mancini gianluca,5.5,5.5,0,0,0,0,0,0,0
2025-2026,14,Roma,NDICKA Evan,ndicka evan,4.5,4.5,0,0,0,0,0,0,0
2025-2026,14,Roma,RENSCH Devyne,rensch devyne,5.0,5.0,0,0,0,0,0,0,0
2025-2026,14,Roma,SANGARe' Buba,sangare' buba,,,0,0,0,0,0,0,0
2025-2026,14,Roma,TSIMIKAS Konstantin.,tsimikas konstantin.,4.5,4.5,0,0,0,0,0,0,0
2025-2026,14,Roma,WESLEY,wesley,,,0,0,0,0,0,0,0
2025-2026,14,Roma,ZIOLKOWSKI Jan,ziolkowski jan,,,0,0,0,0,0,0,0
2025-2026,14,Roma,BALDANZI Tommaso,baldanzi tommaso,4.5,4.5,0,0,0,0,0,0,0
2025-2026,14,Roma,CRISTANTE Bryan,cristante bryan,5.0,5.0,0,0,0,0,0,0,0
2025-2026,14,Roma,EL AYNAOUI Neil,el aynaoui neil,5.0,5.0,0,0,0,0,0,0,0
2025-2026,14,Roma,EL SHAARAWY Stephan,el shaarawy stephan,,,0,0,0,0,0,0,0
2025-2026,14,Roma,KONE' Manu,kone' manu,5.0,5.0,0,0,0,0,0,0,0
2025-2026,14,Roma,PELLEGRINI Lorenzo,pellegrini lorenzo,5.0,5.0,0,0,0,0,0,0,0
2025-2026,14,Roma,PISILLI Niccolo',pisilli niccolo',,,0,0,0,0,0,0,0
2025-2026,14,Roma,ROMANO Alessandro,romano alessandro,,,0,0,0,0,0,0,0
2025-2026,14,Roma,ARENA Antonio,arena antonio,,,0,0,0,0,0,0,0
2025-2026,14,Roma,BAILEY Leon,bailey leon,,,0,0,0,0,0,0,0
2025-2026,14,Roma,DOVBYK Artem,dovbyk artem,,,0,0,0,0,0,0,0
2025-2026,14,Roma,DYBALA Paulo,dybala paulo,5.0,5.0,0,0,0,0,0,0,0
2025-2026,14,Roma,FERGUSON Evan,ferguson evan,5.0,5.0,0,0,0,0,0,0,0
2025-2026,14,Roma,SOULE' Matias,soule' matias,5.0,5.0,0,0,0,0,0,0,0
2025-2026,14,Sassuolo,MURIC Arijanet,muric arijanet,5.5,4.0,-1,0,1,0,0,0,1
2025-2026,14,Sassuolo,SATALINO Giacomo,satalino giacomo,,,0,0,0,0,0,0,0
2025-2026,14,Sassuolo,TURATI Stefano,turati stefano,,,0,0,0,0,0,0,0
2025-2026,14,Sassuolo,ZACCHI Gioele,zacchi gioele,,,0,0,0,0,0,0,0
2025-2026,14,Sassuolo,CANDE' Fali,cande' fali,,,0,0,0,0,0,0,0
2025-2026,14,Sassuolo,COULIBALY Woyo,coulibaly woyo,,6.0,0,0,0,0,0,0,0
2025-2026,14,Sassuolo,DOIG Josh,doig josh,6.5,6.5,0,0,0,0,0,0,0
2025-2026,14,Sassuolo,IDZES Jay,idzes jay,6.5,6.5,0,0,0,0,0,0,0
2025-2026,14,Sassuolo,MUHAREMOVIC Tarik,muharemovic tarik,8.0,12.0,1,1,0,0,0,0,0
2025-2026,14,Sassuolo,PAZ Yeferson,paz yeferson,,,0,0,0,0,0,0,0
2025-2026,14,Sassuolo,PIERAGNOLO Edoardo,pieragnolo edoardo,,,0,0,0,0,0,0,0
2025-2026,14,Sassuolo,ROMAGNA Filippo,romagna filippo,,,0,0,0,0,0,0,0
2025-2026,14,Sassuolo,WALUKIEWICZ Sebasti.,walukiewicz sebasti.,6.0,6.0,0,0,0,0,0,0,0
2025-2026,14,Sassuolo,BOLOCA Daniel,boloca daniel,,,0,0,0,0,0,0,0
2025-2026,14,Sassuolo,FADERA Alieu,fadera alieu,6.0,6.0,0,0,0,0,0,0,0
2025-2026,14,Sassuolo,IANNONI Edoardo,iannoni edoardo,,,0,0,0,0,0,0,0
2025-2026,14,Sassuolo,KONE Ismael,kone ismael,7.0,10.0,1,0,0,0,0,0,0
2025-2026,14,Sassuolo,LIPANI Luca,lipani luca,,,0,0,0,0,0,0,0
2025-2026,14,Sassuolo,MATIC Nemanja,matic nemanja,6.5,6.5,0,0,0,0,0,0,0
2025-2026,14,Sassuolo,THORSTVEDT Kristian,thorstvedt kristian,6.0,5.5,0,0,1,0,0,0,0
2025-2026,14,Sassuolo,VOLPATO Cristian,volpato cristian,7.5,11.5,1,1,0,0,0,0,0
2025-2026,14,Sassuolo,VRANCKX Aster,vranckx aster,,,0,0,0,0,0,0,0
2025-2026,14,Sassuolo,BERARDI Domenico,berardi domenico,,,0,0,0,0,0,0,0
2025-2026,14,Sassuolo,CHEDDIRA Walid,cheddira walid,6.5,6.5,0,0,0,0,0,0,0
2025-2026,14,Sassuolo,LAURIENTE' Armand,lauriente' armand,5.5,6.5,0,1,0,0,0,0,0
2025-2026,14,Sassuolo,MORO Luca,moro luca,,,0,0,0,0,0,0,0
2025-2026,14,Sassuolo,PIERINI Nicholas,pierini nicholas,,6.0,0,0,0,0,0,0,0
2025-2026,14,Sassuolo,PINAMONTI Andrea,pinamonti andrea,6.0,6.0,0,0,0,0,0,0,0
2025-2026,14,Sassuolo,SKJELLERUP Laurs,skjellerup laurs,,,0,0,0,0,0,0,0
2025-2026,14,Torino,ISRAEL Franco,israel franco,6.0,3.0,-3,0,0,0,0,0,0
2025-2026,14,Torino,PALEARI Alberto,paleari alberto,,,0,0,0,0,0,0,0
2025-2026,14,Torino,POPA Mihai,popa mihai,,,0,0,0,0,0,0,0
2025-2026,14,Torino,BIRAGHI Cristiano,biraghi cristiano,,,0,0,0,0,0,0,0
2025-2026,14,Torino,COCO Saul,coco saul,5.0,5.0,0,0,0,0,0,0,0
2025-2026,14,Torino,DEMBELE' Ali,dembele' ali,,,0,0,0,0,0,0,0
2025-2026,14,Torino,ISMAJLI Ardian,ismajli ardian,,,0,0,0,0,0,0,0
2025-2026,14,Torino,LAZARO Valentino,lazaro valentino,5.5,5.0,0,0,1,0,0,0,0
2025-2026,14,Torino,MARIPAN Guillermo,maripan guillermo,6.0,6.0,0,0,0,0,0,0,0
2025-2026,14,Torino,MASINA Adam,masina adam,5.5,5.5,0,0,0,0,0,0,0
2025-2026,14,Torino,NKOUNKOU Niels,nkounkou niels,,,0,0,0,0,0,0,0
2025-2026,14,Torino,PEDERSEN Marcus,pedersen marcus,6.5,6.5,0,0,0,0,0,0,0
2025-2026,14,Torino,PEREZ Alex,perez alex,,,0,0,0,0,0,0,0
2025-2026,14,Torino,SAZONOV Saba,sazonov saba,,,0,0,0,0,0,0,0
2025-2026,14,Torino,SCHUURS Perr,schuurs perr,,,0,0,0,0,0,0,0
2025-2026,14,Torino,ZAIA Edoardo,zaia edoardo,,,0,0,0,0,0,0,0
2025-2026,14,Torino,ANJORIN Tino,anjorin tino,6.0,5.5,0,0,1,0,0,0,0
2025-2026,14,Torino,ASLLANI Kristjan,asllani kristjan,6.5,6.5,0,0,0,0,0,0,0
2025-2026,14,Torino,CASADEI Cesare,casadei cesare,5.5,5.5,0,0,0,0,0,0,0
2025-2026,14,Torino,GINEITIS Gvidas,gineitis gvidas,,,0,0,0,0,0,0,0
2025-2026,14,Torino,ILIC Ivan,ilic ivan,,,0,0,0,0,0,0,0
2025-2026,14,Torino,ILKHAN Emirhan,ilkhan emirhan,,,0,0,0,0,0,0,0
2025-2026,14,Torino,PERCIUN Sergiu,perciun sergiu,,,0,0,0,0,0,0,0
2025-2026,14,Torino,TAMEZE Adrien,tameze adrien,6.0,6.0,0,0,0,0,0,0,0
2025-2026,14,Torino,VLASIC Nikola,vlasic nikola,7.5,11.5,1,1,0,0,0,1,0
2025-2026,14,Torino,ABOUKHLAL Zakaria,aboukhlal zakaria,,,0,0,0,0,0,0,0
2025-2026,14,Torino,ADAMS Che',adams che',6.0,6.0,0,0,0,0,0,0,0
2025-2026,14,Torino,GABELLINI Tommaso,gabellini tommaso,,,0,0,0,0,0,0,0
2025-2026,14,Torino,NGONGE Cyril,ngonge cyril,,,0,0,0,0,0,0,0
2025-2026,14,Torino,NJIE Alieu,njie alieu,,,0,0,0,0,0,0,0
2025-2026,14,Torino,SAVVA Zanos,savva zanos,,,0,0,0,0,0,0,0
2025-2026,14,Torino,SIMEONE Giovanni,simeone giovanni,,,0,0,0,0,0,0,0
2025-2026,14,Torino,ZAPATA Duvan,zapata duvan,7.0,10.0,1,0,0,0,0,0,0
2025-2026,14,Udinese,NUNZIANTE Alessandro,nunziante alessandro,,,0,0,0,0,0,0,0
2025-2026,14,Udinese,OKOYE Maduka,okoye maduka,5.0,3.0,-2,0,0,0,0,0,1
2025-2026,14,Udinese,PADELLI Daniele,padelli daniele,,,0,0,0,0,0,0,0
2025-2026,14,Udinese,SAVA Razvan,sava razvan,,,0,0,0,0,0,0,0
2025-2026,14,Udinese,BERTOLA Nicolo',bertola nicolo',5.5,5.5,0,0,0,0,0,0,0
2025-2026,14,Udinese,EHIZIBUE Kingsley,ehizibue kingsley,5.0,5.0,0,0,0,0,0,0,0
2025-2026,14,Udinese,GOGLICHIDZE Saba,goglichidze saba,,,0,0,0,0,0,0,0
2025-2026,14,Udinese,KABASELE Christian,kabasele christian,6.0,6.0,0,0,0,0,0,0,0
2025-2026,14,Udinese,KAMARA Hassane,kamara hassane,,,0,0,0,0,0,0,0
2025-2026,14,Udinese,KRISTENSEN Thomas,kristensen thomas,,,0,0,0,0,0,0,0
2025-2026,14,Udinese,MODESTO Rui,modesto rui,6.0,7.0,0,1,0,0,0,0,0
2025-2026,14,Udinese,PALMA Matteo,palma matteo,,,0,0,0,0,0,0,0
2025-2026,14,Udinese,SOLET Oumar,solet oumar,5.5,5.5,0,0,0,0,0,0,0
2025-2026,14,Udinese,ZANOLI Alessandro,zanoli alessandro,6.0,6.0,0,0,0,0,0,0,0
2025-2026,14,Udinese,ZEMURA Jordan,zemura jordan,6.0,6.0,0,0,0,0,0,0,0
2025-2026,14,Udinese,ATTA Arthur,atta arthur,,,0,0,0,0,0,0,0
2025-2026,14,Udinese,EKKELENKAMP Jurgen,ekkelenkamp jurgen,5.0,5.0,0,0,0,0,0,0,0
2025-2026,14,Udinese,KARLSTROM Jesper,karlstrom jesper,5.0,4.5,0,0,1,0,0,0,0
2025-2026,14,Udinese,LOVRIC Sandi,lovric sandi,,,0,0,0,0,0,0,0
2025-2026,14,Udinese,MILLER Lennon,miller lennon,,,0,0,0,0,0,0,0
2025-2026,14,Udinese,PIOTROWSKI Jakub,piotrowski jakub,6.5,9.5,1,0,0,0,0,0,0
2025-2026,14,Udinese,ZANIOLO Nicolo',zaniolo nicolo',6.0,6.0,0,0,0,0,0,0,0
2025-2026,14,Udinese,ZARRAGA Oier,zarraga oier,,,0,0,0,0,0,0,0
2025-2026,14,Udinese,BAYO Vakoun,bayo vakoun,,,0,0,0,0,0,0,0
2025-2026,14,Udinese,BRAVO Iker,bravo iker,,,0,0,0,0,0,0,0
2025-2026,14,Udinese,BUKSA Adam,buksa adam,5.0,5.0,0,0,0,0,0,0,0
2025-2026,14,Udinese,DAVIS Keinan,davis keinan,5.5,5.5,0,0,0,0,0,0,0
2025-2026,14,Udinese,GUEYE Idrissa,gueye idrissa,,,0,0,0,0,0,0,0
2025-2026,14,Udinese,VINCIATI Giulio,vinciati giulio,,,0,0,0,0,0,0,0
2025-2026,14,Verona,MONTIPO' Lorenzo,montipo' lorenzo,7.0,6.0,-1,0,0,0,0,0,1
2025-2026,14,Verona,PERILLI Simone,perilli simone,,,0,0,0,0,0,0,0
2025-2026,14,Verona,BELGHALI Rafik,belghali rafik,8.0,11.0,1,0,0,0,0,0,0
2025-2026,14,Verona,BELLA-KOTCHAP Armel,bella-kotchap armel,7.5,7.5,0,0,0,0,0,0,0
2025-2026,14,Verona,BRADARIC Domagoj,bradaric domagoj,,,0,0,0,0,0,0,0
2025-2026,14,Verona,CHAM Fallou,cham fallou,,,0,0,0,0,0,0,0
2025-2026,14,Verona,EBOSSE Enzo,ebosse enzo,,,0,0,0,0,0,0,0
2025-2026,14,Verona,FRESE Martin,frese martin,7.5,7.0,0,0,1,0,0,0,0
2025-2026,14,Verona,KURTI Adi,kurti adi,,,0,0,0,0,0,0,0
2025-2026,14,Verona,NELSSON Victor,nelsson victor,7.5,7.0,0,0,1,0,0,0,0
2025-2026,14,Verona,NUNEZ Unai,nunez unai,7.0,7.0,0,0,0,0,0,0,0
2025-2026,14,Verona,OYEGOKE Daniel,oyegoke daniel,,,0,0,0,0,0,0,0
2025-2026,14,Verona,SLOTSAGER Tobias,slotsager tobias,,,0,0,0,0,0,0,0
2025-2026,14,Verona,VALENTINI Nicolas,valentini nicolas,,,0,0,0,0,0,0,0
2025-2026,14,Verona,YELLU Santiago,yellu santiago,,,0,0,0,0,0,0,0
2025-2026,14,Verona,AKPA-AKPRO Jean-Dan.,akpa-akpro jean-dan.,,,0,0,0,0,0,0,0
2025-2026,14,Verona,AL-MUSRATI Moatasem,al-musrati moatasem,7.0,7.0,0,0,0,0,0,0,0
2025-2026,14,Verona,BERNEDE Antoine,bernede antoine,8.0,11.0,1,0,0,0,0,0,0
2025-2026,14,Verona,GAGLIARDINI Roberto,gagliardini roberto,,,0,0,0,0,0,0,0
2025-2026,14,Verona,HARROUI Abdou,harroui abdou,,,0,0,0,0,0,0,0
2025-2026,14,Verona,KASTANOS Grigoris,kastanos grigoris,,,0,0,0,0,0,0,0
2025-2026,14,Verona,NIASSE Cheikh,niasse cheikh,7.0,7.0,0,0,0,0,0,0,0
2025-2026,14,Verona,SERDAR Suat,serdar suat,,,0,0,0,0,0,0,0
2025-2026,14,Verona,SUSLOV Tomas,suslov tomas,,,0,0,0,0,0,0,0
2025-2026,14,Verona,YILDIZ Veis,yildiz veis,,,0,0,0,0,0,0,0
2025-2026,14,Verona,AJAYI Junior,ajayi junior,,,0,0,0,0,0,0,0
2025-2026,14,Verona,GIOVANE Do Nascimie.,giovane do nascimie.,8.0,12.0,1,1,0,0,0,0,0
2025-2026,14,Verona,LUNA Agustin,luna agustin,,,0,0,0,0,0,0,0
2025-2026,14,Verona,MOSQUERA Daniel,mosquera daniel,8.0,9.0,0,1,0,0,0,0,0
2025-2026,14,Verona,ORBAN Gift,orban gift,,,0,0,0,0,0,0,0
2025-2026,14,Verona,SARR Amin,sarr amin,,6.0,0,0,0,0,0,0,0
2025-2026,14,Cremonese,AUDERO Emil,audero emil,6.0,7.0,0,0,0,0,0,0,0
2025-2026,14,Cremonese,MALOVEC Adrian,malovec adrian,,,0,0,0,0,0,0,0
2025-2026,14,Cremonese,NAVA Lapo,nava lapo,,,0,0,0,0,0,0,0
2025-2026,14,Cremonese,SILVESTRI Marco,silvestri marco,,,0,0,0,0,0,0,0
2025-2026,14,Cremonese,BARBIERI Tommaso,barbieri tommaso,6.0,6.0,0,0,0,0,0,0,0
2025-2026,14,Cremonese,BASCHIROTTO Federico,baschirotto federico,7.0,7.0,0,0,0,0,0,0,0
2025-2026,14,Cremonese,BIANCHETTI Matteo,bianchetti matteo,7.0,6.5,0,0,1,0,0,0,0
2025-2026,14,Cremonese,CECCHERINI Federico,ceccherini federico,,,0,0,0,0,0,0,0
2025-2026,14,Cremonese,FAYE Mikayil,faye mikayil,,,0,0,0,0,0,0,0
2025-2026,14,Cremonese,FLORIANI MUSSOLINI .,floriani mussolini .,7.0,7.0,0,0,0,0,0,0,0
2025-2026,14,Cremonese,FOLINO Francesco,folino francesco,,,0,0,0,0,0,0,0
2025-2026,14,Cremonese,PEZZELLA Giuseppe,pezzella giuseppe,,,0,0,0,0,0,0,0
2025-2026,14,Cremonese,SERNICOLA Leonardo,sernicola leonardo,,,0,0,0,0,0,0,0
2025-2026,14,Cremonese,TERRACCIANO Filippo,terracciano filippo,6.5,6.5,0,0,0,0,0,0,0
2025-2026,14,Cremonese,BONDO Warren,bondo warren,6.0,6.0,0,0,0,0,0,0,0
2025-2026,14,Cremonese,COLLOCOLO Michele,collocolo michele,,,0,0,0,0,0,0,0
2025-2026,14,Cremonese,GRASSI Alberto,grassi alberto,6.5,6.5,0,0,0,0,0,0,0
2025-2026,14,Cremonese,LORDKIPANIDZE Dachi,lordkipanidze dachi,,,0,0,0,0,0,0,0
2025-2026,14,Cremonese,PAYERO Martin,payero martin,6.5,6.5,0,0,0,0,0,0,0
2025-2026,14,Cremonese,VALOTI Mattia,valoti mattia,,,0,0,0,0,0,0,0
2025-2026,14,Cremonese,VANDEPUTTE Jari,vandeputte jari,7.0,7.0,0,0,0,0,0,0,0
2025-2026,14,Cremonese,BONAZZOLI Federico,bonazzoli federico,6.5,9.5,1,0,0,0,0,1,0
2025-2026,14,Cremonese,DE LUCA Manuel,de luca manuel,,,0,0,0,0,0,0,0
2025-2026,14,Cremonese,JOHNSEN Dennis,johnsen dennis,,,0,0,0,0,0,0,0
2025-2026,14,Cremonese,MOUMBAGNA Faris,moumbagna faris,,,0,0,0,0,0,0,0
2025-2026,14,Cremonese,OKEREKE David,okereke david,,,0,0,0,0,0,0,0
2025-2026,14,Cremonese,SANABRIA Antonio,sanabria antonio,7.0,10.0,1,0,0,0,0,0,0
2025-2026,14,Cremonese,SARMIENTO Jeremy,sarmiento jeremy,,,0,0,0,0,0,0,0
2025-2026,14,Cremonese,VARDY Jamie,vardy jamie,6.0,6.0,0,0,0,0,0,0,0
2025-2026,14,Cremonese,VAZQUEZ Franco,vazquez franco,,,0,0,0,0,0,0,0
2025-2026,14,Cremonese,ZERBIN Alessio,zerbin alessio,7.0,8.0,0,1,0,0,0,0,0
2025-2026,14,Parma,CORVI Edoardo,corvi edoardo,6.5,7.5,0,0,0,0,0,0,0
2025-2026,14,Parma,GUAITA Vicente,guaita vicente,,,0,0,0,0,0,0,0
2025-2026,14,Parma,RINALDI Filippo,rinaldi filippo,,,0,0,0,0,0,0,0
2025-2026,14,Parma,SUZUKI Zion,suzuki zion,,,0,0,0,0,0,0,0
2025-2026,14,Parma,BRITSCHGI Sascha,britschgi sascha,6.5,6.5,0,0,0,0,0,0,0
2025-2026,14,Parma,CIRCATI Alessandro,circati alessandro,,,0,0,0,0,0,0,0
2025-2026,14,Parma,DEL PRATO Enrico,del prato enrico,6.5,6.5,0,0,0,0,0,0,0
2025-2026,14,Parma,LOVIK Mathias,lovik mathias,,,0,0,0,0,0,0,0
2025-2026,14,Parma,NDIAYE Abdoulaye,ndiaye abdoulaye,,,0,0,0,0,0,0,0
2025-2026,14,Parma,TRABUCCHI Nicolas,trabucchi nicolas,,,0,0,0,0,0,0,0
2025-2026,14,Parma,TROILO Mariano,troilo mariano,,,0,0,0,0,0,0,0
2025-2026,14,Parma,VALENTI Lautaro,valenti lautaro,6.0,6.0,0,0,0,0,0,0,0
2025-2026,14,Parma,VALERI Emanuele,valeri emanuele,6.5,6.0,0,0,1,0,0,0,0
2025-2026,14,Parma,BERNABE' Adrian,bernabe' adrian,6.0,6.0,0,0,0,0,0,0,0
2025-2026,14,Parma,CREMASCHI Benjamin,cremaschi benjamin,,,0,0,0,0,0,0,0
2025-2026,14,Parma,ESTEVEZ Nahuel,estevez nahuel,6.0,6.0,0,0,0,0,0,0,0
2025-2026,14,Parma,HERNANI,hernani,,,0,0,0,0,0,0,0
2025-2026,14,Parma,KEITA Mandela,keita mandela,6.0,6.0,0,0,0,0,0,0,0
2025-2026,14,Parma,ORDONEZ Christian,ordonez christian,6.0,6.0,0,0,0,0,0,0,0
2025-2026,14,Parma,ORISTANIO Gaetano,oristanio gaetano,,6.0,0,0,0,0,0,0,0
2025-2026,14,Parma,PLICCO Elia,plicco elia,,,0,0,0,0,0,0,0
2025-2026,14,Parma,SORENSEN Oliver,sorensen oliver,6.0,6.0,0,0,0,0,0,0,0
2025-2026,14,Parma,ALMQVIST Pontus,almqvist pontus,,,0,0,0,0,0,0,0
2025-2026,14,Parma,BEGIC Tjas,begic tjas,,,0,0,0,0,0,0,0
2025-2026,14,Parma,BENEDYCZAK Adrian,benedyczak adrian,6.5,9.0,1,0,1,0,0,1,0
2025-2026,14,Parma,CUTRONE Patrick,cutrone patrick,,,0,0,0,0,0,0,0
2025-2026,14,Parma,DJURIC Milan,djuric milan,,,0,0,0,0,0,0,0
2025-2026,14,Parma,FRIGAN Matija,frigan matija,,,0,0,0,0,0,0,0
2025-2026,14,Parma,ONDREJKA Jacob,ondrejka jacob,5.5,5.5,0,0,0,0,0,0,0
2025-2026,14,Parma,PELLEGRINO Mateo,pellegrino mateo,5.5,5.5,0,0,0,0,0,0,0
2025-2026,14,Pisa,NICOLAS,nicolas,,,0,0,0,0,0,0,0
2025-2026,14,Pisa,SCUFFET Simone,scuffet simone,6.0,5.0,-1,0,0,0,0,0,1
2025-2026,14,Pisa,SEMPER Adrian,semper adrian,,,0,0,0,0,0,0,0
2025-2026,14,Pisa,ALBIOL Raul,albiol raul,,,0,0,0,0,0,0,0
2025-2026,14,Pisa,ANGORI Samuele,angori samuele,5.5,5.5,0,0,0,0,0,0,0
2025-2026,14,Pisa,BONFANTI Giovanni,bonfanti giovanni,,,0,0,0,0,0,0,0
2025-2026,14,Pisa,CALABRESI Arturo,calabresi arturo,6.0,6.0,0,0,0,0,0,0,0
2025-2026,14,Pisa,CANESTRELLI Simone,canestrelli simone,6.5,6.5,0,0,0,0,0,0,0
2025-2026,14,Pisa,CARACCIOLO Antonio,caracciolo antonio,5.5,5.5,0,0,0,0,0,0,0
2025-2026,14,Pisa,CUADRADO Juan,cuadrado juan,,,0,0,0,0,0,0,0
2025-2026,14,Pisa,DENOON Daniel,denoon daniel,,,0,0,0,0,0,0,0
2025-2026,14,Pisa,ESTEVES Tomas,esteves tomas,,,0,0,0,0,0,0,0
2025-2026,14,Pisa,LUSUARDI Mateus,lusuardi mateus,,,0,0,0,0,0,0,0
2025-2026,14,Pisa,MBAMBI Jeremy,mbambi jeremy,,,0,0,0,0,0,0,0
2025-2026,14,Pisa,AEBISCHER Michel,aebischer michel,5.5,5.0,0,0,1,0,0,0,0
2025-2026,14,Pisa,AKINSANMIRO Ebenezer,akinsanmiro ebenezer,6.5,6.5,0,0,0,0,0,0,0
2025-2026,14,Pisa,HOJHOLT Malthe,hojholt malthe,,,0,0,0,0,0,0,0
2025-2026,14,Pisa,LERIS Mehdi,leris mehdi,5.5,5.5,0,0,0,0,0,0,0
2025-2026,14,Pisa,LORRAN De Sousa,lorran de sousa,6.0,6.0,0,0,0,0,0,0,0
2025-2026,14,Pisa,MARIN Marius,marin marius,5.5,5.5,0,0,0,0,0,0,0
2025-2026,14,Pisa,MAUCCI Giacomo,maucci giacomo,,,0,0,0,0,0,0,0
2025-2026,14,Pisa,PICCININI Gabriele,piccinini gabriele,5.5,5.5,0,0,0,0,0,0,0
2025-2026,14,Pisa,STENGS Calvin,stengs calvin,,,0,0,0,0,0,0,0
2025-2026,14,Pisa,TOURE Idrissa,toure idrissa,6.0,5.5,0,0,1,0,0,0,0
2025-2026,14,Pisa,TRAMONI Matteo,tramoni matteo,,,0,0,0,0,0,0,0
2025-2026,14,Pisa,VURAL Isak,vural isak,,,0,0,0,0,0,0,0
2025-2026,14,Pisa,BUFFON Louis,buffon louis,,,0,0,0,0,0,0,0
2025-2026,14,Pisa,MEISTER Henrik,meister henrik,5.0,5.0,0,0,0,0,0,0,0
2025-2026,14,Pisa,MOREO Stefano,moreo stefano,5.5,5.5,0,0,0,0,0,0,0
2025-2026,14,Pisa,NZOLA M'Bala,nzola m'bala,4.5,3.5,0,0,0,1,0,0,0
2025-2026,14,Como,BUTEZ Jean,butez jean,5.5,1.5,-4,0,0,0,0,0,0
2025-2026,14,Como,CAVLINA Nikola,cavlina nikola,,,0,0,0,0,0,0,0
2025-2026,14,Como,VIGORITO Mauro,vigorito mauro,,,0,0,0,0,0,0,0
2025-2026,14,Como,CARLOS Diego,carlos diego,4.5,4.0,0,0,1,0,0,0,0
2025-2026,14,Como,DOSSENA Alberto,dossena alberto,,,0,0,0,0,0,0,0
2025-2026,14,Como,GOLDANIGA Edoardo,goldaniga edoardo,,,0,0,0,0,0,0,0
2025-2026,14,Como,KEMPF Marc-Oliver,kempf marc-oliver,,,0,0,0,0,0,0,0
2025-2026,14,Como,MORENO Alberto,moreno alberto,,,0,0,0,0,0,0,0
2025-2026,14,Como,POSCH Stefan,posch stefan,5.5,5.5,0,0,0,0,0,0,0
2025-2026,14,Como,RAMON Jacobo,ramon jacobo,5.0,5.0,0,0,0,0,0,0,0
2025-2026,14,Como,ROBERTO Sergi,roberto sergi,,,0,0,0,0,0,0,0
2025-2026,14,Como,SALA Marco,sala marco,,,0,0,0,0,0,0,0
2025-2026,14,Como,SMOLCIC Ivan,smolcic ivan,,,0,0,0,0,0,0,0
2025-2026,14,Como,VALLE Alex,valle alex,5.0,5.0,0,0,0,0,0,0,0
2025-2026,14,Como,VAN DER BREMPT Igna.,van der brempt igna.,,,0,0,0,0,0,0,0
2025-2026,14,Como,VOJVODA Mergim,vojvoda mergim,5.0,5.0,0,0,0,0,0,0,0
2025-2026,14,Como,BATURINA Martin,baturina martin,,,0,0,0,0,0,0,0
2025-2026,14,Como,CAQUERET Maxence,caqueret maxence,,,0,0,0,0,0,0,0
2025-2026,14,Como,DA CUNHA Lucas,da cunha lucas,5.5,5.5,0,0,0,0,0,0,0
2025-2026,14,Como,PAZ Nico,paz nico,5.0,5.0,0,0,0,0,0,0,0
2025-2026,14,Como,PERRONE Maximo,perrone maximo,5.5,5.0,0,0,1,0,0,0,0
2025-2026,14,Como,ADDAI Jaden,addai jaden,5.0,5.0,0,0,0,0,0,0,0
2025-2026,14,Como,CERRI Alberto,cerri alberto,,,0,0,0,0,0,0,0
2025-2026,14,Como,DIAO Assane,diao assane,6.0,6.0,0,0,0,0,0,0,0
2025-2026,14,Como,DOUVIKAS Tasos,douvikas tasos,5.0,5.0,0,0,0,0,0,0,0
2025-2026,14,Como,KUHN Nicolas,kuhn nicolas,,,0,0,0,0,0,0,0
2025-2026,14,Como,MORATA Alvaro,morata alvaro,5.5,5.5,0,0,0,0,0,0,0
2025-2026,14,Como,RODRIGUEZ Jesus,rodriguez jesus,6.0,6.0,0,0,0,0,0,0,0
2025-2026,15,Atalanta,CARNESECCHI Marco,carnesecchi marco,6.0,5.0,-1,0,0,0,0,0,0
2025-2026,15,Atalanta,ROSSI Francesco,rossi francesco,,,0,0,0,0,0,0,0
2025-2026,15,Atalanta,SPORTIELLO Marco,sportiello marco,,,0,0,0,0,0,0,0
2025-2026,15,Atalanta,AHANOR Honest,ahanor honest,5.5,5.5,0,0,0,0,0,0,0
2025-2026,15,Atalanta,BAKKER Mitchel,bakker mitchel,,,0,0,0,0,0,0,0
2025-2026,15,Atalanta,BELLANOVA Raoul,bellanova raoul,,,0,0,0,0,0,0,0
2025-2026,15,Atalanta,BERNASCONI Lorenzo,bernasconi lorenzo,6.0,5.5,0,0,1,0,0,0,0
2025-2026,15,Atalanta,COMI Pietro,comi pietro,,,0,0,0,0,0,0,0
2025-2026,15,Atalanta,DJIMSITI Berat,djimsiti berat,6.5,6.5,0,0,0,0,0,0,0
2025-2026,15,Atalanta,HIEN Isak,hien isak,,,0,0,0,0,0,0,0
2025-2026,15,Atalanta,KOLASINAC Sead,kolasinac sead,7.0,7.0,0,0,0,0,0,0,0
2025-2026,15,Atalanta,KOSSOUNOU Odilon,kossounou odilon,6.0,6.0,0,0,0,0,0,0,0
2025-2026,15,Atalanta,OBRIC Relja,obric relja,,,0,0,0,0,0,0,0
2025-2026,15,Atalanta,SCALVINI Giorgio,scalvini giorgio,,,0,0,0,0,0,0,0
2025-2026,15,Atalanta,ZAPPACOSTA Davide,zappacosta davide,6.0,7.0,0,1,0,0,0,0,0
2025-2026,15,Atalanta,BRESCIANINI Marco,brescianini marco,,,0,0,0,0,0,0,0
2025-2026,15,Atalanta,CASSA Federico,cassa federico,,,0,0,0,0,0,0,0
2025-2026,15,Atalanta,DE ROON Marten,de roon marten,6.0,6.0,0,0,0,0,0,0,0
2025-2026,15,Atalanta,EDERSON,ederson,6.5,6.5,0,0,0,0,0,0,0
2025-2026,15,Atalanta,MALDINI Daniel,maldini daniel,,,0,0,0,0,0,0,0
2025-2026,15,Atalanta,MANZONI Alberto,manzoni alberto,,,0,0,0,0,0,0,0
2025-2026,15,Atalanta,MUSAH Yunus,musah yunus,6.0,6.0,0,0,0,0,0,0,0
2025-2026,15,Atalanta,PASALIC Mario,pasalic mario,6.0,6.0,0,0,0,0,0,0,0
2025-2026,15,Atalanta,SAMARDZIC Lazar,samardzic lazar,6.5,6.5,0,0,0,0,0,0,0
2025-2026,15,Atalanta,ZALEWSKI Nicola,zalewski nicola,6.0,6.0,0,0,0,0,0,0,0
2025-2026,15,Atalanta,DE KETELAERE Charles,de ketelaere charles,6.5,6.5,0,0,0,0,0,0,0
2025-2026,15,Atalanta,KRSTOVIC Nikola,krstovic nikola,,,0,0,0,0,0,0,0
2025-2026,15,Atalanta,LOOKMAN Ademola,lookman ademola,6.5,6.5,0,0,0,0,0,0,0
2025-2026,15,Atalanta,SCAMACCA Gianluca,scamacca gianluca,7.5,13.5,2,0,0,0,0,0,0
2025-2026,15,Atalanta,SULEMANA Kamaldeen,sulemana kamaldeen,,,0,0,0,0,0,0,0
2025-2026,15,Bologna,PESSINA Massimo,pessina massimo,,,0,0,0,0,0,0,0
2025-2026,15,Bologna,RAVAGLIA Federico,ravaglia federico,6.5,5.5,-1,0,0,0,0,0,0
2025-2026,15,Bologna,SKORUPSKI Lukasz,skorupski lukasz,,,0,0,0,0,0,0,0
2025-2026,15,Bologna,BONIFAZI Kevin,bonifazi kevin,,,0,0,0,0,0,0,0
2025-2026,15,Bologna,CASALE Nicolo',casale nicolo',,,0,0,0,0,0,0,0
2025-2026,15,Bologna,DE SILVESTRI Lorenzo,de silvestri lorenzo,5.5,5.0,0,0,1,0,0,0,0
2025-2026,15,Bologna,HEGGEM Torbjorn,heggem torbjorn,4.5,3.5,0,0,0,1,0,0,0
2025-2026,15,Bologna,HOLM Emil,holm emil,,6.0,0,0,0,0,0,0,0
2025-2026,15,Bologna,LUCUMI Jhon,lucumi jhon,6.0,6.0,0,0,0,0,0,0,0
2025-2026,15,Bologna,LYKOGIANNIS Charala.,lykogiannis charala.,,,0,0,0,0,0,0,0
2025-2026,15,Bologna,MIRANDA Juan,miranda juan,5.5,5.0,0,0,1,0,0,0,0
2025-2026,15,Bologna,VITIK Martin,vitik martin,,,0,0,0,0,0,0,0
2025-2026,15,Bologna,ZORTEA Nadir,zortea nadir,6.0,6.0,0,0,0,0,0,0,0
2025-2026,15,Bologna,BERNARDESCHI Federi.,bernardeschi federi.,,6.0,0,0,0,0,0,0,0
2025-2026,15,Bologna,FABBIAN Giovanni,fabbian giovanni,,,0,0,0,0,0,0,0
2025-2026,15,Bologna,FERGUSON Lewis,ferguson lewis,5.0,5.0,0,0,0,0,0,0,0
2025-2026,15,Bologna,FREULER Remo,freuler remo,,,0,0,0,0,0,0,0
2025-2026,15,Bologna,MORO Nikola,moro nikola,6.0,6.0,0,0,0,0,0,0,0
2025-2026,15,Bologna,POBEGA Tommaso,pobega tommaso,6.0,6.0,0,0,0,0,0,0,0
2025-2026,15,Bologna,SULEMANA,sulemana,6.0,5.5,0,0,1,0,0,0,0
2025-2026,15,Bologna,CAMBIAGHI Nicolo',cambiaghi nicolo',6.0,6.0,0,0,0,0,0,0,0
2025-2026,15,Bologna,CASTRO Santiago,castro santiago,5.5,5.5,0,0,0,0,0,0,0
2025-2026,15,Bologna,DALLINGA Thijs,dallinga thijs,5.0,5.0,0,0,0,0,0,0,0
2025-2026,15,Bologna,DOMINGUEZ Benjamin,dominguez benjamin,,,0,0,0,0,0,0,0
2025-2026,15,Bologna,IMMOBILE Ciro,immobile ciro,,,0,0,0,0,0,0,0
2025-2026,15,Bologna,ODGAARD Jens,odgaard jens,,,0,0,0,0,0,0,0
2025-2026,15,Bologna,ORSOLINI Riccardo,orsolini riccardo,6.0,6.0,0,0,0,0,0,0,0
2025-2026,15,Bologna,ROWE Jonathan,rowe jonathan,,,0,0,0,0,0,0,0
2025-2026,15,Cagliari,CAPRILE Elia,caprile elia,7.0,5.0,-2,0,0,0,0,0,0
2025-2026,15,Cagliari,CIOCCI Giuseppe,ciocci giuseppe,,,0,0,0,0,0,0,0
2025-2026,15,Cagliari,RADUNOVIC Boris,radunovic boris,,,0,0,0,0,0,0,0
2025-2026,15,Cagliari,IDRISSI Riyad,idrissi riyad,6.0,6.0,0,0,0,0,0,0,0
2025-2026,15,Cagliari,LUPERTO Sebastiano,luperto sebastiano,5.5,5.5,0,0,0,0,0,0,0
2025-2026,15,Cagliari,MINA Yerry,mina yerry,,,0,0,0,0,0,0,0
2025-2026,15,Cagliari,OBERT Adam,obert adam,6.0,6.0,0,0,0,0,0,0,0
2025-2026,15,Cagliari,PALESTRA Marco,palestra marco,7.0,7.0,0,0,0,0,0,0,0
2025-2026,15,Cagliari,RODRIGUEZ Juan,rodriguez juan,5.5,5.0,0,0,1,0,0,0,0
2025-2026,15,Cagliari,ZAPPA Gabriele,zappa gabriele,5.0,5.0,0,0,0,0,0,0,0
2025-2026,15,Cagliari,ZE PEDRO,ze pedro,,,0,0,0,0,0,0,0
2025-2026,15,Cagliari,ADOPO Michel,adopo michel,5.0,5.0,0,0,0,0,0,0,0
2025-2026,15,Cagliari,CAVUOTI Nicolo',cavuoti nicolo',,,0,0,0,0,0,0,0
2025-2026,15,Cagliari,DEIOLA Alessandro,deiola alessandro,6.0,6.0,0,0,0,0,0,0,0
2025-2026,15,Cagliari,DI PARDO Alessandro,di pardo alessandro,,,0,0,0,0,0,0,0
2025-2026,15,Cagliari,FOLORUNSHO Michael,folorunsho michael,5.0,5.0,0,0,0,0,0,0,0
2025-2026,15,Cagliari,GAETANO Gianluca,gaetano gianluca,6.5,9.0,1,0,1,0,0,0,0
2025-2026,15,Cagliari,LITETA Joseph,liteta joseph,,,0,0,0,0,0,0,0
2025-2026,15,Cagliari,MAZZITELLI Luca,mazzitelli luca,,,0,0,0,0,0,0,0
2025-2026,15,Cagliari,PRATI Matteo,prati matteo,6.0,6.0,0,0,0,0,0,0,0
2025-2026,15,Cagliari,ROG Marko,rog marko,,,0,0,0,0,0,0,0
2025-2026,15,Cagliari,BELOTTI Andrea,belotti andrea,,,0,0,0,0,0,0,0
2025-2026,15,Cagliari,BORRELLI Gennaro,borrelli gennaro,6.0,6.0,0,0,0,0,0,0,0
2025-2026,15,Cagliari,ESPOSITO Sebastiano,esposito sebastiano,7.0,8.0,0,1,0,0,0,0,0
2025-2026,15,Cagliari,FELICI Mattia,felici mattia,,,0,0,0,0,0,0,0
2025-2026,15,Cagliari,KILICSOY Semih,kilicsoy semih,,,0,0,0,0,0,0,0
2025-2026,15,Cagliari,LUVUMBO Sebastiao Z.,luvumbo sebastiao z.,,,0,0,0,0,0,0,0
2025-2026,15,Cagliari,PAVOLETTI Leonardo,pavoletti leonardo,,,0,0,0,0,0,0,0
2025-2026,15,Fiorentina,DE GEA David,de gea david,4.0,2.0,-2,0,0,0,0,0,0
2025-2026,15,Fiorentina,LEZZERINI Luca,lezzerini luca,,,0,0,0,0,0,0,0
2025-2026,15,Fiorentina,MARTINELLI Tommaso,martinelli tommaso,,,0,0,0,0,0,0,0
2025-2026,15,Fiorentina,COMUZZO Pietro,comuzzo pietro,6.0,6.0,0,0,0,0,0,0,0
2025-2026,15,Fiorentina,DODO,dodo,5.0,5.0,0,0,0,0,0,0,0
2025-2026,15,Fiorentina,FORTINI Niccolo',fortini niccolo',5.0,5.0,0,0,0,0,0,0,0
2025-2026,15,Fiorentina,GOSENS Robin,gosens robin,,,0,0,0,0,0,0,0
2025-2026,15,Fiorentina,KOSPO Eman,kospo eman,,,0,0,0,0,0,0,0
2025-2026,15,Fiorentina,KOUADIO Eddy,kouadio eddy,,,0,0,0,0,0,0,0
2025-2026,15,Fiorentina,LAMPTEY Tariq,lamptey tariq,,,0,0,0,0,0,0,0
2025-2026,15,Fiorentina,MARI Pablo,mari pablo,,,0,0,0,0,0,0,0
2025-2026,15,Fiorentina,PARISI Fabiano,parisi fabiano,6.5,6.5,0,0,0,0,0,0,0
2025-2026,15,Fiorentina,PONGRACIC Marin,pongracic marin,6.0,6.0,0,0,0,0,0,0,0
2025-2026,15,Fiorentina,RANIERI Luca,ranieri luca,4.5,4.5,0,0,0,0,0,0,0
2025-2026,15,Fiorentina,VITI Mattia,viti mattia,5.0,5.0,0,0,0,0,0,0,0
2025-2026,15,Fiorentina,FAGIOLI Nicolo',fagioli nicolo',7.0,7.0,0,0,0,0,0,0,0
2025-2026,15,Fiorentina,FAZZINI Jacopo,fazzini jacopo,,,0,0,0,0,0,0,0
2025-2026,15,Fiorentina,INFANTINO Gino,infantino gino,,,0,0,0,0,0,0,0
2025-2026,15,Fiorentina,MANDRAGORA Rolando,mandragora rolando,5.5,5.5,0,0,0,0,0,0,0
2025-2026,15,Fiorentina,NDOUR Cher,ndour cher,,,0,0,0,0,0,0,0
2025-2026,15,Fiorentina,NICOLUSSI CAVIGLIA .,nicolussi caviglia .,,,0,0,0,0,0,0,0
2025-2026,15,Fiorentina,RICHARDSON Amir,richardson amir,5.0,5.0,0,0,0,0,0,0,0
2025-2026,15,Fiorentina,SABIRI Abdelhamid,sabiri abdelhamid,,,0,0,0,0,0,0,0
2025-2026,15,Fiorentina,SOHM Simon,sohm simon,4.5,4.5,0,0,0,0,0,0,0
2025-2026,15,Fiorentina,DZEKO Edin,dzeko edin,5.0,5.0,0,0,0,0,0,0,0
2025-2026,15,Fiorentina,GUDMUNDSSON Albert,gudmundsson albert,5.5,5.0,0,0,1,0,0,0,0
2025-2026,15,Fiorentina,KEAN Moise,kean moise,4.5,4.5,0,0,0,0,0,0,0
2025-2026,15,Fiorentina,KOUAME' Christian,kouame' christian,,,0,0,0,0,0,0,0
2025-2026,15,Fiorentina,PICCOLI Roberto,piccoli roberto,,,0,0,0,0,0,0,0
2025-2026,15,Genoa,LEALI Nicola,leali nicola,5.5,3.5,-2,0,0,0,0,0,0
2025-2026,15,Genoa,SIEGRIST Benjamin,siegrist benjamin,,,0,0,0,0,0,0,0
2025-2026,15,Genoa,SOMMARIVA Daniele,sommariva daniele,,,0,0,0,0,0,0,0
2025-2026,15,Genoa,KUMER CELIK Alin,kumer celik alin,,,0,0,0,0,0,0,0
2025-2026,15,Genoa,MARCANDALLI Alessan.,marcandalli alessan.,5.0,5.0,0,0,0,0,0,0,0
2025-2026,15,Genoa,MARTIN Aaron,martin aaron,6.0,7.0,0,1,0,0,0,0,0
2025-2026,15,Genoa,NORTON-CUFFY Brooke,norton-cuffy brooke,6.0,6.0,0,0,0,0,0,0,0
2025-2026,15,Genoa,OSTIGARD Leo,ostigard leo,,,0,0,0,0,0,0,0
2025-2026,15,Genoa,OTOA Sebastian,otoa sebastian,6.0,6.0,0,0,0,0,0,0,0
2025-2026,15,Genoa,SABELLI Stefano,sabelli stefano,,,0,0,0,0,0,0,0
2025-2026,15,Genoa,VASQUEZ Johan,vasquez johan,6.0,6.0,0,0,0,0,0,0,0
2025-2026,15,Genoa,CARBONI Valentin,carboni valentin,,,0,0,0,0,0,0,0
2025-2026,15,Genoa,CUENCA Hugo,cuenca hugo,,,0,0,0,0,0,0,0
2025-2026,15,Genoa,ELLERTSSON Mikael,ellertsson mikael,5.0,5.0,0,0,0,0,0,0,0
2025-2026,15,Genoa,FINI Seydou,fini seydou,,,0,0,0,0,0,0,0
2025-2026,15,Genoa,FRENDRUP Morten,frendrup morten,6.0,6.0,0,0,0,0,0,0,0
2025-2026,15,Genoa,GRONBAEK Alberto,gronbaek alberto,5.5,5.5,0,0,0,0,0,0,0
2025-2026,15,Genoa,LAFONT Gael,lafont gael,,,0,0,0,0,0,0,0
2025-2026,15,Genoa,MALINOVSKYI Ruslan,malinovskyi ruslan,5.5,5.5,0,0,0,0,0,0,0
2025-2026,15,Genoa,MASINI Patrizio,masini patrizio,,,0,0,0,0,0,0,0
2025-2026,15,Genoa,MESSIAS Junior,messias junior,,,0,0,0,0,0,0,0
2025-2026,15,Genoa,ONANA Jean,onana jean,,,0,0,0,0,0,0,0
2025-2026,15,Genoa,STANCIU Nicolae,stanciu nicolae,,,0,0,0,0,0,0,0
2025-2026,15,Genoa,THORSBY Morten,thorsby morten,,,0,0,0,0,0,0,0
2025-2026,15,Genoa,COLOMBO Lorenzo,colombo lorenzo,5.5,5.5,0,0,0,0,0,0,0
2025-2026,15,Genoa,CORNET Maxwel,cornet maxwel,,,0,0,0,0,0,0,0
2025-2026,15,Genoa,EKHATOR Jeff,ekhator jeff,,5.5,0,0,1,0,0,0,0
2025-2026,15,Genoa,EKUBAN Caleb,ekuban caleb,6.5,6.5,0,0,0,0,0,0,0
2025-2026,15,Genoa,VENTURINO Lorenzo,venturino lorenzo,,,0,0,0,0,0,0,0
2025-2026,15,Genoa,VITINHA,vitinha,6.5,9.5,1,0,0,0,0,0,0
2025-2026,15,Inter,DI GENNARO Raffaele,di gennaro raffaele,,,0,0,0,0,0,0,0
2025-2026,15,Inter,MARTINEZ Josep,martinez josep,,,0,0,0,0,0,0,0
2025-2026,15,Inter,SOMMER Yann,sommer yann,6.0,5.0,-1,0,0,0,0,0,0
2025-2026,15,Inter,ACERBI Francesco,acerbi francesco,,,0,0,0,0,0,0,0
2025-2026,15,Inter,AKANJI Manuel,akanji manuel,5.5,5.0,0,0,1,0,0,0,0
2025-2026,15,Inter,ALEXIOU Christos,alexiou christos,,,0,0,0,0,0,0,0
2025-2026,15,Inter,BASTONI Alessandro,bastoni alessandro,5.5,5.5,0,0,0,0,0,0,0
2025-2026,15,Inter,BISSECK Yann Aurel,bisseck yann aurel,7.0,9.5,1,0,1,0,0,0,0
2025-2026,15,Inter,CARLOS AUGUSTO,carlos augusto,6.0,6.0,0,0,0,0,0,0,0
2025-2026,15,Inter,COCCHI Matteo,cocchi matteo,,,0,0,0,0,0,0,0
2025-2026,15,Inter,DARMIAN Matteo,darmian matteo,,,0,0,0,0,0,0,0
2025-2026,15,Inter,DE VRIJ Stefan,de vrij stefan,,,0,0,0,0,0,0,0
2025-2026,15,Inter,DIMARCO Federico,dimarco federico,,,0,0,0,0,0,0,0
2025-2026,15,Inter,DUMFRIES Denzel,dumfries denzel,,,0,0,0,0,0,0,0
2025-2026,15,Inter,LUIS HENRIQUE,luis henrique,5.5,5.5,0,0,0,0,0,0,0
2025-2026,15,Inter,PALACIOS Tomas,palacios tomas,,,0,0,0,0,0,0,0
2025-2026,15,Inter,RE CECCONI Gabriele,re cecconi gabriele,,,0,0,0,0,0,0,0
2025-2026,15,Inter,BARELLA Nicolo',barella nicolo',6.0,5.5,0,0,1,0,0,0,0
2025-2026,15,Inter,BERENBRUCH Thomas,berenbruch thomas,,,0,0,0,0,0,0,0
2025-2026,15,Inter,CALHANOGLU Hakan,calhanoglu hakan,,,0,0,0,0,0,0,0
2025-2026,15,Inter,DIOUF Andy,diouf andy,,,0,0,0,0,0,0,0
2025-2026,15,Inter,FRATTESI Davide,frattesi davide,,,0,0,0,0,0,0,0
2025-2026,15,Inter,MKHITARYAN Henrikh,mkhitaryan henrikh,6.0,6.0,0,0,0,0,0,0,0
2025-2026,15,Inter,SUCIC Petar,sucic petar,6.0,6.0,0,0,0,0,0,0,0
2025-2026,15,Inter,TOPALOVIC Luka,topalovic luka,,,0,0,0,0,0,0,0
2025-2026,15,Inter,ZIELINSKI Piotr,zielinski piotr,6.0,6.0,0,0,0,0,0,0,0
2025-2026,15,Inter,BONNY Ange-Yoan,bonny ange-yoan,,,0,0,0,0,0,0,0
2025-2026,15,Inter,ESPOSITO Francesco .,esposito francesco .,6.0,6.0,0,0,0,0,0,0,0
2025-2026,15,Inter,MARTINEZ Lautaro,martinez lautaro,7.0,11.0,1,1,0,0,0,0,0
2025-2026,15,Inter,THURAM Marcus,thuram marcus,6.0,6.0,0,0,0,0,0,0,0
2025-2026,15,Juventus,DI GREGORIO Michele,di gregorio michele,7.0,8.0,0,0,0,0,0,0,0
2025-2026,15,Juventus,PERIN Mattia,perin mattia,,,0,0,0,0,0,0,0
2025-2026,15,Juventus,PINSOGLIO Carlo,pinsoglio carlo,,,0,0,0,0,0,0,0
2025-2026,15,Juventus,BREMER Gleison,bremer gleison,6.0,6.0,0,0,0,0,0,0,0
2025-2026,15,Juventus,CABAL Juan,cabal juan,7.0,10.0,1,0,0,0,0,0,0
2025-2026,15,Juventus,CAMBIASO Andrea,cambiaso andrea,6.0,6.0,0,0,0,0,0,0,0
2025-2026,15,Juventus,GATTI Federico,gatti federico,,,0,0,0,0,0,0,0
2025-2026,15,Juventus,KALULU Pierre,kalulu pierre,6.0,6.0,0,0,0,0,0,0,0
2025-2026,15,Juventus,KELLY Lloyd,kelly lloyd,7.0,7.0,0,0,0,0,0,0,0
2025-2026,15,Juventus,MARIO Joao,mario joao,,,0,0,0,0,0,0,0
2025-2026,15,Juventus,ROUHI Jonas,rouhi jonas,,,0,0,0,0,0,0,0
2025-2026,15,Juventus,RUGANI Daniele,rugani daniele,,,0,0,0,0,0,0,0
2025-2026,15,Juventus,ADZIC Vasilije,adzic vasilije,,,0,0,0,0,0,0,0
2025-2026,15,Juventus,KOOPMEINERS Teun,koopmeiners teun,6.0,5.5,0,0,1,0,0,0,0
2025-2026,15,Juventus,KOSTIC Filip,kostic filip,,,0,0,0,0,0,0,0
2025-2026,15,Juventus,LOCATELLI Manuel,locatelli manuel,6.5,6.5,0,0,0,0,0,0,0
2025-2026,15,Juventus,MCKENNIE Weston,mckennie weston,7.0,7.0,0,0,0,0,0,0,0
2025-2026,15,Juventus,MIRETTI Fabio,miretti fabio,,,0,0,0,0,0,0,0
2025-2026,15,Juventus,THURAM Khephren,thuram khephren,6.5,6.5,0,0,0,0,0,0,0
2025-2026,15,Juventus,CONCEICAO Francisco,conceicao francisco,7.0,7.0,0,0,0,0,0,0,0
2025-2026,15,Juventus,DAVID Jonathan,david jonathan,6.5,6.5,0,0,0,0,0,0,0
2025-2026,15,Juventus,MILIK Arek,milik arek,,,0,0,0,0,0,0,0
2025-2026,15,Juventus,OPENDA Lois,openda lois,6.5,6.5,0,0,0,0,0,0,0
2025-2026,15,Juventus,PUGNO Diego,pugno diego,,,0,0,0,0,0,0,0
2025-2026,15,Juventus,VLAHOVIC Dusan,vlahovic dusan,,,0,0,0,0,0,0,0
2025-2026,15,Juventus,YILDIZ Kenan,yildiz kenan,6.5,7.5,0,1,0,0,0,0,0
2025-2026,15,Juventus,ZHEGROVA Edon,zhegrova edon,,,0,0,0,0,0,0,0
2025-2026,15,Lazio,FURLANETTO Alessio,furlanetto alessio,,,0,0,0,0,0,0,0
2025-2026,15,Lazio,MANDAS Christos,mandas christos,,,0,0,0,0,0,0,0
2025-2026,15,Lazio,PROVEDEL Ivan,provedel ivan,7.0,8.0,0,0,0,0,0,0,0
2025-2026,15,Lazio,GIGOT Samuel,gigot samuel,,,0,0,0,0,0,0,0
2025-2026,15,Lazio,GILA Mario,gila mario,,,0,0,0,0,0,0,0
2025-2026,15,Lazio,HYSAJ Elseid,hysaj elseid,,,0,0,0,0,0,0,0
2025-2026,15,Lazio,LAZZARI Manuel,lazzari manuel,,,0,0,0,0,0,0,0
2025-2026,15,Lazio,MARUSIC Adam,marusic adam,6.0,6.0,0,0,0,0,0,0,0
2025-2026,15,Lazio,NUNO TAVARES,nuno tavares,,,0,0,0,0,0,0,0
2025-2026,15,Lazio,PATRIC,patric,6.0,6.0,0,0,0,0,0,0,0
2025-2026,15,Lazio,PELLEGRINI Luca,pellegrini luca,7.0,7.0,0,0,0,0,0,0,0
2025-2026,15,Lazio,PROVSTGAARD Oliver,provstgaard oliver,6.5,6.5,0,0,0,0,0,0,0
2025-2026,15,Lazio,ROMAGNOLI Alessio,romagnoli alessio,6.0,6.0,0,0,0,0,0,0,0
2025-2026,15,Lazio,BASIC Toma,basic toma,4.0,3.0,0,0,0,1,0,0,0
2025-2026,15,Lazio,BELAHYANE Reda,belahyane reda,,,0,0,0,0,0,0,0
2025-2026,15,Lazio,CATALDI Danilo,cataldi danilo,7.5,8.5,0,1,0,0,0,0,0
2025-2026,15,Lazio,DELE-BASHIRU Fisayo,dele-bashiru fisayo,6.0,6.0,0,0,0,0,0,0,0
2025-2026,15,Lazio,GUENDOUZI Matteo,guendouzi matteo,6.5,6.5,0,0,0,0,0,0,0
2025-2026,15,Lazio,ROVELLA Nicolo,rovella nicolo,,,0,0,0,0,0,0,0
2025-2026,15,Lazio,VECINO Matias,vecino matias,,,0,0,0,0,0,0,0
2025-2026,15,Lazio,CANCELLIERI Matteo,cancellieri matteo,6.0,5.5,0,0,1,0,0,0,0
2025-2026,15,Lazio,CASTELLANOS Valentin,castellanos valentin,6.0,6.0,0,0,0,0,0,0,0
2025-2026,15,Lazio,DIA Boulaye,dia boulaye,,,0,0,0,0,0,0,0
2025-2026,15,Lazio,ISAKSEN Gustav,isaksen gustav,,,0,0,0,0,0,0,0
2025-2026,15,Lazio,NOSLIN Tijjani,noslin tijjani,7.0,10.0,1,0,0,0,0,0,0
2025-2026,15,Lazio,PEDRO,pedro,,,0,0,0,0,0,0,0
2025-2026,15,Lazio,ZACCAGNI Mattia,zaccagni mattia,5.0,4.0,0,0,0,1,0,0,0
2025-2026,15,Lecce,FALCONE Wladimiro,falcone wladimiro,6.0,7.0,0,0,0,0,0,0,0
2025-2026,15,Lecce,FRUCHTL Christian,fruchtl christian,,,0,0,0,0,0,0,0
2025-2026,15,Lecce,SAMOOJA Jasper,samooja jasper,,,0,0,0,0,0,0,0
2025-2026,15,Lecce,ESTEBAN Paco,esteban paco,,,0,0,0,0,0,0,0
2025-2026,15,Lecce,GABRIEL Tiago,gabriel tiago,6.5,6.5,0,0,0,0,0,0,0
2025-2026,15,Lecce,GALLO Antonino,gallo antonino,6.0,6.0,0,0,0,0,0,0,0
2025-2026,15,Lecce,GASPAR Kialonda,gaspar kialonda,6.5,6.0,0,0,1,0,0,0,0
2025-2026,15,Lecce,GUILBERT Frederic,guilbert frederic,,,0,0,0,0,0,0,0
2025-2026,15,Lecce,JEAN Gaby,jean gaby,,,0,0,0,0,0,0,0
2025-2026,15,Lecce,KOUASSI Owen,kouassi owen,,,0,0,0,0,0,0,0
2025-2026,15,Lecce,NDABA Corrie,ndaba corrie,6.0,6.0,0,0,0,0,0,0,0
2025-2026,15,Lecce,PEHLIVANOV Cristian,pehlivanov cristian,,,0,0,0,0,0,0,0
2025-2026,15,Lecce,PEREZ Matias,perez matias,,,0,0,0,0,0,0,0
2025-2026,15,Lecce,SCOTT Elijah,scott elijah,,,0,0,0,0,0,0,0
2025-2026,15,Lecce,SIEBERT Jamil,siebert jamil,,,0,0,0,0,0,0,0
2025-2026,15,Lecce,VEIGA Danilo,veiga danilo,6.5,6.5,0,0,0,0,0,0,0
2025-2026,15,Lecce,BERISHA Medon,berisha medon,,,0,0,0,0,0,0,0
2025-2026,15,Lecce,COULIBALY Lassana,coulibaly lassana,6.5,6.5,0,0,0,0,0,0,0
2025-2026,15,Lecce,GORTER Olaf,gorter olaf,,,0,0,0,0,0,0,0
2025-2026,15,Lecce,HELGASON Thorir,helgason thorir,,,0,0,0,0,0,0,0
2025-2026,15,Lecce,KABA Mohamed,kaba mohamed,6.0,6.0,0,0,0,0,0,0,0
2025-2026,15,Lecce,MALEH Youssef,maleh youssef,,,0,0,0,0,0,0,0
2025-2026,15,Lecce,MARCHWINSKI Filip,marchwinski filip,,,0,0,0,0,0,0,0
2025-2026,15,Lecce,PIERRET Balthazar,pierret balthazar,,,0,0,0,0,0,0,0
2025-2026,15,Lecce,RAFIA Hamza,rafia hamza,,,0,0,0,0,0,0,0
2025-2026,15,Lecce,RAMADANI Ylber,ramadani ylber,6.5,6.5,0,0,0,0,0,0,0
2025-2026,15,Lecce,SALA Alex,sala alex,,,0,0,0,0,0,0,0
2025-2026,15,Lecce,SOTTIL Riccardo,sottil riccardo,6.5,6.5,0,0,0,0,0,0,0
2025-2026,15,Lecce,BANDA Lameck,banda lameck,7.0,8.0,0,1,0,0,0,0,0
2025-2026,15,Lecce,CAMARDA Francesco,camarda francesco,6.0,6.0,0,0,0,0,0,0,0
2025-2026,15,Lecce,MORENTE Tete,morente tete,6.0,5.5,0,0,1,0,0,0,0
2025-2026,15,Lecce,N'DRI Konan,n'dri konan,,,0,0,0,0,0,0,0
2025-2026,15,Lecce,PIEROTTI Santiago,pierotti santiago,6.0,6.0,0,0,0,0,0,0,0
2025-2026,15,Lecce,STULIC Nikola,stulic nikola,7.0,10.0,1,0,0,0,0,0,0
2025-2026,15,Milan,MAIGNAN Mike,maignan mike,6.0,4.0,-2,0,0,0,0,0,0
2025-2026,15,Milan,TERRACCIANO Pietro,terracciano pietro,,,0,0,0,0,0,0,0
2025-2026,15,Milan,TORRIANI Lorenzo,torriani lorenzo,,,0,0,0,0,0,0,0
2025-2026,15,Milan,ATHEKAME Zachary,athekame zachary,,,0,0,0,0,0,0,0
2025-2026,15,Milan,BARTESAGHI Davide,bartesaghi davide,8.0,14.0,2,0,0,0,0,0,0
2025-2026,15,Milan,DE WINTER Koni,de winter koni,5.5,5.5,0,0,0,0,0,0,0
2025-2026,15,Milan,ESTUPINAN Pervis,estupinan pervis,,,0,0,0,0,0,0,0
2025-2026,15,Milan,GABBIA Matteo,gabbia matteo,5.0,5.0,0,0,0,0,0,0,0
2025-2026,15,Milan,ODOGU David,odogu david,,,0,0,0,0,0,0,0
2025-2026,15,Milan,PAVLOVIC Strahinja,pavlovic strahinja,6.5,6.5,0,0,0,0,0,0,0
2025-2026,15,Milan,TOMORI Fikayo,tomori fikayo,5.5,5.5,0,0,0,0,0,0,0
2025-2026,15,Milan,FOFANA Youssouf,fofana youssouf,,,0,0,0,0,0,0,0
2025-2026,15,Milan,JASHARI Ardon,jashari ardon,,,0,0,0,0,0,0,0
2025-2026,15,Milan,LOFTUS-CHEEK Ruben,loftus-cheek ruben,6.5,7.0,0,1,1,0,0,0,0
2025-2026,15,Milan,MODRIC Luka,modric luka,6.0,6.0,0,0,0,0,0,0,0
2025-2026,15,Milan,RABIOT Adrien,rabiot adrien,5.5,5.5,0,0,0,0,0,0,0
2025-2026,15,Milan,RICCI Samuele,ricci samuele,5.5,5.5,0,0,0,0,0,0,0
2025-2026,15,Milan,SAELEMAEKERS Alexis,saelemaekers alexis,6.5,6.5,0,0,0,0,0,0,0
2025-2026,15,Milan,TRAORE Chaka,traore chaka,,,0,0,0,0,0,0,0
2025-2026,15,Milan,VOS Silvano,vos silvano,,,0,0,0,0,0,0,0
2025-2026,15,Milan,BALENTIEN Chevejo,balentien chevejo,,,0,0,0,0,0,0,0
2025-2026,15,Milan,GIMENEZ Santiago,gimenez santiago,,,0,0,0,0,0,0,0
2025-2026,15,Milan,LEAO Rafael,leao rafael,,,0,0,0,0,0,0,0
2025-2026,15,Milan,NKUNKU Cristopher,nkunku cristopher,6.0,7.0,0,1,0,0,0,0,0
2025-2026,15,Milan,PULISIC Christian,pulisic christian,5.5,5.5,0,0,0,0,0,0,0
2025-2026,15,Napoli,CONTINI Nikita,contini nikita,,,0,0,0,0,0,0,0
2025-2026,15,Napoli,MERET Alex,meret alex,,,0,0,0,0,0,0,0
2025-2026,15,Napoli,MILINKOVIC Vanja,milinkovic vanja,5.5,4.5,-1,0,0,0,0,0,0
2025-2026,15,Napoli,BEUKEMA Sam,beukema sam,6.0,6.0,0,0,0,0,0,0,0
2025-2026,15,Napoli,BUONGIORNO Alessand.,buongiorno alessand.,5.0,5.0,0,0,0,0,0,0,0
2025-2026,15,Napoli,DI LORENZO Giovanni,di lorenzo giovanni,5.0,5.0,0,0,0,0,0,0,0
2025-2026,15,Napoli,GUTIERREZ Miguel,gutierrez miguel,,6.0,0,0,0,0,0,0,0
2025-2026,15,Napoli,JESUS Juan,jesus juan,,,0,0,0,0,0,0,0
2025-2026,15,Napoli,MARIANUCCI Luca,marianucci luca,,,0,0,0,0,0,0,0
2025-2026,15,Napoli,MAZZOCCHI Pasquale,mazzocchi pasquale,,,0,0,0,0,0,0,0
2025-2026,15,Napoli,OLIVERA Mathias,olivera mathias,5.5,5.5,0,0,0,0,0,0,0
2025-2026,15,Napoli,RRAHMANI Amir,rrahmani amir,5.5,5.5,0,0,0,0,0,0,0
2025-2026,15,Napoli,SPINAZZOLA Leonardo,spinazzola leonardo,5.5,5.5,0,0,0,0,0,0,0
2025-2026,15,Napoli,ANGUISSA Andre' Zam.,anguissa andre' zam.,,,0,0,0,0,0,0,0
2025-2026,15,Napoli,DE BRUYNE Kevin,de bruyne kevin,,,0,0,0,0,0,0,0
2025-2026,15,Napoli,ELMAS Eljif,elmas eljif,5.0,5.0,0,0,0,0,0,0,0
2025-2026,15,Napoli,GILMOUR Billy,gilmour billy,,,0,0,0,0,0,0,0
2025-2026,15,Napoli,LOBOTKA Stanislav,lobotka stanislav,5.5,5.5,0,0,0,0,0,0,0
2025-2026,15,Napoli,MCTOMINAY Scott,mctominay scott,5.5,5.5,0,0,0,0,0,0,0
2025-2026,15,Napoli,VERGARA Antonio,vergara antonio,,,0,0,0,0,0,0,0
2025-2026,15,Napoli,AMBROSINO Giuseppe,ambrosino giuseppe,,,0,0,0,0,0,0,0
2025-2026,15,Napoli,HOJLUND Rasmus,hojlund rasmus,4.5,4.5,0,0,0,0,0,0,0
2025-2026,15,Napoli,LANG Noa,lang noa,5.0,5.0,0,0,0,0,0,0,0
2025-2026,15,Napoli,LUCCA Lorenzo,lucca lorenzo,6.0,6.0,0,0,0,0,0,0,0
2025-2026,15,Napoli,LUKAKU Romelu,lukaku romelu,,,0,0,0,0,0,0,0
2025-2026,15,Napoli,NERES David,neres david,5.0,5.0,0,0,0,0,0,0,0
2025-2026,15,Napoli,POLITANO Matteo,politano matteo,5.5,5.5,0,0,0,0,0,0,0
2025-2026,15,Roma,GOLLINI Pierluigi,gollini pierluigi,,,0,0,0,0,0,0,0
2025-2026,15,Roma,SVILAR Mile,svilar mile,6.5,7.5,0,0,0,0,0,0,0
2025-2026,15,Roma,VASQUEZ Devis,vasquez devis,,,0,0,0,0,0,0,0
2025-2026,15,Roma,ANGELINO Jose',angelino jose',,,0,0,0,0,0,0,0
2025-2026,15,Roma,CELIK Zeki,celik zeki,,,0,0,0,0,0,0,0
2025-2026,15,Roma,GHILARDI Daniele,ghilardi daniele,,,0,0,0,0,0,0,0
2025-2026,15,Roma,HERMOSO Mario,hermoso mario,6.5,6.5,0,0,0,0,0,0,0
2025-2026,15,Roma,MANCINI Gianluca,mancini gianluca,6.0,5.5,0,0,1,0,0,0,0
2025-2026,15,Roma,NDICKA Evan,ndicka evan,7.0,7.0,0,0,0,0,0,0,0
2025-2026,15,Roma,RENSCH Devyne,rensch devyne,6.5,6.5,0,0,0,0,0,0,0
2025-2026,15,Roma,SANGARe' Buba,sangare' buba,,,0,0,0,0,0,0,0
2025-2026,15,Roma,TSIMIKAS Konstantin.,tsimikas konstantin.,,,0,0,0,0,0,0,0
2025-2026,15,Roma,WESLEY,wesley,7.0,9.5,1,0,1,0,0,0,0
2025-2026,15,Roma,ZIOLKOWSKI Jan,ziolkowski jan,,,0,0,0,0,0,0,0
2025-2026,15,Roma,BALDANZI Tommaso,baldanzi tommaso,,,0,0,0,0,0,0,0
2025-2026,15,Roma,CRISTANTE Bryan,cristante bryan,6.5,6.5,0,0,0,0,0,0,0
2025-2026,15,Roma,EL AYNAOUI Neil,el aynaoui neil,,,0,0,0,0,0,0,0
2025-2026,15,Roma,EL SHAARAWY Stephan,el shaarawy stephan,6.0,5.5,0,0,1,0,0,0,0
2025-2026,15,Roma,KONE' Manu,kone' manu,7.0,7.0,0,0,0,0,0,0,0
2025-2026,15,Roma,PELLEGRINI Lorenzo,pellegrini lorenzo,6.5,6.5,0,0,0,0,0,0,0
2025-2026,15,Roma,PISILLI Niccolo',pisilli niccolo',,,0,0,0,0,0,0,0
2025-2026,15,Roma,ROMANO Alessandro,romano alessandro,,,0,0,0,0,0,0,0
2025-2026,15,Roma,ARENA Antonio,arena antonio,,,0,0,0,0,0,0,0
2025-2026,15,Roma,BAILEY Leon,bailey leon,6.0,6.0,0,0,0,0,0,0,0
2025-2026,15,Roma,DOVBYK Artem,dovbyk artem,,,0,0,0,0,0,0,0
2025-2026,15,Roma,DYBALA Paulo,dybala paulo,,,0,0,0,0,0,0,0
2025-2026,15,Roma,FERGUSON Evan,ferguson evan,6.5,6.5,0,0,0,0,0,0,0
2025-2026,15,Roma,SOULE' Matias,soule' matias,6.5,7.5,0,1,0,0,0,0,0
2025-2026,15,Sassuolo,MURIC Arijanet,muric arijanet,6.0,4.0,-2,0,0,0,0,0,0
2025-2026,15,Sassuolo,SATALINO Giacomo,satalino giacomo,,,0,0,0,0,0,0,0
2025-2026,15,Sassuolo,TURATI Stefano,turati stefano,,,0,0,0,0,0,0,0
2025-2026,15,Sassuolo,ZACCHI Gioele,zacchi gioele,,,0,0,0,0,0,0,0
2025-2026,15,Sassuolo,CANDE' Fali,cande' fali,5.5,5.5,0,0,0,0,0,0,0
2025-2026,15,Sassuolo,COULIBALY Woyo,coulibaly woyo,,,0,0,0,0,0,0,0
2025-2026,15,Sassuolo,DOIG Josh,doig josh,6.0,6.0,0,0,0,0,0,0,0
2025-2026,15,Sassuolo,IDZES Jay,idzes jay,5.5,5.5,0,0,0,0,0,0,0
2025-2026,15,Sassuolo,MUHAREMOVIC Tarik,muharemovic tarik,6.5,6.0,0,0,1,0,0,0,0
2025-2026,15,Sassuolo,PAZ Yeferson,paz yeferson,,,0,0,0,0,0,0,0
2025-2026,15,Sassuolo,PIERAGNOLO Edoardo,pieragnolo edoardo,,,0,0,0,0,0,0,0
2025-2026,15,Sassuolo,ROMAGNA Filippo,romagna filippo,,,0,0,0,0,0,0,0
2025-2026,15,Sassuolo,WALUKIEWICZ Sebasti.,walukiewicz sebasti.,5.0,5.0,0,0,0,0,0,0,0
2025-2026,15,Sassuolo,BOLOCA Daniel,boloca daniel,,,0,0,0,0,0,0,0
2025-2026,15,Sassuolo,FADERA Alieu,fadera alieu,5.0,4.5,0,0,1,0,0,0,0
2025-2026,15,Sassuolo,IANNONI Edoardo,iannoni edoardo,,,0,0,0,0,0,0,0
2025-2026,15,Sassuolo,KONE Ismael,kone ismael,7.0,10.0,1,0,0,0,0,0,0
2025-2026,15,Sassuolo,LIPANI Luca,lipani luca,,,0,0,0,0,0,0,0
2025-2026,15,Sassuolo,MATIC Nemanja,matic nemanja,7.0,7.0,0,0,0,0,0,0,0
2025-2026,15,Sassuolo,THORSTVEDT Kristian,thorstvedt kristian,6.0,5.5,0,0,1,0,0,0,0
2025-2026,15,Sassuolo,VOLPATO Cristian,volpato cristian,5.5,5.5,0,0,0,0,0,0,0
2025-2026,15,Sassuolo,VRANCKX Aster,vranckx aster,,,0,0,0,0,0,0,0
2025-2026,15,Sassuolo,BERARDI Domenico,berardi domenico,,,0,0,0,0,0,0,0
2025-2026,15,Sassuolo,CHEDDIRA Walid,cheddira walid,,,0,0,0,0,0,0,0
2025-2026,15,Sassuolo,LAURIENTE' Armand,lauriente' armand,7.0,10.0,1,0,0,0,0,0,0
2025-2026,15,Sassuolo,MORO Luca,moro luca,,,0,0,0,0,0,0,0
2025-2026,15,Sassuolo,PIERINI Nicholas,pierini nicholas,,,0,0,0,0,0,0,0
2025-2026,15,Sassuolo,PINAMONTI Andrea,pinamonti andrea,7.0,9.0,0,2,0,0,0,0,0
2025-2026,15,Sassuolo,SKJELLERUP Laurs,skjellerup laurs,,,0,0,0,0,0,0,0
2025-2026,15,Torino,ISRAEL Franco,israel franco,,,0,0,0,0,0,0,0
2025-2026,15,Torino,PALEARI Alberto,paleari alberto,6.0,7.0,0,0,0,0,0,0,0
2025-2026,15,Torino,POPA Mihai,popa mihai,,,0,0,0,0,0,0,0
2025-2026,15,Torino,BIRAGHI Cristiano,biraghi cristiano,,,0,0,0,0,0,0,0
2025-2026,15,Torino,COCO Saul,coco saul,6.5,6.5,0,0,0,0,0,0,0
2025-2026,15,Torino,DEMBELE' Ali,dembele' ali,,,0,0,0,0,0,0,0
2025-2026,15,Torino,ISMAJLI Ardian,ismajli ardian,6.0,6.0,0,0,0,0,0,0,0
2025-2026,15,Torino,LAZARO Valentino,lazaro valentino,5.5,5.5,0,0,0,0,0,0,0
2025-2026,15,Torino,MARIPAN Guillermo,maripan guillermo,6.5,6.5,0,0,0,0,0,0,0
2025-2026,15,Torino,MASINA Adam,masina adam,,,0,0,0,0,0,0,0
2025-2026,15,Torino,NKOUNKOU Niels,nkounkou niels,,,0,0,0,0,0,0,0
2025-2026,15,Torino,PEDERSEN Marcus,pedersen marcus,7.0,6.5,0,0,1,0,0,0,0
2025-2026,15,Torino,PEREZ Alex,perez alex,,,0,0,0,0,0,0,0
2025-2026,15,Torino,SAZONOV Saba,sazonov saba,,,0,0,0,0,0,0,0
2025-2026,15,Torino,SCHUURS Perr,schuurs perr,,,0,0,0,0,0,0,0
2025-2026,15,Torino,ZAIA Edoardo,zaia edoardo,,,0,0,0,0,0,0,0
2025-2026,15,Torino,ANJORIN Tino,anjorin tino,,,0,0,0,0,0,0,0
2025-2026,15,Torino,ASLLANI Kristjan,asllani kristjan,6.5,6.5,0,0,0,0,0,0,0
2025-2026,15,Torino,CASADEI Cesare,casadei cesare,6.0,6.0,0,0,0,0,0,0,0
2025-2026,15,Torino,GINEITIS Gvidas,gineitis gvidas,6.0,6.0,0,0,0,0,0,0,0
2025-2026,15,Torino,ILIC Ivan,ilic ivan,,,0,0,0,0,0,0,0
2025-2026,15,Torino,ILKHAN Emirhan,ilkhan emirhan,,,0,0,0,0,0,0,0
2025-2026,15,Torino,PERCIUN Sergiu,perciun sergiu,,,0,0,0,0,0,0,0
2025-2026,15,Torino,TAMEZE Adrien,tameze adrien,,,0,0,0,0,0,0,0
2025-2026,15,Torino,VLASIC Nikola,vlasic nikola,7.0,10.0,1,0,0,0,0,0,0
2025-2026,15,Torino,ABOUKHLAL Zakaria,aboukhlal zakaria,,,0,0,0,0,0,0,0
2025-2026,15,Torino,ADAMS Che',adams che',7.0,7.0,0,0,0,0,0,0,0
2025-2026,15,Torino,GABELLINI Tommaso,gabellini tommaso,,,0,0,0,0,0,0,0
2025-2026,15,Torino,NGONGE Cyril,ngonge cyril,6.0,6.0,0,0,0,0,0,0,0
2025-2026,15,Torino,NJIE Alieu,njie alieu,,,0,0,0,0,0,0,0
2025-2026,15,Torino,SAVVA Zanos,savva zanos,,,0,0,0,0,0,0,0
2025-2026,15,Torino,SIMEONE Giovanni,simeone giovanni,6.5,6.5,0,0,0,0,0,0,0
2025-2026,15,Torino,ZAPATA Duvan,zapata duvan,6.5,7.5,0,1,0,0,0,0,0
2025-2026,15,Udinese,NUNZIANTE Alessandro,nunziante alessandro,,,0,0,0,0,0,0,0
2025-2026,15,Udinese,OKOYE Maduka,okoye maduka,6.0,7.0,0,0,0,0,0,0,0
2025-2026,15,Udinese,PADELLI Daniele,padelli daniele,,,0,0,0,0,0,0,0
2025-2026,15,Udinese,SAVA Razvan,sava razvan,,,0,0,0,0,0,0,0
2025-2026,15,Udinese,BERTOLA Nicolo',bertola nicolo',6.5,6.5,0,0,0,0,0,0,0
2025-2026,15,Udinese,EHIZIBUE Kingsley,ehizibue kingsley,,,0,0,0,0,0,0,0
2025-2026,15,Udinese,GOGLICHIDZE Saba,goglichidze saba,,,0,0,0,0,0,0,0
2025-2026,15,Udinese,KABASELE Christian,kabasele christian,7.0,7.0,0,0,0,0,0,0,0
2025-2026,15,Udinese,KAMARA Hassane,kamara hassane,,,0,0,0,0,0,0,0
2025-2026,15,Udinese,KRISTENSEN Thomas,kristensen thomas,6.5,6.5,0,0,0,0,0,0,0
2025-2026,15,Udinese,MODESTO Rui,modesto rui,,,0,0,0,0,0,0,0
2025-2026,15,Udinese,PALMA Matteo,palma matteo,,,0,0,0,0,0,0,0
2025-2026,15,Udinese,SOLET Oumar,solet oumar,6.0,6.0,0,0,0,0,0,0,0
2025-2026,15,Udinese,ZANOLI Alessandro,zanoli alessandro,6.5,6.5,0,0,0,0,0,0,0
2025-2026,15,Udinese,ZEMURA Jordan,zemura jordan,,,0,0,0,0,0,0,0
2025-2026,15,Udinese,ATTA Arthur,atta arthur,,,0,0,0,0,0,0,0
2025-2026,15,Udinese,EKKELENKAMP Jurgen,ekkelenkamp jurgen,7.5,10.5,1,0,0,0,0,0,0
2025-2026,15,Udinese,KARLSTROM Jesper,karlstrom jesper,6.0,6.0,0,0,0,0,0,0,0
2025-2026,15,Udinese,LOVRIC Sandi,lovric sandi,,,0,0,0,0,0,0,0
2025-2026,15,Udinese,MILLER Lennon,miller lennon,,,0,0,0,0,0,0,0
2025-2026,15,Udinese,PIOTROWSKI Jakub,piotrowski jakub,6.5,6.5,0,0,0,0,0,0,0
2025-2026,15,Udinese,ZANIOLO Nicolo',zaniolo nicolo',7.0,6.5,0,0,1,0,0,0,0
2025-2026,15,Udinese,ZARRAGA Oier,zarraga oier,,,0,0,0,0,0,0,0
2025-2026,15,Udinese,BAYO Vakoun,bayo vakoun,,,0,0,0,0,0,0,0
2025-2026,15,Udinese,BRAVO Iker,bravo iker,,,0,0,0,0,0,0,0
2025-2026,15,Udinese,BUKSA Adam,buksa adam,,,0,0,0,0,0,0,0
2025-2026,15,Udinese,DAVIS Keinan,davis keinan,6.5,7.5,0,1,0,0,0,0,0
2025-2026,15,Udinese,GUEYE Idrissa,gueye idrissa,,,0,0,0,0,0,0,0
2025-2026,15,Udinese,VINCIATI Giulio,vinciati giulio,,,0,0,0,0,0,0,0
2025-2026,15,Verona,MONTIPO' Lorenzo,montipo' lorenzo,7.0,6.0,-1,0,0,0,0,0,0
2025-2026,15,Verona,PERILLI Simone,perilli simone,,,0,0,0,0,0,0,0
2025-2026,15,Verona,BELGHALI Rafik,belghali rafik,6.0,5.5,0,0,1,0,0,0,0
2025-2026,15,Verona,BELLA-KOTCHAP Armel,bella-kotchap armel,7.5,7.5,0,0,0,0,0,0,0
2025-2026,15,Verona,BRADARIC Domagoj,bradaric domagoj,,,0,0,0,0,0,0,0
2025-2026,15,Verona,CHAM Fallou,cham fallou,,,0,0,0,0,0,0,0
2025-2026,15,Verona,EBOSSE Enzo,ebosse enzo,,,0,0,0,0,0,0,0
2025-2026,15,Verona,FRESE Martin,frese martin,6.0,5.5,0,0,1,0,0,0,0
2025-2026,15,Verona,KURTI Adi,kurti adi,,,0,0,0,0,0,0,0
2025-2026,15,Verona,NELSSON Victor,nelsson victor,5.0,5.0,0,0,0,0,0,0,0
2025-2026,15,Verona,NUNEZ Unai,nunez unai,5.5,3.0,0,0,1,0,1,0,0
2025-2026,15,Verona,OYEGOKE Daniel,oyegoke daniel,,,0,0,0,0,0,0,0
2025-2026,15,Verona,SLOTSAGER Tobias,slotsager tobias,,,0,0,0,0,0,0,0
2025-2026,15,Verona,VALENTINI Nicolas,valentini nicolas,,6.0,0,0,0,0,0,0,0
2025-2026,15,Verona,YELLU Santiago,yellu santiago,,,0,0,0,0,0,0,0
2025-2026,15,Verona,AKPA-AKPRO Jean-Dan.,akpa-akpro jean-dan.,,,0,0,0,0,0,0,0
2025-2026,15,Verona,AL-MUSRATI Moatasem,al-musrati moatasem,7.0,7.5,0,1,1,0,0,0,0
2025-2026,15,Verona,BERNEDE Antoine,bernede antoine,7.0,8.0,0,1,0,0,0,0,0
2025-2026,15,Verona,GAGLIARDINI Roberto,gagliardini roberto,6.0,6.0,0,0,0,0,0,0,0
2025-2026,15,Verona,HARROUI Abdou,harroui abdou,,,0,0,0,0,0,0,0
2025-2026,15,Verona,KASTANOS Grigoris,kastanos grigoris,,,0,0,0,0,0,0,0
2025-2026,15,Verona,NIASSE Cheikh,niasse cheikh,6.0,5.5,0,0,1,0,0,0,0
2025-2026,15,Verona,SERDAR Suat,serdar suat,,6.0,0,0,0,0,0,0,0
2025-2026,15,Verona,SUSLOV Tomas,suslov tomas,,,0,0,0,0,0,0,0
2025-2026,15,Verona,YILDIZ Veis,yildiz veis,,,0,0,0,0,0,0,0
2025-2026,15,Verona,AJAYI Junior,ajayi junior,,,0,0,0,0,0,0,0
2025-2026,15,Verona,GIOVANE Do Nascimie.,giovane do nascimie.,6.0,6.0,0,0,0,0,0,0,0
2025-2026,15,Verona,LUNA Agustin,luna agustin,,,0,0,0,0,0,0,0
2025-2026,15,Verona,MOSQUERA Daniel,mosquera daniel,6.0,6.0,0,0,0,0,0,0,0
2025-2026,15,Verona,ORBAN Gift,orban gift,7.5,13.5,2,0,0,0,0,0,0
2025-2026,15,Verona,SARR Amin,sarr amin,6.0,6.0,0,0,0,0,0,0,0
2025-2026,15,Cremonese,AUDERO Emil,audero emil,6.0,5.0,-1,0,0,0,0,0,0
2025-2026,15,Cremonese,MALOVEC Adrian,malovec adrian,,,0,0,0,0,0,0,0
2025-2026,15,Cremonese,NAVA Lapo,nava lapo,,,0,0,0,0,0,0,0
2025-2026,15,Cremonese,SILVESTRI Marco,silvestri marco,,,0,0,0,0,0,0,0
2025-2026,15,Cremonese,BARBIERI Tommaso,barbieri tommaso,5.5,5.0,0,0,1,0,0,0,0
2025-2026,15,Cremonese,BASCHIROTTO Federico,baschirotto federico,5.0,5.0,0,0,0,0,0,0,0
2025-2026,15,Cremonese,BIANCHETTI Matteo,bianchetti matteo,,,0,0,0,0,0,0,0
2025-2026,15,Cremonese,CECCHERINI Federico,ceccherini federico,6.5,6.5,0,0,0,0,0,0,0
2025-2026,15,Cremonese,FAYE Mikayil,faye mikayil,,,0,0,0,0,0,0,0
2025-2026,15,Cremonese,FLORIANI MUSSOLINI .,floriani mussolini .,5.5,5.5,0,0,0,0,0,0,0
2025-2026,15,Cremonese,FOLINO Francesco,folino francesco,,,0,0,0,0,0,0,0
2025-2026,15,Cremonese,PEZZELLA Giuseppe,pezzella giuseppe,6.0,6.0,0,0,0,0,0,0,0
2025-2026,15,Cremonese,SERNICOLA Leonardo,sernicola leonardo,,,0,0,0,0,0,0,0
2025-2026,15,Cremonese,TERRACCIANO Filippo,terracciano filippo,6.0,6.0,0,0,0,0,0,0,0
2025-2026,15,Cremonese,BONDO Warren,bondo warren,5.5,5.5,0,0,0,0,0,0,0
2025-2026,15,Cremonese,COLLOCOLO Michele,collocolo michele,,,0,0,0,0,0,0,0
2025-2026,15,Cremonese,GRASSI Alberto,grassi alberto,,,0,0,0,0,0,0,0
2025-2026,15,Cremonese,LORDKIPANIDZE Dachi,lordkipanidze dachi,,,0,0,0,0,0,0,0
2025-2026,15,Cremonese,PAYERO Martin,payero martin,5.5,5.0,0,0,1,0,0,0,0
2025-2026,15,Cremonese,VALOTI Mattia,valoti mattia,,,0,0,0,0,0,0,0
2025-2026,15,Cremonese,VANDEPUTTE Jari,vandeputte jari,6.5,6.5,0,0,0,0,0,0,0
2025-2026,15,Cremonese,BONAZZOLI Federico,bonazzoli federico,6.0,6.0,0,0,0,0,0,0,0
2025-2026,15,Cremonese,DE LUCA Manuel,de luca manuel,,,0,0,0,0,0,0,0
2025-2026,15,Cremonese,JOHNSEN Dennis,johnsen dennis,,,0,0,0,0,0,0,0
2025-2026,15,Cremonese,MOUMBAGNA Faris,moumbagna faris,5.0,5.0,0,0,0,0,0,0,0
2025-2026,15,Cremonese,OKEREKE David,okereke david,,,0,0,0,0,0,0,0
2025-2026,15,Cremonese,SANABRIA Antonio,sanabria antonio,5.5,5.5,0,0,0,0,0,0,0
2025-2026,15,Cremonese,SARMIENTO Jeremy,sarmiento jeremy,,,0,0,0,0,0,0,0
2025-2026,15,Cremonese,VARDY Jamie,vardy jamie,5.5,5.5,0,0,0,0,0,0,0
2025-2026,15,Cremonese,VAZQUEZ Franco,vazquez franco,,6.0,0,0,0,0,0,0,0
2025-2026,15,Cremonese,ZERBIN Alessio,zerbin alessio,6.0,6.0,0,0,0,0,0,0,0
2025-2026,15,Parma,CORVI Edoardo,corvi edoardo,6.5,5.5,-1,0,0,0,0,0,0
2025-2026,15,Parma,GUAITA Vicente,guaita vicente,,,0,0,0,0,0,0,0
2025-2026,15,Parma,RINALDI Filippo,rinaldi filippo,,,0,0,0,0,0,0,0
2025-2026,15,Parma,SUZUKI Zion,suzuki zion,,,0,0,0,0,0,0,0
2025-2026,15,Parma,BRITSCHGI Sascha,britschgi sascha,6.0,6.0,0,0,0,0,0,0,0
2025-2026,15,Parma,CIRCATI Alessandro,circati alessandro,,,0,0,0,0,0,0,0
2025-2026,15,Parma,DEL PRATO Enrico,del prato enrico,6.0,6.0,0,0,0,0,0,0,0
2025-2026,15,Parma,LOVIK Mathias,lovik mathias,,,0,0,0,0,0,0,0
2025-2026,15,Parma,NDIAYE Abdoulaye,ndiaye abdoulaye,,,0,0,0,0,0,0,0
2025-2026,15,Parma,TRABUCCHI Nicolas,trabucchi nicolas,,,0,0,0,0,0,0,0
2025-2026,15,Parma,TROILO Mariano,troilo mariano,6.0,6.0,0,0,0,0,0,0,0
2025-2026,15,Parma,VALENTI Lautaro,valenti lautaro,5.0,5.0,0,0,0,0,0,0,0
2025-2026,15,Parma,VALERI Emanuele,valeri emanuele,6.5,6.0,0,0,1,0,0,0,0
2025-2026,15,Parma,BERNABE' Adrian,bernabe' adrian,5.5,5.5,0,0,0,0,0,0,0
2025-2026,15,Parma,CREMASCHI Benjamin,cremaschi benjamin,,,0,0,0,0,0,0,0
2025-2026,15,Parma,ESTEVEZ Nahuel,estevez nahuel,6.5,6.0,0,0,1,0,0,0,0
2025-2026,15,Parma,HERNANI,hernani,,,0,0,0,0,0,0,0
2025-2026,15,Parma,KEITA Mandela,keita mandela,5.5,5.5,0,0,0,0,0,0,0
2025-2026,15,Parma,ORDONEZ Christian,ordonez christian,,,0,0,0,0,0,0,0
2025-2026,15,Parma,ORISTANIO Gaetano,oristanio gaetano,5.0,5.0,0,0,0,0,0,0,0
2025-2026,15,Parma,PLICCO Elia,plicco elia,,,0,0,0,0,0,0,0
2025-2026,15,Parma,SORENSEN Oliver,sorensen oliver,,,0,0,0,0,0,0,0
2025-2026,15,Parma,ALMQVIST Pontus,almqvist pontus,,,0,0,0,0,0,0,0
2025-2026,15,Parma,BEGIC Tjas,begic tjas,,,0,0,0,0,0,0,0
2025-2026,15,Parma,BENEDYCZAK Adrian,benedyczak adrian,5.0,5.0,0,0,0,0,0,0,0
2025-2026,15,Parma,CUTRONE Patrick,cutrone patrick,5.0,5.0,0,0,0,0,0,0,0
2025-2026,15,Parma,DJURIC Milan,djuric milan,,,0,0,0,0,0,0,0
2025-2026,15,Parma,FRIGAN Matija,frigan matija,,,0,0,0,0,0,0,0
2025-2026,15,Parma,ONDREJKA Jacob,ondrejka jacob,5.0,5.0,0,0,0,0,0,0,0
2025-2026,15,Parma,PELLEGRINO Mateo,pellegrino mateo,6.5,6.5,0,0,0,0,0,0,0
2025-2026,15,Pisa,NICOLAS,nicolas,,,0,0,0,0,0,0,0
2025-2026,15,Pisa,SCUFFET Simone,scuffet simone,,,0,0,0,0,0,0,0
2025-2026,15,Pisa,SEMPER Adrian,semper adrian,6.0,5.0,-1,0,0,0,0,0,0
2025-2026,15,Pisa,ALBIOL Raul,albiol raul,5.0,5.0,0,0,0,0,0,0,0
2025-2026,15,Pisa,ANGORI Samuele,angori samuele,6.0,6.0,0,0,0,0,0,0,0
2025-2026,15,Pisa,BONFANTI Giovanni,bonfanti giovanni,,,0,0,0,0,0,0,0
2025-2026,15,Pisa,CALABRESI Arturo,calabresi arturo,5.5,5.0,0,0,1,0,0,0,0
2025-2026,15,Pisa,CANESTRELLI Simone,canestrelli simone,6.0,6.0,0,0,0,0,0,0,0
2025-2026,15,Pisa,CARACCIOLO Antonio,caracciolo antonio,5.0,5.0,0,0,0,0,0,0,0
2025-2026,15,Pisa,CUADRADO Juan,cuadrado juan,,,0,0,0,0,0,0,0
2025-2026,15,Pisa,DENOON Daniel,denoon daniel,,,0,0,0,0,0,0,0
2025-2026,15,Pisa,ESTEVES Tomas,esteves tomas,,,0,0,0,0,0,0,0
2025-2026,15,Pisa,LUSUARDI Mateus,lusuardi mateus,,,0,0,0,0,0,0,0
2025-2026,15,Pisa,MBAMBI Jeremy,mbambi jeremy,,,0,0,0,0,0,0,0
2025-2026,15,Pisa,AEBISCHER Michel,aebischer michel,5.5,5.5,0,0,0,0,0,0,0
2025-2026,15,Pisa,AKINSANMIRO Ebenezer,akinsanmiro ebenezer,5.0,5.0,0,0,0,0,0,0,0
2025-2026,15,Pisa,HOJHOLT Malthe,hojholt malthe,,,0,0,0,0,0,0,0
2025-2026,15,Pisa,LERIS Mehdi,leris mehdi,5.5,5.5,0,0,0,0,0,0,0
2025-2026,15,Pisa,LORRAN De Sousa,lorran de sousa,5.5,5.5,0,0,0,0,0,0,0
2025-2026,15,Pisa,MARIN Marius,marin marius,,,0,0,0,0,0,0,0
2025-2026,15,Pisa,MAUCCI Giacomo,maucci giacomo,,,0,0,0,0,0,0,0
2025-2026,15,Pisa,PICCININI Gabriele,piccinini gabriele,,,0,0,0,0,0,0,0
2025-2026,15,Pisa,STENGS Calvin,stengs calvin,,,0,0,0,0,0,0,0
2025-2026,15,Pisa,TOURE Idrissa,toure idrissa,6.0,6.0,0,0,0,0,0,0,0
2025-2026,15,Pisa,TRAMONI Matteo,tramoni matteo,5.5,5.5,0,0,0,0,0,0,0
2025-2026,15,Pisa,VURAL Isak,vural isak,5.5,5.5,0,0,0,0,0,0,0
2025-2026,15,Pisa,BUFFON Louis,buffon louis,,,0,0,0,0,0,0,0
2025-2026,15,Pisa,MEISTER Henrik,meister henrik,5.5,5.5,0,0,0,0,0,0,0
2025-2026,15,Pisa,MOREO Stefano,moreo stefano,5.0,5.0,0,0,0,0,0,0,0
2025-2026,15,Pisa,NZOLA M'Bala,nzola m'bala,,,0,0,0,0,0,0,0
2025-2026,15,Como,BUTEZ Jean,butez jean,6.5,5.5,-1,0,0,0,0,0,0
2025-2026,15,Como,CAVLINA Nikola,cavlina nikola,,,0,0,0,0,0,0,0
2025-2026,15,Como,VIGORITO Mauro,vigorito mauro,,,0,0,0,0,0,0,0
2025-2026,15,Como,CARLOS Diego,carlos diego,,,0,0,0,0,0,0,0
2025-2026,15,Como,DOSSENA Alberto,dossena alberto,,,0,0,0,0,0,0,0
2025-2026,15,Como,GOLDANIGA Edoardo,goldaniga edoardo,,,0,0,0,0,0,0,0
2025-2026,15,Como,KEMPF Marc-Oliver,kempf marc-oliver,6.0,6.0,0,0,0,0,0,0,0
2025-2026,15,Como,MORENO Alberto,moreno alberto,,,0,0,0,0,0,0,0
2025-2026,15,Como,POSCH Stefan,posch stefan,6.0,6.0,0,0,0,0,0,0,0
2025-2026,15,Como,RAMON Jacobo,ramon jacobo,6.0,5.5,0,0,1,0,0,0,0
2025-2026,15,Como,ROBERTO Sergi,roberto sergi,,,0,0,0,0,0,0,0
2025-2026,15,Como,SALA Marco,sala marco,,,0,0,0,0,0,0,0
2025-2026,15,Como,SMOLCIC Ivan,smolcic ivan,6.0,6.0,0,0,0,0,0,0,0
2025-2026,15,Como,VALLE Alex,valle alex,6.0,6.0,0,0,0,0,0,0,0
2025-2026,15,Como,VAN DER BREMPT Igna.,van der brempt igna.,,6.0,0,0,0,0,0,0,0
2025-2026,15,Como,VOJVODA Mergim,vojvoda mergim,,,0,0,0,0,0,0,0
2025-2026,15,Como,BATURINA Martin,baturina martin,5.0,5.0,0,0,0,0,0,0,0
2025-2026,15,Como,CAQUERET Maxence,caqueret maxence,6.0,6.0,0,0,0,0,0,0,0
2025-2026,15,Como,DA CUNHA Lucas,da cunha lucas,6.5,6.5,0,0,0,0,0,0,0
2025-2026,15,Como,PAZ Nico,paz nico,6.0,5.5,0,0,1,0,0,0,0
2025-2026,15,Como,PERRONE Maximo,perrone maximo,,,0,0,0,0,0,0,0
2025-2026,15,Como,ADDAI Jaden,addai jaden,6.0,5.5,0,0,1,0,0,0,0
2025-2026,15,Como,CERRI Alberto,cerri alberto,,,0,0,0,0,0,0,0
2025-2026,15,Como,DIAO Assane,diao assane,5.5,5.5,0,0,0,0,0,0,0
2025-2026,15,Como,DOUVIKAS Tasos,douvikas tasos,5.5,5.5,0,0,0,0,0,0,0
2025-2026,15,Como,KUHN Nicolas,kuhn nicolas,,6.0,0,0,0,0,0,0,0
2025-2026,15,Como,MORATA Alvaro,morata alvaro,,,0,0,0,0,0,0,0
2025-2026,15,Como,RODRIGUEZ Jesus,rodriguez jesus,6.5,6.5,0,0,0,0,0,0,0
2025-2026,16,Atalanta,CARNESECCHI Marco,carnesecchi marco,7.0,8.0,0,0,0,0,0,0,0
2025-2026,16,Atalanta,ROSSI Francesco,rossi francesco,,,0,0,0,0,0,0,0
2025-2026,16,Atalanta,SPORTIELLO Marco,sportiello marco,,,0,0,0,0,0,0,0
2025-2026,16,Atalanta,AHANOR Honest,ahanor honest,,,0,0,0,0,0,0,0
2025-2026,16,Atalanta,BAKKER Mitchel,bakker mitchel,,,0,0,0,0,0,0,0
2025-2026,16,Atalanta,BELLANOVA Raoul,bellanova raoul,,,0,0,0,0,0,0,0
2025-2026,16,Atalanta,BERNASCONI Lorenzo,bernasconi lorenzo,5.0,5.0,0,0,0,0,0,0,0
2025-2026,16,Atalanta,COMI Pietro,comi pietro,,,0,0,0,0,0,0,0
2025-2026,16,Atalanta,DJIMSITI Berat,djimsiti berat,,,0,0,0,0,0,0,0
2025-2026,16,Atalanta,HIEN Isak,hien isak,7.0,10.0,1,0,0,0,0,0,0
2025-2026,16,Atalanta,KOLASINAC Sead,kolasinac sead,6.0,6.0,0,0,0,0,0,0,0
2025-2026,16,Atalanta,KOSSOUNOU Odilon,kossounou odilon,,,0,0,0,0,0,0,0
2025-2026,16,Atalanta,OBRIC Relja,obric relja,,,0,0,0,0,0,0,0
2025-2026,16,Atalanta,SCALVINI Giorgio,scalvini giorgio,,,0,0,0,0,0,0,0
2025-2026,16,Atalanta,ZAPPACOSTA Davide,zappacosta davide,6.0,6.0,0,0,0,0,0,0,0
2025-2026,16,Atalanta,BRESCIANINI Marco,brescianini marco,,,0,0,0,0,0,0,0
2025-2026,16,Atalanta,CASSA Federico,cassa federico,,,0,0,0,0,0,0,0
2025-2026,16,Atalanta,DE ROON Marten,de roon marten,6.5,6.5,0,0,0,0,0,0,0
2025-2026,16,Atalanta,EDERSON,ederson,6.0,6.0,0,0,0,0,0,0,0
2025-2026,16,Atalanta,MALDINI Daniel,maldini daniel,6.0,6.0,0,0,0,0,0,0,0
2025-2026,16,Atalanta,MANZONI Alberto,manzoni alberto,,,0,0,0,0,0,0,0
2025-2026,16,Atalanta,MUSAH Yunus,musah yunus,6.5,6.5,0,0,0,0,0,0,0
2025-2026,16,Atalanta,PASALIC Mario,pasalic mario,,,0,0,0,0,0,0,0
2025-2026,16,Atalanta,SAMARDZIC Lazar,samardzic lazar,6.0,5.5,0,0,1,0,0,0,0
2025-2026,16,Atalanta,ZALEWSKI Nicola,zalewski nicola,6.5,7.0,0,1,1,0,0,0,0
2025-2026,16,Atalanta,DE KETELAERE Charles,de ketelaere charles,6.0,6.0,0,0,0,0,0,0,0
2025-2026,16,Atalanta,KRSTOVIC Nikola,krstovic nikola,,,0,0,0,0,0,0,0
2025-2026,16,Atalanta,LOOKMAN Ademola,lookman ademola,,,0,0,0,0,0,0,0
2025-2026,16,Atalanta,SCAMACCA Gianluca,scamacca gianluca,5.0,5.0,0,0,0,0,0,0,0
2025-2026,16,Atalanta,SULEMANA Kamaldeen,sulemana kamaldeen,5.5,5.5,0,0,0,0,0,0,0
2025-2026,16,Bologna,PESSINA Massimo,pessina massimo,,,0,0,0,0,0,0,0
2025-2026,16,Bologna,RAVAGLIA Federico,ravaglia federico,,,0,0,0,0,0,0,0
2025-2026,16,Bologna,SKORUPSKI Lukasz,skorupski lukasz,,,0,0,0,0,0,0,0
2025-2026,16,Bologna,BONIFAZI Kevin,bonifazi kevin,,,0,0,0,0,0,0,0
2025-2026,16,Bologna,CASALE Nicolo',casale nicolo',,,0,0,0,0,0,0,0
2025-2026,16,Bologna,DE SILVESTRI Lorenzo,de silvestri lorenzo,,,0,0,0,0,0,0,0
2025-2026,16,Bologna,HEGGEM Torbjorn,heggem torbjorn,,,0,0,0,0,0,0,0
2025-2026,16,Bologna,HOLM Emil,holm emil,,,0,0,0,0,0,0,0
2025-2026,16,Bologna,LUCUMI Jhon,lucumi jhon,,,0,0,0,0,0,0,0
2025-2026,16,Bologna,LYKOGIANNIS Charala.,lykogiannis charala.,,,0,0,0,0,0,0,0
2025-2026,16,Bologna,MIRANDA Juan,miranda juan,,,0,0,0,0,0,0,0
2025-2026,16,Bologna,VITIK Martin,vitik martin,,,0,0,0,0,0,0,0
2025-2026,16,Bologna,ZORTEA Nadir,zortea nadir,,,0,0,0,0,0,0,0
2025-2026,16,Bologna,BERNARDESCHI Federi.,bernardeschi federi.,,,0,0,0,0,0,0,0
2025-2026,16,Bologna,FABBIAN Giovanni,fabbian giovanni,,,0,0,0,0,0,0,0
2025-2026,16,Bologna,FERGUSON Lewis,ferguson lewis,,,0,0,0,0,0,0,0
2025-2026,16,Bologna,FREULER Remo,freuler remo,,,0,0,0,0,0,0,0
2025-2026,16,Bologna,MORO Nikola,moro nikola,,,0,0,0,0,0,0,0
2025-2026,16,Bologna,POBEGA Tommaso,pobega tommaso,,,0,0,0,0,0,0,0
2025-2026,16,Bologna,SULEMANA,sulemana,,,0,0,0,0,0,0,0
2025-2026,16,Bologna,CAMBIAGHI Nicolo',cambiaghi nicolo',,,0,0,0,0,0,0,0
2025-2026,16,Bologna,CASTRO Santiago,castro santiago,,,0,0,0,0,0,0,0
2025-2026,16,Bologna,DALLINGA Thijs,dallinga thijs,,,0,0,0,0,0,0,0
2025-2026,16,Bologna,DOMINGUEZ Benjamin,dominguez benjamin,,,0,0,0,0,0,0,0
2025-2026,16,Bologna,IMMOBILE Ciro,immobile ciro,,,0,0,0,0,0,0,0
2025-2026,16,Bologna,ODGAARD Jens,odgaard jens,,,0,0,0,0,0,0,0
2025-2026,16,Bologna,ORSOLINI Riccardo,orsolini riccardo,,,0,0,0,0,0,0,0
2025-2026,16,Bologna,ROWE Jonathan,rowe jonathan,,,0,0,0,0,0,0,0
2025-2026,16,Cagliari,CAPRILE Elia,caprile elia,6.0,4.0,-2,0,0,0,0,0,1
2025-2026,16,Cagliari,CIOCCI Giuseppe,ciocci giuseppe,,,0,0,0,0,0,0,0
2025-2026,16,Cagliari,RADUNOVIC Boris,radunovic boris,,,0,0,0,0,0,0,0
2025-2026,16,Cagliari,IDRISSI Riyad,idrissi riyad,6.0,6.0,0,0,0,0,0,0,0
2025-2026,16,Cagliari,LUPERTO Sebastiano,luperto sebastiano,,,0,0,0,0,0,0,0
2025-2026,16,Cagliari,MINA Yerry,mina yerry,5.0,4.5,0,0,1,0,0,0,0
2025-2026,16,Cagliari,OBERT Adam,obert adam,5.5,5.5,0,0,0,0,0,0,0
2025-2026,16,Cagliari,PALESTRA Marco,palestra marco,6.0,6.0,0,0,0,0,0,0,0
2025-2026,16,Cagliari,RODRIGUEZ Juan,rodriguez juan,6.5,6.5,0,0,0,0,0,0,0
2025-2026,16,Cagliari,ZAPPA Gabriele,zappa gabriele,6.5,7.5,0,1,0,0,0,0,0
2025-2026,16,Cagliari,ZE PEDRO,ze pedro,,,0,0,0,0,0,0,0
2025-2026,16,Cagliari,ADOPO Michel,adopo michel,5.0,4.5,0,0,1,0,0,0,0
2025-2026,16,Cagliari,CAVUOTI Nicolo',cavuoti nicolo',,,0,0,0,0,0,0,0
2025-2026,16,Cagliari,DEIOLA Alessandro,deiola alessandro,6.0,6.0,0,0,0,0,0,0,0
2025-2026,16,Cagliari,DI PARDO Alessandro,di pardo alessandro,,,0,0,0,0,0,0,0
2025-2026,16,Cagliari,FOLORUNSHO Michael,folorunsho michael,6.5,9.5,1,0,0,0,0,0,0
2025-2026,16,Cagliari,GAETANO Gianluca,gaetano gianluca,6.5,7.5,0,1,0,0,0,0,0
2025-2026,16,Cagliari,LITETA Joseph,liteta joseph,,,0,0,0,0,0,0,0
2025-2026,16,Cagliari,MAZZITELLI Luca,mazzitelli luca,6.0,6.0,0,0,0,0,0,0,0
2025-2026,16,Cagliari,PRATI Matteo,prati matteo,,,0,0,0,0,0,0,0
2025-2026,16,Cagliari,ROG Marko,rog marko,,,0,0,0,0,0,0,0
2025-2026,16,Cagliari,BELOTTI Andrea,belotti andrea,,,0,0,0,0,0,0,0
2025-2026,16,Cagliari,BORRELLI Gennaro,borrelli gennaro,,6.0,0,0,0,0,0,0,0
2025-2026,16,Cagliari,ESPOSITO Sebastiano,esposito sebastiano,5.0,4.5,0,0,1,0,0,0,0
2025-2026,16,Cagliari,FELICI Mattia,felici mattia,,,0,0,0,0,0,0,0
2025-2026,16,Cagliari,KILICSOY Semih,kilicsoy semih,6.5,9.5,1,0,0,0,0,0,0
2025-2026,16,Cagliari,LUVUMBO Sebastiao Z.,luvumbo sebastiao z.,,,0,0,0,0,0,0,0
2025-2026,16,Cagliari,PAVOLETTI Leonardo,pavoletti leonardo,,,0,0,0,0,0,0,0
2025-2026,16,Fiorentina,DE GEA David,de gea david,6.5,5.5,-1,0,0,0,0,0,0
2025-2026,16,Fiorentina,LEZZERINI Luca,lezzerini luca,,,0,0,0,0,0,0,0
2025-2026,16,Fiorentina,MARTINELLI Tommaso,martinelli tommaso,,,0,0,0,0,0,0,0
2025-2026,16,Fiorentina,COMUZZO Pietro,comuzzo pietro,6.5,6.5,0,0,0,0,0,0,0
2025-2026,16,Fiorentina,DODO,dodo,7.0,8.0,0,1,0,0,0,0,0
2025-2026,16,Fiorentina,FORTINI Niccolo',fortini niccolo',6.0,6.0,0,0,0,0,0,0,0
2025-2026,16,Fiorentina,GOSENS Robin,gosens robin,,,0,0,0,0,0,0,0
2025-2026,16,Fiorentina,KOSPO Eman,kospo eman,,,0,0,0,0,0,0,0
2025-2026,16,Fiorentina,KOUADIO Eddy,kouadio eddy,,,0,0,0,0,0,0,0
2025-2026,16,Fiorentina,LAMPTEY Tariq,lamptey tariq,,,0,0,0,0,0,0,0
2025-2026,16,Fiorentina,MARI Pablo,mari pablo,,,0,0,0,0,0,0,0
2025-2026,16,Fiorentina,PARISI Fabiano,parisi fabiano,8.0,8.5,0,1,1,0,0,0,0
2025-2026,16,Fiorentina,PONGRACIC Marin,pongracic marin,6.0,6.0,0,0,0,0,0,0,0
2025-2026,16,Fiorentina,RANIERI Luca,ranieri luca,6.0,5.5,0,0,1,0,0,0,0
2025-2026,16,Fiorentina,VITI Mattia,viti mattia,,,0,0,0,0,0,0,0
2025-2026,16,Fiorentina,FAGIOLI Nicolo',fagioli nicolo',7.0,9.0,0,2,0,0,0,0,0
2025-2026,16,Fiorentina,FAZZINI Jacopo,fazzini jacopo,,,0,0,0,0,0,0,0
2025-2026,16,Fiorentina,INFANTINO Gino,infantino gino,,,0,0,0,0,0,0,0
2025-2026,16,Fiorentina,MANDRAGORA Rolando,mandragora rolando,7.0,10.0,1,0,0,0,0,0,0
2025-2026,16,Fiorentina,NDOUR Cher,ndour cher,6.5,9.5,1,0,0,0,0,0,0
2025-2026,16,Fiorentina,NICOLUSSI CAVIGLIA .,nicolussi caviglia .,,5.5,0,0,1,0,0,0,0
2025-2026,16,Fiorentina,RICHARDSON Amir,richardson amir,,,0,0,0,0,0,0,0
2025-2026,16,Fiorentina,SABIRI Abdelhamid,sabiri abdelhamid,,,0,0,0,0,0,0,0
2025-2026,16,Fiorentina,SOHM Simon,sohm simon,,,0,0,0,0,0,0,0
2025-2026,16,Fiorentina,DZEKO Edin,dzeko edin,,,0,0,0,0,0,0,0
2025-2026,16,Fiorentina,GUDMUNDSSON Albert,gudmundsson albert,7.5,10.5,1,0,0,0,0,0,0
2025-2026,16,Fiorentina,KEAN Moise,kean moise,7.0,13.0,2,0,0,0,0,0,0
2025-2026,16,Fiorentina,KOUAME' Christian,kouame' christian,6.0,6.0,0,0,0,0,0,0,0
2025-2026,16,Fiorentina,PICCOLI Roberto,piccoli roberto,6.0,6.0,0,0,0,0,0,0,0
2025-2026,16,Genoa,LEALI Nicola,leali nicola,5.0,4.0,0,0,0,1,0,0,0
2025-2026,16,Genoa,SIEGRIST Benjamin,siegrist benjamin,,,0,0,0,0,0,0,0
2025-2026,16,Genoa,SOMMARIVA Daniele,sommariva daniele,5.0,4.0,-1,0,0,0,0,0,0
2025-2026,16,Genoa,KUMER CELIK Alin,kumer celik alin,,,0,0,0,0,0,0,0
2025-2026,16,Genoa,MARCANDALLI Alessan.,marcandalli alessan.,6.0,6.0,0,0,0,0,0,0,0
2025-2026,16,Genoa,MARTIN Aaron,martin aaron,,,0,0,0,0,0,0,0
2025-2026,16,Genoa,NORTON-CUFFY Brooke,norton-cuffy brooke,6.0,6.0,0,0,0,0,0,0,0
2025-2026,16,Genoa,OSTIGARD Leo,ostigard leo,,,0,0,0,0,0,0,0
2025-2026,16,Genoa,OTOA Sebastian,otoa sebastian,6.5,6.5,0,0,0,0,0,0,0
2025-2026,16,Genoa,SABELLI Stefano,sabelli stefano,,,0,0,0,0,0,0,0
2025-2026,16,Genoa,VASQUEZ Johan,vasquez johan,5.5,5.5,0,0,0,0,0,0,0
2025-2026,16,Genoa,CARBONI Valentin,carboni valentin,,,0,0,0,0,0,0,0
2025-2026,16,Genoa,CUENCA Hugo,cuenca hugo,,,0,0,0,0,0,0,0
2025-2026,16,Genoa,ELLERTSSON Mikael,ellertsson mikael,6.0,6.0,0,0,0,0,0,0,0
2025-2026,16,Genoa,FINI Seydou,fini seydou,,,0,0,0,0,0,0,0
2025-2026,16,Genoa,FRENDRUP Morten,frendrup morten,6.5,6.5,0,0,0,0,0,0,0
2025-2026,16,Genoa,GRONBAEK Alberto,gronbaek alberto,,,0,0,0,0,0,0,0
2025-2026,16,Genoa,LAFONT Gael,lafont gael,,,0,0,0,0,0,0,0
2025-2026,16,Genoa,MALINOVSKYI Ruslan,malinovskyi ruslan,5.0,5.0,0,0,0,0,0,0,0
2025-2026,16,Genoa,MASINI Patrizio,masini patrizio,,,0,0,0,0,0,0,0
2025-2026,16,Genoa,MESSIAS Junior,messias junior,,,0,0,0,0,0,0,0
2025-2026,16,Genoa,ONANA Jean,onana jean,,,0,0,0,0,0,0,0
2025-2026,16,Genoa,STANCIU Nicolae,stanciu nicolae,,,0,0,0,0,0,0,0
2025-2026,16,Genoa,THORSBY Morten,thorsby morten,6.0,5.5,0,0,1,0,0,0,0
2025-2026,16,Genoa,COLOMBO Lorenzo,colombo lorenzo,6.0,6.0,0,0,0,0,0,0,0
2025-2026,16,Genoa,CORNET Maxwel,cornet maxwel,,,0,0,0,0,0,0,0
2025-2026,16,Genoa,EKHATOR Jeff,ekhator jeff,,,0,0,0,0,0,0,0
2025-2026,16,Genoa,EKUBAN Caleb,ekuban caleb,6.5,6.5,0,0,0,0,0,0,0
2025-2026,16,Genoa,VENTURINO Lorenzo,venturino lorenzo,,,0,0,0,0,0,0,0
2025-2026,16,Genoa,VITINHA,vitinha,6.5,6.5,0,0,0,0,0,0,0
2025-2026,16,Inter,DI GENNARO Raffaele,di gennaro raffaele,,,0,0,0,0,0,0,0
2025-2026,16,Inter,MARTINEZ Josep,martinez josep,,,0,0,0,0,0,0,0
2025-2026,16,Inter,SOMMER Yann,sommer yann,,,0,0,0,0,0,0,0
2025-2026,16,Inter,ACERBI Francesco,acerbi francesco,,,0,0,0,0,0,0,0
2025-2026,16,Inter,AKANJI Manuel,akanji manuel,,,0,0,0,0,0,0,0
2025-2026,16,Inter,ALEXIOU Christos,alexiou christos,,,0,0,0,0,0,0,0
2025-2026,16,Inter,BASTONI Alessandro,bastoni alessandro,,,0,0,0,0,0,0,0
2025-2026,16,Inter,BISSECK Yann Aurel,bisseck yann aurel,,,0,0,0,0,0,0,0
2025-2026,16,Inter,CARLOS AUGUSTO,carlos augusto,,,0,0,0,0,0,0,0
2025-2026,16,Inter,COCCHI Matteo,cocchi matteo,,,0,0,0,0,0,0,0
2025-2026,16,Inter,DARMIAN Matteo,darmian matteo,,,0,0,0,0,0,0,0
2025-2026,16,Inter,DE VRIJ Stefan,de vrij stefan,,,0,0,0,0,0,0,0
2025-2026,16,Inter,DIMARCO Federico,dimarco federico,,,0,0,0,0,0,0,0
2025-2026,16,Inter,DUMFRIES Denzel,dumfries denzel,,,0,0,0,0,0,0,0
2025-2026,16,Inter,LUIS HENRIQUE,luis henrique,,,0,0,0,0,0,0,0
2025-2026,16,Inter,PALACIOS Tomas,palacios tomas,,,0,0,0,0,0,0,0
2025-2026,16,Inter,RE CECCONI Gabriele,re cecconi gabriele,,,0,0,0,0,0,0,0
2025-2026,16,Inter,BARELLA Nicolo',barella nicolo',,,0,0,0,0,0,0,0
2025-2026,16,Inter,BERENBRUCH Thomas,berenbruch thomas,,,0,0,0,0,0,0,0
2025-2026,16,Inter,CALHANOGLU Hakan,calhanoglu hakan,,,0,0,0,0,0,0,0
2025-2026,16,Inter,DIOUF Andy,diouf andy,,,0,0,0,0,0,0,0
2025-2026,16,Inter,FRATTESI Davide,frattesi davide,,,0,0,0,0,0,0,0
2025-2026,16,Inter,MKHITARYAN Henrikh,mkhitaryan henrikh,,,0,0,0,0,0,0,0
2025-2026,16,Inter,SUCIC Petar,sucic petar,,,0,0,0,0,0,0,0
2025-2026,16,Inter,TOPALOVIC Luka,topalovic luka,,,0,0,0,0,0,0,0
2025-2026,16,Inter,ZIELINSKI Piotr,zielinski piotr,,,0,0,0,0,0,0,0
2025-2026,16,Inter,BONNY Ange-Yoan,bonny ange-yoan,,,0,0,0,0,0,0,0
2025-2026,16,Inter,ESPOSITO Francesco .,esposito francesco .,,,0,0,0,0,0,0,0
2025-2026,16,Inter,MARTINEZ Lautaro,martinez lautaro,,,0,0,0,0,0,0,0
2025-2026,16,Inter,THURAM Marcus,thuram marcus,,,0,0,0,0,0,0,0
2025-2026,16,Juventus,DI GREGORIO Michele,di gregorio michele,6.0,5.0,-1,0,0,0,0,0,0
2025-2026,16,Juventus,PERIN Mattia,perin mattia,,,0,0,0,0,0,0,0
2025-2026,16,Juventus,PINSOGLIO Carlo,pinsoglio carlo,,,0,0,0,0,0,0,0
2025-2026,16,Juventus,BREMER Gleison,bremer gleison,7.0,7.0,0,0,0,0,0,0,0
2025-2026,16,Juventus,CABAL Juan,cabal juan,,,0,0,0,0,0,0,0
2025-2026,16,Juventus,CAMBIASO Andrea,cambiaso andrea,6.5,7.5,0,1,0,0,0,0,0
2025-2026,16,Juventus,GATTI Federico,gatti federico,,,0,0,0,0,0,0,0
2025-2026,16,Juventus,KALULU Pierre,kalulu pierre,6.0,6.0,0,0,0,0,0,0,0
2025-2026,16,Juventus,KELLY Lloyd,kelly lloyd,6.5,6.5,0,0,0,0,0,0,0
2025-2026,16,Juventus,MARIO Joao,mario joao,,,0,0,0,0,0,0,0
2025-2026,16,Juventus,ROUHI Jonas,rouhi jonas,,,0,0,0,0,0,0,0
2025-2026,16,Juventus,RUGANI Daniele,rugani daniele,6.0,6.0,0,0,0,0,0,0,0
2025-2026,16,Juventus,ADZIC Vasilije,adzic vasilije,,,0,0,0,0,0,0,0
2025-2026,16,Juventus,KOOPMEINERS Teun,koopmeiners teun,,,0,0,0,0,0,0,0
2025-2026,16,Juventus,KOSTIC Filip,kostic filip,,,0,0,0,0,0,0,0
2025-2026,16,Juventus,LOCATELLI Manuel,locatelli manuel,7.0,7.0,0,0,0,0,0,0,0
2025-2026,16,Juventus,MCKENNIE Weston,mckennie weston,6.5,7.0,0,1,1,0,0,0,0
2025-2026,16,Juventus,MIRETTI Fabio,miretti fabio,,,0,0,0,0,0,0,0
2025-2026,16,Juventus,THURAM Khephren,thuram khephren,7.0,7.0,0,0,0,0,0,0,0
2025-2026,16,Juventus,CONCEICAO Francisco,conceicao francisco,7.5,10.0,1,0,1,0,0,0,0
2025-2026,16,Juventus,DAVID Jonathan,david jonathan,,,0,0,0,0,0,0,0
2025-2026,16,Juventus,MILIK Arek,milik arek,,,0,0,0,0,0,0,0
2025-2026,16,Juventus,OPENDA Lois,openda lois,7.0,10.0,1,0,0,0,0,0,0
2025-2026,16,Juventus,PUGNO Diego,pugno diego,,,0,0,0,0,0,0,0
2025-2026,16,Juventus,VLAHOVIC Dusan,vlahovic dusan,,,0,0,0,0,0,0,0
2025-2026,16,Juventus,YILDIZ Kenan,yildiz kenan,7.0,7.0,0,0,0,0,0,0,0
2025-2026,16,Juventus,ZHEGROVA Edon,zhegrova edon,5.5,5.5,0,0,0,0,0,0,0
2025-2026,16,Lazio,FURLANETTO Alessio,furlanetto alessio,,,0,0,0,0,0,0,0
2025-2026,16,Lazio,MANDAS Christos,mandas christos,,,0,0,0,0,0,0,0
2025-2026,16,Lazio,PROVEDEL Ivan,provedel ivan,6.0,7.0,0,0,0,0,0,0,0
2025-2026,16,Lazio,GIGOT Samuel,gigot samuel,,,0,0,0,0,0,0,0
2025-2026,16,Lazio,GILA Mario,gila mario,6.0,5.5,0,0,1,0,0,0,0
2025-2026,16,Lazio,HYSAJ Elseid,hysaj elseid,,,0,0,0,0,0,0,0
2025-2026,16,Lazio,LAZZARI Manuel,lazzari manuel,,6.0,0,0,0,0,0,0,0
2025-2026,16,Lazio,MARUSIC Adam,marusic adam,6.5,6.5,0,0,0,0,0,0,0
2025-2026,16,Lazio,NUNO TAVARES,nuno tavares,,,0,0,0,0,0,0,0
2025-2026,16,Lazio,PATRIC,patric,,,0,0,0,0,0,0,0
2025-2026,16,Lazio,PELLEGRINI Luca,pellegrini luca,6.0,6.0,0,0,0,0,0,0,0
2025-2026,16,Lazio,PROVSTGAARD Oliver,provstgaard oliver,,,0,0,0,0,0,0,0
2025-2026,16,Lazio,ROMAGNOLI Alessio,romagnoli alessio,6.5,6.0,0,0,1,0,0,0,0
2025-2026,16,Lazio,BASIC Toma,basic toma,,,0,0,0,0,0,0,0
2025-2026,16,Lazio,BELAHYANE Reda,belahyane reda,6.0,6.0,0,0,0,0,0,0,0
2025-2026,16,Lazio,CATALDI Danilo,cataldi danilo,6.5,6.5,0,0,0,0,0,0,0
2025-2026,16,Lazio,DELE-BASHIRU Fisayo,dele-bashiru fisayo,,,0,0,0,0,0,0,0
2025-2026,16,Lazio,GUENDOUZI Matteo,guendouzi matteo,6.0,5.5,0,0,1,0,0,0,0
2025-2026,16,Lazio,ROVELLA Nicolo,rovella nicolo,,,0,0,0,0,0,0,0
2025-2026,16,Lazio,VECINO Matias,vecino matias,5.0,5.0,0,0,0,0,0,0,0
2025-2026,16,Lazio,CANCELLIERI Matteo,cancellieri matteo,5.5,5.5,0,0,0,0,0,0,0
2025-2026,16,Lazio,CASTELLANOS Valentin,castellanos valentin,5.0,5.0,0,0,0,0,0,0,0
2025-2026,16,Lazio,DIA Boulaye,dia boulaye,,,0,0,0,0,0,0,0
2025-2026,16,Lazio,ISAKSEN Gustav,isaksen gustav,,,0,0,0,0,0,0,0
2025-2026,16,Lazio,NOSLIN Tijjani,noslin tijjani,6.0,6.0,0,0,0,0,0,0,0
2025-2026,16,Lazio,PEDRO,pedro,5.5,5.0,0,0,1,0,0,0,0
2025-2026,16,Lazio,ZACCAGNI Mattia,zaccagni mattia,,,0,0,0,0,0,0,0
2025-2026,16,Lecce,FALCONE Wladimiro,falcone wladimiro,,,0,0,0,0,0,0,0
2025-2026,16,Lecce,FRUCHTL Christian,fruchtl christian,,,0,0,0,0,0,0,0
2025-2026,16,Lecce,SAMOOJA Jasper,samooja jasper,,,0,0,0,0,0,0,0
2025-2026,16,Lecce,ESTEBAN Paco,esteban paco,,,0,0,0,0,0,0,0
2025-2026,16,Lecce,GABRIEL Tiago,gabriel tiago,,,0,0,0,0,0,0,0
2025-2026,16,Lecce,GALLO Antonino,gallo antonino,,,0,0,0,0,0,0,0
2025-2026,16,Lecce,GASPAR Kialonda,gaspar kialonda,,,0,0,0,0,0,0,0
2025-2026,16,Lecce,GUILBERT Frederic,guilbert frederic,,,0,0,0,0,0,0,0
2025-2026,16,Lecce,JEAN Gaby,jean gaby,,,0,0,0,0,0,0,0
2025-2026,16,Lecce,KOUASSI Owen,kouassi owen,,,0,0,0,0,0,0,0
2025-2026,16,Lecce,NDABA Corrie,ndaba corrie,,,0,0,0,0,0,0,0
2025-2026,16,Lecce,PEHLIVANOV Cristian,pehlivanov cristian,,,0,0,0,0,0,0,0
2025-2026,16,Lecce,PEREZ Matias,perez matias,,,0,0,0,0,0,0,0
2025-2026,16,Lecce,SCOTT Elijah,scott elijah,,,0,0,0,0,0,0,0
2025-2026,16,Lecce,SIEBERT Jamil,siebert jamil,,,0,0,0,0,0,0,0
2025-2026,16,Lecce,VEIGA Danilo,veiga danilo,,,0,0,0,0,0,0,0
2025-2026,16,Lecce,BERISHA Medon,berisha medon,,,0,0,0,0,0,0,0
2025-2026,16,Lecce,COULIBALY Lassana,coulibaly lassana,,,0,0,0,0,0,0,0
2025-2026,16,Lecce,GORTER Olaf,gorter olaf,,,0,0,0,0,0,0,0
2025-2026,16,Lecce,HELGASON Thorir,helgason thorir,,,0,0,0,0,0,0,0
2025-2026,16,Lecce,KABA Mohamed,kaba mohamed,,,0,0,0,0,0,0,0
2025-2026,16,Lecce,MALEH Youssef,maleh youssef,,,0,0,0,0,0,0,0
2025-2026,16,Lecce,MARCHWINSKI Filip,marchwinski filip,,,0,0,0,0,0,0,0
2025-2026,16,Lecce,PIERRET Balthazar,pierret balthazar,,,0,0,0,0,0,0,0
2025-2026,16,Lecce,RAFIA Hamza,rafia hamza,,,0,0,0,0,0,0,0
2025-2026,16,Lecce,RAMADANI Ylber,ramadani ylber,,,0,0,0,0,0,0,0
2025-2026,16,Lecce,SALA Alex,sala alex,,,0,0,0,0,0,0,0
2025-2026,16,Lecce,SOTTIL Riccardo,sottil riccardo,,,0,0,0,0,0,0,0
2025-2026,16,Lecce,BANDA Lameck,banda lameck,,,0,0,0,0,0,0,0
2025-2026,16,Lecce,CAMARDA Francesco,camarda francesco,,,0,0,0,0,0,0,0
2025-2026,16,Lecce,MORENTE Tete,morente tete,,,0,0,0,0,0,0,0
2025-2026,16,Lecce,N'DRI Konan,n'dri konan,,,0,0,0,0,0,0,0
2025-2026,16,Lecce,PIEROTTI Santiago,pierotti santiago,,,0,0,0,0,0,0,0
2025-2026,16,Lecce,STULIC Nikola,stulic nikola,,,0,0,0,0,0,0,0
2025-2026,16,Milan,MAIGNAN Mike,maignan mike,,,0,0,0,0,0,0,0
2025-2026,16,Milan,TERRACCIANO Pietro,terracciano pietro,,,0,0,0,0,0,0,0
2025-2026,16,Milan,TORRIANI Lorenzo,torriani lorenzo,,,0,0,0,0,0,0,0
2025-2026,16,Milan,ATHEKAME Zachary,athekame zachary,,,0,0,0,0,0,0,0
2025-2026,16,Milan,BARTESAGHI Davide,bartesaghi davide,,,0,0,0,0,0,0,0
2025-2026,16,Milan,DE WINTER Koni,de winter koni,,,0,0,0,0,0,0,0
2025-2026,16,Milan,ESTUPINAN Pervis,estupinan pervis,,,0,0,0,0,0,0,0
2025-2026,16,Milan,GABBIA Matteo,gabbia matteo,,,0,0,0,0,0,0,0
2025-2026,16,Milan,ODOGU David,odogu david,,,0,0,0,0,0,0,0
2025-2026,16,Milan,PAVLOVIC Strahinja,pavlovic strahinja,,,0,0,0,0,0,0,0
2025-2026,16,Milan,TOMORI Fikayo,tomori fikayo,,,0,0,0,0,0,0,0
2025-2026,16,Milan,FOFANA Youssouf,fofana youssouf,,,0,0,0,0,0,0,0
2025-2026,16,Milan,JASHARI Ardon,jashari ardon,,,0,0,0,0,0,0,0
2025-2026,16,Milan,LOFTUS-CHEEK Ruben,loftus-cheek ruben,,,0,0,0,0,0,0,0
2025-2026,16,Milan,MODRIC Luka,modric luka,,,0,0,0,0,0,0,0
2025-2026,16,Milan,RABIOT Adrien,rabiot adrien,,,0,0,0,0,0,0,0
2025-2026,16,Milan,RICCI Samuele,ricci samuele,,,0,0,0,0,0,0,0
2025-2026,16,Milan,SAELEMAEKERS Alexis,saelemaekers alexis,,,0,0,0,0,0,0,0
2025-2026,16,Milan,TRAORE Chaka,traore chaka,,,0,0,0,0,0,0,0
2025-2026,16,Milan,VOS Silvano,vos silvano,,,0,0,0,0,0,0,0
2025-2026,16,Milan,BALENTIEN Chevejo,balentien chevejo,,,0,0,0,0,0,0,0
2025-2026,16,Milan,GIMENEZ Santiago,gimenez santiago,,,0,0,0,0,0,0,0
2025-2026,16,Milan,LEAO Rafael,leao rafael,,,0,0,0,0,0,0,0
2025-2026,16,Milan,NKUNKU Cristopher,nkunku cristopher,,,0,0,0,0,0,0,0
2025-2026,16,Milan,PULISIC Christian,pulisic christian,,,0,0,0,0,0,0,0
2025-2026,16,Napoli,CONTINI Nikita,contini nikita,,,0,0,0,0,0,0,0
2025-2026,16,Napoli,MERET Alex,meret alex,,,0,0,0,0,0,0,0
2025-2026,16,Napoli,MILINKOVIC Vanja,milinkovic vanja,,,0,0,0,0,0,0,0
2025-2026,16,Napoli,BEUKEMA Sam,beukema sam,,,0,0,0,0,0,0,0
2025-2026,16,Napoli,BUONGIORNO Alessand.,buongiorno alessand.,,,0,0,0,0,0,0,0
2025-2026,16,Napoli,DI LORENZO Giovanni,di lorenzo giovanni,,,0,0,0,0,0,0,0
2025-2026,16,Napoli,GUTIERREZ Miguel,gutierrez miguel,,,0,0,0,0,0,0,0
2025-2026,16,Napoli,JESUS Juan,jesus juan,,,0,0,0,0,0,0,0
2025-2026,16,Napoli,MARIANUCCI Luca,marianucci luca,,,0,0,0,0,0,0,0
2025-2026,16,Napoli,MAZZOCCHI Pasquale,mazzocchi pasquale,,,0,0,0,0,0,0,0
2025-2026,16,Napoli,OLIVERA Mathias,olivera mathias,,,0,0,0,0,0,0,0
2025-2026,16,Napoli,RRAHMANI Amir,rrahmani amir,,,0,0,0,0,0,0,0
2025-2026,16,Napoli,SPINAZZOLA Leonardo,spinazzola leonardo,,,0,0,0,0,0,0,0
2025-2026,16,Napoli,ANGUISSA Andre' Zam.,anguissa andre' zam.,,,0,0,0,0,0,0,0
2025-2026,16,Napoli,DE BRUYNE Kevin,de bruyne kevin,,,0,0,0,0,0,0,0
2025-2026,16,Napoli,ELMAS Eljif,elmas eljif,,,0,0,0,0,0,0,0
2025-2026,16,Napoli,GILMOUR Billy,gilmour billy,,,0,0,0,0,0,0,0
2025-2026,16,Napoli,LOBOTKA Stanislav,lobotka stanislav,,,0,0,0,0,0,0,0
2025-2026,16,Napoli,MCTOMINAY Scott,mctominay scott,,,0,0,0,0,0,0,0
2025-2026,16,Napoli,VERGARA Antonio,vergara antonio,,,0,0,0,0,0,0,0
2025-2026,16,Napoli,AMBROSINO Giuseppe,ambrosino giuseppe,,,0,0,0,0,0,0,0
2025-2026,16,Napoli,HOJLUND Rasmus,hojlund rasmus,,,0,0,0,0,0,0,0
2025-2026,16,Napoli,LANG Noa,lang noa,,,0,0,0,0,0,0,0
2025-2026,16,Napoli,LUCCA Lorenzo,lucca lorenzo,,,0,0,0,0,0,0,0
2025-2026,16,Napoli,LUKAKU Romelu,lukaku romelu,,,0,0,0,0,0,0,0
2025-2026,16,Napoli,NERES David,neres david,,,0,0,0,0,0,0,0
2025-2026,16,Napoli,POLITANO Matteo,politano matteo,,,0,0,0,0,0,0,0
2025-2026,16,Roma,GOLLINI Pierluigi,gollini pierluigi,,,0,0,0,0,0,0,0
2025-2026,16,Roma,SVILAR Mile,svilar mile,7.0,5.0,-2,0,0,0,0,0,0
2025-2026,16,Roma,VASQUEZ Devis,vasquez devis,,,0,0,0,0,0,0,0
2025-2026,16,Roma,ANGELINO Jose',angelino jose',,,0,0,0,0,0,0,0
2025-2026,16,Roma,CELIK Zeki,celik zeki,5.5,5.5,0,0,0,0,0,0,0
2025-2026,16,Roma,GHILARDI Daniele,ghilardi daniele,,,0,0,0,0,0,0,0
2025-2026,16,Roma,HERMOSO Mario,hermoso mario,,,0,0,0,0,0,0,0
2025-2026,16,Roma,MANCINI Gianluca,mancini gianluca,6.0,6.0,0,0,0,0,0,0,0
2025-2026,16,Roma,NDICKA Evan,ndicka evan,,,0,0,0,0,0,0,0
2025-2026,16,Roma,RENSCH Devyne,rensch devyne,5.5,5.5,0,0,0,0,0,0,0
2025-2026,16,Roma,SANGARe' Buba,sangare' buba,,,0,0,0,0,0,0,0
2025-2026,16,Roma,TSIMIKAS Konstantin.,tsimikas konstantin.,,,0,0,0,0,0,0,0
2025-2026,16,Roma,WESLEY,wesley,6.0,6.0,0,0,0,0,0,0,0
2025-2026,16,Roma,ZIOLKOWSKI Jan,ziolkowski jan,5.0,5.0,0,0,0,0,0,0,0
2025-2026,16,Roma,BALDANZI Tommaso,baldanzi tommaso,6.5,9.5,1,0,0,0,0,0,0
2025-2026,16,Roma,CRISTANTE Bryan,cristante bryan,5.5,5.0,0,0,1,0,0,0,0
2025-2026,16,Roma,EL AYNAOUI Neil,el aynaoui neil,,,0,0,0,0,0,0,0
2025-2026,16,Roma,EL SHAARAWY Stephan,el shaarawy stephan,5.5,5.5,0,0,0,0,0,0,0
2025-2026,16,Roma,KONE' Manu,kone' manu,5.5,5.0,0,0,1,0,0,0,0
2025-2026,16,Roma,PELLEGRINI Lorenzo,pellegrini lorenzo,5.5,5.5,0,0,0,0,0,0,0
2025-2026,16,Roma,PISILLI Niccolo',pisilli niccolo',,,0,0,0,0,0,0,0
2025-2026,16,Roma,ROMANO Alessandro,romano alessandro,,,0,0,0,0,0,0,0
2025-2026,16,Roma,ARENA Antonio,arena antonio,,,0,0,0,0,0,0,0
2025-2026,16,Roma,BAILEY Leon,bailey leon,5.0,5.0,0,0,0,0,0,0,0
2025-2026,16,Roma,DOVBYK Artem,dovbyk artem,,,0,0,0,0,0,0,0
2025-2026,16,Roma,DYBALA Paulo,dybala paulo,5.0,5.0,0,0,0,0,0,0,0
2025-2026,16,Roma,FERGUSON Evan,ferguson evan,6.0,6.0,0,0,0,0,0,0,0
2025-2026,16,Roma,SOULE' Matias,soule' matias,5.5,5.0,0,0,1,0,0,0,0
2025-2026,16,Sassuolo,MURIC Arijanet,muric arijanet,6.5,5.5,-1,0,0,0,0,0,1
2025-2026,16,Sassuolo,SATALINO Giacomo,satalino giacomo,,,0,0,0,0,0,0,0
2025-2026,16,Sassuolo,TURATI Stefano,turati stefano,,,0,0,0,0,0,0,0
2025-2026,16,Sassuolo,ZACCHI Gioele,zacchi gioele,,,0,0,0,0,0,0,0
2025-2026,16,Sassuolo,CANDE' Fali,cande' fali,,6.0,0,0,0,0,0,0,0
2025-2026,16,Sassuolo,COULIBALY Woyo,coulibaly woyo,,,0,0,0,0,0,0,0
2025-2026,16,Sassuolo,DOIG Josh,doig josh,4.5,4.5,0,0,0,0,0,0,0
2025-2026,16,Sassuolo,IDZES Jay,idzes jay,5.5,5.0,0,0,1,0,0,0,0
2025-2026,16,Sassuolo,MUHAREMOVIC Tarik,muharemovic tarik,5.5,5.5,0,0,0,0,0,0,0
2025-2026,16,Sassuolo,PAZ Yeferson,paz yeferson,,,0,0,0,0,0,0,0
2025-2026,16,Sassuolo,PIERAGNOLO Edoardo,pieragnolo edoardo,,,0,0,0,0,0,0,0
2025-2026,16,Sassuolo,ROMAGNA Filippo,romagna filippo,,,0,0,0,0,0,0,0
2025-2026,16,Sassuolo,WALUKIEWICZ Sebasti.,walukiewicz sebasti.,5.5,5.0,0,0,1,0,0,0,0
2025-2026,16,Sassuolo,BOLOCA Daniel,boloca daniel,,,0,0,0,0,0,0,0
2025-2026,16,Sassuolo,FADERA Alieu,fadera alieu,,6.0,0,0,0,0,0,0,0
2025-2026,16,Sassuolo,IANNONI Edoardo,iannoni edoardo,,,0,0,0,0,0,0,0
2025-2026,16,Sassuolo,KONE Ismael,kone ismael,6.0,6.0,0,0,0,0,0,0,0
2025-2026,16,Sassuolo,LIPANI Luca,lipani luca,5.5,5.5,0,0,0,0,0,0,0
2025-2026,16,Sassuolo,MATIC Nemanja,matic nemanja,5.5,5.0,0,0,1,0,0,0,0
2025-2026,16,Sassuolo,THORSTVEDT Kristian,thorstvedt kristian,,,0,0,0,0,0,0,0
2025-2026,16,Sassuolo,VOLPATO Cristian,volpato cristian,6.0,6.0,0,0,0,0,0,0,0
2025-2026,16,Sassuolo,VRANCKX Aster,vranckx aster,5.0,5.0,0,0,0,0,0,0,0
2025-2026,16,Sassuolo,BERARDI Domenico,berardi domenico,,,0,0,0,0,0,0,0
2025-2026,16,Sassuolo,CHEDDIRA Walid,cheddira walid,5.0,5.0,0,0,0,0,0,0,0
2025-2026,16,Sassuolo,LAURIENTE' Armand,lauriente' armand,5.0,5.0,0,0,0,0,0,0,0
2025-2026,16,Sassuolo,MORO Luca,moro luca,5.5,5.5,0,0,0,0,0,0,0
2025-2026,16,Sassuolo,PIERINI Nicholas,pierini nicholas,,6.0,0,0,0,0,0,0,0
2025-2026,16,Sassuolo,PINAMONTI Andrea,pinamonti andrea,,,0,0,0,0,0,0,0
2025-2026,16,Sassuolo,SKJELLERUP Laurs,skjellerup laurs,,,0,0,0,0,0,0,0
2025-2026,16,Torino,ISRAEL Franco,israel franco,,,0,0,0,0,0,0,0
2025-2026,16,Torino,PALEARI Alberto,paleari alberto,6.0,7.0,0,0,0,0,0,0,0
2025-2026,16,Torino,POPA Mihai,popa mihai,,,0,0,0,0,0,0,0
2025-2026,16,Torino,BIRAGHI Cristiano,biraghi cristiano,,,0,0,0,0,0,0,0
2025-2026,16,Torino,COCO Saul,coco saul,,,0,0,0,0,0,0,0
2025-2026,16,Torino,DEMBELE' Ali,dembele' ali,,,0,0,0,0,0,0,0
2025-2026,16,Torino,ISMAJLI Ardian,ismajli ardian,6.5,6.5,0,0,0,0,0,0,0
2025-2026,16,Torino,LAZARO Valentino,lazaro valentino,5.5,5.5,0,0,0,0,0,0,0
2025-2026,16,Torino,MARIPAN Guillermo,maripan guillermo,6.0,6.0,0,0,0,0,0,0,0
2025-2026,16,Torino,MASINA Adam,masina adam,,,0,0,0,0,0,0,0
2025-2026,16,Torino,NKOUNKOU Niels,nkounkou niels,,,0,0,0,0,0,0,0
2025-2026,16,Torino,PEDERSEN Marcus,pedersen marcus,6.5,6.5,0,0,0,0,0,0,0
2025-2026,16,Torino,PEREZ Alex,perez alex,,,0,0,0,0,0,0,0
2025-2026,16,Torino,SAZONOV Saba,sazonov saba,,,0,0,0,0,0,0,0
2025-2026,16,Torino,SCHUURS Perr,schuurs perr,,,0,0,0,0,0,0,0
2025-2026,16,Torino,ZAIA Edoardo,zaia edoardo,,,0,0,0,0,0,0,0
2025-2026,16,Torino,ANJORIN Tino,anjorin tino,,,0,0,0,0,0,0,0
2025-2026,16,Torino,ASLLANI Kristjan,asllani kristjan,6.5,6.5,0,0,0,0,0,0,0
2025-2026,16,Torino,CASADEI Cesare,casadei cesare,,,0,0,0,0,0,0,0
2025-2026,16,Torino,GINEITIS Gvidas,gineitis gvidas,6.5,6.5,0,0,0,0,0,0,0
2025-2026,16,Torino,ILIC Ivan,ilic ivan,6.5,6.0,0,0,1,0,0,0,0
2025-2026,16,Torino,ILKHAN Emirhan,ilkhan emirhan,,,0,0,0,0,0,0,0
2025-2026,16,Torino,PERCIUN Sergiu,perciun sergiu,,,0,0,0,0,0,0,0
2025-2026,16,Torino,TAMEZE Adrien,tameze adrien,7.0,7.0,0,0,0,0,0,0,0
2025-2026,16,Torino,VLASIC Nikola,vlasic nikola,7.5,10.5,1,0,0,0,0,1,0
2025-2026,16,Torino,ABOUKHLAL Zakaria,aboukhlal zakaria,,,0,0,0,0,0,0,0
2025-2026,16,Torino,ADAMS Che',adams che',7.0,7.0,0,0,0,0,0,0,0
2025-2026,16,Torino,GABELLINI Tommaso,gabellini tommaso,,,0,0,0,0,0,0,0
2025-2026,16,Torino,NGONGE Cyril,ngonge cyril,,,0,0,0,0,0,0,0
2025-2026,16,Torino,NJIE Alieu,njie alieu,,,0,0,0,0,0,0,0
2025-2026,16,Torino,SAVVA Zanos,savva zanos,,,0,0,0,0,0,0,0
2025-2026,16,Torino,SIMEONE Giovanni,simeone giovanni,7.0,7.0,0,0,0,0,0,0,0
2025-2026,16,Torino,ZAPATA Duvan,zapata duvan,6.0,6.0,0,0,0,0,0,0,0
2025-2026,16,Udinese,NUNZIANTE Alessandro,nunziante alessandro,,,0,0,0,0,0,0,0
2025-2026,16,Udinese,OKOYE Maduka,okoye maduka,4.0,3.0,0,0,0,1,0,0,0
2025-2026,16,Udinese,PADELLI Daniele,padelli daniele,,,0,0,0,0,0,0,0
2025-2026,16,Udinese,SAVA Razvan,sava razvan,5.0,0.0,-5,0,0,0,0,0,0
2025-2026,16,Udinese,BERTOLA Nicolo',bertola nicolo',4.0,4.0,0,0,0,0,0,0,0
2025-2026,16,Udinese,EHIZIBUE Kingsley,ehizibue kingsley,,,0,0,0,0,0,0,0
2025-2026,16,Udinese,GOGLICHIDZE Saba,goglichidze saba,,,0,0,0,0,0,0,0
2025-2026,16,Udinese,KABASELE Christian,kabasele christian,,,0,0,0,0,0,0,0
2025-2026,16,Udinese,KAMARA Hassane,kamara hassane,5.5,5.5,0,0,0,0,0,0,0
2025-2026,16,Udinese,KRISTENSEN Thomas,kristensen thomas,5.0,5.0,0,0,0,0,0,0,0
2025-2026,16,Udinese,MODESTO Rui,modesto rui,,,0,0,0,0,0,0,0
2025-2026,16,Udinese,PALMA Matteo,palma matteo,,,0,0,0,0,0,0,0
2025-2026,16,Udinese,SOLET Oumar,solet oumar,6.5,9.5,1,0,0,0,0,0,0
2025-2026,16,Udinese,ZANOLI Alessandro,zanoli alessandro,5.0,4.5,0,0,1,0,0,0,0
2025-2026,16,Udinese,ZEMURA Jordan,zemura jordan,,,0,0,0,0,0,0,0
2025-2026,16,Udinese,ATTA Arthur,atta arthur,,,0,0,0,0,0,0,0
2025-2026,16,Udinese,EKKELENKAMP Jurgen,ekkelenkamp jurgen,5.0,5.0,0,0,0,0,0,0,0
2025-2026,16,Udinese,KARLSTROM Jesper,karlstrom jesper,4.0,4.0,0,0,0,0,0,0,0
2025-2026,16,Udinese,LOVRIC Sandi,lovric sandi,4.0,4.0,0,0,0,0,0,0,0
2025-2026,16,Udinese,MILLER Lennon,miller lennon,,,0,0,0,0,0,0,0
2025-2026,16,Udinese,PIOTROWSKI Jakub,piotrowski jakub,5.5,6.5,0,1,0,0,0,0,0
2025-2026,16,Udinese,ZANIOLO Nicolo',zaniolo nicolo',6.0,6.0,0,0,0,0,0,0,0
2025-2026,16,Udinese,ZARRAGA Oier,zarraga oier,,,0,0,0,0,0,0,0
2025-2026,16,Udinese,BAYO Vakoun,bayo vakoun,,,0,0,0,0,0,0,0
2025-2026,16,Udinese,BRAVO Iker,bravo iker,,,0,0,0,0,0,0,0
2025-2026,16,Udinese,BUKSA Adam,buksa adam,5.5,5.5,0,0,0,0,0,0,0
2025-2026,16,Udinese,DAVIS Keinan,davis keinan,5.5,5.5,0,0,0,0,0,0,0
2025-2026,16,Udinese,GUEYE Idrissa,gueye idrissa,5.5,5.5,0,0,0,0,0,0,0
2025-2026,16,Udinese,VINCIATI Giulio,vinciati giulio,,,0,0,0,0,0,0,0
2025-2026,16,Verona,MONTIPO' Lorenzo,montipo' lorenzo,,,0,0,0,0,0,0,0
2025-2026,16,Verona,PERILLI Simone,perilli simone,,,0,0,0,0,0,0,0
2025-2026,16,Verona,BELGHALI Rafik,belghali rafik,,,0,0,0,0,0,0,0
2025-2026,16,Verona,BELLA-KOTCHAP Armel,bella-kotchap armel,,,0,0,0,0,0,0,0
2025-2026,16,Verona,BRADARIC Domagoj,bradaric domagoj,,,0,0,0,0,0,0,0
2025-2026,16,Verona,CHAM Fallou,cham fallou,,,0,0,0,0,0,0,0
2025-2026,16,Verona,EBOSSE Enzo,ebosse enzo,,,0,0,0,0,0,0,0
2025-2026,16,Verona,FRESE Martin,frese martin,,,0,0,0,0,0,0,0
2025-2026,16,Verona,KURTI Adi,kurti adi,,,0,0,0,0,0,0,0
2025-2026,16,Verona,NELSSON Victor,nelsson victor,,,0,0,0,0,0,0,0
2025-2026,16,Verona,NUNEZ Unai,nunez unai,,,0,0,0,0,0,0,0
2025-2026,16,Verona,OYEGOKE Daniel,oyegoke daniel,,,0,0,0,0,0,0,0
2025-2026,16,Verona,SLOTSAGER Tobias,slotsager tobias,,,0,0,0,0,0,0,0
2025-2026,16,Verona,VALENTINI Nicolas,valentini nicolas,,,0,0,0,0,0,0,0
2025-2026,16,Verona,YELLU Santiago,yellu santiago,,,0,0,0,0,0,0,0
2025-2026,16,Verona,AKPA-AKPRO Jean-Dan.,akpa-akpro jean-dan.,,,0,0,0,0,0,0,0
2025-2026,16,Verona,AL-MUSRATI Moatasem,al-musrati moatasem,,,0,0,0,0,0,0,0
2025-2026,16,Verona,BERNEDE Antoine,bernede antoine,,,0,0,0,0,0,0,0
2025-2026,16,Verona,GAGLIARDINI Roberto,gagliardini roberto,,,0,0,0,0,0,0,0
2025-2026,16,Verona,HARROUI Abdou,harroui abdou,,,0,0,0,0,0,0,0
2025-2026,16,Verona,KASTANOS Grigoris,kastanos grigoris,,,0,0,0,0,0,0,0
2025-2026,16,Verona,NIASSE Cheikh,niasse cheikh,,,0,0,0,0,0,0,0
2025-2026,16,Verona,SERDAR Suat,serdar suat,,,0,0,0,0,0,0,0
2025-2026,16,Verona,SUSLOV Tomas,suslov tomas,,,0,0,0,0,0,0,0
2025-2026,16,Verona,YILDIZ Veis,yildiz veis,,,0,0,0,0,0,0,0
2025-2026,16,Verona,AJAYI Junior,ajayi junior,,,0,0,0,0,0,0,0
2025-2026,16,Verona,GIOVANE Do Nascimie.,giovane do nascimie.,,,0,0,0,0,0,0,0
2025-2026,16,Verona,LUNA Agustin,luna agustin,,,0,0,0,0,0,0,0
2025-2026,16,Verona,MOSQUERA Daniel,mosquera daniel,,,0,0,0,0,0,0,0
2025-2026,16,Verona,ORBAN Gift,orban gift,,,0,0,0,0,0,0,0
2025-2026,16,Verona,SARR Amin,sarr amin,,,0,0,0,0,0,0,0
2025-2026,16,Cremonese,AUDERO Emil,audero emil,6.0,7.0,0,0,0,0,0,0,0
2025-2026,16,Cremonese,MALOVEC Adrian,malovec adrian,,,0,0,0,0,0,0,0
2025-2026,16,Cremonese,NAVA Lapo,nava lapo,,,0,0,0,0,0,0,0
2025-2026,16,Cremonese,SILVESTRI Marco,silvestri marco,,,0,0,0,0,0,0,0
2025-2026,16,Cremonese,BARBIERI Tommaso,barbieri tommaso,6.0,5.5,0,0,1,0,0,0,0
2025-2026,16,Cremonese,BASCHIROTTO Federico,baschirotto federico,6.5,6.5,0,0,0,0,0,0,0
2025-2026,16,Cremonese,BIANCHETTI Matteo,bianchetti matteo,,,0,0,0,0,0,0,0
2025-2026,16,Cremonese,CECCHERINI Federico,ceccherini federico,5.0,4.0,0,0,0,1,0,0,0
2025-2026,16,Cremonese,FAYE Mikayil,faye mikayil,,,0,0,0,0,0,0,0
2025-2026,16,Cremonese,FLORIANI MUSSOLINI .,floriani mussolini .,,,0,0,0,0,0,0,0
2025-2026,16,Cremonese,FOLINO Francesco,folino francesco,5.5,5.5,0,0,0,0,0,0,0
2025-2026,16,Cremonese,PEZZELLA Giuseppe,pezzella giuseppe,6.0,5.5,0,0,1,0,0,0,0
2025-2026,16,Cremonese,SERNICOLA Leonardo,sernicola leonardo,,,0,0,0,0,0,0,0
2025-2026,16,Cremonese,TERRACCIANO Filippo,terracciano filippo,6.0,6.0,0,0,0,0,0,0,0
2025-2026,16,Cremonese,BONDO Warren,bondo warren,6.5,6.5,0,0,0,0,0,0,0
2025-2026,16,Cremonese,COLLOCOLO Michele,collocolo michele,,,0,0,0,0,0,0,0
2025-2026,16,Cremonese,GRASSI Alberto,grassi alberto,6.0,5.5,0,0,1,0,0,0,0
2025-2026,16,Cremonese,LORDKIPANIDZE Dachi,lordkipanidze dachi,,,0,0,0,0,0,0,0
2025-2026,16,Cremonese,PAYERO Martin,payero martin,,,0,0,0,0,0,0,0
2025-2026,16,Cremonese,VALOTI Mattia,valoti mattia,,,0,0,0,0,0,0,0
2025-2026,16,Cremonese,VANDEPUTTE Jari,vandeputte jari,6.0,6.0,0,0,0,0,0,0,0
2025-2026,16,Cremonese,BONAZZOLI Federico,bonazzoli federico,6.0,6.0,0,0,0,0,0,0,0
2025-2026,16,Cremonese,DE LUCA Manuel,de luca manuel,,,0,0,0,0,0,0,0
2025-2026,16,Cremonese,JOHNSEN Dennis,johnsen dennis,5.5,5.5,0,0,0,0,0,0,0
2025-2026,16,Cremonese,MOUMBAGNA Faris,moumbagna faris,,,0,0,0,0,0,0,0
2025-2026,16,Cremonese,OKEREKE David,okereke david,,,0,0,0,0,0,0,0
2025-2026,16,Cremonese,SANABRIA Antonio,sanabria antonio,5.5,5.5,0,0,0,0,0,0,0
2025-2026,16,Cremonese,SARMIENTO Jeremy,sarmiento jeremy,,,0,0,0,0,0,0,0
2025-2026,16,Cremonese,VARDY Jamie,vardy jamie,5.0,5.0,0,0,0,0,0,0,0
2025-2026,16,Cremonese,VAZQUEZ Franco,vazquez franco,,,0,0,0,0,0,0,0
2025-2026,16,Cremonese,ZERBIN Alessio,zerbin alessio,6.0,6.0,0,0,0,0,0,0,0
2025-2026,16,Parma,CORVI Edoardo,corvi edoardo,,,0,0,0,0,0,0,0
2025-2026,16,Parma,GUAITA Vicente,guaita vicente,,,0,0,0,0,0,0,0
2025-2026,16,Parma,RINALDI Filippo,rinaldi filippo,,,0,0,0,0,0,0,0
2025-2026,16,Parma,SUZUKI Zion,suzuki zion,,,0,0,0,0,0,0,0
2025-2026,16,Parma,BRITSCHGI Sascha,britschgi sascha,,,0,0,0,0,0,0,0
2025-2026,16,Parma,CIRCATI Alessandro,circati alessandro,,,0,0,0,0,0,0,0
2025-2026,16,Parma,DEL PRATO Enrico,del prato enrico,,,0,0,0,0,0,0,0
2025-2026,16,Parma,LOVIK Mathias,lovik mathias,,,0,0,0,0,0,0,0
2025-2026,16,Parma,NDIAYE Abdoulaye,ndiaye abdoulaye,,,0,0,0,0,0,0,0
2025-2026,16,Parma,TRABUCCHI Nicolas,trabucchi nicolas,,,0,0,0,0,0,0,0
2025-2026,16,Parma,TROILO Mariano,troilo mariano,,,0,0,0,0,0,0,0
2025-2026,16,Parma,VALENTI Lautaro,valenti lautaro,,,0,0,0,0,0,0,0
2025-2026,16,Parma,VALERI Emanuele,valeri emanuele,,,0,0,0,0,0,0,0
2025-2026,16,Parma,BERNABE' Adrian,bernabe' adrian,,,0,0,0,0,0,0,0
2025-2026,16,Parma,CREMASCHI Benjamin,cremaschi benjamin,,,0,0,0,0,0,0,0
2025-2026,16,Parma,ESTEVEZ Nahuel,estevez nahuel,,,0,0,0,0,0,0,0
2025-2026,16,Parma,HERNANI,hernani,,,0,0,0,0,0,0,0
2025-2026,16,Parma,KEITA Mandela,keita mandela,,,0,0,0,0,0,0,0
2025-2026,16,Parma,ORDONEZ Christian,ordonez christian,,,0,0,0,0,0,0,0
2025-2026,16,Parma,ORISTANIO Gaetano,oristanio gaetano,,,0,0,0,0,0,0,0
2025-2026,16,Parma,PLICCO Elia,plicco elia,,,0,0,0,0,0,0,0
2025-2026,16,Parma,SORENSEN Oliver,sorensen oliver,,,0,0,0,0,0,0,0
2025-2026,16,Parma,ALMQVIST Pontus,almqvist pontus,,,0,0,0,0,0,0,0
2025-2026,16,Parma,BEGIC Tjas,begic tjas,,,0,0,0,0,0,0,0
2025-2026,16,Parma,BENEDYCZAK Adrian,benedyczak adrian,,,0,0,0,0,0,0,0
2025-2026,16,Parma,CUTRONE Patrick,cutrone patrick,,,0,0,0,0,0,0,0
2025-2026,16,Parma,DJURIC Milan,djuric milan,,,0,0,0,0,0,0,0
2025-2026,16,Parma,FRIGAN Matija,frigan matija,,,0,0,0,0,0,0,0
2025-2026,16,Parma,ONDREJKA Jacob,ondrejka jacob,,,0,0,0,0,0,0,0
2025-2026,16,Parma,PELLEGRINO Mateo,pellegrino mateo,,,0,0,0,0,0,0,0
2025-2026,16,Pisa,NICOLAS,nicolas,,,0,0,0,0,0,0,0
2025-2026,16,Pisa,SCUFFET Simone,scuffet simone,,,0,0,0,0,0,0,0
2025-2026,16,Pisa,SEMPER Adrian,semper adrian,6.0,4.0,-2,0,0,0,0,0,0
2025-2026,16,Pisa,ALBIOL Raul,albiol raul,,,0,0,0,0,0,0,0
2025-2026,16,Pisa,ANGORI Samuele,angori samuele,6.5,6.5,0,0,0,0,0,0,0
2025-2026,16,Pisa,BONFANTI Giovanni,bonfanti giovanni,6.0,5.5,0,0,1,0,0,0,0
2025-2026,16,Pisa,CALABRESI Arturo,calabresi arturo,6.0,5.5,0,0,1,0,0,0,0
2025-2026,16,Pisa,CANESTRELLI Simone,canestrelli simone,5.5,5.5,0,0,0,0,0,0,0
2025-2026,16,Pisa,CARACCIOLO Antonio,caracciolo antonio,6.0,6.0,0,0,0,0,0,0,0
2025-2026,16,Pisa,CUADRADO Juan,cuadrado juan,,,0,0,0,0,0,0,0
2025-2026,16,Pisa,DENOON Daniel,denoon daniel,,,0,0,0,0,0,0,0
2025-2026,16,Pisa,ESTEVES Tomas,esteves tomas,,,0,0,0,0,0,0,0
2025-2026,16,Pisa,LUSUARDI Mateus,lusuardi mateus,,,0,0,0,0,0,0,0
2025-2026,16,Pisa,MBAMBI Jeremy,mbambi jeremy,,,0,0,0,0,0,0,0
2025-2026,16,Pisa,AEBISCHER Michel,aebischer michel,6.0,6.0,0,0,0,0,0,0,0
2025-2026,16,Pisa,AKINSANMIRO Ebenezer,akinsanmiro ebenezer,,,0,0,0,0,0,0,0
2025-2026,16,Pisa,HOJHOLT Malthe,hojholt malthe,5.5,5.5,0,0,0,0,0,0,0
2025-2026,16,Pisa,LERIS Mehdi,leris mehdi,6.5,7.5,0,1,0,0,0,0,0
2025-2026,16,Pisa,LORRAN De Sousa,lorran de sousa,,6.0,0,0,0,0,0,0,0
2025-2026,16,Pisa,MARIN Marius,marin marius,,,0,0,0,0,0,0,0
2025-2026,16,Pisa,MAUCCI Giacomo,maucci giacomo,,,0,0,0,0,0,0,0
2025-2026,16,Pisa,PICCININI Gabriele,piccinini gabriele,6.0,6.0,0,0,0,0,0,0,0
2025-2026,16,Pisa,STENGS Calvin,stengs calvin,,,0,0,0,0,0,0,0
2025-2026,16,Pisa,TOURE Idrissa,toure idrissa,6.0,6.0,0,0,0,0,0,0,0
2025-2026,16,Pisa,TRAMONI Matteo,tramoni matteo,6.5,9.5,1,0,0,0,0,1,0
2025-2026,16,Pisa,VURAL Isak,vural isak,6.0,6.0,0,0,0,0,0,0,0
2025-2026,16,Pisa,BUFFON Louis,buffon louis,,,0,0,0,0,0,0,0
2025-2026,16,Pisa,MEISTER Henrik,meister henrik,6.0,6.0,0,0,0,0,0,0,0
2025-2026,16,Pisa,MOREO Stefano,moreo stefano,7.0,10.0,1,0,0,0,0,0,0
2025-2026,16,Pisa,NZOLA M'Bala,nzola m'bala,,,0,0,0,0,0,0,0
2025-2026,16,Como,BUTEZ Jean,butez jean,,,0,0,0,0,0,0,0
2025-2026,16,Como,CAVLINA Nikola,cavlina nikola,,,0,0,0,0,0,0,0
2025-2026,16,Como,VIGORITO Mauro,vigorito mauro,,,0,0,0,0,0,0,0
2025-2026,16,Como,CARLOS Diego,carlos diego,,,0,0,0,0,0,0,0
2025-2026,16,Como,DOSSENA Alberto,dossena alberto,,,0,0,0,0,0,0,0
2025-2026,16,Como,GOLDANIGA Edoardo,goldaniga edoardo,,,0,0,0,0,0,0,0
2025-2026,16,Como,KEMPF Marc-Oliver,kempf marc-oliver,,,0,0,0,0,0,0,0
2025-2026,16,Como,MORENO Alberto,moreno alberto,,,0,0,0,0,0,0,0
2025-2026,16,Como,POSCH Stefan,posch stefan,,,0,0,0,0,0,0,0
2025-2026,16,Como,RAMON Jacobo,ramon jacobo,,,0,0,0,0,0,0,0
2025-2026,16,Como,ROBERTO Sergi,roberto sergi,,,0,0,0,0,0,0,0
2025-2026,16,Como,SALA Marco,sala marco,,,0,0,0,0,0,0,0
2025-2026,16,Como,SMOLCIC Ivan,smolcic ivan,,,0,0,0,0,0,0,0
2025-2026,16,Como,VALLE Alex,valle alex,,,0,0,0,0,0,0,0
2025-2026,16,Como,VAN DER BREMPT Igna.,van der brempt igna.,,,0,0,0,0,0,0,0
2025-2026,16,Como,VOJVODA Mergim,vojvoda mergim,,,0,0,0,0,0,0,0
2025-2026,16,Como,BATURINA Martin,baturina martin,,,0,0,0,0,0,0,0
2025-2026,16,Como,CAQUERET Maxence,caqueret maxence,,,0,0,0,0,0,0,0
2025-2026,16,Como,DA CUNHA Lucas,da cunha lucas,,,0,0,0,0,0,0,0
2025-2026,16,Como,PAZ Nico,paz nico,,,0,0,0,0,0,0,0
2025-2026,16,Como,PERRONE Maximo,perrone maximo,,,0,0,0,0,0,0,0
2025-2026,16,Como,ADDAI Jaden,addai jaden,,,0,0,0,0,0,0,0
2025-2026,16,Como,CERRI Alberto,cerri alberto,,,0,0,0,0,0,0,0
2025-2026,16,Como,DIAO Assane,diao assane,,,0,0,0,0,0,0,0
2025-2026,16,Como,DOUVIKAS Tasos,douvikas tasos,,,0,0,0,0,0,0,0
2025-2026,16,Como,KUHN Nicolas,kuhn nicolas,,,0,0,0,0,0,0,0
2025-2026,16,Como,MORATA Alvaro,morata alvaro,,,0,0,0,0,0,0,0
2025-2026,16,Como,RODRIGUEZ Jesus,rodriguez jesus,,,0,0,0,0,0,0,0
2025-2026,17,Atalanta,CARNESECCHI Marco,carnesecchi marco,6.0,5.0,-1,0,0,0,0,0,0
2025-2026,17,Atalanta,ROSSI Francesco,rossi francesco,,,0,0,0,0,0,0,0
2025-2026,17,Atalanta,SPORTIELLO Marco,sportiello marco,,,0,0,0,0,0,0,0
2025-2026,17,Atalanta,AHANOR Honest,ahanor honest,,,0,0,0,0,0,0,0
2025-2026,17,Atalanta,BAKKER Mitchel,bakker mitchel,,,0,0,0,0,0,0,0
2025-2026,17,Atalanta,BELLANOVA Raoul,bellanova raoul,,,0,0,0,0,0,0,0
2025-2026,17,Atalanta,BERNASCONI Lorenzo,bernasconi lorenzo,5.5,5.5,0,0,0,0,0,0,0
2025-2026,17,Atalanta,COMI Pietro,comi pietro,,,0,0,0,0,0,0,0
2025-2026,17,Atalanta,DJIMSITI Berat,djimsiti berat,4.5,4.5,0,0,0,0,0,0,0
2025-2026,17,Atalanta,HIEN Isak,hien isak,6.0,6.0,0,0,0,0,0,0,0
2025-2026,17,Atalanta,KOLASINAC Sead,kolasinac sead,6.0,5.5,0,0,1,0,0,0,0
2025-2026,17,Atalanta,KOSSOUNOU Odilon,kossounou odilon,,,0,0,0,0,0,0,0
2025-2026,17,Atalanta,OBRIC Relja,obric relja,,,0,0,0,0,0,0,0
2025-2026,17,Atalanta,SCALVINI Giorgio,scalvini giorgio,,,0,0,0,0,0,0,0
2025-2026,17,Atalanta,ZAPPACOSTA Davide,zappacosta davide,6.0,6.0,0,0,0,0,0,0,0
2025-2026,17,Atalanta,BRESCIANINI Marco,brescianini marco,,,0,0,0,0,0,0,0
2025-2026,17,Atalanta,CASSA Federico,cassa federico,,,0,0,0,0,0,0,0
2025-2026,17,Atalanta,DE ROON Marten,de roon marten,5.5,5.5,0,0,0,0,0,0,0
2025-2026,17,Atalanta,EDERSON,ederson,6.0,6.0,0,0,0,0,0,0,0
2025-2026,17,Atalanta,MALDINI Daniel,maldini daniel,,,0,0,0,0,0,0,0
2025-2026,17,Atalanta,MANZONI Alberto,manzoni alberto,,,0,0,0,0,0,0,0
2025-2026,17,Atalanta,MUSAH Yunus,musah yunus,5.5,5.5,0,0,0,0,0,0,0
2025-2026,17,Atalanta,PASALIC Mario,pasalic mario,5.5,5.5,0,0,0,0,0,0,0
2025-2026,17,Atalanta,SAMARDZIC Lazar,samardzic lazar,5.0,5.0,0,0,0,0,0,0,0
2025-2026,17,Atalanta,ZALEWSKI Nicola,zalewski nicola,6.0,6.0,0,0,0,0,0,0,0
2025-2026,17,Atalanta,DE KETELAERE Charles,de ketelaere charles,6.5,6.5,0,0,0,0,0,0,0
2025-2026,17,Atalanta,KRSTOVIC Nikola,krstovic nikola,,,0,0,0,0,0,0,0
2025-2026,17,Atalanta,LOOKMAN Ademola,lookman ademola,,,0,0,0,0,0,0,0
2025-2026,17,Atalanta,SCAMACCA Gianluca,scamacca gianluca,5.0,5.0,0,0,0,0,0,0,0
2025-2026,17,Atalanta,SULEMANA Kamaldeen,sulemana kamaldeen,5.5,5.0,0,0,1,0,0,0,0
2025-2026,17,Bologna,PESSINA Massimo,pessina massimo,,,0,0,0,0,0,0,0
2025-2026,17,Bologna,RAVAGLIA Federico,ravaglia federico,5.0,3.5,-1,0,1,0,0,0,0
2025-2026,17,Bologna,SKORUPSKI Lukasz,skorupski lukasz,,,0,0,0,0,0,0,0
2025-2026,17,Bologna,BONIFAZI Kevin,bonifazi kevin,,,0,0,0,0,0,0,0
2025-2026,17,Bologna,CASALE Nicolo',casale nicolo',,,0,0,0,0,0,0,0
2025-2026,17,Bologna,DE SILVESTRI Lorenzo,de silvestri lorenzo,,,0,0,0,0,0,0,0
2025-2026,17,Bologna,HEGGEM Torbjorn,heggem torbjorn,,,0,0,0,0,0,0,0
2025-2026,17,Bologna,HOLM Emil,holm emil,,,0,0,0,0,0,0,0
2025-2026,17,Bologna,LUCUMI Jhon,lucumi jhon,5.5,5.5,0,0,0,0,0,0,0
2025-2026,17,Bologna,LYKOGIANNIS Charala.,lykogiannis charala.,,,0,0,0,0,0,0,0
2025-2026,17,Bologna,MIRANDA Juan,miranda juan,6.0,6.0,0,0,0,0,0,0,0
2025-2026,17,Bologna,VITIK Martin,vitik martin,6.0,6.0,0,0,0,0,0,0,0
2025-2026,17,Bologna,ZORTEA Nadir,zortea nadir,6.5,7.5,0,1,0,0,0,0,0
2025-2026,17,Bologna,BERNARDESCHI Federi.,bernardeschi federi.,,,0,0,0,0,0,0,0
2025-2026,17,Bologna,FABBIAN Giovanni,fabbian giovanni,7.0,10.0,1,0,0,0,0,0,0
2025-2026,17,Bologna,FERGUSON Lewis,ferguson lewis,,,0,0,0,0,0,0,0
2025-2026,17,Bologna,FREULER Remo,freuler remo,,,0,0,0,0,0,0,0
2025-2026,17,Bologna,MORO Nikola,moro nikola,6.5,6.5,0,0,0,0,0,0,0
2025-2026,17,Bologna,POBEGA Tommaso,pobega tommaso,6.5,6.5,0,0,0,0,0,0,0
2025-2026,17,Bologna,SULEMANA,sulemana,,,0,0,0,0,0,0,0
2025-2026,17,Bologna,CAMBIAGHI Nicolo',cambiaghi nicolo',,,0,0,0,0,0,0,0
2025-2026,17,Bologna,CASTRO Santiago,castro santiago,5.0,5.0,0,0,0,0,0,0,0
2025-2026,17,Bologna,DALLINGA Thijs,dallinga thijs,5.5,5.5,0,0,0,0,0,0,0
2025-2026,17,Bologna,DOMINGUEZ Benjamin,dominguez benjamin,5.5,5.0,0,0,1,0,0,0,0
2025-2026,17,Bologna,IMMOBILE Ciro,immobile ciro,5.5,5.5,0,0,0,0,0,0,0
2025-2026,17,Bologna,ODGAARD Jens,odgaard jens,,,0,0,0,0,0,0,0
2025-2026,17,Bologna,ORSOLINI Riccardo,orsolini riccardo,5.5,5.5,0,0,0,0,0,0,0
2025-2026,17,Bologna,ROWE Jonathan,rowe jonathan,6.5,6.5,0,0,0,0,0,0,0
2025-2026,17,Cagliari,CAPRILE Elia,caprile elia,6.5,5.5,-1,0,0,0,0,0,0
2025-2026,17,Cagliari,CIOCCI Giuseppe,ciocci giuseppe,,,0,0,0,0,0,0,0
2025-2026,17,Cagliari,RADUNOVIC Boris,radunovic boris,,,0,0,0,0,0,0,0
2025-2026,17,Cagliari,IDRISSI Riyad,idrissi riyad,6.5,6.5,0,0,0,0,0,0,0
2025-2026,17,Cagliari,LUPERTO Sebastiano,luperto sebastiano,6.0,6.0,0,0,0,0,0,0,0
2025-2026,17,Cagliari,MINA Yerry,mina yerry,,,0,0,0,0,0,0,0
2025-2026,17,Cagliari,OBERT Adam,obert adam,,,0,0,0,0,0,0,0
2025-2026,17,Cagliari,PALESTRA Marco,palestra marco,7.5,7.5,0,0,0,0,0,0,0
2025-2026,17,Cagliari,RODRIGUEZ Juan,rodriguez juan,,,0,0,0,0,0,0,0
2025-2026,17,Cagliari,ZAPPA Gabriele,zappa gabriele,6.0,6.0,0,0,0,0,0,0,0
2025-2026,17,Cagliari,ZE PEDRO,ze pedro,,,0,0,0,0,0,0,0
2025-2026,17,Cagliari,ADOPO Michel,adopo michel,6.0,6.0,0,0,0,0,0,0,0
2025-2026,17,Cagliari,CAVUOTI Nicolo',cavuoti nicolo',6.0,6.0,0,0,0,0,0,0,0
2025-2026,17,Cagliari,DEIOLA Alessandro,deiola alessandro,6.5,7.5,0,1,0,0,0,0,0
2025-2026,17,Cagliari,DI PARDO Alessandro,di pardo alessandro,,,0,0,0,0,0,0,0
2025-2026,17,Cagliari,FOLORUNSHO Michael,folorunsho michael,,,0,0,0,0,0,0,0
2025-2026,17,Cagliari,GAETANO Gianluca,gaetano gianluca,6.0,6.0,0,0,0,0,0,0,0
2025-2026,17,Cagliari,LITETA Joseph,liteta joseph,,,0,0,0,0,0,0,0
2025-2026,17,Cagliari,MAZZITELLI Luca,mazzitelli luca,6.5,7.5,0,1,0,0,0,0,0
2025-2026,17,Cagliari,PRATI Matteo,prati matteo,7.0,10.0,1,0,0,0,0,0,0
2025-2026,17,Cagliari,ROG Marko,rog marko,,,0,0,0,0,0,0,0
2025-2026,17,Cagliari,BELOTTI Andrea,belotti andrea,,,0,0,0,0,0,0,0
2025-2026,17,Cagliari,BORRELLI Gennaro,borrelli gennaro,6.0,6.0,0,0,0,0,0,0,0
2025-2026,17,Cagliari,ESPOSITO Sebastiano,esposito sebastiano,5.5,5.5,0,0,0,0,0,0,0
2025-2026,17,Cagliari,FELICI Mattia,felici mattia,,,0,0,0,0,0,0,0
2025-2026,17,Cagliari,KILICSOY Semih,kilicsoy semih,7.5,10.5,1,0,0,0,0,0,0
2025-2026,17,Cagliari,LUVUMBO Sebastiao Z.,luvumbo sebastiao z.,,,0,0,0,0,0,0,0
2025-2026,17,Cagliari,PAVOLETTI Leonardo,pavoletti leonardo,,,0,0,0,0,0,0,0
2025-2026,17,Fiorentina,DE GEA David,de gea david,6.0,5.0,-1,0,0,0,0,0,0
2025-2026,17,Fiorentina,LEZZERINI Luca,lezzerini luca,,,0,0,0,0,0,0,0
2025-2026,17,Fiorentina,MARTINELLI Tommaso,martinelli tommaso,,,0,0,0,0,0,0,0
2025-2026,17,Fiorentina,COMUZZO Pietro,comuzzo pietro,6.5,6.5,0,0,0,0,0,0,0
2025-2026,17,Fiorentina,DODO,dodo,5.0,5.0,0,0,0,0,0,0,0
2025-2026,17,Fiorentina,FORTINI Niccolo',fortini niccolo',4.5,4.5,0,0,0,0,0,0,0
2025-2026,17,Fiorentina,GOSENS Robin,gosens robin,,6.0,0,0,0,0,0,0,0
2025-2026,17,Fiorentina,KOSPO Eman,kospo eman,,,0,0,0,0,0,0,0
2025-2026,17,Fiorentina,KOUADIO Eddy,kouadio eddy,,,0,0,0,0,0,0,0
2025-2026,17,Fiorentina,LAMPTEY Tariq,lamptey tariq,,,0,0,0,0,0,0,0
2025-2026,17,Fiorentina,MARI Pablo,mari pablo,,,0,0,0,0,0,0,0
2025-2026,17,Fiorentina,PARISI Fabiano,parisi fabiano,6.0,6.0,0,0,0,0,0,0,0
2025-2026,17,Fiorentina,PONGRACIC Marin,pongracic marin,6.0,5.5,0,0,1,0,0,0,0
2025-2026,17,Fiorentina,RANIERI Luca,ranieri luca,,,0,0,0,0,0,0,0
2025-2026,17,Fiorentina,VITI Mattia,viti mattia,5.0,5.0,0,0,0,0,0,0,0
2025-2026,17,Fiorentina,FAGIOLI Nicolo',fagioli nicolo',6.0,6.0,0,0,0,0,0,0,0
2025-2026,17,Fiorentina,FAZZINI Jacopo,fazzini jacopo,,,0,0,0,0,0,0,0
2025-2026,17,Fiorentina,INFANTINO Gino,infantino gino,,,0,0,0,0,0,0,0
2025-2026,17,Fiorentina,MANDRAGORA Rolando,mandragora rolando,5.0,4.5,0,0,1,0,0,0,0
2025-2026,17,Fiorentina,NDOUR Cher,ndour cher,4.5,4.5,0,0,0,0,0,0,0
2025-2026,17,Fiorentina,NICOLUSSI CAVIGLIA .,nicolussi caviglia .,,,0,0,0,0,0,0,0
2025-2026,17,Fiorentina,RICHARDSON Amir,richardson amir,,,0,0,0,0,0,0,0
2025-2026,17,Fiorentina,SABIRI Abdelhamid,sabiri abdelhamid,,,0,0,0,0,0,0,0
2025-2026,17,Fiorentina,SOHM Simon,sohm simon,,6.0,0,0,0,0,0,0,0
2025-2026,17,Fiorentina,DZEKO Edin,dzeko edin,,,0,0,0,0,0,0,0
2025-2026,17,Fiorentina,GUDMUNDSSON Albert,gudmundsson albert,6.5,6.5,0,0,0,0,0,0,0
2025-2026,17,Fiorentina,KEAN Moise,kean moise,4.0,4.0,0,0,0,0,0,0,0
2025-2026,17,Fiorentina,KOUAME' Christian,kouame' christian,,,0,0,0,0,0,0,0
2025-2026,17,Fiorentina,PICCOLI Roberto,piccoli roberto,4.0,4.0,0,0,0,0,0,0,0
2025-2026,17,Genoa,LEALI Nicola,leali nicola,,,0,0,0,0,0,0,0
2025-2026,17,Genoa,SIEGRIST Benjamin,siegrist benjamin,,,0,0,0,0,0,0,0
2025-2026,17,Genoa,SOMMARIVA Daniele,sommariva daniele,6.0,3.0,-3,0,0,0,0,0,0
2025-2026,17,Genoa,KUMER CELIK Alin,kumer celik alin,,,0,0,0,0,0,0,0
2025-2026,17,Genoa,MARCANDALLI Alessan.,marcandalli alessan.,5.0,5.0,0,0,0,0,0,0,0
2025-2026,17,Genoa,MARTIN Aaron,martin aaron,5.0,5.0,0,0,0,0,0,0,0
2025-2026,17,Genoa,NORTON-CUFFY Brooke,norton-cuffy brooke,5.5,5.5,0,0,0,0,0,0,0
2025-2026,17,Genoa,OSTIGARD Leo,ostigard leo,5.0,5.0,0,0,0,0,0,0,0
2025-2026,17,Genoa,OTOA Sebastian,otoa sebastian,5.0,5.0,0,0,0,0,0,0,0
2025-2026,17,Genoa,SABELLI Stefano,sabelli stefano,,,0,0,0,0,0,0,0
2025-2026,17,Genoa,VASQUEZ Johan,vasquez johan,5.0,5.0,0,0,0,0,0,0,0
2025-2026,17,Genoa,CARBONI Valentin,carboni valentin,,,0,0,0,0,0,0,0
2025-2026,17,Genoa,CUENCA Hugo,cuenca hugo,,,0,0,0,0,0,0,0
2025-2026,17,Genoa,ELLERTSSON Mikael,ellertsson mikael,5.0,5.0,0,0,0,0,0,0,0
2025-2026,17,Genoa,FINI Seydou,fini seydou,6.0,6.0,0,0,0,0,0,0,0
2025-2026,17,Genoa,FRENDRUP Morten,frendrup morten,5.5,5.0,0,0,1,0,0,0,0
2025-2026,17,Genoa,GRONBAEK Alberto,gronbaek alberto,,,0,0,0,0,0,0,0
2025-2026,17,Genoa,LAFONT Gael,lafont gael,,,0,0,0,0,0,0,0
2025-2026,17,Genoa,MALINOVSKYI Ruslan,malinovskyi ruslan,4.5,4.5,0,0,0,0,0,0,0
2025-2026,17,Genoa,MASINI Patrizio,masini patrizio,5.0,5.0,0,0,0,0,0,0,0
2025-2026,17,Genoa,MESSIAS Junior,messias junior,,,0,0,0,0,0,0,0
2025-2026,17,Genoa,ONANA Jean,onana jean,,,0,0,0,0,0,0,0
2025-2026,17,Genoa,STANCIU Nicolae,stanciu nicolae,,,0,0,0,0,0,0,0
2025-2026,17,Genoa,THORSBY Morten,thorsby morten,,,0,0,0,0,0,0,0
2025-2026,17,Genoa,COLOMBO Lorenzo,colombo lorenzo,5.0,5.0,0,0,0,0,0,0,0
2025-2026,17,Genoa,CORNET Maxwel,cornet maxwel,,,0,0,0,0,0,0,0
2025-2026,17,Genoa,EKHATOR Jeff,ekhator jeff,6.5,9.5,1,0,0,0,0,0,0
2025-2026,17,Genoa,EKUBAN Caleb,ekuban caleb,4.5,4.5,0,0,0,0,0,0,0
2025-2026,17,Genoa,VENTURINO Lorenzo,venturino lorenzo,,,0,0,0,0,0,0,0
2025-2026,17,Genoa,VITINHA,vitinha,6.5,6.5,0,0,0,0,0,0,0
2025-2026,17,Inter,DI GENNARO Raffaele,di gennaro raffaele,,,0,0,0,0,0,0,0
2025-2026,17,Inter,MARTINEZ Josep,martinez josep,,,0,0,0,0,0,0,0
2025-2026,17,Inter,SOMMER Yann,sommer yann,6.5,7.5,0,0,0,0,0,0,0
2025-2026,17,Inter,ACERBI Francesco,acerbi francesco,,,0,0,0,0,0,0,0
2025-2026,17,Inter,AKANJI Manuel,akanji manuel,7.0,7.0,0,0,0,0,0,0,0
2025-2026,17,Inter,ALEXIOU Christos,alexiou christos,,,0,0,0,0,0,0,0
2025-2026,17,Inter,BASTONI Alessandro,bastoni alessandro,6.0,5.5,0,0,1,0,0,0,0
2025-2026,17,Inter,BISSECK Yann Aurel,bisseck yann aurel,5.5,5.5,0,0,0,0,0,0,0
2025-2026,17,Inter,CARLOS AUGUSTO,carlos augusto,6.0,6.0,0,0,0,0,0,0,0
2025-2026,17,Inter,COCCHI Matteo,cocchi matteo,,,0,0,0,0,0,0,0
2025-2026,17,Inter,DARMIAN Matteo,darmian matteo,,,0,0,0,0,0,0,0
2025-2026,17,Inter,DE VRIJ Stefan,de vrij stefan,,,0,0,0,0,0,0,0
2025-2026,17,Inter,DIMARCO Federico,dimarco federico,6.5,6.5,0,0,0,0,0,0,0
2025-2026,17,Inter,DUMFRIES Denzel,dumfries denzel,,,0,0,0,0,0,0,0
2025-2026,17,Inter,LUIS HENRIQUE,luis henrique,5.5,5.5,0,0,0,0,0,0,0
2025-2026,17,Inter,PALACIOS Tomas,palacios tomas,,,0,0,0,0,0,0,0
2025-2026,17,Inter,RE CECCONI Gabriele,re cecconi gabriele,,,0,0,0,0,0,0,0
2025-2026,17,Inter,BARELLA Nicolo',barella nicolo',6.5,6.5,0,0,0,0,0,0,0
2025-2026,17,Inter,BERENBRUCH Thomas,berenbruch thomas,,,0,0,0,0,0,0,0
2025-2026,17,Inter,CALHANOGLU Hakan,calhanoglu hakan,6.5,6.5,0,0,0,0,0,0,0
2025-2026,17,Inter,DIOUF Andy,diouf andy,,,0,0,0,0,0,0,0
2025-2026,17,Inter,FRATTESI Davide,frattesi davide,,,0,0,0,0,0,0,0
2025-2026,17,Inter,MKHITARYAN Henrikh,mkhitaryan henrikh,6.0,6.0,0,0,0,0,0,0,0
2025-2026,17,Inter,SUCIC Petar,sucic petar,,,0,0,0,0,0,0,0
2025-2026,17,Inter,TOPALOVIC Luka,topalovic luka,,,0,0,0,0,0,0,0
2025-2026,17,Inter,ZIELINSKI Piotr,zielinski piotr,6.5,6.5,0,0,0,0,0,0,0
2025-2026,17,Inter,BONNY Ange-Yoan,bonny ange-yoan,,,0,0,0,0,0,0,0
2025-2026,17,Inter,ESPOSITO Francesco .,esposito francesco .,7.0,8.0,0,1,0,0,0,0,0
2025-2026,17,Inter,MARTINEZ Lautaro,martinez lautaro,7.0,10.0,1,0,0,0,0,0,0
2025-2026,17,Inter,THURAM Marcus,thuram marcus,6.0,6.0,0,0,0,0,0,0,0
2025-2026,17,Juventus,DI GREGORIO Michele,di gregorio michele,6.0,7.0,0,0,0,0,0,0,0
2025-2026,17,Juventus,PERIN Mattia,perin mattia,,,0,0,0,0,0,0,0
2025-2026,17,Juventus,PINSOGLIO Carlo,pinsoglio carlo,,,0,0,0,0,0,0,0
2025-2026,17,Juventus,BREMER Gleison,bremer gleison,6.5,6.5,0,0,0,0,0,0,0
2025-2026,17,Juventus,CABAL Juan,cabal juan,,,0,0,0,0,0,0,0
2025-2026,17,Juventus,CAMBIASO Andrea,cambiaso andrea,6.5,6.5,0,0,0,0,0,0,0
2025-2026,17,Juventus,GATTI Federico,gatti federico,,,0,0,0,0,0,0,0
2025-2026,17,Juventus,KALULU Pierre,kalulu pierre,6.5,9.5,1,0,0,0,0,0,0
2025-2026,17,Juventus,KELLY Lloyd,kelly lloyd,6.0,6.0,0,0,0,0,0,0,0
2025-2026,17,Juventus,MARIO Joao,mario joao,,,0,0,0,0,0,0,0
2025-2026,17,Juventus,ROUHI Jonas,rouhi jonas,,,0,0,0,0,0,0,0
2025-2026,17,Juventus,RUGANI Daniele,rugani daniele,,,0,0,0,0,0,0,0
2025-2026,17,Juventus,ADZIC Vasilije,adzic vasilije,,,0,0,0,0,0,0,0
2025-2026,17,Juventus,KOOPMEINERS Teun,koopmeiners teun,6.5,6.5,0,0,0,0,0,0,0
2025-2026,17,Juventus,KOSTIC Filip,kostic filip,,,0,0,0,0,0,0,0
2025-2026,17,Juventus,LOCATELLI Manuel,locatelli manuel,5.5,5.0,0,0,1,0,0,0,0
2025-2026,17,Juventus,MCKENNIE Weston,mckennie weston,6.5,6.5,0,0,0,0,0,0,0
2025-2026,17,Juventus,MIRETTI Fabio,miretti fabio,6.5,6.5,0,0,0,0,0,0,0
2025-2026,17,Juventus,THURAM Khephren,thuram khephren,5.5,5.5,0,0,0,0,0,0,0
2025-2026,17,Juventus,CONCEICAO Francisco,conceicao francisco,,,0,0,0,0,0,0,0
2025-2026,17,Juventus,DAVID Jonathan,david jonathan,6.5,7.5,0,1,0,0,0,0,0
2025-2026,17,Juventus,MILIK Arek,milik arek,,,0,0,0,0,0,0,0
2025-2026,17,Juventus,OPENDA Lois,openda lois,5.0,5.0,0,0,0,0,0,0,0
2025-2026,17,Juventus,PUGNO Diego,pugno diego,,,0,0,0,0,0,0,0
2025-2026,17,Juventus,VLAHOVIC Dusan,vlahovic dusan,,,0,0,0,0,0,0,0
2025-2026,17,Juventus,YILDIZ Kenan,yildiz kenan,7.0,10.0,1,0,0,0,0,0,0
2025-2026,17,Juventus,ZHEGROVA Edon,zhegrova edon,7.0,7.0,0,0,0,0,0,0,0
2025-2026,17,Lazio,FURLANETTO Alessio,furlanetto alessio,,,0,0,0,0,0,0,0
2025-2026,17,Lazio,MANDAS Christos,mandas christos,,,0,0,0,0,0,0,0
2025-2026,17,Lazio,PROVEDEL Ivan,provedel ivan,6.5,5.5,-1,0,0,0,0,0,0
2025-2026,17,Lazio,GIGOT Samuel,gigot samuel,,,0,0,0,0,0,0,0
2025-2026,17,Lazio,GILA Mario,gila mario,5.0,5.0,0,0,0,0,0,0,0
2025-2026,17,Lazio,HYSAJ Elseid,hysaj elseid,,,0,0,0,0,0,0,0
2025-2026,17,Lazio,LAZZARI Manuel,lazzari manuel,,,0,0,0,0,0,0,0
2025-2026,17,Lazio,MARUSIC Adam,marusic adam,6.0,6.0,0,0,0,0,0,0,0
2025-2026,17,Lazio,NUNO TAVARES,nuno tavares,,,0,0,0,0,0,0,0
2025-2026,17,Lazio,PATRIC,patric,,,0,0,0,0,0,0,0
2025-2026,17,Lazio,PELLEGRINI Luca,pellegrini luca,6.0,5.5,0,0,1,0,0,0,0
2025-2026,17,Lazio,PROVSTGAARD Oliver,provstgaard oliver,,,0,0,0,0,0,0,0
2025-2026,17,Lazio,ROMAGNOLI Alessio,romagnoli alessio,6.5,6.5,0,0,0,0,0,0,0
2025-2026,17,Lazio,BASIC Toma,basic toma,,,0,0,0,0,0,0,0
2025-2026,17,Lazio,BELAHYANE Reda,belahyane reda,5.5,5.5,0,0,0,0,0,0,0
2025-2026,17,Lazio,CATALDI Danilo,cataldi danilo,6.5,6.0,0,0,1,0,0,0,0
2025-2026,17,Lazio,DELE-BASHIRU Fisayo,dele-bashiru fisayo,,,0,0,0,0,0,0,0
2025-2026,17,Lazio,GUENDOUZI Matteo,guendouzi matteo,,,0,0,0,0,0,0,0
2025-2026,17,Lazio,ROVELLA Nicolo,rovella nicolo,,,0,0,0,0,0,0,0
2025-2026,17,Lazio,VECINO Matias,vecino matias,7.0,6.5,0,0,1,0,0,0,0
2025-2026,17,Lazio,CANCELLIERI Matteo,cancellieri matteo,6.5,6.0,0,0,1,0,0,0,0
2025-2026,17,Lazio,CASTELLANOS Valentin,castellanos valentin,6.0,6.0,0,0,0,0,0,0,0
2025-2026,17,Lazio,DIA Boulaye,dia boulaye,,,0,0,0,0,0,0,0
2025-2026,17,Lazio,ISAKSEN Gustav,isaksen gustav,5.0,5.0,0,0,0,0,0,0,0
2025-2026,17,Lazio,NOSLIN Tijjani,noslin tijjani,6.5,6.5,0,0,0,0,0,0,0
2025-2026,17,Lazio,PEDRO,pedro,,,0,0,0,0,0,0,0
2025-2026,17,Lazio,ZACCAGNI Mattia,zaccagni mattia,5.5,5.5,0,0,0,0,0,0,0
2025-2026,17,Lecce,FALCONE Wladimiro,falcone wladimiro,5.5,2.5,-3,0,0,0,0,0,0
2025-2026,17,Lecce,FRUCHTL Christian,fruchtl christian,,,0,0,0,0,0,0,0
2025-2026,17,Lecce,SAMOOJA Jasper,samooja jasper,,,0,0,0,0,0,0,0
2025-2026,17,Lecce,ESTEBAN Paco,esteban paco,,,0,0,0,0,0,0,0
2025-2026,17,Lecce,GABRIEL Tiago,gabriel tiago,5.0,5.0,0,0,0,0,0,0,0
2025-2026,17,Lecce,GALLO Antonino,gallo antonino,5.5,5.5,0,0,0,0,0,0,0
2025-2026,17,Lecce,GASPAR Kialonda,gaspar kialonda,,,0,0,0,0,0,0,0
2025-2026,17,Lecce,GUILBERT Frederic,guilbert frederic,,,0,0,0,0,0,0,0
2025-2026,17,Lecce,JEAN Gaby,jean gaby,,,0,0,0,0,0,0,0
2025-2026,17,Lecce,KOUASSI Owen,kouassi owen,,,0,0,0,0,0,0,0
2025-2026,17,Lecce,NDABA Corrie,ndaba corrie,,,0,0,0,0,0,0,0
2025-2026,17,Lecce,PEHLIVANOV Cristian,pehlivanov cristian,,,0,0,0,0,0,0,0
2025-2026,17,Lecce,PEREZ Matias,perez matias,,,0,0,0,0,0,0,0
2025-2026,17,Lecce,SCOTT Elijah,scott elijah,,,0,0,0,0,0,0,0
2025-2026,17,Lecce,SIEBERT Jamil,siebert jamil,5.5,5.5,0,0,0,0,0,0,0
2025-2026,17,Lecce,VEIGA Danilo,veiga danilo,5.5,5.5,0,0,0,0,0,0,0
2025-2026,17,Lecce,BERISHA Medon,berisha medon,,,0,0,0,0,0,0,0
2025-2026,17,Lecce,COULIBALY Lassana,coulibaly lassana,,,0,0,0,0,0,0,0
2025-2026,17,Lecce,GORTER Olaf,gorter olaf,,,0,0,0,0,0,0,0
2025-2026,17,Lecce,HELGASON Thorir,helgason thorir,,6.0,0,0,0,0,0,0,0
2025-2026,17,Lecce,KABA Mohamed,kaba mohamed,5.5,5.5,0,0,0,0,0,0,0
2025-2026,17,Lecce,MALEH Youssef,maleh youssef,5.5,5.5,0,0,0,0,0,0,0
2025-2026,17,Lecce,MARCHWINSKI Filip,marchwinski filip,,,0,0,0,0,0,0,0
2025-2026,17,Lecce,PIERRET Balthazar,pierret balthazar,,,0,0,0,0,0,0,0
2025-2026,17,Lecce,RAFIA Hamza,rafia hamza,,,0,0,0,0,0,0,0
2025-2026,17,Lecce,RAMADANI Ylber,ramadani ylber,5.5,5.0,0,0,1,0,0,0,0
2025-2026,17,Lecce,SALA Alex,sala alex,,6.0,0,0,0,0,0,0,0
2025-2026,17,Lecce,SOTTIL Riccardo,sottil riccardo,6.0,5.5,0,0,1,0,0,0,0
2025-2026,17,Lecce,BANDA Lameck,banda lameck,,,0,0,0,0,0,0,0
2025-2026,17,Lecce,CAMARDA Francesco,camarda francesco,5.0,5.0,0,0,0,0,0,0,0
2025-2026,17,Lecce,MORENTE Tete,morente tete,,,0,0,0,0,0,0,0
2025-2026,17,Lecce,N'DRI Konan,n'dri konan,5.5,5.5,0,0,0,0,0,0,0
2025-2026,17,Lecce,PIEROTTI Santiago,pierotti santiago,5.5,5.5,0,0,0,0,0,0,0
2025-2026,17,Lecce,STULIC Nikola,stulic nikola,5.0,5.0,0,0,0,0,0,0,0
2025-2026,17,Milan,MAIGNAN Mike,maignan mike,6.0,7.0,0,0,0,0,0,0,0
2025-2026,17,Milan,TERRACCIANO Pietro,terracciano pietro,,,0,0,0,0,0,0,0
2025-2026,17,Milan,TORRIANI Lorenzo,torriani lorenzo,,,0,0,0,0,0,0,0
2025-2026,17,Milan,ATHEKAME Zachary,athekame zachary,6.0,6.0,0,0,0,0,0,0,0
2025-2026,17,Milan,BARTESAGHI Davide,bartesaghi davide,6.5,6.5,0,0,0,0,0,0,0
2025-2026,17,Milan,DE WINTER Koni,de winter koni,6.0,6.0,0,0,0,0,0,0,0
2025-2026,17,Milan,ESTUPINAN Pervis,estupinan pervis,,,0,0,0,0,0,0,0
2025-2026,17,Milan,GABBIA Matteo,gabbia matteo,,,0,0,0,0,0,0,0
2025-2026,17,Milan,ODOGU David,odogu david,,,0,0,0,0,0,0,0
2025-2026,17,Milan,PAVLOVIC Strahinja,pavlovic strahinja,6.5,6.5,0,0,0,0,0,0,0
2025-2026,17,Milan,TOMORI Fikayo,tomori fikayo,6.0,6.0,0,0,0,0,0,0,0
2025-2026,17,Milan,FOFANA Youssouf,fofana youssouf,6.0,6.0,0,0,0,0,0,0,0
2025-2026,17,Milan,JASHARI Ardon,jashari ardon,6.0,6.0,0,0,0,0,0,0,0
2025-2026,17,Milan,LOFTUS-CHEEK Ruben,loftus-cheek ruben,6.5,6.5,0,0,0,0,0,0,0
2025-2026,17,Milan,MODRIC Luka,modric luka,7.0,7.0,0,0,0,0,0,0,0
2025-2026,17,Milan,RABIOT Adrien,rabiot adrien,6.5,7.5,0,1,0,0,0,0,0
2025-2026,17,Milan,RICCI Samuele,ricci samuele,6.0,6.0,0,0,0,0,0,0,0
2025-2026,17,Milan,SAELEMAEKERS Alexis,saelemaekers alexis,6.0,6.0,0,0,0,0,0,0,0
2025-2026,17,Milan,TRAORE Chaka,traore chaka,,,0,0,0,0,0,0,0
2025-2026,17,Milan,VOS Silvano,vos silvano,,,0,0,0,0,0,0,0
2025-2026,17,Milan,BALENTIEN Chevejo,balentien chevejo,,,0,0,0,0,0,0,0
2025-2026,17,Milan,GIMENEZ Santiago,gimenez santiago,,,0,0,0,0,0,0,0
2025-2026,17,Milan,LEAO Rafael,leao rafael,,,0,0,0,0,0,0,0
2025-2026,17,Milan,NKUNKU Cristopher,nkunku cristopher,7.0,13.0,2,0,0,0,0,1,0
2025-2026,17,Milan,PULISIC Christian,pulisic christian,7.0,10.0,1,0,0,0,0,0,0
2025-2026,17,Napoli,CONTINI Nikita,contini nikita,,,0,0,0,0,0,0,0
2025-2026,17,Napoli,MERET Alex,meret alex,,,0,0,0,0,0,0,0
2025-2026,17,Napoli,MILINKOVIC Vanja,milinkovic vanja,6.5,7.5,0,0,0,0,0,0,0
2025-2026,17,Napoli,BEUKEMA Sam,beukema sam,,,0,0,0,0,0,0,0
2025-2026,17,Napoli,BUONGIORNO Alessand.,buongiorno alessand.,6.0,6.0,0,0,0,0,0,0,0
2025-2026,17,Napoli,DI LORENZO Giovanni,di lorenzo giovanni,6.0,6.0,0,0,0,0,0,0,0
2025-2026,17,Napoli,GUTIERREZ Miguel,gutierrez miguel,6.5,6.5,0,0,0,0,0,0,0
2025-2026,17,Napoli,JESUS Juan,jesus juan,6.5,6.0,0,0,1,0,0,0,0
2025-2026,17,Napoli,MARIANUCCI Luca,marianucci luca,,,0,0,0,0,0,0,0
2025-2026,17,Napoli,MAZZOCCHI Pasquale,mazzocchi pasquale,,,0,0,0,0,0,0,0
2025-2026,17,Napoli,OLIVERA Mathias,olivera mathias,,,0,0,0,0,0,0,0
2025-2026,17,Napoli,RRAHMANI Amir,rrahmani amir,6.5,6.5,0,0,0,0,0,0,0
2025-2026,17,Napoli,SPINAZZOLA Leonardo,spinazzola leonardo,6.5,6.5,0,0,0,0,0,0,0
2025-2026,17,Napoli,ANGUISSA Andre' Zam.,anguissa andre' zam.,,,0,0,0,0,0,0,0
2025-2026,17,Napoli,DE BRUYNE Kevin,de bruyne kevin,,,0,0,0,0,0,0,0
2025-2026,17,Napoli,ELMAS Eljif,elmas eljif,5.5,5.5,0,0,0,0,0,0,0
2025-2026,17,Napoli,GILMOUR Billy,gilmour billy,,,0,0,0,0,0,0,0
2025-2026,17,Napoli,LOBOTKA Stanislav,lobotka stanislav,6.5,6.5,0,0,0,0,0,0,0
2025-2026,17,Napoli,MCTOMINAY Scott,mctominay scott,7.0,7.5,0,1,1,0,0,0,0
2025-2026,17,Napoli,VERGARA Antonio,vergara antonio,,,0,0,0,0,0,0,0
2025-2026,17,Napoli,AMBROSINO Giuseppe,ambrosino giuseppe,,,0,0,0,0,0,0,0
2025-2026,17,Napoli,HOJLUND Rasmus,hojlund rasmus,8.0,14.0,2,0,0,0,0,0,0
2025-2026,17,Napoli,LANG Noa,lang noa,6.0,6.0,0,0,0,0,0,0,0
2025-2026,17,Napoli,LUCCA Lorenzo,lucca lorenzo,,,0,0,0,0,0,0,0
2025-2026,17,Napoli,LUKAKU Romelu,lukaku romelu,,,0,0,0,0,0,0,0
2025-2026,17,Napoli,NERES David,neres david,6.0,6.0,0,0,0,0,0,0,0
2025-2026,17,Napoli,POLITANO Matteo,politano matteo,6.5,6.5,0,0,0,0,0,0,0
2025-2026,17,Roma,GOLLINI Pierluigi,gollini pierluigi,,,0,0,0,0,0,0,0
2025-2026,17,Roma,SVILAR Mile,svilar mile,6.0,5.0,-1,0,0,0,0,0,0
2025-2026,17,Roma,VASQUEZ Devis,vasquez devis,,,0,0,0,0,0,0,0
2025-2026,17,Roma,ANGELINO Jose',angelino jose',,,0,0,0,0,0,0,0
2025-2026,17,Roma,CELIK Zeki,celik zeki,6.0,6.0,0,0,0,0,0,0,0
2025-2026,17,Roma,GHILARDI Daniele,ghilardi daniele,6.0,6.0,0,0,0,0,0,0,0
2025-2026,17,Roma,HERMOSO Mario,hermoso mario,7.0,7.0,0,0,0,0,0,0,0
2025-2026,17,Roma,MANCINI Gianluca,mancini gianluca,6.5,6.5,0,0,0,0,0,0,0
2025-2026,17,Roma,NDICKA Evan,ndicka evan,,,0,0,0,0,0,0,0
2025-2026,17,Roma,RENSCH Devyne,rensch devyne,,,0,0,0,0,0,0,0
2025-2026,17,Roma,SANGARe' Buba,sangare' buba,,,0,0,0,0,0,0,0
2025-2026,17,Roma,TSIMIKAS Konstantin.,tsimikas konstantin.,,,0,0,0,0,0,0,0
2025-2026,17,Roma,WESLEY,wesley,6.5,6.5,0,0,0,0,0,0,0
2025-2026,17,Roma,ZIOLKOWSKI Jan,ziolkowski jan,6.5,6.5,0,0,0,0,0,0,0
2025-2026,17,Roma,BALDANZI Tommaso,baldanzi tommaso,,,0,0,0,0,0,0,0
2025-2026,17,Roma,CRISTANTE Bryan,cristante bryan,6.5,6.5,0,0,0,0,0,0,0
2025-2026,17,Roma,EL AYNAOUI Neil,el aynaoui neil,,,0,0,0,0,0,0,0
2025-2026,17,Roma,EL SHAARAWY Stephan,el shaarawy stephan,6.5,6.5,0,0,0,0,0,0,0
2025-2026,17,Roma,KONE' Manu,kone' manu,7.5,10.5,1,0,0,0,0,0,0
2025-2026,17,Roma,PELLEGRINI Lorenzo,pellegrini lorenzo,,,0,0,0,0,0,0,0
2025-2026,17,Roma,PISILLI Niccolo',pisilli niccolo',6.0,6.0,0,0,0,0,0,0,0
2025-2026,17,Roma,ROMANO Alessandro,romano alessandro,,,0,0,0,0,0,0,0
2025-2026,17,Roma,ARENA Antonio,arena antonio,,,0,0,0,0,0,0,0
2025-2026,17,Roma,BAILEY Leon,bailey leon,,,0,0,0,0,0,0,0
2025-2026,17,Roma,DOVBYK Artem,dovbyk artem,,,0,0,0,0,0,0,0
2025-2026,17,Roma,DYBALA Paulo,dybala paulo,7.0,7.0,0,0,0,0,0,0,0
2025-2026,17,Roma,FERGUSON Evan,ferguson evan,7.5,11.5,1,1,0,0,0,0,0
2025-2026,17,Roma,SOULE' Matias,soule' matias,7.0,10.0,1,0,0,0,0,0,0
2025-2026,17,Sassuolo,MURIC Arijanet,muric arijanet,6.0,5.0,-1,0,0,0,0,0,0
2025-2026,17,Sassuolo,SATALINO Giacomo,satalino giacomo,,,0,0,0,0,0,0,0
2025-2026,17,Sassuolo,TURATI Stefano,turati stefano,,,0,0,0,0,0,0,0
2025-2026,17,Sassuolo,ZACCHI Gioele,zacchi gioele,,,0,0,0,0,0,0,0
2025-2026,17,Sassuolo,CANDE' Fali,cande' fali,5.5,5.0,0,0,1,0,0,0,0
2025-2026,17,Sassuolo,COULIBALY Woyo,coulibaly woyo,,,0,0,0,0,0,0,0
2025-2026,17,Sassuolo,DOIG Josh,doig josh,6.0,6.0,0,0,0,0,0,0,0
2025-2026,17,Sassuolo,IDZES Jay,idzes jay,7.0,7.0,0,0,0,0,0,0,0
2025-2026,17,Sassuolo,MUHAREMOVIC Tarik,muharemovic tarik,7.0,10.0,1,0,0,0,0,0,0
2025-2026,17,Sassuolo,PAZ Yeferson,paz yeferson,,,0,0,0,0,0,0,0
2025-2026,17,Sassuolo,PIERAGNOLO Edoardo,pieragnolo edoardo,,,0,0,0,0,0,0,0
2025-2026,17,Sassuolo,ROMAGNA Filippo,romagna filippo,,,0,0,0,0,0,0,0
2025-2026,17,Sassuolo,WALUKIEWICZ Sebasti.,walukiewicz sebasti.,6.0,6.0,0,0,0,0,0,0,0
2025-2026,17,Sassuolo,BOLOCA Daniel,boloca daniel,,,0,0,0,0,0,0,0
2025-2026,17,Sassuolo,FADERA Alieu,fadera alieu,5.0,4.5,0,0,1,0,0,0,0
2025-2026,17,Sassuolo,IANNONI Edoardo,iannoni edoardo,,,0,0,0,0,0,0,0
2025-2026,17,Sassuolo,KONE Ismael,kone ismael,6.0,6.0,0,0,0,0,0,0,0
2025-2026,17,Sassuolo,LIPANI Luca,lipani luca,,,0,0,0,0,0,0,0
2025-2026,17,Sassuolo,MATIC Nemanja,matic nemanja,6.5,6.5,0,0,0,0,0,0,0
2025-2026,17,Sassuolo,THORSTVEDT Kristian,thorstvedt kristian,6.5,6.5,0,0,0,0,0,0,0
2025-2026,17,Sassuolo,VOLPATO Cristian,volpato cristian,6.0,6.0,0,0,0,0,0,0,0
2025-2026,17,Sassuolo,VRANCKX Aster,vranckx aster,,,0,0,0,0,0,0,0
2025-2026,17,Sassuolo,BERARDI Domenico,berardi domenico,,,0,0,0,0,0,0,0
2025-2026,17,Sassuolo,CHEDDIRA Walid,cheddira walid,,,0,0,0,0,0,0,0
2025-2026,17,Sassuolo,LAURIENTE' Armand,lauriente' armand,6.0,6.5,0,1,1,0,0,0,0
2025-2026,17,Sassuolo,MORO Luca,moro luca,,,0,0,0,0,0,0,0
2025-2026,17,Sassuolo,PIERINI Nicholas,pierini nicholas,,,0,0,0,0,0,0,0
2025-2026,17,Sassuolo,PINAMONTI Andrea,pinamonti andrea,6.5,6.5,0,0,0,0,0,0,0
2025-2026,17,Sassuolo,SKJELLERUP Laurs,skjellerup laurs,,,0,0,0,0,0,0,0
2025-2026,17,Torino,ISRAEL Franco,israel franco,,,0,0,0,0,0,0,0
2025-2026,17,Torino,PALEARI Alberto,paleari alberto,6.0,4.0,-2,0,0,0,0,0,0
2025-2026,17,Torino,POPA Mihai,popa mihai,,,0,0,0,0,0,0,0
2025-2026,17,Torino,BIRAGHI Cristiano,biraghi cristiano,,,0,0,0,0,0,0,0
2025-2026,17,Torino,COCO Saul,coco saul,,,0,0,0,0,0,0,0
2025-2026,17,Torino,DEMBELE' Ali,dembele' ali,,,0,0,0,0,0,0,0
2025-2026,17,Torino,ISMAJLI Ardian,ismajli ardian,5.5,5.5,0,0,0,0,0,0,0
2025-2026,17,Torino,LAZARO Valentino,lazaro valentino,5.0,5.0,0,0,0,0,0,0,0
2025-2026,17,Torino,MARIPAN Guillermo,maripan guillermo,5.5,5.5,0,0,0,0,0,0,0
2025-2026,17,Torino,MASINA Adam,masina adam,,,0,0,0,0,0,0,0
2025-2026,17,Torino,NKOUNKOU Niels,nkounkou niels,6.0,5.5,0,0,1,0,0,0,0
2025-2026,17,Torino,PEDERSEN Marcus,pedersen marcus,6.0,6.0,0,0,0,0,0,0,0
2025-2026,17,Torino,PEREZ Alex,perez alex,,,0,0,0,0,0,0,0
2025-2026,17,Torino,SAZONOV Saba,sazonov saba,,,0,0,0,0,0,0,0
2025-2026,17,Torino,SCHUURS Perr,schuurs perr,,,0,0,0,0,0,0,0
2025-2026,17,Torino,ZAIA Edoardo,zaia edoardo,,,0,0,0,0,0,0,0
2025-2026,17,Torino,ANJORIN Tino,anjorin tino,,,0,0,0,0,0,0,0
2025-2026,17,Torino,ASLLANI Kristjan,asllani kristjan,5.5,5.5,0,0,0,0,0,0,0
2025-2026,17,Torino,CASADEI Cesare,casadei cesare,,,0,0,0,0,0,0,0
2025-2026,17,Torino,GINEITIS Gvidas,gineitis gvidas,6.0,6.0,0,0,0,0,0,0,0
2025-2026,17,Torino,ILIC Ivan,ilic ivan,,,0,0,0,0,0,0,0
2025-2026,17,Torino,ILKHAN Emirhan,ilkhan emirhan,6.0,6.0,0,0,0,0,0,0,0
2025-2026,17,Torino,PERCIUN Sergiu,perciun sergiu,,,0,0,0,0,0,0,0
2025-2026,17,Torino,TAMEZE Adrien,tameze adrien,5.5,5.5,0,0,0,0,0,0,0
2025-2026,17,Torino,VLASIC Nikola,vlasic nikola,7.0,9.5,1,0,1,0,0,0,0
2025-2026,17,Torino,ABOUKHLAL Zakaria,aboukhlal zakaria,6.0,5.5,0,0,1,0,0,0,0
2025-2026,17,Torino,ADAMS Che',adams che',6.5,7.5,0,1,0,0,0,0,0
2025-2026,17,Torino,GABELLINI Tommaso,gabellini tommaso,,,0,0,0,0,0,0,0
2025-2026,17,Torino,NGONGE Cyril,ngonge cyril,5.0,5.0,0,0,0,0,0,0,0
2025-2026,17,Torino,NJIE Alieu,njie alieu,,,0,0,0,0,0,0,0
2025-2026,17,Torino,SAVVA Zanos,savva zanos,,,0,0,0,0,0,0,0
2025-2026,17,Torino,SIMEONE Giovanni,simeone giovanni,6.0,6.0,0,0,0,0,0,0,0
2025-2026,17,Torino,ZAPATA Duvan,zapata duvan,6.0,6.0,0,0,0,0,0,0,0
2025-2026,17,Udinese,NUNZIANTE Alessandro,nunziante alessandro,,,0,0,0,0,0,0,0
2025-2026,17,Udinese,OKOYE Maduka,okoye maduka,,,0,0,0,0,0,0,0
2025-2026,17,Udinese,PADELLI Daniele,padelli daniele,6.5,5.5,-1,0,0,0,0,0,0
2025-2026,17,Udinese,SAVA Razvan,sava razvan,,,0,0,0,0,0,0,0
2025-2026,17,Udinese,BERTOLA Nicolo',bertola nicolo',5.5,5.5,0,0,0,0,0,0,0
2025-2026,17,Udinese,EHIZIBUE Kingsley,ehizibue kingsley,,,0,0,0,0,0,0,0
2025-2026,17,Udinese,GOGLICHIDZE Saba,goglichidze saba,,,0,0,0,0,0,0,0
2025-2026,17,Udinese,KABASELE Christian,kabasele christian,6.0,5.5,0,0,1,0,0,0,0
2025-2026,17,Udinese,KAMARA Hassane,kamara hassane,6.5,6.5,0,0,0,0,0,0,0
2025-2026,17,Udinese,KRISTENSEN Thomas,kristensen thomas,6.0,6.0,0,0,0,0,0,0,0
2025-2026,17,Udinese,MODESTO Rui,modesto rui,,,0,0,0,0,0,0,0
2025-2026,17,Udinese,PALMA Matteo,palma matteo,,,0,0,0,0,0,0,0
2025-2026,17,Udinese,SOLET Oumar,solet oumar,6.0,4.0,0,0,0,0,1,0,0
2025-2026,17,Udinese,ZANOLI Alessandro,zanoli alessandro,6.0,6.0,0,0,0,0,0,0,0
2025-2026,17,Udinese,ZEMURA Jordan,zemura jordan,,,0,0,0,0,0,0,0
2025-2026,17,Udinese,ATTA Arthur,atta arthur,,,0,0,0,0,0,0,0
2025-2026,17,Udinese,EKKELENKAMP Jurgen,ekkelenkamp jurgen,6.0,6.0,0,0,0,0,0,0,0
2025-2026,17,Udinese,KARLSTROM Jesper,karlstrom jesper,6.0,5.5,0,0,1,0,0,0,0
2025-2026,17,Udinese,LOVRIC Sandi,lovric sandi,,,0,0,0,0,0,0,0
2025-2026,17,Udinese,MILLER Lennon,miller lennon,,,0,0,0,0,0,0,0
2025-2026,17,Udinese,PIOTROWSKI Jakub,piotrowski jakub,6.5,6.5,0,0,0,0,0,0,0
2025-2026,17,Udinese,ZANIOLO Nicolo',zaniolo nicolo',6.5,7.0,0,1,1,0,0,0,0
2025-2026,17,Udinese,ZARRAGA Oier,zarraga oier,,,0,0,0,0,0,0,0
2025-2026,17,Udinese,BAYO Vakoun,bayo vakoun,,,0,0,0,0,0,0,0
2025-2026,17,Udinese,BRAVO Iker,bravo iker,,,0,0,0,0,0,0,0
2025-2026,17,Udinese,BUKSA Adam,buksa adam,,,0,0,0,0,0,0,0
2025-2026,17,Udinese,DAVIS Keinan,davis keinan,7.0,10.0,1,0,0,0,0,0,0
2025-2026,17,Udinese,GUEYE Idrissa,gueye idrissa,,,0,0,0,0,0,0,0
2025-2026,17,Udinese,VINCIATI Giulio,vinciati giulio,,,0,0,0,0,0,0,0
2025-2026,17,Verona,MONTIPO' Lorenzo,montipo' lorenzo,6.0,3.0,-3,0,0,0,0,0,1
2025-2026,17,Verona,PERILLI Simone,perilli simone,,,0,0,0,0,0,0,0
2025-2026,17,Verona,BELGHALI Rafik,belghali rafik,,,0,0,0,0,0,0,0
2025-2026,17,Verona,BELLA-KOTCHAP Armel,bella-kotchap armel,5.5,5.5,0,0,0,0,0,0,0
2025-2026,17,Verona,BRADARIC Domagoj,bradaric domagoj,5.5,5.5,0,0,0,0,0,0,0
2025-2026,17,Verona,CHAM Fallou,cham fallou,,,0,0,0,0,0,0,0
2025-2026,17,Verona,EBOSSE Enzo,ebosse enzo,,,0,0,0,0,0,0,0
2025-2026,17,Verona,FRESE Martin,frese martin,,,0,0,0,0,0,0,0
2025-2026,17,Verona,KURTI Adi,kurti adi,,,0,0,0,0,0,0,0
2025-2026,17,Verona,NELSSON Victor,nelsson victor,4.5,4.5,0,0,0,0,0,0,0
2025-2026,17,Verona,NUNEZ Unai,nunez unai,5.5,5.5,0,0,0,0,0,0,0
2025-2026,17,Verona,OYEGOKE Daniel,oyegoke daniel,5.0,5.0,0,0,0,0,0,0,0
2025-2026,17,Verona,SLOTSAGER Tobias,slotsager tobias,,,0,0,0,0,0,0,0
2025-2026,17,Verona,VALENTINI Nicolas,valentini nicolas,5.5,5.5,0,0,0,0,0,0,0
2025-2026,17,Verona,YELLU Santiago,yellu santiago,,,0,0,0,0,0,0,0
2025-2026,17,Verona,AKPA-AKPRO Jean-Dan.,akpa-akpro jean-dan.,,,0,0,0,0,0,0,0
2025-2026,17,Verona,AL-MUSRATI Moatasem,al-musrati moatasem,5.0,4.5,0,0,1,0,0,0,0
2025-2026,17,Verona,BERNEDE Antoine,bernede antoine,6.0,6.0,0,0,0,0,0,0,0
2025-2026,17,Verona,GAGLIARDINI Roberto,gagliardini roberto,,,0,0,0,0,0,0,0
2025-2026,17,Verona,HARROUI Abdou,harroui abdou,,,0,0,0,0,0,0,0
2025-2026,17,Verona,KASTANOS Grigoris,kastanos grigoris,,,0,0,0,0,0,0,0
2025-2026,17,Verona,NIASSE Cheikh,niasse cheikh,5.5,5.5,0,0,0,0,0,0,0
2025-2026,17,Verona,SERDAR Suat,serdar suat,6.0,6.0,0,0,0,0,0,0,0
2025-2026,17,Verona,SUSLOV Tomas,suslov tomas,,,0,0,0,0,0,0,0
2025-2026,17,Verona,YILDIZ Veis,yildiz veis,,,0,0,0,0,0,0,0
2025-2026,17,Verona,AJAYI Junior,ajayi junior,,,0,0,0,0,0,0,0
2025-2026,17,Verona,GIOVANE Do Nascimie.,giovane do nascimie.,5.0,5.0,0,0,0,0,0,0,0
2025-2026,17,Verona,LUNA Agustin,luna agustin,,,0,0,0,0,0,0,0
2025-2026,17,Verona,MOSQUERA Daniel,mosquera daniel,5.0,5.0,0,0,0,0,0,0,0
2025-2026,17,Verona,ORBAN Gift,orban gift,5.5,5.5,0,0,0,0,0,0,0
2025-2026,17,Verona,SARR Amin,sarr amin,5.0,5.0,0,0,0,0,0,0,0
2025-2026,17,Cremonese,AUDERO Emil,audero emil,6.5,4.5,-2,0,0,0,0,0,0
2025-2026,17,Cremonese,MALOVEC Adrian,malovec adrian,,,0,0,0,0,0,0,0
2025-2026,17,Cremonese,NAVA Lapo,nava lapo,,,0,0,0,0,0,0,0
2025-2026,17,Cremonese,SILVESTRI Marco,silvestri marco,,,0,0,0,0,0,0,0
2025-2026,17,Cremonese,BARBIERI Tommaso,barbieri tommaso,6.0,5.5,0,0,1,0,0,0,0
2025-2026,17,Cremonese,BASCHIROTTO Federico,baschirotto federico,5.0,5.0,0,0,0,0,0,0,0
2025-2026,17,Cremonese,BIANCHETTI Matteo,bianchetti matteo,5.0,5.0,0,0,0,0,0,0,0
2025-2026,17,Cremonese,CECCHERINI Federico,ceccherini federico,,,0,0,0,0,0,0,0
2025-2026,17,Cremonese,FAYE Mikayil,faye mikayil,,,0,0,0,0,0,0,0
2025-2026,17,Cremonese,FLORIANI MUSSOLINI .,floriani mussolini .,,,0,0,0,0,0,0,0
2025-2026,17,Cremonese,FOLINO Francesco,folino francesco,,,0,0,0,0,0,0,0
2025-2026,17,Cremonese,PEZZELLA Giuseppe,pezzella giuseppe,5.5,5.5,0,0,0,0,0,0,0
2025-2026,17,Cremonese,SERNICOLA Leonardo,sernicola leonardo,,,0,0,0,0,0,0,0
2025-2026,17,Cremonese,TERRACCIANO Filippo,terracciano filippo,5.5,5.5,0,0,0,0,0,0,0
2025-2026,17,Cremonese,BONDO Warren,bondo warren,,6.0,0,0,0,0,0,0,0
2025-2026,17,Cremonese,COLLOCOLO Michele,collocolo michele,,,0,0,0,0,0,0,0
2025-2026,17,Cremonese,GRASSI Alberto,grassi alberto,5.5,5.5,0,0,0,0,0,0,0
2025-2026,17,Cremonese,LORDKIPANIDZE Dachi,lordkipanidze dachi,,,0,0,0,0,0,0,0
2025-2026,17,Cremonese,PAYERO Martin,payero martin,5.5,5.5,0,0,0,0,0,0,0
2025-2026,17,Cremonese,VALOTI Mattia,valoti mattia,,,0,0,0,0,0,0,0
2025-2026,17,Cremonese,VANDEPUTTE Jari,vandeputte jari,,,0,0,0,0,0,0,0
2025-2026,17,Cremonese,BONAZZOLI Federico,bonazzoli federico,,5.5,0,0,1,0,0,0,0
2025-2026,17,Cremonese,DE LUCA Manuel,de luca manuel,,,0,0,0,0,0,0,0
2025-2026,17,Cremonese,JOHNSEN Dennis,johnsen dennis,6.0,6.0,0,0,0,0,0,0,0
2025-2026,17,Cremonese,MOUMBAGNA Faris,moumbagna faris,5.5,5.5,0,0,0,0,0,0,0
2025-2026,17,Cremonese,OKEREKE David,okereke david,,,0,0,0,0,0,0,0
2025-2026,17,Cremonese,SANABRIA Antonio,sanabria antonio,5.0,5.0,0,0,0,0,0,0,0
2025-2026,17,Cremonese,SARMIENTO Jeremy,sarmiento jeremy,,,0,0,0,0,0,0,0
2025-2026,17,Cremonese,VARDY Jamie,vardy jamie,5.5,5.5,0,0,0,0,0,0,0
2025-2026,17,Cremonese,VAZQUEZ Franco,vazquez franco,,,0,0,0,0,0,0,0
2025-2026,17,Cremonese,ZERBIN Alessio,zerbin alessio,6.5,6.5,0,0,0,0,0,0,0
2025-2026,17,Parma,CORVI Edoardo,corvi edoardo,7.5,8.0,0,0,1,0,0,0,0
2025-2026,17,Parma,GUAITA Vicente,guaita vicente,,,0,0,0,0,0,0,0
2025-2026,17,Parma,RINALDI Filippo,rinaldi filippo,,,0,0,0,0,0,0,0
2025-2026,17,Parma,SUZUKI Zion,suzuki zion,,,0,0,0,0,0,0,0
2025-2026,17,Parma,BRITSCHGI Sascha,britschgi sascha,6.5,6.5,0,0,0,0,0,0,0
2025-2026,17,Parma,CIRCATI Alessandro,circati alessandro,6.0,5.5,0,0,1,0,0,0,0
2025-2026,17,Parma,DEL PRATO Enrico,del prato enrico,,,0,0,0,0,0,0,0
2025-2026,17,Parma,LOVIK Mathias,lovik mathias,,,0,0,0,0,0,0,0
2025-2026,17,Parma,NDIAYE Abdoulaye,ndiaye abdoulaye,,,0,0,0,0,0,0,0
2025-2026,17,Parma,TRABUCCHI Nicolas,trabucchi nicolas,,,0,0,0,0,0,0,0
2025-2026,17,Parma,TROILO Mariano,troilo mariano,,,0,0,0,0,0,0,0
2025-2026,17,Parma,VALENTI Lautaro,valenti lautaro,6.5,6.5,0,0,0,0,0,0,0
2025-2026,17,Parma,VALERI Emanuele,valeri emanuele,6.0,6.0,0,0,0,0,0,0,0
2025-2026,17,Parma,BERNABE' Adrian,bernabe' adrian,5.0,5.0,0,0,0,0,0,0,0
2025-2026,17,Parma,CREMASCHI Benjamin,cremaschi benjamin,,,0,0,0,0,0,0,0
2025-2026,17,Parma,ESTEVEZ Nahuel,estevez nahuel,6.0,6.0,0,0,0,0,0,0,0
2025-2026,17,Parma,HERNANI,hernani,,,0,0,0,0,0,0,0
2025-2026,17,Parma,KEITA Mandela,keita mandela,7.5,7.5,0,0,0,0,0,0,0
2025-2026,17,Parma,ORDONEZ Christian,ordonez christian,,6.0,0,0,0,0,0,0,0
2025-2026,17,Parma,ORISTANIO Gaetano,oristanio gaetano,6.0,6.0,0,0,0,0,0,0,0
2025-2026,17,Parma,PLICCO Elia,plicco elia,,,0,0,0,0,0,0,0
2025-2026,17,Parma,SORENSEN Oliver,sorensen oliver,6.5,9.5,1,0,0,0,0,0,0
2025-2026,17,Parma,ALMQVIST Pontus,almqvist pontus,,,0,0,0,0,0,0,0
2025-2026,17,Parma,BEGIC Tjas,begic tjas,,,0,0,0,0,0,0,0
2025-2026,17,Parma,BENEDYCZAK Adrian,benedyczak adrian,5.0,5.0,0,0,0,0,0,0,0
2025-2026,17,Parma,CUTRONE Patrick,cutrone patrick,,,0,0,0,0,0,0,0
2025-2026,17,Parma,DJURIC Milan,djuric milan,,,0,0,0,0,0,0,0
2025-2026,17,Parma,FRIGAN Matija,frigan matija,,,0,0,0,0,0,0,0
2025-2026,17,Parma,ONDREJKA Jacob,ondrejka jacob,5.5,5.5,0,0,0,0,0,0,0
2025-2026,17,Parma,PELLEGRINO Mateo,pellegrino mateo,6.5,7.5,0,1,0,0,0,0,0
2025-2026,17,Pisa,NICOLAS,nicolas,,,0,0,0,0,0,0,0
2025-2026,17,Pisa,SCUFFET Simone,scuffet simone,,,0,0,0,0,0,0,0
2025-2026,17,Pisa,SEMPER Adrian,semper adrian,6.0,4.0,-2,0,0,0,0,0,0
2025-2026,17,Pisa,ALBIOL Raul,albiol raul,,,0,0,0,0,0,0,0
2025-2026,17,Pisa,ANGORI Samuele,angori samuele,6.0,5.5,0,0,1,0,0,0,0
2025-2026,17,Pisa,BONFANTI Giovanni,bonfanti giovanni,5.5,5.5,0,0,0,0,0,0,0
2025-2026,17,Pisa,CALABRESI Arturo,calabresi arturo,5.0,5.0,0,0,0,0,0,0,0
2025-2026,17,Pisa,CANESTRELLI Simone,canestrelli simone,5.5,5.5,0,0,0,0,0,0,0
2025-2026,17,Pisa,CARACCIOLO Antonio,caracciolo antonio,6.0,5.5,0,0,1,0,0,0,0
2025-2026,17,Pisa,CUADRADO Juan,cuadrado juan,,,0,0,0,0,0,0,0
2025-2026,17,Pisa,DENOON Daniel,denoon daniel,,,0,0,0,0,0,0,0
2025-2026,17,Pisa,ESTEVES Tomas,esteves tomas,,,0,0,0,0,0,0,0
2025-2026,17,Pisa,LUSUARDI Mateus,lusuardi mateus,,,0,0,0,0,0,0,0
2025-2026,17,Pisa,MBAMBI Jeremy,mbambi jeremy,,,0,0,0,0,0,0,0
2025-2026,17,Pisa,AEBISCHER Michel,aebischer michel,6.5,6.5,0,0,0,0,0,0,0
2025-2026,17,Pisa,AKINSANMIRO Ebenezer,akinsanmiro ebenezer,,,0,0,0,0,0,0,0
2025-2026,17,Pisa,HOJHOLT Malthe,hojholt malthe,5.5,5.5,0,0,0,0,0,0,0
2025-2026,17,Pisa,LERIS Mehdi,leris mehdi,5.5,5.5,0,0,0,0,0,0,0
2025-2026,17,Pisa,LORRAN De Sousa,lorran de sousa,,6.0,0,0,0,0,0,0,0
2025-2026,17,Pisa,MARIN Marius,marin marius,5.5,5.5,0,0,0,0,0,0,0
2025-2026,17,Pisa,MAUCCI Giacomo,maucci giacomo,,,0,0,0,0,0,0,0
2025-2026,17,Pisa,PICCININI Gabriele,piccinini gabriele,,,0,0,0,0,0,0,0
2025-2026,17,Pisa,STENGS Calvin,stengs calvin,,,0,0,0,0,0,0,0
2025-2026,17,Pisa,TOURE Idrissa,toure idrissa,6.0,6.0,0,0,0,0,0,0,0
2025-2026,17,Pisa,TRAMONI Matteo,tramoni matteo,6.0,5.5,0,0,1,0,0,0,0
2025-2026,17,Pisa,VURAL Isak,vural isak,6.0,5.5,0,0,1,0,0,0,0
2025-2026,17,Pisa,BUFFON Louis,buffon louis,,,0,0,0,0,0,0,0
2025-2026,17,Pisa,MEISTER Henrik,meister henrik,,,0,0,0,0,0,0,0
2025-2026,17,Pisa,MOREO Stefano,moreo stefano,6.5,6.5,0,0,0,0,0,0,0
2025-2026,17,Pisa,NZOLA M'Bala,nzola m'bala,,,0,0,0,0,0,0,0
2025-2026,17,Como,BUTEZ Jean,butez jean,6.5,7.0,0,0,1,0,0,0,0
2025-2026,17,Como,CAVLINA Nikola,cavlina nikola,,,0,0,0,0,0,0,0
2025-2026,17,Como,VIGORITO Mauro,vigorito mauro,,,0,0,0,0,0,0,0
2025-2026,17,Como,CARLOS Diego,carlos diego,6.0,5.5,0,0,1,0,0,0,0
2025-2026,17,Como,DOSSENA Alberto,dossena alberto,,,0,0,0,0,0,0,0
2025-2026,17,Como,GOLDANIGA Edoardo,goldaniga edoardo,,,0,0,0,0,0,0,0
2025-2026,17,Como,KEMPF Marc-Oliver,kempf marc-oliver,6.0,6.0,0,0,0,0,0,0,0
2025-2026,17,Como,MORENO Alberto,moreno alberto,6.5,6.5,0,0,0,0,0,0,0
2025-2026,17,Como,POSCH Stefan,posch stefan,,,0,0,0,0,0,0,0
2025-2026,17,Como,RAMON Jacobo,ramon jacobo,7.5,10.5,1,0,0,0,0,0,0
2025-2026,17,Como,ROBERTO Sergi,roberto sergi,,,0,0,0,0,0,0,0
2025-2026,17,Como,SALA Marco,sala marco,,,0,0,0,0,0,0,0
2025-2026,17,Como,SMOLCIC Ivan,smolcic ivan,6.0,5.5,0,0,1,0,0,0,0
2025-2026,17,Como,VALLE Alex,valle alex,,,0,0,0,0,0,0,0
2025-2026,17,Como,VAN DER BREMPT Igna.,van der brempt igna.,7.0,7.0,0,0,0,0,0,0,0
2025-2026,17,Como,VOJVODA Mergim,vojvoda mergim,7.0,9.0,0,2,0,0,0,0,0
2025-2026,17,Como,BATURINA Martin,baturina martin,,,0,0,0,0,0,0,0
2025-2026,17,Como,CAQUERET Maxence,caqueret maxence,,,0,0,0,0,0,0,0
2025-2026,17,Como,DA CUNHA Lucas,da cunha lucas,6.0,6.0,0,0,0,0,0,0,0
2025-2026,17,Como,PAZ Nico,paz nico,8.0,12.0,1,1,0,0,0,0,0
2025-2026,17,Como,PERRONE Maximo,perrone maximo,7.0,6.5,0,0,1,0,0,0,0
2025-2026,17,Como,ADDAI Jaden,addai jaden,,,0,0,0,0,0,0,0
2025-2026,17,Como,CERRI Alberto,cerri alberto,,,0,0,0,0,0,0,0
2025-2026,17,Como,DIAO Assane,diao assane,,,0,0,0,0,0,0,0
2025-2026,17,Como,DOUVIKAS Tasos,douvikas tasos,7.5,10.5,1,0,0,0,0,0,0
2025-2026,17,Como,KUHN Nicolas,kuhn nicolas,6.5,6.5,0,0,0,0,0,0,0
2025-2026,17,Como,MORATA Alvaro,morata alvaro,,,0,0,0,0,0,0,0
2025-2026,17,Como,RODRIGUEZ Jesus,rodriguez jesus,6.5,6.5,0,0,0,0,0,0,0
2025-2026,18,Atalanta,CARNESECCHI Marco,carnesecchi marco,7.0,8.0,0,0,0,0,0,0,0
2025-2026,18,Atalanta,ROSSI Francesco,rossi francesco,,,0,0,0,0,0,0,0
2025-2026,18,Atalanta,SPORTIELLO Marco,sportiello marco,,,0,0,0,0,0,0,0
2025-2026,18,Atalanta,AHANOR Honest,ahanor honest,6.5,6.5,0,0,0,0,0,0,0
2025-2026,18,Atalanta,BAKKER Mitchel,bakker mitchel,,,0,0,0,0,0,0,0
2025-2026,18,Atalanta,BELLANOVA Raoul,bellanova raoul,,,0,0,0,0,0,0,0
2025-2026,18,Atalanta,BERNASCONI Lorenzo,bernasconi lorenzo,7.0,7.0,0,0,0,0,0,0,0
2025-2026,18,Atalanta,COMI Pietro,comi pietro,,,0,0,0,0,0,0,0
2025-2026,18,Atalanta,DJIMSITI Berat,djimsiti berat,7.0,7.0,0,0,0,0,0,0,0
2025-2026,18,Atalanta,HIEN Isak,hien isak,6.5,6.5,0,0,0,0,0,0,0
2025-2026,18,Atalanta,KOLASINAC Sead,kolasinac sead,6.0,6.0,0,0,0,0,0,0,0
2025-2026,18,Atalanta,KOSSOUNOU Odilon,kossounou odilon,,,0,0,0,0,0,0,0
2025-2026,18,Atalanta,OBRIC Relja,obric relja,,,0,0,0,0,0,0,0
2025-2026,18,Atalanta,SCALVINI Giorgio,scalvini giorgio,7.0,10.0,1,0,0,0,0,0,0
2025-2026,18,Atalanta,ZAPPACOSTA Davide,zappacosta davide,6.5,6.5,0,0,0,0,0,0,0
2025-2026,18,Atalanta,BRESCIANINI Marco,brescianini marco,,,0,0,0,0,0,0,0
2025-2026,18,Atalanta,CASSA Federico,cassa federico,,,0,0,0,0,0,0,0
2025-2026,18,Atalanta,DE ROON Marten,de roon marten,7.0,6.5,0,0,1,0,0,0,0
2025-2026,18,Atalanta,EDERSON,ederson,6.5,6.5,0,0,0,0,0,0,0
2025-2026,18,Atalanta,MALDINI Daniel,maldini daniel,6.0,6.0,0,0,0,0,0,0,0
2025-2026,18,Atalanta,MANZONI Alberto,manzoni alberto,,,0,0,0,0,0,0,0
2025-2026,18,Atalanta,MUSAH Yunus,musah yunus,6.5,6.5,0,0,0,0,0,0,0
2025-2026,18,Atalanta,PASALIC Mario,pasalic mario,,,0,0,0,0,0,0,0
2025-2026,18,Atalanta,SAMARDZIC Lazar,samardzic lazar,,,0,0,0,0,0,0,0
2025-2026,18,Atalanta,ZALEWSKI Nicola,zalewski nicola,6.5,6.5,0,0,0,0,0,0,0
2025-2026,18,Atalanta,DE KETELAERE Charles,de ketelaere charles,6.5,6.5,0,0,0,0,0,0,0
2025-2026,18,Atalanta,KRSTOVIC Nikola,krstovic nikola,6.5,6.5,0,0,0,0,0,0,0
2025-2026,18,Atalanta,LOOKMAN Ademola,lookman ademola,,,0,0,0,0,0,0,0
2025-2026,18,Atalanta,SCAMACCA Gianluca,scamacca gianluca,7.0,7.0,0,0,0,0,0,0,0
2025-2026,18,Atalanta,SULEMANA Kamaldeen,sulemana kamaldeen,,,0,0,0,0,0,0,0
2025-2026,18,Bologna,PESSINA Massimo,pessina massimo,,,0,0,0,0,0,0,0
2025-2026,18,Bologna,RAVAGLIA Federico,ravaglia federico,7.5,4.5,-3,0,0,0,0,0,0
2025-2026,18,Bologna,SKORUPSKI Lukasz,skorupski lukasz,,,0,0,0,0,0,0,0
2025-2026,18,Bologna,BONIFAZI Kevin,bonifazi kevin,,,0,0,0,0,0,0,0
2025-2026,18,Bologna,CASALE Nicolo',casale nicolo',,,0,0,0,0,0,0,0
2025-2026,18,Bologna,DE SILVESTRI Lorenzo,de silvestri lorenzo,,,0,0,0,0,0,0,0
2025-2026,18,Bologna,HEGGEM Torbjorn,heggem torbjorn,5.5,5.5,0,0,0,0,0,0,0
2025-2026,18,Bologna,HOLM Emil,holm emil,5.5,5.5,0,0,0,0,0,0,0
2025-2026,18,Bologna,LUCUMI Jhon,lucumi jhon,5.0,5.0,0,0,0,0,0,0,0
2025-2026,18,Bologna,LYKOGIANNIS Charala.,lykogiannis charala.,5.5,6.0,0,1,1,0,0,0,0
2025-2026,18,Bologna,MIRANDA Juan,miranda juan,,,0,0,0,0,0,0,0
2025-2026,18,Bologna,VITIK Martin,vitik martin,5.5,5.0,0,0,1,0,0,0,0
2025-2026,18,Bologna,ZORTEA Nadir,zortea nadir,5.5,5.5,0,0,0,0,0,0,0
2025-2026,18,Bologna,BERNARDESCHI Federi.,bernardeschi federi.,,,0,0,0,0,0,0,0
2025-2026,18,Bologna,FABBIAN Giovanni,fabbian giovanni,,,0,0,0,0,0,0,0
2025-2026,18,Bologna,FERGUSON Lewis,ferguson lewis,5.5,5.5,0,0,0,0,0,0,0
2025-2026,18,Bologna,FREULER Remo,freuler remo,,6.0,0,0,0,0,0,0,0
2025-2026,18,Bologna,MORO Nikola,moro nikola,4.5,4.5,0,0,0,0,0,0,0
2025-2026,18,Bologna,POBEGA Tommaso,pobega tommaso,5.5,5.5,0,0,0,0,0,0,0
2025-2026,18,Bologna,SULEMANA,sulemana,,,0,0,0,0,0,0,0
2025-2026,18,Bologna,CAMBIAGHI Nicolo',cambiaghi nicolo',5.0,5.0,0,0,0,0,0,0,0
2025-2026,18,Bologna,CASTRO Santiago,castro santiago,6.0,9.0,1,0,0,0,0,0,0
2025-2026,18,Bologna,DALLINGA Thijs,dallinga thijs,,,0,0,0,0,0,0,0
2025-2026,18,Bologna,DOMINGUEZ Benjamin,dominguez benjamin,,,0,0,0,0,0,0,0
2025-2026,18,Bologna,IMMOBILE Ciro,immobile ciro,,,0,0,0,0,0,0,0
2025-2026,18,Bologna,ODGAARD Jens,odgaard jens,5.0,5.0,0,0,0,0,0,0,0
2025-2026,18,Bologna,ORSOLINI Riccardo,orsolini riccardo,5.5,5.5,0,0,0,0,0,0,0
2025-2026,18,Bologna,ROWE Jonathan,rowe jonathan,5.0,4.5,0,0,1,0,0,0,0
2025-2026,18,Cagliari,CAPRILE Elia,caprile elia,6.0,5.0,-1,0,0,0,0,0,0
2025-2026,18,Cagliari,CIOCCI Giuseppe,ciocci giuseppe,,,0,0,0,0,0,0,0
2025-2026,18,Cagliari,RADUNOVIC Boris,radunovic boris,,,0,0,0,0,0,0,0
2025-2026,18,Cagliari,IDRISSI Riyad,idrissi riyad,5.5,5.0,0,0,1,0,0,0,0
2025-2026,18,Cagliari,LUPERTO Sebastiano,luperto sebastiano,6.0,6.0,0,0,0,0,0,0,0
2025-2026,18,Cagliari,MINA Yerry,mina yerry,,,0,0,0,0,0,0,0
2025-2026,18,Cagliari,OBERT Adam,obert adam,5.5,5.5,0,0,0,0,0,0,0
2025-2026,18,Cagliari,PALESTRA Marco,palestra marco,6.0,5.5,0,0,1,0,0,0,0
2025-2026,18,Cagliari,RODRIGUEZ Juan,rodriguez juan,6.0,6.0,0,0,0,0,0,0,0
2025-2026,18,Cagliari,ZAPPA Gabriele,zappa gabriele,5.0,5.0,0,0,0,0,0,0,0
2025-2026,18,Cagliari,ZE PEDRO,ze pedro,,,0,0,0,0,0,0,0
2025-2026,18,Cagliari,ADOPO Michel,adopo michel,6.5,6.5,0,0,0,0,0,0,0
2025-2026,18,Cagliari,CAVUOTI Nicolo',cavuoti nicolo',,,0,0,0,0,0,0,0
2025-2026,18,Cagliari,DEIOLA Alessandro,deiola alessandro,,,0,0,0,0,0,0,0
2025-2026,18,Cagliari,DI PARDO Alessandro,di pardo alessandro,,,0,0,0,0,0,0,0
2025-2026,18,Cagliari,FOLORUNSHO Michael,folorunsho michael,,,0,0,0,0,0,0,0
2025-2026,18,Cagliari,GAETANO Gianluca,gaetano gianluca,5.5,5.5,0,0,0,0,0,0,0
2025-2026,18,Cagliari,LITETA Joseph,liteta joseph,,,0,0,0,0,0,0,0
2025-2026,18,Cagliari,MAZZITELLI Luca,mazzitelli luca,6.0,6.0,0,0,0,0,0,0,0
2025-2026,18,Cagliari,PRATI Matteo,prati matteo,5.5,5.5,0,0,0,0,0,0,0
2025-2026,18,Cagliari,ROG Marko,rog marko,,,0,0,0,0,0,0,0
2025-2026,18,Cagliari,BELOTTI Andrea,belotti andrea,,,0,0,0,0,0,0,0
2025-2026,18,Cagliari,BORRELLI Gennaro,borrelli gennaro,5.5,5.5,0,0,0,0,0,0,0
2025-2026,18,Cagliari,ESPOSITO Sebastiano,esposito sebastiano,5.0,5.0,0,0,0,0,0,0,0
2025-2026,18,Cagliari,FELICI Mattia,felici mattia,,,0,0,0,0,0,0,0
2025-2026,18,Cagliari,KILICSOY Semih,kilicsoy semih,5.0,5.0,0,0,0,0,0,0,0
2025-2026,18,Cagliari,LUVUMBO Sebastiao Z.,luvumbo sebastiao z.,,,0,0,0,0,0,0,0
2025-2026,18,Cagliari,PAVOLETTI Leonardo,pavoletti leonardo,,,0,0,0,0,0,0,0
2025-2026,18,Fiorentina,DE GEA David,de gea david,7.0,8.0,0,0,0,0,0,0,0
2025-2026,18,Fiorentina,LEZZERINI Luca,lezzerini luca,,,0,0,0,0,0,0,0
2025-2026,18,Fiorentina,MARTINELLI Tommaso,martinelli tommaso,,,0,0,0,0,0,0,0
2025-2026,18,Fiorentina,COMUZZO Pietro,comuzzo pietro,6.5,6.5,0,0,0,0,0,0,0
2025-2026,18,Fiorentina,DODO,dodo,6.0,5.5,0,0,1,0,0,0,0
2025-2026,18,Fiorentina,FORTINI Niccolo',fortini niccolo',6.5,6.5,0,0,0,0,0,0,0
2025-2026,18,Fiorentina,GOSENS Robin,gosens robin,6.0,6.0,0,0,0,0,0,0,0
2025-2026,18,Fiorentina,KOSPO Eman,kospo eman,,,0,0,0,0,0,0,0
2025-2026,18,Fiorentina,KOUADIO Eddy,kouadio eddy,,,0,0,0,0,0,0,0
2025-2026,18,Fiorentina,LAMPTEY Tariq,lamptey tariq,,,0,0,0,0,0,0,0
2025-2026,18,Fiorentina,MARI Pablo,mari pablo,,,0,0,0,0,0,0,0
2025-2026,18,Fiorentina,PARISI Fabiano,parisi fabiano,6.0,6.0,0,0,0,0,0,0,0
2025-2026,18,Fiorentina,PONGRACIC Marin,pongracic marin,6.5,6.5,0,0,0,0,0,0,0
2025-2026,18,Fiorentina,RANIERI Luca,ranieri luca,5.5,5.5,0,0,0,0,0,0,0
2025-2026,18,Fiorentina,VITI Mattia,viti mattia,,,0,0,0,0,0,0,0
2025-2026,18,Fiorentina,FAGIOLI Nicolo',fagioli nicolo',6.5,6.5,0,0,0,0,0,0,0
2025-2026,18,Fiorentina,FAZZINI Jacopo,fazzini jacopo,,,0,0,0,0,0,0,0
2025-2026,18,Fiorentina,INFANTINO Gino,infantino gino,,,0,0,0,0,0,0,0
2025-2026,18,Fiorentina,MANDRAGORA Rolando,mandragora rolando,5.5,5.5,0,0,0,0,0,0,0
2025-2026,18,Fiorentina,NDOUR Cher,ndour cher,5.0,5.0,0,0,0,0,0,0,0
2025-2026,18,Fiorentina,NICOLUSSI CAVIGLIA .,nicolussi caviglia .,,,0,0,0,0,0,0,0
2025-2026,18,Fiorentina,RICHARDSON Amir,richardson amir,,,0,0,0,0,0,0,0
2025-2026,18,Fiorentina,SABIRI Abdelhamid,sabiri abdelhamid,,,0,0,0,0,0,0,0
2025-2026,18,Fiorentina,SOHM Simon,sohm simon,,,0,0,0,0,0,0,0
2025-2026,18,Fiorentina,DZEKO Edin,dzeko edin,,,0,0,0,0,0,0,0
2025-2026,18,Fiorentina,GUDMUNDSSON Albert,gudmundsson albert,6.0,6.0,0,0,0,0,0,0,0
2025-2026,18,Fiorentina,KEAN Moise,kean moise,7.0,10.0,1,0,0,0,0,0,0
2025-2026,18,Fiorentina,KOUAME' Christian,kouame' christian,,,0,0,0,0,0,0,0
2025-2026,18,Fiorentina,PICCOLI Roberto,piccoli roberto,6.0,6.0,0,0,0,0,0,0,0
2025-2026,18,Genoa,LEALI Nicola,leali nicola,5.0,4.0,-1,0,0,0,0,0,0
2025-2026,18,Genoa,SIEGRIST Benjamin,siegrist benjamin,,,0,0,0,0,0,0,0
2025-2026,18,Genoa,SOMMARIVA Daniele,sommariva daniele,,,0,0,0,0,0,0,0
2025-2026,18,Genoa,KUMER CELIK Alin,kumer celik alin,,,0,0,0,0,0,0,0
2025-2026,18,Genoa,MARCANDALLI Alessan.,marcandalli alessan.,,,0,0,0,0,0,0,0
2025-2026,18,Genoa,MARTIN Aaron,martin aaron,6.0,6.0,0,0,0,0,0,0,0
2025-2026,18,Genoa,NORTON-CUFFY Brooke,norton-cuffy brooke,6.0,6.0,0,0,0,0,0,0,0
2025-2026,18,Genoa,OSTIGARD Leo,ostigard leo,6.5,6.5,0,0,0,0,0,0,0
2025-2026,18,Genoa,OTOA Sebastian,otoa sebastian,6.0,6.0,0,0,0,0,0,0,0
2025-2026,18,Genoa,SABELLI Stefano,sabelli stefano,,,0,0,0,0,0,0,0
2025-2026,18,Genoa,VASQUEZ Johan,vasquez johan,5.5,5.5,0,0,0,0,0,0,0
2025-2026,18,Genoa,CARBONI Valentin,carboni valentin,,,0,0,0,0,0,0,0
2025-2026,18,Genoa,CUENCA Hugo,cuenca hugo,,,0,0,0,0,0,0,0
2025-2026,18,Genoa,ELLERTSSON Mikael,ellertsson mikael,6.0,6.0,0,0,0,0,0,0,0
2025-2026,18,Genoa,FINI Seydou,fini seydou,,,0,0,0,0,0,0,0
2025-2026,18,Genoa,FRENDRUP Morten,frendrup morten,6.0,6.0,0,0,0,0,0,0,0
2025-2026,18,Genoa,GRONBAEK Alberto,gronbaek alberto,,,0,0,0,0,0,0,0
2025-2026,18,Genoa,LAFONT Gael,lafont gael,,,0,0,0,0,0,0,0
2025-2026,18,Genoa,MALINOVSKYI Ruslan,malinovskyi ruslan,5.0,4.5,0,0,1,0,0,0,0
2025-2026,18,Genoa,MASINI Patrizio,masini patrizio,,,0,0,0,0,0,0,0
2025-2026,18,Genoa,MESSIAS Junior,messias junior,,,0,0,0,0,0,0,0
2025-2026,18,Genoa,ONANA Jean,onana jean,,,0,0,0,0,0,0,0
2025-2026,18,Genoa,STANCIU Nicolae,stanciu nicolae,,,0,0,0,0,0,0,0
2025-2026,18,Genoa,THORSBY Morten,thorsby morten,6.5,6.5,0,0,0,0,0,0,0
2025-2026,18,Genoa,COLOMBO Lorenzo,colombo lorenzo,7.0,10.0,1,0,0,0,0,0,0
2025-2026,18,Genoa,CORNET Maxwel,cornet maxwel,,,0,0,0,0,0,0,0
2025-2026,18,Genoa,EKHATOR Jeff,ekhator jeff,5.5,5.5,0,0,0,0,0,0,0
2025-2026,18,Genoa,EKUBAN Caleb,ekuban caleb,5.5,5.5,0,0,0,0,0,0,0
2025-2026,18,Genoa,VENTURINO Lorenzo,venturino lorenzo,,,0,0,0,0,0,0,0
2025-2026,18,Genoa,VITINHA,vitinha,6.0,6.0,0,0,0,0,0,0,0
2025-2026,18,Inter,DI GENNARO Raffaele,di gennaro raffaele,,,0,0,0,0,0,0,0
2025-2026,18,Inter,MARTINEZ Josep,martinez josep,,,0,0,0,0,0,0,0
2025-2026,18,Inter,SOMMER Yann,sommer yann,6.0,5.0,-1,0,0,0,0,0,0
2025-2026,18,Inter,ACERBI Francesco,acerbi francesco,,,0,0,0,0,0,0,0
2025-2026,18,Inter,AKANJI Manuel,akanji manuel,6.0,6.0,0,0,0,0,0,0,0
2025-2026,18,Inter,ALEXIOU Christos,alexiou christos,,,0,0,0,0,0,0,0
2025-2026,18,Inter,BASTONI Alessandro,bastoni alessandro,6.0,5.5,0,0,1,0,0,0,0
2025-2026,18,Inter,BISSECK Yann Aurel,bisseck yann aurel,7.0,7.0,0,0,0,0,0,0,0
2025-2026,18,Inter,CARLOS AUGUSTO,carlos augusto,,6.0,0,0,0,0,0,0,0
2025-2026,18,Inter,COCCHI Matteo,cocchi matteo,,,0,0,0,0,0,0,0
2025-2026,18,Inter,DARMIAN Matteo,darmian matteo,,,0,0,0,0,0,0,0
2025-2026,18,Inter,DE VRIJ Stefan,de vrij stefan,,,0,0,0,0,0,0,0
2025-2026,18,Inter,DIMARCO Federico,dimarco federico,7.0,7.0,0,0,0,0,0,0,0
2025-2026,18,Inter,DUMFRIES Denzel,dumfries denzel,,,0,0,0,0,0,0,0
2025-2026,18,Inter,LUIS HENRIQUE,luis henrique,5.5,5.5,0,0,0,0,0,0,0
2025-2026,18,Inter,PALACIOS Tomas,palacios tomas,,,0,0,0,0,0,0,0
2025-2026,18,Inter,RE CECCONI Gabriele,re cecconi gabriele,,,0,0,0,0,0,0,0
2025-2026,18,Inter,BARELLA Nicolo',barella nicolo',6.5,6.0,0,0,1,0,0,0,0
2025-2026,18,Inter,BERENBRUCH Thomas,berenbruch thomas,,,0,0,0,0,0,0,0
2025-2026,18,Inter,CALHANOGLU Hakan,calhanoglu hakan,6.5,7.0,0,1,1,0,0,0,0
2025-2026,18,Inter,DIOUF Andy,diouf andy,,,0,0,0,0,0,0,0
2025-2026,18,Inter,FRATTESI Davide,frattesi davide,,,0,0,0,0,0,0,0
2025-2026,18,Inter,MKHITARYAN Henrikh,mkhitaryan henrikh,6.0,6.0,0,0,0,0,0,0,0
2025-2026,18,Inter,SUCIC Petar,sucic petar,6.0,6.0,0,0,0,0,0,0,0
2025-2026,18,Inter,TOPALOVIC Luka,topalovic luka,,,0,0,0,0,0,0,0
2025-2026,18,Inter,ZIELINSKI Piotr,zielinski piotr,7.5,10.5,1,0,0,0,0,0,0
2025-2026,18,Inter,BONNY Ange-Yoan,bonny ange-yoan,,,0,0,0,0,0,0,0
2025-2026,18,Inter,ESPOSITO Francesco .,esposito francesco .,,6.0,0,0,0,0,0,0,0
2025-2026,18,Inter,MARTINEZ Lautaro,martinez lautaro,7.5,11.5,1,1,0,0,0,0,0
2025-2026,18,Inter,THURAM Marcus,thuram marcus,7.0,10.0,1,0,0,0,0,0,0
2025-2026,18,Juventus,DI GREGORIO Michele,di gregorio michele,6.0,5.0,-1,0,0,0,0,0,0
2025-2026,18,Juventus,PERIN Mattia,perin mattia,,,0,0,0,0,0,0,0
2025-2026,18,Juventus,PINSOGLIO Carlo,pinsoglio carlo,,,0,0,0,0,0,0,0
2025-2026,18,Juventus,BREMER Gleison,bremer gleison,5.5,5.5,0,0,0,0,0,0,0
2025-2026,18,Juventus,CABAL Juan,cabal juan,,,0,0,0,0,0,0,0
2025-2026,18,Juventus,CAMBIASO Andrea,cambiaso andrea,5.0,5.0,0,0,0,0,0,0,0
2025-2026,18,Juventus,GATTI Federico,gatti federico,,,0,0,0,0,0,0,0
2025-2026,18,Juventus,KALULU Pierre,kalulu pierre,5.5,5.5,0,0,0,0,0,0,0
2025-2026,18,Juventus,KELLY Lloyd,kelly lloyd,6.5,6.5,0,0,0,0,0,0,0
2025-2026,18,Juventus,MARIO Joao,mario joao,,,0,0,0,0,0,0,0
2025-2026,18,Juventus,ROUHI Jonas,rouhi jonas,,,0,0,0,0,0,0,0
2025-2026,18,Juventus,RUGANI Daniele,rugani daniele,,,0,0,0,0,0,0,0
2025-2026,18,Juventus,ADZIC Vasilije,adzic vasilije,,,0,0,0,0,0,0,0
2025-2026,18,Juventus,KOOPMEINERS Teun,koopmeiners teun,5.5,5.5,0,0,0,0,0,0,0
2025-2026,18,Juventus,KOSTIC Filip,kostic filip,6.0,6.0,0,0,0,0,0,0,0
2025-2026,18,Juventus,LOCATELLI Manuel,locatelli manuel,6.5,6.5,0,0,0,0,0,0,0
2025-2026,18,Juventus,MCKENNIE Weston,mckennie weston,6.5,9.5,1,0,0,0,0,0,0
2025-2026,18,Juventus,MIRETTI Fabio,miretti fabio,,,0,0,0,0,0,0,0
2025-2026,18,Juventus,THURAM Khephren,thuram khephren,6.0,6.0,0,0,0,0,0,0,0
2025-2026,18,Juventus,CONCEICAO Francisco,conceicao francisco,5.5,5.5,0,0,0,0,0,0,0
2025-2026,18,Juventus,DAVID Jonathan,david jonathan,4.0,1.0,0,0,0,0,0,0,1
2025-2026,18,Juventus,MILIK Arek,milik arek,,,0,0,0,0,0,0,0
2025-2026,18,Juventus,OPENDA Lois,openda lois,5.0,5.0,0,0,0,0,0,0,0
2025-2026,18,Juventus,PUGNO Diego,pugno diego,,,0,0,0,0,0,0,0
2025-2026,18,Juventus,VLAHOVIC Dusan,vlahovic dusan,,,0,0,0,0,0,0,0
2025-2026,18,Juventus,YILDIZ Kenan,yildiz kenan,7.0,7.0,0,0,0,0,0,0,0
2025-2026,18,Juventus,ZHEGROVA Edon,zhegrova edon,6.5,6.5,0,0,0,0,0,0,0
2025-2026,18,Lazio,FURLANETTO Alessio,furlanetto alessio,,,0,0,0,0,0,0,0
2025-2026,18,Lazio,MANDAS Christos,mandas christos,,,0,0,0,0,0,0,0
2025-2026,18,Lazio,PROVEDEL Ivan,provedel ivan,6.0,4.0,-2,0,0,0,0,0,0
2025-2026,18,Lazio,GIGOT Samuel,gigot samuel,,,0,0,0,0,0,0,0
2025-2026,18,Lazio,GILA Mario,gila mario,5.5,5.5,0,0,0,0,0,0,0
2025-2026,18,Lazio,HYSAJ Elseid,hysaj elseid,,,0,0,0,0,0,0,0
2025-2026,18,Lazio,LAZZARI Manuel,lazzari manuel,5.0,5.0,0,0,0,0,0,0,0
2025-2026,18,Lazio,MARUSIC Adam,marusic adam,4.5,3.5,0,0,0,1,0,0,0
2025-2026,18,Lazio,NUNO TAVARES,nuno tavares,,,0,0,0,0,0,0,0
2025-2026,18,Lazio,PATRIC,patric,,,0,0,0,0,0,0,0
2025-2026,18,Lazio,PELLEGRINI Luca,pellegrini luca,4.5,4.5,0,0,0,0,0,0,0
2025-2026,18,Lazio,PROVSTGAARD Oliver,provstgaard oliver,,,0,0,0,0,0,0,0
2025-2026,18,Lazio,ROMAGNOLI Alessio,romagnoli alessio,6.0,5.5,0,0,1,0,0,0,0
2025-2026,18,Lazio,BASIC Toma,basic toma,5.0,5.0,0,0,0,0,0,0,0
2025-2026,18,Lazio,BELAHYANE Reda,belahyane reda,5.5,5.5,0,0,0,0,0,0,0
2025-2026,18,Lazio,CATALDI Danilo,cataldi danilo,5.0,4.5,0,0,1,0,0,0,0
2025-2026,18,Lazio,DELE-BASHIRU Fisayo,dele-bashiru fisayo,,,0,0,0,0,0,0,0
2025-2026,18,Lazio,GUENDOUZI Matteo,guendouzi matteo,6.0,6.0,0,0,0,0,0,0,0
2025-2026,18,Lazio,ROVELLA Nicolo,rovella nicolo,,,0,0,0,0,0,0,0
2025-2026,18,Lazio,VECINO Matias,vecino matias,,,0,0,0,0,0,0,0
2025-2026,18,Lazio,CANCELLIERI Matteo,cancellieri matteo,5.0,5.0,0,0,0,0,0,0,0
2025-2026,18,Lazio,CASTELLANOS Valentin,castellanos valentin,,,0,0,0,0,0,0,0
2025-2026,18,Lazio,DIA Boulaye,dia boulaye,,,0,0,0,0,0,0,0
2025-2026,18,Lazio,ISAKSEN Gustav,isaksen gustav,6.0,6.0,0,0,0,0,0,0,0
2025-2026,18,Lazio,NOSLIN Tijjani,noslin tijjani,4.0,3.0,0,0,0,1,0,0,0
2025-2026,18,Lazio,PEDRO,pedro,,,0,0,0,0,0,0,0
2025-2026,18,Lazio,ZACCAGNI Mattia,zaccagni mattia,5.0,4.5,0,0,1,0,0,0,0
2025-2026,18,Lecce,FALCONE Wladimiro,falcone wladimiro,8.0,9.5,-1,0,1,0,0,1,0
2025-2026,18,Lecce,FRUCHTL Christian,fruchtl christian,,,0,0,0,0,0,0,0
2025-2026,18,Lecce,SAMOOJA Jasper,samooja jasper,,,0,0,0,0,0,0,0
2025-2026,18,Lecce,ESTEBAN Paco,esteban paco,,,0,0,0,0,0,0,0
2025-2026,18,Lecce,GABRIEL Tiago,gabriel tiago,6.0,6.0,0,0,0,0,0,0,0
2025-2026,18,Lecce,GALLO Antonino,gallo antonino,6.5,6.5,0,0,0,0,0,0,0
2025-2026,18,Lecce,GASPAR Kialonda,gaspar kialonda,6.5,6.5,0,0,0,0,0,0,0
2025-2026,18,Lecce,GUILBERT Frederic,guilbert frederic,,,0,0,0,0,0,0,0
2025-2026,18,Lecce,JEAN Gaby,jean gaby,,,0,0,0,0,0,0,0
2025-2026,18,Lecce,KOUASSI Owen,kouassi owen,,,0,0,0,0,0,0,0
2025-2026,18,Lecce,NDABA Corrie,ndaba corrie,6.0,6.0,0,0,0,0,0,0,0
2025-2026,18,Lecce,PEHLIVANOV Cristian,pehlivanov cristian,,,0,0,0,0,0,0,0
2025-2026,18,Lecce,PEREZ Matias,perez matias,5.5,5.5,0,0,0,0,0,0,0
2025-2026,18,Lecce,SCOTT Elijah,scott elijah,,,0,0,0,0,0,0,0
2025-2026,18,Lecce,SIEBERT Jamil,siebert jamil,,,0,0,0,0,0,0,0
2025-2026,18,Lecce,VEIGA Danilo,veiga danilo,6.0,5.5,0,0,1,0,0,0,0
2025-2026,18,Lecce,BERISHA Medon,berisha medon,,,0,0,0,0,0,0,0
2025-2026,18,Lecce,COULIBALY Lassana,coulibaly lassana,,,0,0,0,0,0,0,0
2025-2026,18,Lecce,GORTER Olaf,gorter olaf,,,0,0,0,0,0,0,0
2025-2026,18,Lecce,HELGASON Thorir,helgason thorir,,6.0,0,0,0,0,0,0,0
2025-2026,18,Lecce,KABA Mohamed,kaba mohamed,5.0,5.0,0,0,0,0,0,0,0
2025-2026,18,Lecce,MALEH Youssef,maleh youssef,6.5,6.0,0,0,1,0,0,0,0
2025-2026,18,Lecce,MARCHWINSKI Filip,marchwinski filip,,,0,0,0,0,0,0,0
2025-2026,18,Lecce,PIERRET Balthazar,pierret balthazar,,,0,0,0,0,0,0,0
2025-2026,18,Lecce,RAFIA Hamza,rafia hamza,,,0,0,0,0,0,0,0
2025-2026,18,Lecce,RAMADANI Ylber,ramadani ylber,5.5,5.5,0,0,0,0,0,0,0
2025-2026,18,Lecce,SALA Alex,sala alex,,,0,0,0,0,0,0,0
2025-2026,18,Lecce,SOTTIL Riccardo,sottil riccardo,,,0,0,0,0,0,0,0
2025-2026,18,Lecce,BANDA Lameck,banda lameck,6.5,9.5,1,0,0,0,0,0,0
2025-2026,18,Lecce,CAMARDA Francesco,camarda francesco,5.5,5.5,0,0,0,0,0,0,0
2025-2026,18,Lecce,MORENTE Tete,morente tete,,,0,0,0,0,0,0,0
2025-2026,18,Lecce,N'DRI Konan,n'dri konan,,,0,0,0,0,0,0,0
2025-2026,18,Lecce,PIEROTTI Santiago,pierotti santiago,5.0,5.0,0,0,0,0,0,0,0
2025-2026,18,Lecce,STULIC Nikola,stulic nikola,6.0,6.0,0,0,0,0,0,0,0
2025-2026,18,Milan,MAIGNAN Mike,maignan mike,6.0,7.0,0,0,0,0,0,0,0
2025-2026,18,Milan,TERRACCIANO Pietro,terracciano pietro,,,0,0,0,0,0,0,0
2025-2026,18,Milan,TORRIANI Lorenzo,torriani lorenzo,,,0,0,0,0,0,0,0
2025-2026,18,Milan,ATHEKAME Zachary,athekame zachary,,,0,0,0,0,0,0,0
2025-2026,18,Milan,BARTESAGHI Davide,bartesaghi davide,6.5,6.5,0,0,0,0,0,0,0
2025-2026,18,Milan,DE WINTER Koni,de winter koni,6.5,6.5,0,0,0,0,0,0,0
2025-2026,18,Milan,ESTUPINAN Pervis,estupinan pervis,6.0,6.0,0,0,0,0,0,0,0
2025-2026,18,Milan,GABBIA Matteo,gabbia matteo,,6.0,0,0,0,0,0,0,0
2025-2026,18,Milan,ODOGU David,odogu david,,,0,0,0,0,0,0,0
2025-2026,18,Milan,PAVLOVIC Strahinja,pavlovic strahinja,,,0,0,0,0,0,0,0
2025-2026,18,Milan,TOMORI Fikayo,tomori fikayo,6.5,6.5,0,0,0,0,0,0,0
2025-2026,18,Milan,FOFANA Youssouf,fofana youssouf,6.5,6.5,0,0,0,0,0,0,0
2025-2026,18,Milan,JASHARI Ardon,jashari ardon,,,0,0,0,0,0,0,0
2025-2026,18,Milan,LOFTUS-CHEEK Ruben,loftus-cheek ruben,6.5,6.5,0,0,0,0,0,0,0
2025-2026,18,Milan,MODRIC Luka,modric luka,7.0,7.0,0,0,0,0,0,0,0
2025-2026,18,Milan,RABIOT Adrien,rabiot adrien,7.5,8.5,0,1,0,0,0,0,0
2025-2026,18,Milan,RICCI Samuele,ricci samuele,6.0,6.0,0,0,0,0,0,0,0
2025-2026,18,Milan,SAELEMAEKERS Alexis,saelemaekers alexis,7.0,6.5,0,0,1,0,0,0,0
2025-2026,18,Milan,TRAORE Chaka,traore chaka,,,0,0,0,0,0,0,0
2025-2026,18,Milan,VOS Silvano,vos silvano,,,0,0,0,0,0,0,0
2025-2026,18,Milan,BALENTIEN Chevejo,balentien chevejo,,,0,0,0,0,0,0,0
2025-2026,18,Milan,GIMENEZ Santiago,gimenez santiago,,,0,0,0,0,0,0,0
2025-2026,18,Milan,LEAO Rafael,leao rafael,7.0,10.0,1,0,0,0,0,0,0
2025-2026,18,Milan,NKUNKU Cristopher,nkunku cristopher,,,0,0,0,0,0,0,0
2025-2026,18,Milan,PULISIC Christian,pulisic christian,6.0,6.0,0,0,0,0,0,0,0
2025-2026,18,Napoli,CONTINI Nikita,contini nikita,,,0,0,0,0,0,0,0
2025-2026,18,Napoli,MERET Alex,meret alex,,,0,0,0,0,0,0,0
2025-2026,18,Napoli,MILINKOVIC Vanja,milinkovic vanja,6.0,7.0,0,0,0,0,0,0,0
2025-2026,18,Napoli,BEUKEMA Sam,beukema sam,,,0,0,0,0,0,0,0
2025-2026,18,Napoli,BUONGIORNO Alessand.,buongiorno alessand.,,6.0,0,0,0,0,0,0,0
2025-2026,18,Napoli,DI LORENZO Giovanni,di lorenzo giovanni,7.0,7.0,0,0,0,0,0,0,0
2025-2026,18,Napoli,GUTIERREZ Miguel,gutierrez miguel,,6.0,0,0,0,0,0,0,0
2025-2026,18,Napoli,JESUS Juan,jesus juan,6.5,6.5,0,0,0,0,0,0,0
2025-2026,18,Napoli,MARIANUCCI Luca,marianucci luca,,,0,0,0,0,0,0,0
2025-2026,18,Napoli,MAZZOCCHI Pasquale,mazzocchi pasquale,4.5,3.5,0,0,0,1,0,0,0
2025-2026,18,Napoli,OLIVERA Mathias,olivera mathias,,,0,0,0,0,0,0,0
2025-2026,18,Napoli,RRAHMANI Amir,rrahmani amir,7.0,9.5,1,0,1,0,0,0,0
2025-2026,18,Napoli,SPINAZZOLA Leonardo,spinazzola leonardo,7.5,10.5,1,0,0,0,0,0,0
2025-2026,18,Napoli,ANGUISSA Andre' Zam.,anguissa andre' zam.,,,0,0,0,0,0,0,0
2025-2026,18,Napoli,DE BRUYNE Kevin,de bruyne kevin,,,0,0,0,0,0,0,0
2025-2026,18,Napoli,ELMAS Eljif,elmas eljif,6.5,6.5,0,0,0,0,0,0,0
2025-2026,18,Napoli,GILMOUR Billy,gilmour billy,,,0,0,0,0,0,0,0
2025-2026,18,Napoli,LOBOTKA Stanislav,lobotka stanislav,7.0,7.0,0,0,0,0,0,0,0
2025-2026,18,Napoli,MCTOMINAY Scott,mctominay scott,7.0,7.0,0,0,0,0,0,0,0
2025-2026,18,Napoli,VERGARA Antonio,vergara antonio,,,0,0,0,0,0,0,0
2025-2026,18,Napoli,AMBROSINO Giuseppe,ambrosino giuseppe,,,0,0,0,0,0,0,0
2025-2026,18,Napoli,HOJLUND Rasmus,hojlund rasmus,6.0,6.0,0,0,0,0,0,0,0
2025-2026,18,Napoli,LANG Noa,lang noa,,,0,0,0,0,0,0,0
2025-2026,18,Napoli,LUCCA Lorenzo,lucca lorenzo,,,0,0,0,0,0,0,0
2025-2026,18,Napoli,LUKAKU Romelu,lukaku romelu,,,0,0,0,0,0,0,0
2025-2026,18,Napoli,NERES David,neres david,6.5,6.5,0,0,0,0,0,0,0
2025-2026,18,Napoli,POLITANO Matteo,politano matteo,8.0,10.0,0,2,0,0,0,0,0
2025-2026,18,Roma,GOLLINI Pierluigi,gollini pierluigi,,,0,0,0,0,0,0,0
2025-2026,18,Roma,SVILAR Mile,svilar mile,5.5,4.5,-1,0,0,0,0,0,0
2025-2026,18,Roma,VASQUEZ Devis,vasquez devis,,,0,0,0,0,0,0,0
2025-2026,18,Roma,ANGELINO Jose',angelino jose',,,0,0,0,0,0,0,0
2025-2026,18,Roma,CELIK Zeki,celik zeki,5.5,5.5,0,0,0,0,0,0,0
2025-2026,18,Roma,GHILARDI Daniele,ghilardi daniele,,,0,0,0,0,0,0,0
2025-2026,18,Roma,HERMOSO Mario,hermoso mario,6.0,5.5,0,0,1,0,0,0,0
2025-2026,18,Roma,MANCINI Gianluca,mancini gianluca,6.0,5.5,0,0,1,0,0,0,0
2025-2026,18,Roma,NDICKA Evan,ndicka evan,,,0,0,0,0,0,0,0
2025-2026,18,Roma,RENSCH Devyne,rensch devyne,5.0,5.0,0,0,0,0,0,0,0
2025-2026,18,Roma,SANGARe' Buba,sangare' buba,,,0,0,0,0,0,0,0
2025-2026,18,Roma,TSIMIKAS Konstantin.,tsimikas konstantin.,5.5,5.5,0,0,0,0,0,0,0
2025-2026,18,Roma,WESLEY,wesley,5.5,5.5,0,0,0,0,0,0,0
2025-2026,18,Roma,ZIOLKOWSKI Jan,ziolkowski jan,5.0,5.0,0,0,0,0,0,0,0
2025-2026,18,Roma,BALDANZI Tommaso,baldanzi tommaso,,,0,0,0,0,0,0,0
2025-2026,18,Roma,CRISTANTE Bryan,cristante bryan,5.5,5.5,0,0,0,0,0,0,0
2025-2026,18,Roma,EL AYNAOUI Neil,el aynaoui neil,,,0,0,0,0,0,0,0
2025-2026,18,Roma,EL SHAARAWY Stephan,el shaarawy stephan,5.5,5.5,0,0,0,0,0,0,0
2025-2026,18,Roma,KONE' Manu,kone' manu,5.0,5.0,0,0,0,0,0,0,0
2025-2026,18,Roma,PELLEGRINI Lorenzo,pellegrini lorenzo,,,0,0,0,0,0,0,0
2025-2026,18,Roma,PISILLI Niccolo',pisilli niccolo',,,0,0,0,0,0,0,0
2025-2026,18,Roma,ROMANO Alessandro,romano alessandro,,,0,0,0,0,0,0,0
2025-2026,18,Roma,ARENA Antonio,arena antonio,,,0,0,0,0,0,0,0
2025-2026,18,Roma,BAILEY Leon,bailey leon,,,0,0,0,0,0,0,0
2025-2026,18,Roma,DOVBYK Artem,dovbyk artem,5.0,5.0,0,0,0,0,0,0,0
2025-2026,18,Roma,DYBALA Paulo,dybala paulo,5.5,5.5,0,0,0,0,0,0,0
2025-2026,18,Roma,FERGUSON Evan,ferguson evan,5.5,5.5,0,0,0,0,0,0,0
2025-2026,18,Roma,SOULE' Matias,soule' matias,5.0,5.0,0,0,0,0,0,0,0
2025-2026,18,Sassuolo,MURIC Arijanet,muric arijanet,6.5,5.5,-1,0,0,0,0,0,0
2025-2026,18,Sassuolo,SATALINO Giacomo,satalino giacomo,,,0,0,0,0,0,0,0
2025-2026,18,Sassuolo,TURATI Stefano,turati stefano,,,0,0,0,0,0,0,0
2025-2026,18,Sassuolo,ZACCHI Gioele,zacchi gioele,,,0,0,0,0,0,0,0
2025-2026,18,Sassuolo,CANDE' Fali,cande' fali,,,0,0,0,0,0,0,0
2025-2026,18,Sassuolo,COULIBALY Woyo,coulibaly woyo,,,0,0,0,0,0,0,0
2025-2026,18,Sassuolo,DOIG Josh,doig josh,6.5,6.5,0,0,0,0,0,0,0
2025-2026,18,Sassuolo,IDZES Jay,idzes jay,6.0,6.0,0,0,0,0,0,0,0
2025-2026,18,Sassuolo,MUHAREMOVIC Tarik,muharemovic tarik,6.0,6.0,0,0,0,0,0,0,0
2025-2026,18,Sassuolo,PAZ Yeferson,paz yeferson,,,0,0,0,0,0,0,0
2025-2026,18,Sassuolo,PIERAGNOLO Edoardo,pieragnolo edoardo,,,0,0,0,0,0,0,0
2025-2026,18,Sassuolo,ROMAGNA Filippo,romagna filippo,,,0,0,0,0,0,0,0
2025-2026,18,Sassuolo,WALUKIEWICZ Sebasti.,walukiewicz sebasti.,6.5,7.0,0,1,1,0,0,0,0
2025-2026,18,Sassuolo,BOLOCA Daniel,boloca daniel,,,0,0,0,0,0,0,0
2025-2026,18,Sassuolo,FADERA Alieu,fadera alieu,5.0,5.0,0,0,0,0,0,0,0
2025-2026,18,Sassuolo,IANNONI Edoardo,iannoni edoardo,,,0,0,0,0,0,0,0
2025-2026,18,Sassuolo,KONE Ismael,kone ismael,5.5,5.5,0,0,0,0,0,0,0
2025-2026,18,Sassuolo,LIPANI Luca,lipani luca,5.5,5.5,0,0,0,0,0,0,0
2025-2026,18,Sassuolo,MATIC Nemanja,matic nemanja,6.0,5.5,0,0,1,0,0,0,0
2025-2026,18,Sassuolo,THORSTVEDT Kristian,thorstvedt kristian,6.5,9.5,1,0,0,0,0,0,0
2025-2026,18,Sassuolo,VOLPATO Cristian,volpato cristian,,,0,0,0,0,0,0,0
2025-2026,18,Sassuolo,VRANCKX Aster,vranckx aster,,,0,0,0,0,0,0,0
2025-2026,18,Sassuolo,BERARDI Domenico,berardi domenico,,,0,0,0,0,0,0,0
2025-2026,18,Sassuolo,CHEDDIRA Walid,cheddira walid,5.5,5.5,0,0,0,0,0,0,0
2025-2026,18,Sassuolo,LAURIENTE' Armand,lauriente' armand,6.0,6.0,0,0,0,0,0,0,0
2025-2026,18,Sassuolo,MORO Luca,moro luca,,,0,0,0,0,0,0,0
2025-2026,18,Sassuolo,PIERINI Nicholas,pierini nicholas,,,0,0,0,0,0,0,0
2025-2026,18,Sassuolo,PINAMONTI Andrea,pinamonti andrea,5.5,5.5,0,0,0,0,0,0,0
2025-2026,18,Sassuolo,SKJELLERUP Laurs,skjellerup laurs,,,0,0,0,0,0,0,0
2025-2026,18,Torino,ISRAEL Franco,israel franco,,,0,0,0,0,0,0,0
2025-2026,18,Torino,PALEARI Alberto,paleari alberto,6.0,6.5,0,0,1,0,0,0,0
2025-2026,18,Torino,POPA Mihai,popa mihai,,,0,0,0,0,0,0,0
2025-2026,18,Torino,BIRAGHI Cristiano,biraghi cristiano,,,0,0,0,0,0,0,0
2025-2026,18,Torino,COCO Saul,coco saul,6.5,6.5,0,0,0,0,0,0,0
2025-2026,18,Torino,DEMBELE' Ali,dembele' ali,6.0,6.0,0,0,0,0,0,0,0
2025-2026,18,Torino,ISMAJLI Ardian,ismajli ardian,7.0,8.0,0,1,0,0,0,0,0
2025-2026,18,Torino,LAZARO Valentino,lazaro valentino,7.0,7.0,0,0,0,0,0,0,0
2025-2026,18,Torino,MARIPAN Guillermo,maripan guillermo,7.0,7.0,0,0,0,0,0,0,0
2025-2026,18,Torino,MASINA Adam,masina adam,,,0,0,0,0,0,0,0
2025-2026,18,Torino,NKOUNKOU Niels,nkounkou niels,,,0,0,0,0,0,0,0
2025-2026,18,Torino,PEDERSEN Marcus,pedersen marcus,,,0,0,0,0,0,0,0
2025-2026,18,Torino,PEREZ Alex,perez alex,,,0,0,0,0,0,0,0
2025-2026,18,Torino,SAZONOV Saba,sazonov saba,,,0,0,0,0,0,0,0
2025-2026,18,Torino,SCHUURS Perr,schuurs perr,,,0,0,0,0,0,0,0
2025-2026,18,Torino,ZAIA Edoardo,zaia edoardo,,,0,0,0,0,0,0,0
2025-2026,18,Torino,ANJORIN Tino,anjorin tino,,,0,0,0,0,0,0,0
2025-2026,18,Torino,ASLLANI Kristjan,asllani kristjan,,,0,0,0,0,0,0,0
2025-2026,18,Torino,CASADEI Cesare,casadei cesare,7.0,10.0,1,0,0,0,0,0,0
2025-2026,18,Torino,GINEITIS Gvidas,gineitis gvidas,7.0,7.0,0,0,0,0,0,0,0
2025-2026,18,Torino,ILIC Ivan,ilic ivan,,,0,0,0,0,0,0,0
2025-2026,18,Torino,ILKHAN Emirhan,ilkhan emirhan,7.0,7.0,0,0,0,0,0,0,0
2025-2026,18,Torino,PERCIUN Sergiu,perciun sergiu,,,0,0,0,0,0,0,0
2025-2026,18,Torino,TAMEZE Adrien,tameze adrien,6.5,6.5,0,0,0,0,0,0,0
2025-2026,18,Torino,VLASIC Nikola,vlasic nikola,7.0,7.0,0,0,0,0,0,0,0
2025-2026,18,Torino,ABOUKHLAL Zakaria,aboukhlal zakaria,7.0,6.5,0,0,1,0,0,0,0
2025-2026,18,Torino,ADAMS Che',adams che',6.5,6.5,0,0,0,0,0,0,0
2025-2026,18,Torino,GABELLINI Tommaso,gabellini tommaso,,,0,0,0,0,0,0,0
2025-2026,18,Torino,NGONGE Cyril,ngonge cyril,,,0,0,0,0,0,0,0
2025-2026,18,Torino,NJIE Alieu,njie alieu,7.0,11.0,1,1,0,0,0,0,0
2025-2026,18,Torino,SAVVA Zanos,savva zanos,,,0,0,0,0,0,0,0
2025-2026,18,Torino,SIMEONE Giovanni,simeone giovanni,7.5,10.5,1,0,0,0,0,0,0
2025-2026,18,Torino,ZAPATA Duvan,zapata duvan,6.5,6.5,0,0,0,0,0,0,0
2025-2026,18,Udinese,NUNZIANTE Alessandro,nunziante alessandro,,,0,0,0,0,0,0,0
2025-2026,18,Udinese,OKOYE Maduka,okoye maduka,,,0,0,0,0,0,0,0
2025-2026,18,Udinese,PADELLI Daniele,padelli daniele,6.5,5.5,-1,0,0,0,0,0,1
2025-2026,18,Udinese,SAVA Razvan,sava razvan,,,0,0,0,0,0,0,0
2025-2026,18,Udinese,BERTOLA Nicolo',bertola nicolo',5.0,5.0,0,0,0,0,0,0,0
2025-2026,18,Udinese,EHIZIBUE Kingsley,ehizibue kingsley,5.5,5.0,0,0,1,0,0,0,0
2025-2026,18,Udinese,GOGLICHIDZE Saba,goglichidze saba,,,0,0,0,0,0,0,0
2025-2026,18,Udinese,KABASELE Christian,kabasele christian,6.0,5.5,0,0,1,0,0,0,0
2025-2026,18,Udinese,KAMARA Hassane,kamara hassane,6.0,5.5,0,0,1,0,0,0,0
2025-2026,18,Udinese,KRISTENSEN Thomas,kristensen thomas,6.0,6.0,0,0,0,0,0,0,0
2025-2026,18,Udinese,MODESTO Rui,modesto rui,,,0,0,0,0,0,0,0
2025-2026,18,Udinese,PALMA Matteo,palma matteo,,,0,0,0,0,0,0,0
2025-2026,18,Udinese,SOLET Oumar,solet oumar,6.0,6.0,0,0,0,0,0,0,0
2025-2026,18,Udinese,ZANOLI Alessandro,zanoli alessandro,6.0,6.0,0,0,0,0,0,0,0
2025-2026,18,Udinese,ZEMURA Jordan,zemura jordan,,,0,0,0,0,0,0,0
2025-2026,18,Udinese,ATTA Arthur,atta arthur,,,0,0,0,0,0,0,0
2025-2026,18,Udinese,EKKELENKAMP Jurgen,ekkelenkamp jurgen,5.0,5.0,0,0,0,0,0,0,0
2025-2026,18,Udinese,KARLSTROM Jesper,karlstrom jesper,5.0,5.0,0,0,0,0,0,0,0
2025-2026,18,Udinese,LOVRIC Sandi,lovric sandi,,,0,0,0,0,0,0,0
2025-2026,18,Udinese,MILLER Lennon,miller lennon,6.0,6.0,0,0,0,0,0,0,0
2025-2026,18,Udinese,PIOTROWSKI Jakub,piotrowski jakub,5.0,5.0,0,0,0,0,0,0,0
2025-2026,18,Udinese,ZANIOLO Nicolo',zaniolo nicolo',6.0,6.0,0,0,0,0,0,0,0
2025-2026,18,Udinese,ZARRAGA Oier,zarraga oier,,,0,0,0,0,0,0,0
2025-2026,18,Udinese,BAYO Vakoun,bayo vakoun,,,0,0,0,0,0,0,0
2025-2026,18,Udinese,BRAVO Iker,bravo iker,,6.0,0,0,0,0,0,0,0
2025-2026,18,Udinese,BUKSA Adam,buksa adam,,,0,0,0,0,0,0,0
2025-2026,18,Udinese,DAVIS Keinan,davis keinan,6.0,6.0,0,0,0,0,0,0,0
2025-2026,18,Udinese,GUEYE Idrissa,gueye idrissa,,,0,0,0,0,0,0,0
2025-2026,18,Udinese,VINCIATI Giulio,vinciati giulio,,,0,0,0,0,0,0,0
2025-2026,18,Verona,MONTIPO' Lorenzo,montipo' lorenzo,6.0,3.0,-3,0,0,0,0,0,0
2025-2026,18,Verona,PERILLI Simone,perilli simone,,,0,0,0,0,0,0,0
2025-2026,18,Verona,BELGHALI Rafik,belghali rafik,,,0,0,0,0,0,0,0
2025-2026,18,Verona,BELLA-KOTCHAP Armel,bella-kotchap armel,4.5,4.5,0,0,0,0,0,0,0
2025-2026,18,Verona,BRADARIC Domagoj,bradaric domagoj,,,0,0,0,0,0,0,0
2025-2026,18,Verona,CHAM Fallou,cham fallou,,,0,0,0,0,0,0,0
2025-2026,18,Verona,EBOSSE Enzo,ebosse enzo,,,0,0,0,0,0,0,0
2025-2026,18,Verona,FRESE Martin,frese martin,5.0,5.0,0,0,0,0,0,0,0
2025-2026,18,Verona,KURTI Adi,kurti adi,,,0,0,0,0,0,0,0
2025-2026,18,Verona,NELSSON Victor,nelsson victor,4.5,4.5,0,0,0,0,0,0,0
2025-2026,18,Verona,NUNEZ Unai,nunez unai,5.0,5.0,0,0,0,0,0,0,0
2025-2026,18,Verona,OYEGOKE Daniel,oyegoke daniel,4.5,4.5,0,0,0,0,0,0,0
2025-2026,18,Verona,SLOTSAGER Tobias,slotsager tobias,,,0,0,0,0,0,0,0
2025-2026,18,Verona,VALENTINI Nicolas,valentini nicolas,,,0,0,0,0,0,0,0
2025-2026,18,Verona,YELLU Santiago,yellu santiago,,,0,0,0,0,0,0,0
2025-2026,18,Verona,AKPA-AKPRO Jean-Dan.,akpa-akpro jean-dan.,,,0,0,0,0,0,0,0
2025-2026,18,Verona,AL-MUSRATI Moatasem,al-musrati moatasem,5.0,5.0,0,0,0,0,0,0,0
2025-2026,18,Verona,BERNEDE Antoine,bernede antoine,4.5,4.5,0,0,0,0,0,0,0
2025-2026,18,Verona,GAGLIARDINI Roberto,gagliardini roberto,5.0,5.0,0,0,0,0,0,0,0
2025-2026,18,Verona,HARROUI Abdou,harroui abdou,5.5,5.5,0,0,0,0,0,0,0
2025-2026,18,Verona,KASTANOS Grigoris,kastanos grigoris,,6.0,0,0,0,0,0,0,0
2025-2026,18,Verona,NIASSE Cheikh,niasse cheikh,,,0,0,0,0,0,0,0
2025-2026,18,Verona,SERDAR Suat,serdar suat,5.0,5.0,0,0,0,0,0,0,0
2025-2026,18,Verona,SUSLOV Tomas,suslov tomas,,,0,0,0,0,0,0,0
2025-2026,18,Verona,YILDIZ Veis,yildiz veis,,,0,0,0,0,0,0,0
2025-2026,18,Verona,AJAYI Junior,ajayi junior,,,0,0,0,0,0,0,0
2025-2026,18,Verona,GIOVANE Do Nascimie.,giovane do nascimie.,6.0,6.0,0,0,0,0,0,0,0
2025-2026,18,Verona,LUNA Agustin,luna agustin,,,0,0,0,0,0,0,0
2025-2026,18,Verona,MOSQUERA Daniel,mosquera daniel,5.0,5.0,0,0,0,0,0,0,0
2025-2026,18,Verona,ORBAN Gift,orban gift,5.0,5.0,0,0,0,0,0,0,0
2025-2026,18,Verona,SARR Amin,sarr amin,,6.0,0,0,0,0,0,0,0
2025-2026,18,Cremonese,AUDERO Emil,audero emil,6.0,5.0,-1,0,0,0,0,0,0
2025-2026,18,Cremonese,MALOVEC Adrian,malovec adrian,,,0,0,0,0,0,0,0
2025-2026,18,Cremonese,NAVA Lapo,nava lapo,,,0,0,0,0,0,0,0
2025-2026,18,Cremonese,SILVESTRI Marco,silvestri marco,,,0,0,0,0,0,0,0
2025-2026,18,Cremonese,BARBIERI Tommaso,barbieri tommaso,6.0,6.0,0,0,0,0,0,0,0
2025-2026,18,Cremonese,BASCHIROTTO Federico,baschirotto federico,5.5,5.5,0,0,0,0,0,0,0
2025-2026,18,Cremonese,BIANCHETTI Matteo,bianchetti matteo,,,0,0,0,0,0,0,0
2025-2026,18,Cremonese,CECCHERINI Federico,ceccherini federico,,,0,0,0,0,0,0,0
2025-2026,18,Cremonese,FAYE Mikayil,faye mikayil,,,0,0,0,0,0,0,0
2025-2026,18,Cremonese,FLORIANI MUSSOLINI .,floriani mussolini .,,,0,0,0,0,0,0,0
2025-2026,18,Cremonese,FOLINO Francesco,folino francesco,5.0,5.0,0,0,0,0,0,0,0
2025-2026,18,Cremonese,PEZZELLA Giuseppe,pezzella giuseppe,4.5,4.5,0,0,0,0,0,0,0
2025-2026,18,Cremonese,SERNICOLA Leonardo,sernicola leonardo,,,0,0,0,0,0,0,0
2025-2026,18,Cremonese,TERRACCIANO Filippo,terracciano filippo,6.5,6.5,0,0,0,0,0,0,0
2025-2026,18,Cremonese,BONDO Warren,bondo warren,5.0,4.5,0,0,1,0,0,0,0
2025-2026,18,Cremonese,COLLOCOLO Michele,collocolo michele,,,0,0,0,0,0,0,0
2025-2026,18,Cremonese,GRASSI Alberto,grassi alberto,5.5,5.5,0,0,0,0,0,0,0
2025-2026,18,Cremonese,LORDKIPANIDZE Dachi,lordkipanidze dachi,,,0,0,0,0,0,0,0
2025-2026,18,Cremonese,PAYERO Martin,payero martin,6.0,5.5,0,0,1,0,0,0,0
2025-2026,18,Cremonese,VALOTI Mattia,valoti mattia,,,0,0,0,0,0,0,0
2025-2026,18,Cremonese,VANDEPUTTE Jari,vandeputte jari,4.5,4.5,0,0,0,0,0,0,0
2025-2026,18,Cremonese,BONAZZOLI Federico,bonazzoli federico,6.0,6.0,0,0,0,0,0,0,0
2025-2026,18,Cremonese,DE LUCA Manuel,de luca manuel,,,0,0,0,0,0,0,0
2025-2026,18,Cremonese,JOHNSEN Dennis,johnsen dennis,,,0,0,0,0,0,0,0
2025-2026,18,Cremonese,MOUMBAGNA Faris,moumbagna faris,,6.0,0,0,0,0,0,0,0
2025-2026,18,Cremonese,OKEREKE David,okereke david,,,0,0,0,0,0,0,0
2025-2026,18,Cremonese,SANABRIA Antonio,sanabria antonio,6.0,6.0,0,0,0,0,0,0,0
2025-2026,18,Cremonese,SARMIENTO Jeremy,sarmiento jeremy,,,0,0,0,0,0,0,0
2025-2026,18,Cremonese,VARDY Jamie,vardy jamie,5.0,5.0,0,0,0,0,0,0,0
2025-2026,18,Cremonese,VAZQUEZ Franco,vazquez franco,6.0,6.0,0,0,0,0,0,0,0
2025-2026,18,Cremonese,ZERBIN Alessio,zerbin alessio,,6.0,0,0,0,0,0,0,0
2025-2026,18,Parma,CORVI Edoardo,corvi edoardo,6.0,5.0,-1,0,0,0,0,0,0
2025-2026,18,Parma,GUAITA Vicente,guaita vicente,,,0,0,0,0,0,0,0
2025-2026,18,Parma,RINALDI Filippo,rinaldi filippo,,,0,0,0,0,0,0,0
2025-2026,18,Parma,SUZUKI Zion,suzuki zion,,,0,0,0,0,0,0,0
2025-2026,18,Parma,BRITSCHGI Sascha,britschgi sascha,6.0,6.0,0,0,0,0,0,0,0
2025-2026,18,Parma,CIRCATI Alessandro,circati alessandro,6.0,5.5,0,0,1,0,0,0,0
2025-2026,18,Parma,DEL PRATO Enrico,del prato enrico,6.0,6.0,0,0,0,0,0,0,0
2025-2026,18,Parma,LOVIK Mathias,lovik mathias,,,0,0,0,0,0,0,0
2025-2026,18,Parma,NDIAYE Abdoulaye,ndiaye abdoulaye,,,0,0,0,0,0,0,0
2025-2026,18,Parma,TRABUCCHI Nicolas,trabucchi nicolas,,,0,0,0,0,0,0,0
2025-2026,18,Parma,TROILO Mariano,troilo mariano,,,0,0,0,0,0,0,0
2025-2026,18,Parma,VALENTI Lautaro,valenti lautaro,5.0,5.0,0,0,0,0,0,0,0
2025-2026,18,Parma,VALERI Emanuele,valeri emanuele,6.0,6.0,0,0,0,0,0,0,0
2025-2026,18,Parma,BERNABE' Adrian,bernabe' adrian,7.0,7.0,0,0,0,0,0,0,0
2025-2026,18,Parma,CREMASCHI Benjamin,cremaschi benjamin,,,0,0,0,0,0,0,0
2025-2026,18,Parma,ESTEVEZ Nahuel,estevez nahuel,6.0,6.0,0,0,0,0,0,0,0
2025-2026,18,Parma,HERNANI,hernani,,,0,0,0,0,0,0,0
2025-2026,18,Parma,KEITA Mandela,keita mandela,7.0,7.0,0,0,0,0,0,0,0
2025-2026,18,Parma,ORDONEZ Christian,ordonez christian,,,0,0,0,0,0,0,0
2025-2026,18,Parma,ORISTANIO Gaetano,oristanio gaetano,6.0,6.0,0,0,0,0,0,0,0
2025-2026,18,Parma,PLICCO Elia,plicco elia,,,0,0,0,0,0,0,0
2025-2026,18,Parma,SORENSEN Oliver,sorensen oliver,5.5,5.5,0,0,0,0,0,0,0
2025-2026,18,Parma,ALMQVIST Pontus,almqvist pontus,6.5,6.5,0,0,0,0,0,0,0
2025-2026,18,Parma,BEGIC Tjas,begic tjas,,,0,0,0,0,0,0,0
2025-2026,18,Parma,BENEDYCZAK Adrian,benedyczak adrian,,,0,0,0,0,0,0,0
2025-2026,18,Parma,CUTRONE Patrick,cutrone patrick,,,0,0,0,0,0,0,0
2025-2026,18,Parma,DJURIC Milan,djuric milan,,,0,0,0,0,0,0,0
2025-2026,18,Parma,FRIGAN Matija,frigan matija,,,0,0,0,0,0,0,0
2025-2026,18,Parma,ONDREJKA Jacob,ondrejka jacob,5.0,5.0,0,0,0,0,0,0,0
2025-2026,18,Parma,PELLEGRINO Mateo,pellegrino mateo,7.0,10.0,1,0,0,0,0,0,0
2025-2026,18,Pisa,NICOLAS,nicolas,,,0,0,0,0,0,0,0
2025-2026,18,Pisa,SCUFFET Simone,scuffet simone,,,0,0,0,0,0,0,0
2025-2026,18,Pisa,SEMPER Adrian,semper adrian,6.5,5.5,-1,0,0,0,0,0,0
2025-2026,18,Pisa,ALBIOL Raul,albiol raul,6.0,6.0,0,0,0,0,0,0,0
2025-2026,18,Pisa,ANGORI Samuele,angori samuele,6.5,6.5,0,0,0,0,0,0,0
2025-2026,18,Pisa,BONFANTI Giovanni,bonfanti giovanni,6.0,6.0,0,0,0,0,0,0,0
2025-2026,18,Pisa,CALABRESI Arturo,calabresi arturo,5.5,5.0,0,0,1,0,0,0,0
2025-2026,18,Pisa,CANESTRELLI Simone,canestrelli simone,6.5,6.0,0,0,1,0,0,0,0
2025-2026,18,Pisa,CARACCIOLO Antonio,caracciolo antonio,6.0,6.0,0,0,0,0,0,0,0
2025-2026,18,Pisa,CUADRADO Juan,cuadrado juan,,,0,0,0,0,0,0,0
2025-2026,18,Pisa,DENOON Daniel,denoon daniel,,,0,0,0,0,0,0,0
2025-2026,18,Pisa,ESTEVES Tomas,esteves tomas,,,0,0,0,0,0,0,0
2025-2026,18,Pisa,LUSUARDI Mateus,lusuardi mateus,,,0,0,0,0,0,0,0
2025-2026,18,Pisa,MBAMBI Jeremy,mbambi jeremy,,,0,0,0,0,0,0,0
2025-2026,18,Pisa,AEBISCHER Michel,aebischer michel,6.5,6.5,0,0,0,0,0,0,0
2025-2026,18,Pisa,AKINSANMIRO Ebenezer,akinsanmiro ebenezer,,,0,0,0,0,0,0,0
2025-2026,18,Pisa,HOJHOLT Malthe,hojholt malthe,5.5,5.5,0,0,0,0,0,0,0
2025-2026,18,Pisa,LERIS Mehdi,leris mehdi,7.0,9.5,1,0,1,0,0,0,0
2025-2026,18,Pisa,LORRAN De Sousa,lorran de sousa,,,0,0,0,0,0,0,0
2025-2026,18,Pisa,MARIN Marius,marin marius,6.0,6.0,0,0,0,0,0,0,0
2025-2026,18,Pisa,MAUCCI Giacomo,maucci giacomo,,,0,0,0,0,0,0,0
2025-2026,18,Pisa,PICCININI Gabriele,piccinini gabriele,6.0,6.0,0,0,0,0,0,0,0
2025-2026,18,Pisa,STENGS Calvin,stengs calvin,,,0,0,0,0,0,0,0
2025-2026,18,Pisa,TOURE Idrissa,toure idrissa,6.0,6.0,0,0,0,0,0,0,0
2025-2026,18,Pisa,TRAMONI Matteo,tramoni matteo,,,0,0,0,0,0,0,0
2025-2026,18,Pisa,VURAL Isak,vural isak,,,0,0,0,0,0,0,0
2025-2026,18,Pisa,BUFFON Louis,buffon louis,,,0,0,0,0,0,0,0
2025-2026,18,Pisa,MEISTER Henrik,meister henrik,6.0,6.0,0,0,0,0,0,0,0
2025-2026,18,Pisa,MOREO Stefano,moreo stefano,5.0,5.0,0,0,0,0,0,0,0
2025-2026,18,Pisa,NZOLA M'Bala,nzola m'bala,5.5,5.5,0,0,0,0,0,0,0
2025-2026,18,Como,BUTEZ Jean,butez jean,6.0,7.0,0,0,0,0,0,0,0
2025-2026,18,Como,CAVLINA Nikola,cavlina nikola,,,0,0,0,0,0,0,0
2025-2026,18,Como,VIGORITO Mauro,vigorito mauro,,,0,0,0,0,0,0,0
2025-2026,18,Como,CARLOS Diego,carlos diego,,,0,0,0,0,0,0,0
2025-2026,18,Como,DOSSENA Alberto,dossena alberto,,,0,0,0,0,0,0,0
2025-2026,18,Como,GOLDANIGA Edoardo,goldaniga edoardo,,,0,0,0,0,0,0,0
2025-2026,18,Como,KEMPF Marc-Oliver,kempf marc-oliver,6.5,6.5,0,0,0,0,0,0,0
2025-2026,18,Como,MORENO Alberto,moreno alberto,6.5,6.5,0,0,0,0,0,0,0
2025-2026,18,Como,POSCH Stefan,posch stefan,,,0,0,0,0,0,0,0
2025-2026,18,Como,RAMON Jacobo,ramon jacobo,7.0,7.0,0,0,0,0,0,0,0
2025-2026,18,Como,ROBERTO Sergi,roberto sergi,,,0,0,0,0,0,0,0
2025-2026,18,Como,SALA Marco,sala marco,,,0,0,0,0,0,0,0
2025-2026,18,Como,SMOLCIC Ivan,smolcic ivan,,,0,0,0,0,0,0,0
2025-2026,18,Como,VALLE Alex,valle alex,,6.0,0,0,0,0,0,0,0
2025-2026,18,Como,VAN DER BREMPT Igna.,van der brempt igna.,6.5,6.5,0,0,0,0,0,0,0
2025-2026,18,Como,VOJVODA Mergim,vojvoda mergim,6.0,6.0,0,0,0,0,0,0,0
2025-2026,18,Como,BATURINA Martin,baturina martin,,,0,0,0,0,0,0,0
2025-2026,18,Como,CAQUERET Maxence,caqueret maxence,6.0,6.0,0,0,0,0,0,0,0
2025-2026,18,Como,DA CUNHA Lucas,da cunha lucas,7.0,10.0,1,0,0,0,0,1,0
2025-2026,18,Como,PAZ Nico,paz nico,6.0,6.0,0,0,0,0,0,0,0
2025-2026,18,Como,PERRONE Maximo,perrone maximo,7.0,7.0,0,0,0,0,0,0,0
2025-2026,18,Como,ADDAI Jaden,addai jaden,,,0,0,0,0,0,0,0
2025-2026,18,Como,CERRI Alberto,cerri alberto,,,0,0,0,0,0,0,0
2025-2026,18,Como,DIAO Assane,diao assane,,,0,0,0,0,0,0,0
2025-2026,18,Como,DOUVIKAS Tasos,douvikas tasos,6.5,6.5,0,0,0,0,0,0,0
2025-2026,18,Como,KUHN Nicolas,kuhn nicolas,,6.0,0,0,0,0,0,0,0
2025-2026,18,Como,MORATA Alvaro,morata alvaro,,,0,0,0,0,0,0,0
2025-2026,18,Como,RODRIGUEZ Jesus,rodriguez jesus,6.0,5.5,0,0,1,0,0,0,0
2025-2026,19,Atalanta,CARNESECCHI Marco,carnesecchi marco,7.0,8.0,0,0,0,0,0,0,0
2025-2026,19,Atalanta,ROSSI Francesco,rossi francesco,,,0,0,0,0,0,0,0
2025-2026,19,Atalanta,SPORTIELLO Marco,sportiello marco,,,0,0,0,0,0,0,0
2025-2026,19,Atalanta,AHANOR Honest,ahanor honest,7.0,7.0,0,0,0,0,0,0,0
2025-2026,19,Atalanta,BAKKER Mitchel,bakker mitchel,,,0,0,0,0,0,0,0
2025-2026,19,Atalanta,BELLANOVA Raoul,bellanova raoul,,,0,0,0,0,0,0,0
2025-2026,19,Atalanta,BERNASCONI Lorenzo,bernasconi lorenzo,6.5,6.5,0,0,0,0,0,0,0
2025-2026,19,Atalanta,COMI Pietro,comi pietro,,,0,0,0,0,0,0,0
2025-2026,19,Atalanta,DJIMSITI Berat,djimsiti berat,6.0,6.0,0,0,0,0,0,0,0
2025-2026,19,Atalanta,HIEN Isak,hien isak,6.0,6.0,0,0,0,0,0,0,0
2025-2026,19,Atalanta,KOLASINAC Sead,kolasinac sead,,,0,0,0,0,0,0,0
2025-2026,19,Atalanta,KOSSOUNOU Odilon,kossounou odilon,,,0,0,0,0,0,0,0
2025-2026,19,Atalanta,OBRIC Relja,obric relja,,,0,0,0,0,0,0,0
2025-2026,19,Atalanta,SCALVINI Giorgio,scalvini giorgio,6.5,6.5,0,0,0,0,0,0,0
2025-2026,19,Atalanta,ZAPPACOSTA Davide,zappacosta davide,6.5,6.5,0,0,0,0,0,0,0
2025-2026,19,Atalanta,BRESCIANINI Marco,brescianini marco,6.0,6.0,0,0,0,0,0,0,0
2025-2026,19,Atalanta,CASSA Federico,cassa federico,,,0,0,0,0,0,0,0
2025-2026,19,Atalanta,DE ROON Marten,de roon marten,7.0,8.0,0,1,0,0,0,0,0
2025-2026,19,Atalanta,EDERSON,ederson,6.0,6.0,0,0,0,0,0,0,0
2025-2026,19,Atalanta,MALDINI Daniel,maldini daniel,,,0,0,0,0,0,0,0
2025-2026,19,Atalanta,MANZONI Alberto,manzoni alberto,,,0,0,0,0,0,0,0
2025-2026,19,Atalanta,MUSAH Yunus,musah yunus,6.0,6.0,0,0,0,0,0,0,0
2025-2026,19,Atalanta,PASALIC Mario,pasalic mario,,,0,0,0,0,0,0,0
2025-2026,19,Atalanta,SAMARDZIC Lazar,samardzic lazar,6.0,6.0,0,0,0,0,0,0,0
2025-2026,19,Atalanta,ZALEWSKI Nicola,zalewski nicola,6.0,6.0,0,0,0,0,0,0,0
2025-2026,19,Atalanta,DE KETELAERE Charles,de ketelaere charles,7.0,8.0,0,1,0,0,0,0,0
2025-2026,19,Atalanta,KRSTOVIC Nikola,krstovic nikola,7.5,13.5,2,0,0,0,0,0,0
2025-2026,19,Atalanta,LOOKMAN Ademola,lookman ademola,,,0,0,0,0,0,0,0
2025-2026,19,Atalanta,SCAMACCA Gianluca,scamacca gianluca,,,0,0,0,0,0,0,0
2025-2026,19,Atalanta,SULEMANA Kamaldeen,sulemana kamaldeen,,,0,0,0,0,0,0,0
2025-2026,19,Bologna,PESSINA Massimo,pessina massimo,,,0,0,0,0,0,0,0
2025-2026,19,Bologna,RAVAGLIA Federico,ravaglia federico,6.0,4.0,-2,0,0,0,0,0,0
2025-2026,19,Bologna,SKORUPSKI Lukasz,skorupski lukasz,,,0,0,0,0,0,0,0
2025-2026,19,Bologna,BONIFAZI Kevin,bonifazi kevin,,,0,0,0,0,0,0,0
2025-2026,19,Bologna,CASALE Nicolo',casale nicolo',,,0,0,0,0,0,0,0
2025-2026,19,Bologna,DE SILVESTRI Lorenzo,de silvestri lorenzo,,,0,0,0,0,0,0,0
2025-2026,19,Bologna,HEGGEM Torbjorn,heggem torbjorn,5.0,5.0,0,0,0,0,0,0,0
2025-2026,19,Bologna,HOLM Emil,holm emil,,,0,0,0,0,0,0,0
2025-2026,19,Bologna,LUCUMI Jhon,lucumi jhon,,,0,0,0,0,0,0,0
2025-2026,19,Bologna,LYKOGIANNIS Charala.,lykogiannis charala.,,,0,0,0,0,0,0,0
2025-2026,19,Bologna,MIRANDA Juan,miranda juan,5.5,5.5,0,0,0,0,0,0,0
2025-2026,19,Bologna,VITIK Martin,vitik martin,4.5,4.5,0,0,0,0,0,0,0
2025-2026,19,Bologna,ZORTEA Nadir,zortea nadir,5.5,5.5,0,0,0,0,0,0,0
2025-2026,19,Bologna,BERNARDESCHI Federi.,bernardeschi federi.,,,0,0,0,0,0,0,0
2025-2026,19,Bologna,FABBIAN Giovanni,fabbian giovanni,5.5,5.5,0,0,0,0,0,0,0
2025-2026,19,Bologna,FERGUSON Lewis,ferguson lewis,6.0,6.0,0,0,0,0,0,0,0
2025-2026,19,Bologna,FREULER Remo,freuler remo,5.5,5.5,0,0,0,0,0,0,0
2025-2026,19,Bologna,MORO Nikola,moro nikola,5.5,5.5,0,0,0,0,0,0,0
2025-2026,19,Bologna,POBEGA Tommaso,pobega tommaso,,,0,0,0,0,0,0,0
2025-2026,19,Bologna,SULEMANA,sulemana,,,0,0,0,0,0,0,0
2025-2026,19,Bologna,CAMBIAGHI Nicolo',cambiaghi nicolo',6.0,6.0,0,0,0,0,0,0,0
2025-2026,19,Bologna,CASTRO Santiago,castro santiago,5.5,5.5,0,0,0,0,0,0,0
2025-2026,19,Bologna,DALLINGA Thijs,dallinga thijs,4.5,4.5,0,0,0,0,0,0,0
2025-2026,19,Bologna,DOMINGUEZ Benjamin,dominguez benjamin,,6.0,0,0,0,0,0,0,0
2025-2026,19,Bologna,IMMOBILE Ciro,immobile ciro,5.0,5.0,0,0,0,0,0,0,0
2025-2026,19,Bologna,ODGAARD Jens,odgaard jens,,,0,0,0,0,0,0,0
2025-2026,19,Bologna,ORSOLINI Riccardo,orsolini riccardo,5.0,5.0,0,0,0,0,0,0,0
2025-2026,19,Bologna,ROWE Jonathan,rowe jonathan,5.5,5.5,0,0,0,0,0,0,0
2025-2026,19,Cagliari,CAPRILE Elia,caprile elia,6.0,4.0,-2,0,0,0,0,0,0
2025-2026,19,Cagliari,CIOCCI Giuseppe,ciocci giuseppe,,,0,0,0,0,0,0,0
2025-2026,19,Cagliari,RADUNOVIC Boris,radunovic boris,,,0,0,0,0,0,0,0
2025-2026,19,Cagliari,IDRISSI Riyad,idrissi riyad,,,0,0,0,0,0,0,0
2025-2026,19,Cagliari,LUPERTO Sebastiano,luperto sebastiano,5.5,5.0,0,0,1,0,0,0,0
2025-2026,19,Cagliari,MINA Yerry,mina yerry,5.0,5.0,0,0,0,0,0,0,0
2025-2026,19,Cagliari,OBERT Adam,obert adam,6.0,6.0,0,0,0,0,0,0,0
2025-2026,19,Cagliari,PALESTRA Marco,palestra marco,5.5,5.5,0,0,0,0,0,0,0
2025-2026,19,Cagliari,RODRIGUEZ Juan,rodriguez juan,5.0,5.0,0,0,0,0,0,0,0
2025-2026,19,Cagliari,ZAPPA Gabriele,zappa gabriele,6.0,6.0,0,0,0,0,0,0,0
2025-2026,19,Cagliari,ZE PEDRO,ze pedro,,,0,0,0,0,0,0,0
2025-2026,19,Cagliari,ADOPO Michel,adopo michel,6.5,9.5,1,0,0,0,0,0,0
2025-2026,19,Cagliari,CAVUOTI Nicolo',cavuoti nicolo',,,0,0,0,0,0,0,0
2025-2026,19,Cagliari,DEIOLA Alessandro,deiola alessandro,,,0,0,0,0,0,0,0
2025-2026,19,Cagliari,DI PARDO Alessandro,di pardo alessandro,,,0,0,0,0,0,0,0
2025-2026,19,Cagliari,FOLORUNSHO Michael,folorunsho michael,,,0,0,0,0,0,0,0
2025-2026,19,Cagliari,GAETANO Gianluca,gaetano gianluca,5.0,5.0,0,0,0,0,0,0,0
2025-2026,19,Cagliari,LITETA Joseph,liteta joseph,,,0,0,0,0,0,0,0
2025-2026,19,Cagliari,MAZZITELLI Luca,mazzitelli luca,6.5,7.5,0,1,0,0,0,0,0
2025-2026,19,Cagliari,PRATI Matteo,prati matteo,5.5,5.5,0,0,0,0,0,0,0
2025-2026,19,Cagliari,ROG Marko,rog marko,,,0,0,0,0,0,0,0
2025-2026,19,Cagliari,BELOTTI Andrea,belotti andrea,,,0,0,0,0,0,0,0
2025-2026,19,Cagliari,BORRELLI Gennaro,borrelli gennaro,6.0,6.5,0,1,1,0,0,0,0
2025-2026,19,Cagliari,ESPOSITO Sebastiano,esposito sebastiano,6.5,6.5,0,0,0,0,0,0,0
2025-2026,19,Cagliari,FELICI Mattia,felici mattia,,,0,0,0,0,0,0,0
2025-2026,19,Cagliari,KILICSOY Semih,kilicsoy semih,6.0,6.0,0,0,0,0,0,0,0
2025-2026,19,Cagliari,LUVUMBO Sebastiao Z.,luvumbo sebastiao z.,6.0,6.0,0,0,0,0,0,0,0
2025-2026,19,Cagliari,PAVOLETTI Leonardo,pavoletti leonardo,,,0,0,0,0,0,0,0
2025-2026,19,Fiorentina,DE GEA David,de gea david,7.0,5.0,-2,0,0,0,0,0,1
2025-2026,19,Fiorentina,LEZZERINI Luca,lezzerini luca,,,0,0,0,0,0,0,0
2025-2026,19,Fiorentina,MARTINELLI Tommaso,martinelli tommaso,,,0,0,0,0,0,0,0
2025-2026,19,Fiorentina,COMUZZO Pietro,comuzzo pietro,5.0,5.0,0,0,0,0,0,0,0
2025-2026,19,Fiorentina,DODO,dodo,6.0,6.0,0,0,0,0,0,0,0
2025-2026,19,Fiorentina,FORTINI Niccolo',fortini niccolo',,,0,0,0,0,0,0,0
2025-2026,19,Fiorentina,GOSENS Robin,gosens robin,7.0,9.5,1,0,1,0,0,0,0
2025-2026,19,Fiorentina,KOSPO Eman,kospo eman,,,0,0,0,0,0,0,0
2025-2026,19,Fiorentina,KOUADIO Eddy,kouadio eddy,,,0,0,0,0,0,0,0
2025-2026,19,Fiorentina,LAMPTEY Tariq,lamptey tariq,,,0,0,0,0,0,0,0
2025-2026,19,Fiorentina,MARI Pablo,mari pablo,,6.0,0,0,0,0,0,0,0
2025-2026,19,Fiorentina,PARISI Fabiano,parisi fabiano,6.0,5.5,0,0,1,0,0,0,0
2025-2026,19,Fiorentina,PONGRACIC Marin,pongracic marin,6.5,6.0,0,0,1,0,0,0,0
2025-2026,19,Fiorentina,RANIERI Luca,ranieri luca,5.5,5.5,0,0,0,0,0,0,0
2025-2026,19,Fiorentina,VITI Mattia,viti mattia,,,0,0,0,0,0,0,0
2025-2026,19,Fiorentina,FAGIOLI Nicolo',fagioli nicolo',7.5,8.0,0,1,1,0,0,0,0
2025-2026,19,Fiorentina,FAZZINI Jacopo,fazzini jacopo,,,0,0,0,0,0,0,0
2025-2026,19,Fiorentina,INFANTINO Gino,infantino gino,,,0,0,0,0,0,0,0
2025-2026,19,Fiorentina,MANDRAGORA Rolando,mandragora rolando,5.0,5.0,0,0,0,0,0,0,0
2025-2026,19,Fiorentina,NDOUR Cher,ndour cher,4.5,4.5,0,0,0,0,0,0,0
2025-2026,19,Fiorentina,NICOLUSSI CAVIGLIA .,nicolussi caviglia .,,5.5,0,0,1,0,0,0,0
2025-2026,19,Fiorentina,RICHARDSON Amir,richardson amir,,,0,0,0,0,0,0,0
2025-2026,19,Fiorentina,SABIRI Abdelhamid,sabiri abdelhamid,,,0,0,0,0,0,0,0
2025-2026,19,Fiorentina,SOHM Simon,sohm simon,,,0,0,0,0,0,0,0
2025-2026,19,Fiorentina,DZEKO Edin,dzeko edin,,,0,0,0,0,0,0,0
2025-2026,19,Fiorentina,GUDMUNDSSON Albert,gudmundsson albert,7.0,10.0,1,0,0,0,0,1,0
2025-2026,19,Fiorentina,KEAN Moise,kean moise,6.0,6.0,0,0,0,0,0,0,0
2025-2026,19,Fiorentina,KOUAME' Christian,kouame' christian,,,0,0,0,0,0,0,0
2025-2026,19,Fiorentina,PICCOLI Roberto,piccoli roberto,5.0,5.0,0,0,0,0,0,0,0
2025-2026,19,Fiorentina,SOLOMON Manor,solomon manor,5.5,5.5,0,0,0,0,0,0,0
2025-2026,19,Genoa,LEALI Nicola,leali nicola,7.0,5.5,-1,0,1,0,0,0,0
2025-2026,19,Genoa,SIEGRIST Benjamin,siegrist benjamin,,,0,0,0,0,0,0,0
2025-2026,19,Genoa,SOMMARIVA Daniele,sommariva daniele,,,0,0,0,0,0,0,0
2025-2026,19,Genoa,KUMER CELIK Alin,kumer celik alin,,,0,0,0,0,0,0,0
2025-2026,19,Genoa,MARCANDALLI Alessan.,marcandalli alessan.,6.0,6.0,0,0,0,0,0,0,0
2025-2026,19,Genoa,MARTIN Aaron,martin aaron,6.0,6.0,0,0,0,0,0,0,0
2025-2026,19,Genoa,NORTON-CUFFY Brooke,norton-cuffy brooke,6.5,6.5,0,0,0,0,0,0,0
2025-2026,19,Genoa,OSTIGARD Leo,ostigard leo,7.0,7.0,0,0,0,0,0,0,0
2025-2026,19,Genoa,OTOA Sebastian,otoa sebastian,6.0,6.0,0,0,0,0,0,0,0
2025-2026,19,Genoa,SABELLI Stefano,sabelli stefano,,,0,0,0,0,0,0,0
2025-2026,19,Genoa,VASQUEZ Johan,vasquez johan,6.5,6.5,0,0,0,0,0,0,0
2025-2026,19,Genoa,CARBONI Valentin,carboni valentin,,,0,0,0,0,0,0,0
2025-2026,19,Genoa,CUENCA Hugo,cuenca hugo,,,0,0,0,0,0,0,0
2025-2026,19,Genoa,ELLERTSSON Mikael,ellertsson mikael,6.0,6.0,0,0,0,0,0,0,0
2025-2026,19,Genoa,FINI Seydou,fini seydou,,,0,0,0,0,0,0,0
2025-2026,19,Genoa,FRENDRUP Morten,frendrup morten,6.5,6.5,0,0,0,0,0,0,0
2025-2026,19,Genoa,GRONBAEK Alberto,gronbaek alberto,,,0,0,0,0,0,0,0
2025-2026,19,Genoa,LAFONT Gael,lafont gael,,,0,0,0,0,0,0,0
2025-2026,19,Genoa,MALINOVSKYI Ruslan,malinovskyi ruslan,6.5,7.5,0,1,0,0,0,0,0
2025-2026,19,Genoa,MASINI Patrizio,masini patrizio,5.5,5.5,0,0,0,0,0,0,0
2025-2026,19,Genoa,MESSIAS Junior,messias junior,,,0,0,0,0,0,0,0
2025-2026,19,Genoa,ONANA Jean,onana jean,,,0,0,0,0,0,0,0
2025-2026,19,Genoa,STANCIU Nicolae,stanciu nicolae,4.5,1.5,0,0,0,0,0,0,1
2025-2026,19,Genoa,THORSBY Morten,thorsby morten,6.0,6.0,0,0,0,0,0,0,0
2025-2026,19,Genoa,COLOMBO Lorenzo,colombo lorenzo,7.0,10.0,1,0,0,0,0,0,0
2025-2026,19,Genoa,CORNET Maxwel,cornet maxwel,,,0,0,0,0,0,0,0
2025-2026,19,Genoa,EKHATOR Jeff,ekhator jeff,6.0,6.0,0,0,0,0,0,0,0
2025-2026,19,Genoa,EKUBAN Caleb,ekuban caleb,,,0,0,0,0,0,0,0
2025-2026,19,Genoa,VENTURINO Lorenzo,venturino lorenzo,,,0,0,0,0,0,0,0
2025-2026,19,Genoa,VITINHA,vitinha,6.5,6.5,0,0,0,0,0,0,0
2025-2026,19,Inter,DI GENNARO Raffaele,di gennaro raffaele,,,0,0,0,0,0,0,0
2025-2026,19,Inter,MARTINEZ Josep,martinez josep,,,0,0,0,0,0,0,0
2025-2026,19,Inter,SOMMER Yann,sommer yann,6.0,7.0,0,0,0,0,0,0,0
2025-2026,19,Inter,ACERBI Francesco,acerbi francesco,,,0,0,0,0,0,0,0
2025-2026,19,Inter,AKANJI Manuel,akanji manuel,7.0,7.0,0,0,0,0,0,0,0
2025-2026,19,Inter,ALEXIOU Christos,alexiou christos,,,0,0,0,0,0,0,0
2025-2026,19,Inter,BASTONI Alessandro,bastoni alessandro,,,0,0,0,0,0,0,0
2025-2026,19,Inter,BISSECK Yann Aurel,bisseck yann aurel,6.5,6.5,0,0,0,0,0,0,0
2025-2026,19,Inter,CARLOS AUGUSTO,carlos augusto,7.0,6.5,0,0,1,0,0,0,0
2025-2026,19,Inter,COCCHI Matteo,cocchi matteo,,,0,0,0,0,0,0,0
2025-2026,19,Inter,DARMIAN Matteo,darmian matteo,,,0,0,0,0,0,0,0
2025-2026,19,Inter,DE VRIJ Stefan,de vrij stefan,,,0,0,0,0,0,0,0
2025-2026,19,Inter,DIMARCO Federico,dimarco federico,7.5,10.5,1,0,0,0,0,0,0
2025-2026,19,Inter,DUMFRIES Denzel,dumfries denzel,,,0,0,0,0,0,0,0
2025-2026,19,Inter,LUIS HENRIQUE,luis henrique,6.0,6.0,0,0,0,0,0,0,0
2025-2026,19,Inter,PALACIOS Tomas,palacios tomas,,,0,0,0,0,0,0,0
2025-2026,19,Inter,RE CECCONI Gabriele,re cecconi gabriele,,,0,0,0,0,0,0,0
2025-2026,19,Inter,BARELLA Nicolo',barella nicolo',6.5,7.5,0,1,0,0,0,0,0
2025-2026,19,Inter,BERENBRUCH Thomas,berenbruch thomas,,,0,0,0,0,0,0,0
2025-2026,19,Inter,CALHANOGLU Hakan,calhanoglu hakan,6.0,5.5,0,0,1,0,0,0,0
2025-2026,19,Inter,DIOUF Andy,diouf andy,,,0,0,0,0,0,0,0
2025-2026,19,Inter,FRATTESI Davide,frattesi davide,,,0,0,0,0,0,0,0
2025-2026,19,Inter,MKHITARYAN Henrikh,mkhitaryan henrikh,6.5,6.5,0,0,0,0,0,0,0
2025-2026,19,Inter,SUCIC Petar,sucic petar,5.5,5.5,0,0,0,0,0,0,0
2025-2026,19,Inter,TOPALOVIC Luka,topalovic luka,,,0,0,0,0,0,0,0
2025-2026,19,Inter,ZIELINSKI Piotr,zielinski piotr,6.0,6.0,0,0,0,0,0,0,0
2025-2026,19,Inter,BONNY Ange-Yoan,bonny ange-yoan,,,0,0,0,0,0,0,0
2025-2026,19,Inter,ESPOSITO Francesco .,esposito francesco .,6.5,6.5,0,0,0,0,0,0,0
2025-2026,19,Inter,MARTINEZ Lautaro,martinez lautaro,5.5,5.5,0,0,0,0,0,0,0
2025-2026,19,Inter,THURAM Marcus,thuram marcus,6.5,9.0,1,0,1,0,0,0,0
2025-2026,19,Juventus,DI GREGORIO Michele,di gregorio michele,6.0,7.0,0,0,0,0,0,0,0
2025-2026,19,Juventus,PERIN Mattia,perin mattia,,,0,0,0,0,0,0,0
2025-2026,19,Juventus,PINSOGLIO Carlo,pinsoglio carlo,,,0,0,0,0,0,0,0
2025-2026,19,Juventus,BREMER Gleison,bremer gleison,6.5,6.5,0,0,0,0,0,0,0
2025-2026,19,Juventus,CABAL Juan,cabal juan,,,0,0,0,0,0,0,0
2025-2026,19,Juventus,CAMBIASO Andrea,cambiaso andrea,6.5,6.5,0,0,0,0,0,0,0
2025-2026,19,Juventus,GATTI Federico,gatti federico,,,0,0,0,0,0,0,0
2025-2026,19,Juventus,KALULU Pierre,kalulu pierre,6.5,6.5,0,0,0,0,0,0,0
2025-2026,19,Juventus,KELLY Lloyd,kelly lloyd,,,0,0,0,0,0,0,0
2025-2026,19,Juventus,MARIO Joao,mario joao,6.0,6.0,0,0,0,0,0,0,0
2025-2026,19,Juventus,ROUHI Jonas,rouhi jonas,,,0,0,0,0,0,0,0
2025-2026,19,Juventus,RUGANI Daniele,rugani daniele,,,0,0,0,0,0,0,0
2025-2026,19,Juventus,ADZIC Vasilije,adzic vasilije,,,0,0,0,0,0,0,0
2025-2026,19,Juventus,KOOPMEINERS Teun,koopmeiners teun,6.5,6.5,0,0,0,0,0,0,0
2025-2026,19,Juventus,KOSTIC Filip,kostic filip,,,0,0,0,0,0,0,0
2025-2026,19,Juventus,LOCATELLI Manuel,locatelli manuel,6.5,6.5,0,0,0,0,0,0,0
2025-2026,19,Juventus,MCKENNIE Weston,mckennie weston,6.5,6.5,0,0,0,0,0,0,0
2025-2026,19,Juventus,MIRETTI Fabio,miretti fabio,7.5,10.5,1,0,0,0,0,0,0
2025-2026,19,Juventus,THURAM Khephren,thuram khephren,7.0,7.0,0,0,0,0,0,0,0
2025-2026,19,Juventus,CONCEICAO Francisco,conceicao francisco,,,0,0,0,0,0,0,0
2025-2026,19,Juventus,DAVID Jonathan,david jonathan,7.5,11.5,1,1,0,0,0,0,0
2025-2026,19,Juventus,MILIK Arek,milik arek,,,0,0,0,0,0,0,0
2025-2026,19,Juventus,OPENDA Lois,openda lois,6.0,6.0,0,0,0,0,0,0,0
2025-2026,19,Juventus,PUGNO Diego,pugno diego,,,0,0,0,0,0,0,0
2025-2026,19,Juventus,VLAHOVIC Dusan,vlahovic dusan,,,0,0,0,0,0,0,0
2025-2026,19,Juventus,YILDIZ Kenan,yildiz kenan,6.5,6.5,0,0,0,0,0,0,0
2025-2026,19,Juventus,ZHEGROVA Edon,zhegrova edon,,,0,0,0,0,0,0,0
2025-2026,19,Lazio,FURLANETTO Alessio,furlanetto alessio,,,0,0,0,0,0,0,0
2025-2026,19,Lazio,MANDAS Christos,mandas christos,,,0,0,0,0,0,0,0
2025-2026,19,Lazio,PROVEDEL Ivan,provedel ivan,6.0,4.0,-2,0,0,0,0,0,1
2025-2026,19,Lazio,GIGOT Samuel,gigot samuel,,,0,0,0,0,0,0,0
2025-2026,19,Lazio,GILA Mario,gila mario,5.0,5.0,0,0,0,0,0,0,0
2025-2026,19,Lazio,HYSAJ Elseid,hysaj elseid,5.5,5.5,0,0,0,0,0,0,0
2025-2026,19,Lazio,LAZZARI Manuel,lazzari manuel,5.5,5.5,0,0,0,0,0,0,0
2025-2026,19,Lazio,MARUSIC Adam,marusic adam,,,0,0,0,0,0,0,0
2025-2026,19,Lazio,NUNO TAVARES,nuno tavares,,,0,0,0,0,0,0,0
2025-2026,19,Lazio,PATRIC,patric,,,0,0,0,0,0,0,0
2025-2026,19,Lazio,PELLEGRINI Luca,pellegrini luca,5.5,5.0,0,0,1,0,0,0,0
2025-2026,19,Lazio,PROVSTGAARD Oliver,provstgaard oliver,,,0,0,0,0,0,0,0
2025-2026,19,Lazio,ROMAGNOLI Alessio,romagnoli alessio,6.0,6.0,0,0,0,0,0,0,0
2025-2026,19,Lazio,BASIC Toma,basic toma,6.0,6.0,0,0,0,0,0,0,0
2025-2026,19,Lazio,BELAHYANE Reda,belahyane reda,,,0,0,0,0,0,0,0
2025-2026,19,Lazio,CATALDI Danilo,cataldi danilo,7.0,10.0,1,0,0,0,0,0,0
2025-2026,19,Lazio,DELE-BASHIRU Fisayo,dele-bashiru fisayo,,,0,0,0,0,0,0,0
2025-2026,19,Lazio,GUENDOUZI Matteo,guendouzi matteo,6.5,6.5,0,0,0,0,0,0,0
2025-2026,19,Lazio,ROVELLA Nicolo,rovella nicolo,,,0,0,0,0,0,0,0
2025-2026,19,Lazio,VECINO Matias,vecino matias,6.5,7.5,0,1,0,0,0,0,0
2025-2026,19,Lazio,CANCELLIERI Matteo,cancellieri matteo,6.5,6.0,0,0,1,0,0,0,0
2025-2026,19,Lazio,CASTELLANOS Valentin,castellanos valentin,,,0,0,0,0,0,0,0
2025-2026,19,Lazio,DIA Boulaye,dia boulaye,,,0,0,0,0,0,0,0
2025-2026,19,Lazio,ISAKSEN Gustav,isaksen gustav,4.5,4.5,0,0,0,0,0,0,0
2025-2026,19,Lazio,NOSLIN Tijjani,noslin tijjani,,,0,0,0,0,0,0,0
2025-2026,19,Lazio,PEDRO,pedro,6.5,9.5,1,0,0,0,0,1,0
2025-2026,19,Lazio,ZACCAGNI Mattia,zaccagni mattia,6.0,5.5,0,0,1,0,0,0,0
2025-2026,19,Lecce,FALCONE Wladimiro,falcone wladimiro,6.0,4.0,-2,0,0,0,0,0,0
2025-2026,19,Lecce,FRUCHTL Christian,fruchtl christian,,,0,0,0,0,0,0,0
2025-2026,19,Lecce,SAMOOJA Jasper,samooja jasper,,,0,0,0,0,0,0,0
2025-2026,19,Lecce,ESTEBAN Paco,esteban paco,,,0,0,0,0,0,0,0
2025-2026,19,Lecce,GABRIEL Tiago,gabriel tiago,5.0,5.0,0,0,0,0,0,0,0
2025-2026,19,Lecce,GALLO Antonino,gallo antonino,5.5,5.5,0,0,0,0,0,0,0
2025-2026,19,Lecce,GASPAR Kialonda,gaspar kialonda,5.0,4.5,0,0,1,0,0,0,0
2025-2026,19,Lecce,GUILBERT Frederic,guilbert frederic,,,0,0,0,0,0,0,0
2025-2026,19,Lecce,JEAN Gaby,jean gaby,,,0,0,0,0,0,0,0
2025-2026,19,Lecce,KOUASSI Owen,kouassi owen,,,0,0,0,0,0,0,0
2025-2026,19,Lecce,NDABA Corrie,ndaba corrie,,,0,0,0,0,0,0,0
2025-2026,19,Lecce,PEHLIVANOV Cristian,pehlivanov cristian,,,0,0,0,0,0,0,0
2025-2026,19,Lecce,PEREZ Matias,perez matias,,,0,0,0,0,0,0,0
2025-2026,19,Lecce,SCOTT Elijah,scott elijah,,,0,0,0,0,0,0,0
2025-2026,19,Lecce,SIEBERT Jamil,siebert jamil,,,0,0,0,0,0,0,0
2025-2026,19,Lecce,VEIGA Danilo,veiga danilo,6.0,6.0,0,0,0,0,0,0,0
2025-2026,19,Lecce,BERISHA Medon,berisha medon,,,0,0,0,0,0,0,0
2025-2026,19,Lecce,COULIBALY Lassana,coulibaly lassana,,,0,0,0,0,0,0,0
2025-2026,19,Lecce,GORTER Olaf,gorter olaf,5.5,5.5,0,0,0,0,0,0,0
2025-2026,19,Lecce,HELGASON Thorir,helgason thorir,5.5,5.5,0,0,0,0,0,0,0
2025-2026,19,Lecce,KABA Mohamed,kaba mohamed,5.0,5.0,0,0,0,0,0,0,0
2025-2026,19,Lecce,MALEH Youssef,maleh youssef,5.5,5.0,0,0,1,0,0,0,0
2025-2026,19,Lecce,MARCHWINSKI Filip,marchwinski filip,,,0,0,0,0,0,0,0
2025-2026,19,Lecce,PIERRET Balthazar,pierret balthazar,,,0,0,0,0,0,0,0
2025-2026,19,Lecce,RAFIA Hamza,rafia hamza,,,0,0,0,0,0,0,0
2025-2026,19,Lecce,RAMADANI Ylber,ramadani ylber,5.0,5.0,0,0,0,0,0,0,0
2025-2026,19,Lecce,SALA Alex,sala alex,,,0,0,0,0,0,0,0
2025-2026,19,Lecce,SOTTIL Riccardo,sottil riccardo,5.0,5.0,0,0,0,0,0,0,0
2025-2026,19,Lecce,BANDA Lameck,banda lameck,5.0,4.5,0,0,1,0,0,0,0
2025-2026,19,Lecce,CAMARDA Francesco,camarda francesco,6.0,6.0,0,0,0,0,0,0,0
2025-2026,19,Lecce,MORENTE Tete,morente tete,,,0,0,0,0,0,0,0
2025-2026,19,Lecce,N'DRI Konan,n'dri konan,6.5,6.5,0,0,0,0,0,0,0
2025-2026,19,Lecce,PIEROTTI Santiago,pierotti santiago,4.0,4.0,0,0,0,0,0,0,0
2025-2026,19,Lecce,STULIC Nikola,stulic nikola,5.5,5.5,0,0,0,0,0,0,0
2025-2026,19,Milan,MAIGNAN Mike,maignan mike,6.0,4.5,-1,0,1,0,0,0,1
2025-2026,19,Milan,TERRACCIANO Pietro,terracciano pietro,,,0,0,0,0,0,0,0
2025-2026,19,Milan,TORRIANI Lorenzo,torriani lorenzo,,,0,0,0,0,0,0,0
2025-2026,19,Milan,ATHEKAME Zachary,athekame zachary,5.5,5.5,0,0,0,0,0,0,0
2025-2026,19,Milan,BARTESAGHI Davide,bartesaghi davide,6.5,6.5,0,0,0,0,0,0,0
2025-2026,19,Milan,DE WINTER Koni,de winter koni,,,0,0,0,0,0,0,0
2025-2026,19,Milan,ESTUPINAN Pervis,estupinan pervis,,,0,0,0,0,0,0,0
2025-2026,19,Milan,GABBIA Matteo,gabbia matteo,5.0,4.5,0,0,1,0,0,0,0
2025-2026,19,Milan,ODOGU David,odogu david,,,0,0,0,0,0,0,0
2025-2026,19,Milan,PAVLOVIC Strahinja,pavlovic strahinja,6.5,6.0,0,0,1,0,0,0,0
2025-2026,19,Milan,TOMORI Fikayo,tomori fikayo,6.0,5.5,0,0,1,0,0,0,0
2025-2026,19,Milan,FOFANA Youssouf,fofana youssouf,4.5,4.5,0,0,0,0,0,0,0
2025-2026,19,Milan,JASHARI Ardon,jashari ardon,,,0,0,0,0,0,0,0
2025-2026,19,Milan,LOFTUS-CHEEK Ruben,loftus-cheek ruben,6.0,6.0,0,0,0,0,0,0,0
2025-2026,19,Milan,MODRIC Luka,modric luka,5.5,5.5,0,0,0,0,0,0,0
2025-2026,19,Milan,RABIOT Adrien,rabiot adrien,5.5,5.5,0,0,0,0,0,0,0
2025-2026,19,Milan,RICCI Samuele,ricci samuele,,,0,0,0,0,0,0,0
2025-2026,19,Milan,SAELEMAEKERS Alexis,saelemaekers alexis,5.5,5.5,0,0,0,0,0,0,0
2025-2026,19,Milan,TRAORE Chaka,traore chaka,,,0,0,0,0,0,0,0
2025-2026,19,Milan,VOS Silvano,vos silvano,,,0,0,0,0,0,0,0
2025-2026,19,Milan,BALENTIEN Chevejo,balentien chevejo,,,0,0,0,0,0,0,0
2025-2026,19,Milan,FULLKRUG Niclas,fullkrug niclas,6.0,6.0,0,0,0,0,0,0,0
2025-2026,19,Milan,GIMENEZ Santiago,gimenez santiago,,,0,0,0,0,0,0,0
2025-2026,19,Milan,LEAO Rafael,leao rafael,6.5,9.5,1,0,0,0,0,0,0
2025-2026,19,Milan,NKUNKU Cristopher,nkunku cristopher,,,0,0,0,0,0,0,0
2025-2026,19,Milan,PULISIC Christian,pulisic christian,5.5,5.5,0,0,0,0,0,0,0
2025-2026,19,Napoli,CONTINI Nikita,contini nikita,,,0,0,0,0,0,0,0
2025-2026,19,Napoli,MERET Alex,meret alex,,,0,0,0,0,0,0,0
2025-2026,19,Napoli,MILINKOVIC Vanja,milinkovic vanja,6.0,4.0,-2,0,0,0,0,0,1
2025-2026,19,Napoli,BEUKEMA Sam,beukema sam,,,0,0,0,0,0,0,0
2025-2026,19,Napoli,BUONGIORNO Alessand.,buongiorno alessand.,5.0,5.0,0,0,0,0,0,0,0
2025-2026,19,Napoli,DI LORENZO Giovanni,di lorenzo giovanni,6.5,9.5,1,0,0,0,0,0,0
2025-2026,19,Napoli,GUTIERREZ Miguel,gutierrez miguel,5.0,5.0,0,0,0,0,0,0,0
2025-2026,19,Napoli,JESUS Juan,jesus juan,,,0,0,0,0,0,0,0
2025-2026,19,Napoli,MARIANUCCI Luca,marianucci luca,6.0,7.0,0,1,0,0,0,0,0
2025-2026,19,Napoli,MAZZOCCHI Pasquale,mazzocchi pasquale,,,0,0,0,0,0,0,0
2025-2026,19,Napoli,OLIVERA Mathias,olivera mathias,,,0,0,0,0,0,0,0
2025-2026,19,Napoli,RRAHMANI Amir,rrahmani amir,5.5,5.5,0,0,0,0,0,0,0
2025-2026,19,Napoli,SPINAZZOLA Leonardo,spinazzola leonardo,6.5,6.5,0,0,0,0,0,0,0
2025-2026,19,Napoli,ANGUISSA Andre' Zam.,anguissa andre' zam.,,,0,0,0,0,0,0,0
2025-2026,19,Napoli,DE BRUYNE Kevin,de bruyne kevin,,,0,0,0,0,0,0,0
2025-2026,19,Napoli,ELMAS Eljif,elmas eljif,5.0,5.0,0,0,0,0,0,0,0
2025-2026,19,Napoli,GILMOUR Billy,gilmour billy,,,0,0,0,0,0,0,0
2025-2026,19,Napoli,LOBOTKA Stanislav,lobotka stanislav,6.0,6.0,0,0,0,0,0,0,0
2025-2026,19,Napoli,MCTOMINAY Scott,mctominay scott,6.5,9.5,1,0,0,0,0,0,0
2025-2026,19,Napoli,VERGARA Antonio,vergara antonio,,,0,0,0,0,0,0,0
2025-2026,19,Napoli,AMBROSINO Giuseppe,ambrosino giuseppe,,,0,0,0,0,0,0,0
2025-2026,19,Napoli,HOJLUND Rasmus,hojlund rasmus,6.0,6.0,0,0,0,0,0,0,0
2025-2026,19,Napoli,LANG Noa,lang noa,5.5,6.5,0,1,0,0,0,0,0
2025-2026,19,Napoli,LUCCA Lorenzo,lucca lorenzo,5.5,5.5,0,0,0,0,0,0,0
2025-2026,19,Napoli,LUKAKU Romelu,lukaku romelu,,,0,0,0,0,0,0,0
2025-2026,19,Napoli,NERES David,neres david,,,0,0,0,0,0,0,0
2025-2026,19,Napoli,POLITANO Matteo,politano matteo,5.5,5.5,0,0,0,0,0,0,0
2025-2026,19,Roma,GOLLINI Pierluigi,gollini pierluigi,,,0,0,0,0,0,0,0
2025-2026,19,Roma,SVILAR Mile,svilar mile,6.0,7.0,0,0,0,0,0,0,0
2025-2026,19,Roma,VASQUEZ Devis,vasquez devis,,,0,0,0,0,0,0,0
2025-2026,19,Roma,ANGELINO Jose',angelino jose',,,0,0,0,0,0,0,0
2025-2026,19,Roma,CELIK Zeki,celik zeki,6.0,6.0,0,0,0,0,0,0,0
2025-2026,19,Roma,GHILARDI Daniele,ghilardi daniele,6.0,6.0,0,0,0,0,0,0,0
2025-2026,19,Roma,HERMOSO Mario,hermoso mario,,,0,0,0,0,0,0,0
2025-2026,19,Roma,MANCINI Gianluca,mancini gianluca,,,0,0,0,0,0,0,0
2025-2026,19,Roma,NDICKA Evan,ndicka evan,,,0,0,0,0,0,0,0
2025-2026,19,Roma,RENSCH Devyne,rensch devyne,,,0,0,0,0,0,0,0
2025-2026,19,Roma,SANGARe' Buba,sangare' buba,,,0,0,0,0,0,0,0
2025-2026,19,Roma,TSIMIKAS Konstantin.,tsimikas konstantin.,6.0,6.0,0,0,0,0,0,0,0
2025-2026,19,Roma,WESLEY,wesley,6.0,6.0,0,0,0,0,0,0,0
2025-2026,19,Roma,ZIOLKOWSKI Jan,ziolkowski jan,6.5,6.5,0,0,0,0,0,0,0
2025-2026,19,Roma,BALDANZI Tommaso,baldanzi tommaso,,,0,0,0,0,0,0,0
2025-2026,19,Roma,CRISTANTE Bryan,cristante bryan,7.0,6.5,0,0,1,0,0,0,0
2025-2026,19,Roma,EL AYNAOUI Neil,el aynaoui neil,,,0,0,0,0,0,0,0
2025-2026,19,Roma,EL SHAARAWY Stephan,el shaarawy stephan,6.0,6.0,0,0,0,0,0,0,0
2025-2026,19,Roma,KONE' Manu,kone' manu,5.5,5.5,0,0,0,0,0,0,0
2025-2026,19,Roma,PELLEGRINI Lorenzo,pellegrini lorenzo,,,0,0,0,0,0,0,0
2025-2026,19,Roma,PISILLI Niccolo',pisilli niccolo',6.0,7.0,0,1,0,0,0,0,0
2025-2026,19,Roma,ROMANO Alessandro,romano alessandro,,,0,0,0,0,0,0,0
2025-2026,19,Roma,ARENA Antonio,arena antonio,,,0,0,0,0,0,0,0
2025-2026,19,Roma,BAILEY Leon,bailey leon,,,0,0,0,0,0,0,0
2025-2026,19,Roma,DOVBYK Artem,dovbyk artem,6.5,9.5,1,0,0,0,0,0,0
2025-2026,19,Roma,DYBALA Paulo,dybala paulo,7.0,7.0,0,0,0,0,0,0,0
2025-2026,19,Roma,FERGUSON Evan,ferguson evan,6.5,9.5,1,0,0,0,0,0,0
2025-2026,19,Roma,SOULE' Matias,soule' matias,6.0,6.0,0,0,0,0,0,0,0
2025-2026,19,Sassuolo,MURIC Arijanet,muric arijanet,5.5,2.5,-3,0,0,0,0,0,0
2025-2026,19,Sassuolo,SATALINO Giacomo,satalino giacomo,,,0,0,0,0,0,0,0
2025-2026,19,Sassuolo,TURATI Stefano,turati stefano,,,0,0,0,0,0,0,0
2025-2026,19,Sassuolo,ZACCHI Gioele,zacchi gioele,,,0,0,0,0,0,0,0
2025-2026,19,Sassuolo,CANDE' Fali,cande' fali,,,0,0,0,0,0,0,0
2025-2026,19,Sassuolo,COULIBALY Woyo,coulibaly woyo,,,0,0,0,0,0,0,0
2025-2026,19,Sassuolo,DOIG Josh,doig josh,5.0,5.0,0,0,0,0,0,0,0
2025-2026,19,Sassuolo,IDZES Jay,idzes jay,5.0,5.0,0,0,0,0,0,0,0
2025-2026,19,Sassuolo,MUHAREMOVIC Tarik,muharemovic tarik,5.0,3.0,0,0,0,0,1,0,0
2025-2026,19,Sassuolo,PAZ Yeferson,paz yeferson,,,0,0,0,0,0,0,0
2025-2026,19,Sassuolo,PIERAGNOLO Edoardo,pieragnolo edoardo,,,0,0,0,0,0,0,0
2025-2026,19,Sassuolo,ROMAGNA Filippo,romagna filippo,,,0,0,0,0,0,0,0
2025-2026,19,Sassuolo,WALUKIEWICZ Sebasti.,walukiewicz sebasti.,5.0,5.0,0,0,0,0,0,0,0
2025-2026,19,Sassuolo,BOLOCA Daniel,boloca daniel,,,0,0,0,0,0,0,0
2025-2026,19,Sassuolo,FADERA Alieu,fadera alieu,5.5,5.5,0,0,0,0,0,0,0
2025-2026,19,Sassuolo,IANNONI Edoardo,iannoni edoardo,5.5,5.5,0,0,0,0,0,0,0
2025-2026,19,Sassuolo,KONE Ismael,kone ismael,6.0,6.0,0,0,0,0,0,0,0
2025-2026,19,Sassuolo,LIPANI Luca,lipani luca,5.5,5.5,0,0,0,0,0,0,0
2025-2026,19,Sassuolo,MATIC Nemanja,matic nemanja,5.5,5.5,0,0,0,0,0,0,0
2025-2026,19,Sassuolo,THORSTVEDT Kristian,thorstvedt kristian,5.5,5.5,0,0,0,0,0,0,0
2025-2026,19,Sassuolo,VOLPATO Cristian,volpato cristian,,,0,0,0,0,0,0,0
2025-2026,19,Sassuolo,VRANCKX Aster,vranckx aster,5.0,5.0,0,0,0,0,0,0,0
2025-2026,19,Sassuolo,BERARDI Domenico,berardi domenico,,,0,0,0,0,0,0,0
2025-2026,19,Sassuolo,CHEDDIRA Walid,cheddira walid,,,0,0,0,0,0,0,0
2025-2026,19,Sassuolo,LAURIENTE' Armand,lauriente' armand,4.5,4.5,0,0,0,0,0,0,0
2025-2026,19,Sassuolo,MORO Luca,moro luca,,,0,0,0,0,0,0,0
2025-2026,19,Sassuolo,PIERINI Nicholas,pierini nicholas,5.5,5.5,0,0,0,0,0,0,0
2025-2026,19,Sassuolo,PINAMONTI Andrea,pinamonti andrea,5.0,5.0,0,0,0,0,0,0,0
2025-2026,19,Sassuolo,SKJELLERUP Laurs,skjellerup laurs,,,0,0,0,0,0,0,0
2025-2026,19,Torino,ISRAEL Franco,israel franco,,,0,0,0,0,0,0,0
2025-2026,19,Torino,PALEARI Alberto,paleari alberto,6.5,4.5,-2,0,0,0,0,0,0
2025-2026,19,Torino,POPA Mihai,popa mihai,,,0,0,0,0,0,0,0
2025-2026,19,Torino,BIRAGHI Cristiano,biraghi cristiano,,,0,0,0,0,0,0,0
2025-2026,19,Torino,COCO Saul,coco saul,5.5,5.0,0,0,1,0,0,0,0
2025-2026,19,Torino,DEMBELE' Ali,dembele' ali,,,0,0,0,0,0,0,0
2025-2026,19,Torino,ISMAJLI Ardian,ismajli ardian,5.5,5.5,0,0,0,0,0,0,0
2025-2026,19,Torino,LAZARO Valentino,lazaro valentino,6.0,7.0,0,1,0,0,0,0,0
2025-2026,19,Torino,MARIPAN Guillermo,maripan guillermo,5.0,5.0,0,0,0,0,0,0,0
2025-2026,19,Torino,MASINA Adam,masina adam,,,0,0,0,0,0,0,0
2025-2026,19,Torino,NKOUNKOU Niels,nkounkou niels,,,0,0,0,0,0,0,0
2025-2026,19,Torino,PEDERSEN Marcus,pedersen marcus,,,0,0,0,0,0,0,0
2025-2026,19,Torino,PEREZ Alex,perez alex,,,0,0,0,0,0,0,0
2025-2026,19,Torino,SAZONOV Saba,sazonov saba,,,0,0,0,0,0,0,0
2025-2026,19,Torino,SCHUURS Perr,schuurs perr,,,0,0,0,0,0,0,0
2025-2026,19,Torino,ZAIA Edoardo,zaia edoardo,,,0,0,0,0,0,0,0
2025-2026,19,Torino,ANJORIN Tino,anjorin tino,5.5,5.5,0,0,0,0,0,0,0
2025-2026,19,Torino,ASLLANI Kristjan,asllani kristjan,,,0,0,0,0,0,0,0
2025-2026,19,Torino,CASADEI Cesare,casadei cesare,6.5,9.0,1,0,1,0,0,0,0
2025-2026,19,Torino,GINEITIS Gvidas,gineitis gvidas,,,0,0,0,0,0,0,0
2025-2026,19,Torino,ILIC Ivan,ilic ivan,,,0,0,0,0,0,0,0
2025-2026,19,Torino,ILKHAN Emirhan,ilkhan emirhan,6.0,6.0,0,0,0,0,0,0,0
2025-2026,19,Torino,PERCIUN Sergiu,perciun sergiu,,,0,0,0,0,0,0,0
2025-2026,19,Torino,TAMEZE Adrien,tameze adrien,5.5,5.5,0,0,0,0,0,0,0
2025-2026,19,Torino,VLASIC Nikola,vlasic nikola,6.0,6.0,0,0,0,0,0,0,0
2025-2026,19,Torino,ABOUKHLAL Zakaria,aboukhlal zakaria,6.5,6.5,0,0,0,0,0,0,0
2025-2026,19,Torino,ADAMS Che',adams che',5.5,5.5,0,0,0,0,0,0,0
2025-2026,19,Torino,GABELLINI Tommaso,gabellini tommaso,,,0,0,0,0,0,0,0
2025-2026,19,Torino,NGONGE Cyril,ngonge cyril,6.0,6.0,0,0,0,0,0,0,0
2025-2026,19,Torino,NJIE Alieu,njie alieu,6.0,6.0,0,0,0,0,0,0,0
2025-2026,19,Torino,SAVVA Zanos,savva zanos,,,0,0,0,0,0,0,0
2025-2026,19,Torino,SIMEONE Giovanni,simeone giovanni,5.5,5.5,0,0,0,0,0,0,0
2025-2026,19,Torino,ZAPATA Duvan,zapata duvan,5.5,5.5,0,0,0,0,0,0,0
2025-2026,19,Udinese,NUNZIANTE Alessandro,nunziante alessandro,,,0,0,0,0,0,0,0
2025-2026,19,Udinese,OKOYE Maduka,okoye maduka,6.0,5.0,-1,0,0,0,0,0,0
2025-2026,19,Udinese,PADELLI Daniele,padelli daniele,,,0,0,0,0,0,0,0
2025-2026,19,Udinese,SAVA Razvan,sava razvan,,,0,0,0,0,0,0,0
2025-2026,19,Udinese,BERTOLA Nicolo',bertola nicolo',,,0,0,0,0,0,0,0
2025-2026,19,Udinese,EHIZIBUE Kingsley,ehizibue kingsley,6.0,6.0,0,0,0,0,0,0,0
2025-2026,19,Udinese,GOGLICHIDZE Saba,goglichidze saba,,,0,0,0,0,0,0,0
2025-2026,19,Udinese,KABASELE Christian,kabasele christian,6.0,6.0,0,0,0,0,0,0,0
2025-2026,19,Udinese,KAMARA Hassane,kamara hassane,7.0,7.0,0,0,0,0,0,0,0
2025-2026,19,Udinese,KRISTENSEN Thomas,kristensen thomas,5.5,5.0,0,0,1,0,0,0,0
2025-2026,19,Udinese,MODESTO Rui,modesto rui,,,0,0,0,0,0,0,0
2025-2026,19,Udinese,PALMA Matteo,palma matteo,,,0,0,0,0,0,0,0
2025-2026,19,Udinese,SOLET Oumar,solet oumar,6.5,6.5,0,0,0,0,0,0,0
2025-2026,19,Udinese,ZANOLI Alessandro,zanoli alessandro,6.0,7.0,0,1,0,0,0,0,0
2025-2026,19,Udinese,ZEMURA Jordan,zemura jordan,,,0,0,0,0,0,0,0
2025-2026,19,Udinese,ATTA Arthur,atta arthur,6.5,6.5,0,0,0,0,0,0,0
2025-2026,19,Udinese,EKKELENKAMP Jurgen,ekkelenkamp jurgen,7.0,10.0,1,0,0,0,0,0,0
2025-2026,19,Udinese,KARLSTROM Jesper,karlstrom jesper,6.0,6.0,0,0,0,0,0,0,0
2025-2026,19,Udinese,LOVRIC Sandi,lovric sandi,,,0,0,0,0,0,0,0
2025-2026,19,Udinese,MILLER Lennon,miller lennon,6.5,6.5,0,0,0,0,0,0,0
2025-2026,19,Udinese,PIOTROWSKI Jakub,piotrowski jakub,6.0,6.0,0,0,0,0,0,0,0
2025-2026,19,Udinese,ZANIOLO Nicolo',zaniolo nicolo',6.5,9.5,1,0,0,0,0,0,0
2025-2026,19,Udinese,ZARRAGA Oier,zarraga oier,,,0,0,0,0,0,0,0
2025-2026,19,Udinese,BAYO Vakoun,bayo vakoun,,,0,0,0,0,0,0,0
2025-2026,19,Udinese,BRAVO Iker,bravo iker,,,0,0,0,0,0,0,0
2025-2026,19,Udinese,BUKSA Adam,buksa adam,,,0,0,0,0,0,0,0
2025-2026,19,Udinese,DAVIS Keinan,davis keinan,6.5,7.5,0,1,0,0,0,0,0
2025-2026,19,Udinese,GUEYE Idrissa,gueye idrissa,,,0,0,0,0,0,0,0
2025-2026,19,Udinese,VINCIATI Giulio,vinciati giulio,,,0,0,0,0,0,0,0
2025-2026,19,Verona,MONTIPO' Lorenzo,montipo' lorenzo,5.5,3.5,-2,0,0,0,0,0,0
2025-2026,19,Verona,PERILLI Simone,perilli simone,,,0,0,0,0,0,0,0
2025-2026,19,Verona,BELGHALI Rafik,belghali rafik,,,0,0,0,0,0,0,0
2025-2026,19,Verona,BELLA-KOTCHAP Armel,bella-kotchap armel,7.0,6.5,0,0,1,0,0,0,0
2025-2026,19,Verona,BRADARIC Domagoj,bradaric domagoj,6.0,5.5,0,0,1,0,0,0,0
2025-2026,19,Verona,CHAM Fallou,cham fallou,,,0,0,0,0,0,0,0
2025-2026,19,Verona,EBOSSE Enzo,ebosse enzo,,,0,0,0,0,0,0,0
2025-2026,19,Verona,FRESE Martin,frese martin,7.0,10.0,1,0,0,0,0,0,0
2025-2026,19,Verona,KURTI Adi,kurti adi,,,0,0,0,0,0,0,0
2025-2026,19,Verona,NELSSON Victor,nelsson victor,6.0,6.0,0,0,0,0,0,0,0
2025-2026,19,Verona,NUNEZ Unai,nunez unai,6.5,6.5,0,0,0,0,0,0,0
2025-2026,19,Verona,OYEGOKE Daniel,oyegoke daniel,,,0,0,0,0,0,0,0
2025-2026,19,Verona,SLOTSAGER Tobias,slotsager tobias,,,0,0,0,0,0,0,0
2025-2026,19,Verona,VALENTINI Nicolas,valentini nicolas,6.5,6.5,0,0,0,0,0,0,0
2025-2026,19,Verona,YELLU Santiago,yellu santiago,,,0,0,0,0,0,0,0
2025-2026,19,Verona,AKPA-AKPRO Jean-Dan.,akpa-akpro jean-dan.,,,0,0,0,0,0,0,0
2025-2026,19,Verona,AL-MUSRATI Moatasem,al-musrati moatasem,,,0,0,0,0,0,0,0
2025-2026,19,Verona,BERNEDE Antoine,bernede antoine,7.0,7.0,0,0,0,0,0,0,0
2025-2026,19,Verona,GAGLIARDINI Roberto,gagliardini roberto,6.5,6.5,0,0,0,0,0,0,0
2025-2026,19,Verona,HARROUI Abdou,harroui abdou,,,0,0,0,0,0,0,0
2025-2026,19,Verona,KASTANOS Grigoris,kastanos grigoris,,,0,0,0,0,0,0,0
2025-2026,19,Verona,NIASSE Cheikh,niasse cheikh,7.0,8.0,0,1,0,0,0,0,0
2025-2026,19,Verona,SERDAR Suat,serdar suat,,,0,0,0,0,0,0,0
2025-2026,19,Verona,SUSLOV Tomas,suslov tomas,,,0,0,0,0,0,0,0
2025-2026,19,Verona,YILDIZ Veis,yildiz veis,,,0,0,0,0,0,0,0
2025-2026,19,Verona,AJAYI Junior,ajayi junior,,,0,0,0,0,0,0,0
2025-2026,19,Verona,GIOVANE Do Nascimie.,giovane do nascimie.,5.0,5.0,0,0,0,0,0,0,0
2025-2026,19,Verona,LUNA Agustin,luna agustin,,,0,0,0,0,0,0,0
2025-2026,19,Verona,MOSQUERA Daniel,mosquera daniel,,,0,0,0,0,0,0,0
2025-2026,19,Verona,ORBAN Gift,orban gift,7.0,9.5,1,0,1,0,0,1,0
2025-2026,19,Verona,SARR Amin,sarr amin,6.0,6.0,0,0,0,0,0,0,0
2025-2026,19,Cremonese,AUDERO Emil,audero emil,6.5,4.5,-2,0,0,0,0,0,0
2025-2026,19,Cremonese,MALOVEC Adrian,malovec adrian,,,0,0,0,0,0,0,0
2025-2026,19,Cremonese,NAVA Lapo,nava lapo,,,0,0,0,0,0,0,0
2025-2026,19,Cremonese,SILVESTRI Marco,silvestri marco,,,0,0,0,0,0,0,0
2025-2026,19,Cremonese,BARBIERI Tommaso,barbieri tommaso,6.0,6.0,0,0,0,0,0,0,0
2025-2026,19,Cremonese,BASCHIROTTO Federico,baschirotto federico,6.5,6.5,0,0,0,0,0,0,0
2025-2026,19,Cremonese,BIANCHETTI Matteo,bianchetti matteo,6.0,6.0,0,0,0,0,0,0,0
2025-2026,19,Cremonese,CECCHERINI Federico,ceccherini federico,,,0,0,0,0,0,0,0
2025-2026,19,Cremonese,FAYE Mikayil,faye mikayil,,,0,0,0,0,0,0,0
2025-2026,19,Cremonese,FLORIANI MUSSOLINI .,floriani mussolini .,5.5,5.5,0,0,0,0,0,0,0
2025-2026,19,Cremonese,FOLINO Francesco,folino francesco,,,0,0,0,0,0,0,0
2025-2026,19,Cremonese,PEZZELLA Giuseppe,pezzella giuseppe,5.5,5.5,0,0,0,0,0,0,0
2025-2026,19,Cremonese,SERNICOLA Leonardo,sernicola leonardo,,,0,0,0,0,0,0,0
2025-2026,19,Cremonese,TERRACCIANO Filippo,terracciano filippo,6.0,6.0,0,0,0,0,0,0,0
2025-2026,19,Cremonese,BONDO Warren,bondo warren,5.5,5.0,0,0,1,0,0,0,0
2025-2026,19,Cremonese,COLLOCOLO Michele,collocolo michele,,,0,0,0,0,0,0,0
2025-2026,19,Cremonese,GRASSI Alberto,grassi alberto,,,0,0,0,0,0,0,0
2025-2026,19,Cremonese,LORDKIPANIDZE Dachi,lordkipanidze dachi,,,0,0,0,0,0,0,0
2025-2026,19,Cremonese,PAYERO Martin,payero martin,6.0,6.0,0,0,0,0,0,0,0
2025-2026,19,Cremonese,VALOTI Mattia,valoti mattia,,,0,0,0,0,0,0,0
2025-2026,19,Cremonese,VANDEPUTTE Jari,vandeputte jari,5.0,5.0,0,0,0,0,0,0,0
2025-2026,19,Cremonese,BONAZZOLI Federico,bonazzoli federico,6.5,6.0,0,0,1,0,0,0,0
2025-2026,19,Cremonese,DE LUCA Manuel,de luca manuel,,,0,0,0,0,0,0,0
2025-2026,19,Cremonese,JOHNSEN Dennis,johnsen dennis,6.5,9.5,1,0,0,0,0,0,0
2025-2026,19,Cremonese,MOUMBAGNA Faris,moumbagna faris,,,0,0,0,0,0,0,0
2025-2026,19,Cremonese,OKEREKE David,okereke david,,,0,0,0,0,0,0,0
2025-2026,19,Cremonese,SANABRIA Antonio,sanabria antonio,,,0,0,0,0,0,0,0
2025-2026,19,Cremonese,SARMIENTO Jeremy,sarmiento jeremy,,,0,0,0,0,0,0,0
2025-2026,19,Cremonese,VARDY Jamie,vardy jamie,6.5,10.5,1,1,0,0,0,0,0
2025-2026,19,Cremonese,VAZQUEZ Franco,vazquez franco,,,0,0,0,0,0,0,0
2025-2026,19,Cremonese,ZERBIN Alessio,zerbin alessio,6.0,6.0,0,0,0,0,0,0,0
2025-2026,19,Parma,CORVI Edoardo,corvi edoardo,6.0,4.0,-2,0,0,0,0,0,0
2025-2026,19,Parma,GUAITA Vicente,guaita vicente,,,0,0,0,0,0,0,0
2025-2026,19,Parma,RINALDI Filippo,rinaldi filippo,,,0,0,0,0,0,0,0
2025-2026,19,Parma,SUZUKI Zion,suzuki zion,,,0,0,0,0,0,0,0
2025-2026,19,Parma,BRITSCHGI Sascha,britschgi sascha,5.0,5.0,0,0,0,0,0,0,0
2025-2026,19,Parma,CIRCATI Alessandro,circati alessandro,5.0,5.0,0,0,0,0,0,0,0
2025-2026,19,Parma,DEL PRATO Enrico,del prato enrico,5.0,5.0,0,0,0,0,0,0,0
2025-2026,19,Parma,LOVIK Mathias,lovik mathias,,,0,0,0,0,0,0,0
2025-2026,19,Parma,NDIAYE Abdoulaye,ndiaye abdoulaye,,,0,0,0,0,0,0,0
2025-2026,19,Parma,TRABUCCHI Nicolas,trabucchi nicolas,,,0,0,0,0,0,0,0
2025-2026,19,Parma,TROILO Mariano,troilo mariano,,,0,0,0,0,0,0,0
2025-2026,19,Parma,VALENTI Lautaro,valenti lautaro,,,0,0,0,0,0,0,0
2025-2026,19,Parma,VALERI Emanuele,valeri emanuele,6.0,6.0,0,0,0,0,0,0,0
2025-2026,19,Parma,BERNABE' Adrian,bernabe' adrian,5.0,5.0,0,0,0,0,0,0,0
2025-2026,19,Parma,CREMASCHI Benjamin,cremaschi benjamin,,,0,0,0,0,0,0,0
2025-2026,19,Parma,ESTEVEZ Nahuel,estevez nahuel,,6.0,0,0,0,0,0,0,0
2025-2026,19,Parma,HERNANI,hernani,,,0,0,0,0,0,0,0
2025-2026,19,Parma,KEITA Mandela,keita mandela,5.5,5.5,0,0,0,0,0,0,0
2025-2026,19,Parma,ORDONEZ Christian,ordonez christian,5.5,5.5,0,0,0,0,0,0,0
2025-2026,19,Parma,ORISTANIO Gaetano,oristanio gaetano,5.0,5.0,0,0,0,0,0,0,0
2025-2026,19,Parma,PLICCO Elia,plicco elia,,,0,0,0,0,0,0,0
2025-2026,19,Parma,SORENSEN Oliver,sorensen oliver,6.0,6.0,0,0,0,0,0,0,0
2025-2026,19,Parma,ALMQVIST Pontus,almqvist pontus,5.5,5.5,0,0,0,0,0,0,0
2025-2026,19,Parma,BEGIC Tjas,begic tjas,,,0,0,0,0,0,0,0
2025-2026,19,Parma,BENEDYCZAK Adrian,benedyczak adrian,,,0,0,0,0,0,0,0
2025-2026,19,Parma,CUTRONE Patrick,cutrone patrick,5.5,5.5,0,0,0,0,0,0,0
2025-2026,19,Parma,DJURIC Milan,djuric milan,,,0,0,0,0,0,0,0
2025-2026,19,Parma,FRIGAN Matija,frigan matija,,,0,0,0,0,0,0,0
2025-2026,19,Parma,ONDREJKA Jacob,ondrejka jacob,6.0,6.0,0,0,0,0,0,0,0
2025-2026,19,Parma,PELLEGRINO Mateo,pellegrino mateo,5.0,5.0,0,0,0,0,0,0,0
2025-2026,19,Pisa,NICOLAS,nicolas,,,0,0,0,0,0,0,0
2025-2026,19,Pisa,SCUFFET Simone,scuffet simone,,,0,0,0,0,0,0,0
2025-2026,19,Pisa,SEMPER Adrian,semper adrian,5.5,2.5,-3,0,0,0,0,0,1
2025-2026,19,Pisa,ALBIOL Raul,albiol raul,,,0,0,0,0,0,0,0
2025-2026,19,Pisa,ANGORI Samuele,angori samuele,5.5,5.5,0,0,0,0,0,0,0
2025-2026,19,Pisa,BONFANTI Giovanni,bonfanti giovanni,,,0,0,0,0,0,0,0
2025-2026,19,Pisa,CALABRESI Arturo,calabresi arturo,,,0,0,0,0,0,0,0
2025-2026,19,Pisa,CANESTRELLI Simone,canestrelli simone,5.5,5.5,0,0,0,0,0,0,0
2025-2026,19,Pisa,CARACCIOLO Antonio,caracciolo antonio,5.5,5.5,0,0,0,0,0,0,0
2025-2026,19,Pisa,CUADRADO Juan,cuadrado juan,,,0,0,0,0,0,0,0
2025-2026,19,Pisa,DENOON Daniel,denoon daniel,,,0,0,0,0,0,0,0
2025-2026,19,Pisa,ESTEVES Tomas,esteves tomas,,6.0,0,0,0,0,0,0,0
2025-2026,19,Pisa,LUSUARDI Mateus,lusuardi mateus,,,0,0,0,0,0,0,0
2025-2026,19,Pisa,MBAMBI Jeremy,mbambi jeremy,,,0,0,0,0,0,0,0
2025-2026,19,Pisa,AEBISCHER Michel,aebischer michel,5.5,5.0,0,0,1,0,0,0,0
2025-2026,19,Pisa,AKINSANMIRO Ebenezer,akinsanmiro ebenezer,,,0,0,0,0,0,0,0
2025-2026,19,Pisa,HOJHOLT Malthe,hojholt malthe,,6.0,0,0,0,0,0,0,0
2025-2026,19,Pisa,LERIS Mehdi,leris mehdi,6.0,6.0,0,0,0,0,0,0,0
2025-2026,19,Pisa,LORRAN De Sousa,lorran de sousa,,6.0,0,0,0,0,0,0,0
2025-2026,19,Pisa,MARIN Marius,marin marius,6.0,6.0,0,0,0,0,0,0,0
2025-2026,19,Pisa,MAUCCI Giacomo,maucci giacomo,,,0,0,0,0,0,0,0
2025-2026,19,Pisa,PICCININI Gabriele,piccinini gabriele,6.5,6.5,0,0,0,0,0,0,0
2025-2026,19,Pisa,STENGS Calvin,stengs calvin,,,0,0,0,0,0,0,0
2025-2026,19,Pisa,TOURE Idrissa,toure idrissa,6.0,6.0,0,0,0,0,0,0,0
2025-2026,19,Pisa,TRAMONI Matteo,tramoni matteo,6.5,6.5,0,0,0,0,0,0,0
2025-2026,19,Pisa,VURAL Isak,vural isak,,,0,0,0,0,0,0,0
2025-2026,19,Pisa,BUFFON Louis,buffon louis,,,0,0,0,0,0,0,0
2025-2026,19,Pisa,MEISTER Henrik,meister henrik,,,0,0,0,0,0,0,0
2025-2026,19,Pisa,MOREO Stefano,moreo stefano,5.5,5.5,0,0,0,0,0,0,0
2025-2026,19,Pisa,NZOLA M'Bala,nzola m'bala,4.0,1.0,0,0,0,0,0,0,1
2025-2026,19,Como,BUTEZ Jean,butez jean,7.0,11.0,0,0,0,0,0,1,0
2025-2026,19,Como,CAVLINA Nikola,cavlina nikola,,,0,0,0,0,0,0,0
2025-2026,19,Como,VIGORITO Mauro,vigorito mauro,,,0,0,0,0,0,0,0
2025-2026,19,Como,CARLOS Diego,carlos diego,,,0,0,0,0,0,0,0
2025-2026,19,Como,DOSSENA Alberto,dossena alberto,,,0,0,0,0,0,0,0
2025-2026,19,Como,GOLDANIGA Edoardo,goldaniga edoardo,,,0,0,0,0,0,0,0
2025-2026,19,Como,KEMPF Marc-Oliver,kempf marc-oliver,6.0,6.0,0,0,0,0,0,0,0
2025-2026,19,Como,MORENO Alberto,moreno alberto,,,0,0,0,0,0,0,0
2025-2026,19,Como,POSCH Stefan,posch stefan,,,0,0,0,0,0,0,0
2025-2026,19,Como,RAMON Jacobo,ramon jacobo,6.0,5.5,0,0,1,0,0,0,0
2025-2026,19,Como,ROBERTO Sergi,roberto sergi,,,0,0,0,0,0,0,0
2025-2026,19,Como,SALA Marco,sala marco,,,0,0,0,0,0,0,0
2025-2026,19,Como,SMOLCIC Ivan,smolcic ivan,6.0,6.0,0,0,0,0,0,0,0
2025-2026,19,Como,VALLE Alex,valle alex,6.0,6.0,0,0,0,0,0,0,0
2025-2026,19,Como,VAN DER BREMPT Igna.,van der brempt igna.,,,0,0,0,0,0,0,0
2025-2026,19,Como,VOJVODA Mergim,vojvoda mergim,6.5,6.5,0,0,0,0,0,0,0
2025-2026,19,Como,BATURINA Martin,baturina martin,,6.0,0,0,0,0,0,0,0
2025-2026,19,Como,CAQUERET Maxence,caqueret maxence,6.5,7.5,0,1,0,0,0,0,0
2025-2026,19,Como,DA CUNHA Lucas,da cunha lucas,5.5,5.0,0,0,1,0,0,0,0
2025-2026,19,Como,PAZ Nico,paz nico,6.0,6.0,0,0,0,0,0,0,0
2025-2026,19,Como,PERRONE Maximo,perrone maximo,7.0,10.0,1,0,0,0,0,0,0
2025-2026,19,Como,ADDAI Jaden,addai jaden,,,0,0,0,0,0,0,0
2025-2026,19,Como,CERRI Alberto,cerri alberto,,,0,0,0,0,0,0,0
2025-2026,19,Como,DIAO Assane,diao assane,,,0,0,0,0,0,0,0
2025-2026,19,Como,DOUVIKAS Tasos,douvikas tasos,7.0,13.0,2,0,0,0,0,1,0
2025-2026,19,Como,KUHN Nicolas,kuhn nicolas,5.5,5.5,0,0,0,0,0,0,0
2025-2026,19,Como,MORATA Alvaro,morata alvaro,,,0,0,0,0,0,0,0
2025-2026,19,Como,RODRIGUEZ Jesus,rodriguez jesus,6.5,7.5,0,1,0,0,0,0,0
