id,isResult,side,h,a,goals,xG,datetime,forecast,result
29852,True,a,"{'id': '99', 'title': 'Udinese', 'short_title': 'UDI'}","{'id': '94', 'title': 'Verona', 'short_title': 'VER'}","{'h': '1', 'a': '1'}","{'h': '1.05058', 'a': '0.799203'}",2025-08-25 16:30:00,"{'w': 0.40785462563198394, 'd': 0.3197646924602338, 'l': 0.2723806819071698}",d
29863,True,a,"{'id': '96', 'title': 'Lazio', 'short_title': 'LAZ'}","{'id': '94', 'title': 'Verona', 'short_title': 'VER'}","{'h': '4', 'a': '0'}","{'h': '3.96645', 'a': '0.600485'}",2025-08-31 18:45:00,"{'w': 0.9236523931731201, 'd': 0.05441033059843086, 'l': 0.02191915913940708}",l
29872,True,h,"{'id': '94', 'title': 'Verona', 'short_title': 'VER'}","{'id': '272', 'title': 'Cremonese', 'short_title': 'CRE'}","{'h': '0', 'a': '0'}","{'h': '1.8883', 'a': '0.166346'}",2025-09-15 16:30:00,"{'w': 0.8014193887729185, 'd': 0.17166104312469746, 'l': 0.026919566288605524}",d
29876,True,h,"{'id': '94', 'title': 'Verona', 'short_title': 'VER'}","{'id': '98', 'title': 'Juventus', 'short_title': 'JUV'}","{'h': '1', 'a': '1'}","{'h': '1.65885', 'a': '0.470357'}",2025-09-20 16:00:00,"{'w': 0.6679903700227116, 'd': 0.23147754006816806, 'l': 0.10053208958747228}",d
29892,True,a,"{'id': '95', 'title': 'Roma', 'short_title': 'ROM'}","{'id': '94', 'title': 'Verona', 'short_title': 'VER'}","{'h': '2', 'a': '0'}","{'h': '1.30542', 'a': '1.35351'}",2025-09-28 13:00:00,"{'w': 0.3586439190483702, 'd': 0.26040093784401935, 'l': 0.3809551430751001}",l
29903,True,h,"{'id': '94', 'title': 'Verona', 'short_title': 'VER'}","{'id': '104', 'title': 'Sassuolo', 'short_title': 'SAS'}","{'h': '0', 'a': '1'}","{'h': '0.810981', 'a': '1.5058'}",2025-10-03 18:45:00,"{'w': 0.20204350104693478, 'd': 0.26113004402243173, 'l': 0.5368264548437809}",l
29912,True,a,"{'id': '291', 'title': 'Pisa', 'short_title': 'PIS'}","{'id': '94', 'title': 'Verona', 'short_title': 'VER'}","{'h': '0', 'a': '0'}","{'h': '0.572009', 'a': '1.65491'}",2025-10-18 13:00:00,"{'w': 0.12469378370332489, 'd': 0.2368242540062737, 'l': 0.638481961978883}",d
29915,True,h,"{'id': '94', 'title': 'Verona', 'short_title': 'VER'}","{'id': '116', 'title': 'Cagliari', 'short_title': 'CAG'}","{'h': '2', 'a': '2'}","{'h': '2.03687', 'a': '0.837271'}",2025-10-26 13:00:00,"{'w': 0.652732536084779, 'd': 0.20248418577632382, 'l': 0.1447832732189256}",d
29927,True,a,"{'id': '286', 'title': 'Como', 'short_title': 'COM'}","{'id': '94', 'title': 'Verona', 'short_title': 'VER'}","{'h': '3', 'a': '1'}","{'h': '1.74279', 'a': '1.69938'}",2025-10-29 16:30:00,"{'w': 0.3965570471089632, 'd': 0.22482750650439406, 'l': 0.3786154453180205}",l
29943,False,h,"{'id': '94', 'title': 'Verona', 'short_title': 'VER'}","{'id': '106', 'title': 'Inter', 'short_title': 'INT'}","{'h': None, 'a': None}","{'h': None, 'a': None}",2025-11-02 12:00:00,,
29950,False,a,"{'id': '243', 'title': 'Lecce', 'short_title': 'LEC'}","{'id': '94', 'title': 'Verona', 'short_title': 'VER'}","{'h': None, 'a': None}","{'h': None, 'a': None}",2025-11-09 12:00:00,,
29954,False,h,"{'id': '94', 'title': 'Verona', 'short_title': 'VER'}","{'id': '230', 'title': 'Parma Calcio 1913', 'short_title': 'PAR'}","{'h': None, 'a': None}","{'h': None, 'a': None}",2025-11-23 12:00:00,,
29967,False,a,"{'id': '101', 'title': 'Genoa', 'short_title': 'GEN'}","{'id': '94', 'title': 'Verona', 'short_title': 'VER'}","{'h': None, 'a': None}","{'h': None, 'a': None}",2025-11-30 12:00:00,,
29983,False,h,"{'id': '94', 'title': 'Verona', 'short_title': 'VER'}","{'id': '107', 'title': 'Atalanta', 'short_title': 'ATA'}","{'h': None, 'a': None}","{'h': None, 'a': None}",2025-12-07 12:00:00,,
29986,False,a,"{'id': '110', 'title': 'Fiorentina', 'short_title': 'FIO'}","{'id': '94', 'title': 'Verona', 'short_title': 'VER'}","{'h': None, 'a': None}","{'h': None, 'a': None}",2025-12-14 12:00:00,,
30003,False,h,"{'id': '94', 'title': 'Verona', 'short_title': 'VER'}","{'id': '97', 'title': 'Bologna', 'short_title': 'BOL'}","{'h': None, 'a': None}","{'h': None, 'a': None}",2025-12-21 12:00:00,,
30007,False,a,"{'id': '111', 'title': 'AC Milan', 'short_title': 'MIL'}","{'id': '94', 'title': 'Verona', 'short_title': 'VER'}","{'h': None, 'a': None}","{'h': None, 'a': None}",2025-12-28 12:00:00,,
30023,False,h,"{'id': '94', 'title': 'Verona', 'short_title': 'VER'}","{'id': '113', 'title': 'Torino', 'short_title': 'TOR'}","{'h': None, 'a': None}","{'h': None, 'a': None}",2026-01-03 12:00:00,,
30029,False,a,"{'id': '105', 'title': 'Napoli', 'short_title': 'NAP'}","{'id': '94', 'title': 'Verona', 'short_title': 'VER'}","{'h': None, 'a': None}","{'h': None, 'a': None}",2026-01-06 17:45:00,,
30043,False,h,"{'id': '94', 'title': 'Verona', 'short_title': 'VER'}","{'id': '96', 'title': 'Lazio', 'short_title': 'LAZ'}","{'h': None, 'a': None}","{'h': None, 'a': None}",2026-01-11 12:00:00,,
30044,False,a,"{'id': '272', 'title': 'Cremonese', 'short_title': 'CRE'}","{'id': '94', 'title': 'Verona', 'short_title': 'VER'}","{'h': None, 'a': None}","{'h': None, 'a': None}",2026-01-18 12:00:00,,
30063,False,h,"{'id': '94', 'title': 'Verona', 'short_title': 'VER'}","{'id': '99', 'title': 'Udinese', 'short_title': 'UDI'}","{'h': None, 'a': None}","{'h': None, 'a': None}",2026-01-25 12:00:00,,
30065,False,a,"{'id': '116', 'title': 'Cagliari', 'short_title': 'CAG'}","{'id': '94', 'title': 'Verona', 'short_title': 'VER'}","{'h': None, 'a': None}","{'h': None, 'a': None}",2026-02-01 12:00:00,,
30074,False,h,"{'id': '94', 'title': 'Verona', 'short_title': 'VER'}","{'id': '291', 'title': 'Pisa', 'short_title': 'PIS'}","{'h': None, 'a': None}","{'h': None, 'a': None}",2026-02-08 12:00:00,,
30090,False,a,"{'id': '230', 'title': 'Parma Calcio 1913', 'short_title': 'PAR'}","{'id': '94', 'title': 'Verona', 'short_title': 'VER'}","{'h': None, 'a': None}","{'h': None, 'a': None}",2026-02-15 12:00:00,,
30103,False,a,"{'id': '104', 'title': 'Sassuolo', 'short_title': 'SAS'}","{'id': '94', 'title': 'Verona', 'short_title': 'VER'}","{'h': None, 'a': None}","{'h': None, 'a': None}",2026-02-22 12:00:00,,
30109,False,h,"{'id': '94', 'title': 'Verona', 'short_title': 'VER'}","{'id': '105', 'title': 'Napoli', 'short_title': 'NAP'}","{'h': None, 'a': None}","{'h': None, 'a': None}",2026-03-01 12:00:00,,
30123,False,a,"{'id': '97', 'title': 'Bologna', 'short_title': 'BOL'}","{'id': '94', 'title': 'Verona', 'short_title': 'VER'}","{'h': None, 'a': None}","{'h': None, 'a': None}",2026-03-08 12:00:00,,
30133,False,h,"{'id': '94', 'title': 'Verona', 'short_title': 'VER'}","{'id': '101', 'title': 'Genoa', 'short_title': 'GEN'}","{'h': None, 'a': None}","{'h': None, 'a': None}",2026-03-15 12:00:00,,
30134,False,a,"{'id': '107', 'title': 'Atalanta', 'short_title': 'ATA'}","{'id': '94', 'title': 'Verona', 'short_title': 'VER'}","{'h': None, 'a': None}","{'h': None, 'a': None}",2026-03-22 12:00:00,,
30153,False,h,"{'id': '94', 'title': 'Verona', 'short_title': 'VER'}","{'id': '110', 'title': 'Fiorentina', 'short_title': 'FIO'}","{'h': None, 'a': None}","{'h': None, 'a': None}",2026-04-04 12:00:00,,
30163,False,a,"{'id': '113', 'title': 'Torino', 'short_title': 'TOR'}","{'id': '94', 'title': 'Verona', 'short_title': 'VER'}","{'h': None, 'a': None}","{'h': None, 'a': None}",2026-04-12 12:00:00,,
30172,False,h,"{'id': '94', 'title': 'Verona', 'short_title': 'VER'}","{'id': '111', 'title': 'AC Milan', 'short_title': 'MIL'}","{'h': None, 'a': None}","{'h': None, 'a': None}",2026-04-19 12:00:00,,
30183,False,h,"{'id': '94', 'title': 'Verona', 'short_title': 'VER'}","{'id': '243', 'title': 'Lecce', 'short_title': 'LEC'}","{'h': None, 'a': None}","{'h': None, 'a': None}",2026-04-26 12:00:00,,
30189,False,a,"{'id': '98', 'title': 'Juventus', 'short_title': 'JUV'}","{'id': '94', 'title': 'Verona', 'short_title': 'VER'}","{'h': None, 'a': None}","{'h': None, 'a': None}",2026-05-03 12:00:00,,
30194,False,h,"{'id': '94', 'title': 'Verona', 'short_title': 'VER'}","{'id': '286', 'title': 'Como', 'short_title': 'COM'}","{'h': None, 'a': None}","{'h': None, 'a': None}",2026-05-10 12:00:00,,
30208,False,a,"{'id': '106', 'title': 'Inter', 'short_title': 'INT'}","{'id': '94', 'title': 'Verona', 'short_title': 'VER'}","{'h': None, 'a': None}","{'h': None, 'a': None}",2026-05-17 12:00:00,,
30223,False,h,"{'id': '94', 'title': 'Verona', 'short_title': 'VER'}","{'id': '95', 'title': 'Roma', 'short_title': 'ROM'}","{'h': None, 'a': None}","{'h': None, 'a': None}",2026-05-24 12:00:00,,
29847,True,h,"{'id': '95', 'title': 'Roma', 'short_title': 'ROM'}","{'id': '97', 'title': 'Bologna', 'short_title': 'BOL'}","{'h': '1', 'a': '0'}","{'h': '1.47691', 'a': '0.443508'}",2025-08-23 18:45:00,"{'w': 0.6311909843361577, 'd': 0.25944734096229527, 'l': 0.109361674634836}",w
29858,True,a,"{'id': '291', 'title': 'Pisa', 'short_title': 'PIS'}","{'id': '95', 'title': 'Roma', 'short_title': 'ROM'}","{'h': '0', 'a': '1'}","{'h': '0.6627', 'a': '0.953921'}",2025-08-30 18:45:00,"{'w': 0.24467914577946345, 'd': 0.3453847504211176, 'l': 0.40993610379926376}",w
29867,True,h,"{'id': '95', 'title': 'Roma', 'short_title': 'ROM'}","{'id': '113', 'title': 'Torino', 'short_title': 'TOR'}","{'h': '0', 'a': '1'}","{'h': '1.02943', 'a': '0.805089'}",2025-09-14 10:30:00,"{'w': 0.3996315227372538, 'd': 0.32212136614755943, 'l': 0.27824711111472183}",l
29881,True,a,"{'id': '96', 'title': 'Lazio', 'short_title': 'LAZ'}","{'id': '95', 'title': 'Roma', 'short_title': 'ROM'}","{'h': '0', 'a': '1'}","{'h': '0.666967', 'a': '1.22639'}",2025-09-21 10:30:00,"{'w': 0.20186566268687273, 'd': 0.30131651845901586, 'l': 0.4968178188489249}",w
29892,True,h,"{'id': '95', 'title': 'Roma', 'short_title': 'ROM'}","{'id': '94', 'title': 'Verona', 'short_title': 'VER'}","{'h': '2', 'a': '0'}","{'h': '1.30542', 'a': '1.35351'}",2025-09-28 13:00:00,"{'w': 0.3586439190483702, 'd': 0.26040093784401935, 'l': 0.3809551430751001}",w
29896,True,a,"{'id': '110', 'title': 'Fiorentina', 'short_title': 'FIO'}","{'id': '95', 'title': 'Roma', 'short_title': 'ROM'}","{'h': '1', 'a': '2'}","{'h': '1.11719', 'a': '1.22512'}",2025-10-05 13:00:00,"{'w': 0.33350253820676784, 'd': 0.2801166496662738, 'l': 0.3863808121204298}",w
29913,True,h,"{'id': '95', 'title': 'Roma', 'short_title': 'ROM'}","{'id': '106', 'title': 'Inter', 'short_title': 'INT'}","{'h': '0', 'a': '1'}","{'h': '2.1538', 'a': '0.96386'}",2025-10-18 18:45:00,"{'w': 0.6456527905921169, 'd': 0.19638283845321178, 'l': 0.15796436075940734}",l
29922,True,a,"{'id': '104', 'title': 'Sassuolo', 'short_title': 'SAS'}","{'id': '95', 'title': 'Roma', 'short_title': 'ROM'}","{'h': '0', 'a': '1'}","{'h': '0.949353', 'a': '2.25968'}",2025-10-26 13:00:00,"{'w': 0.14448202692108816, 'd': 0.1862278351203209, 'l': 0.6692901189784424}",w
29933,True,h,"{'id': '95', 'title': 'Roma', 'short_title': 'ROM'}","{'id': '230', 'title': 'Parma Calcio 1913', 'short_title': 'PAR'}","{'h': '2', 'a': '1'}","{'h': '1.15685', 'a': '1.17796'}",2025-10-29 16:30:00,"{'w': 0.3542430474955877, 'd': 0.28115203022630836, 'l': 0.3646049222728347}",w
29937,False,a,"{'id': '111', 'title': 'AC Milan', 'short_title': 'MIL'}","{'id': '95', 'title': 'Roma', 'short_title': 'ROM'}","{'h': None, 'a': None}","{'h': None, 'a': None}",2025-11-02 12:00:00,,
29953,False,h,"{'id': '95', 'title': 'Roma', 'short_title': 'ROM'}","{'id': '99', 'title': 'Udinese', 'short_title': 'UDI'}","{'h': None, 'a': None}","{'h': None, 'a': None}",2025-11-09 12:00:00,,
29956,False,a,"{'id': '272', 'title': 'Cremonese', 'short_title': 'CRE'}","{'id': '95', 'title': 'Roma', 'short_title': 'ROM'}","{'h': None, 'a': None}","{'h': None, 'a': None}",2025-11-23 12:00:00,,
29973,False,h,"{'id': '95', 'title': 'Roma', 'short_title': 'ROM'}","{'id': '105', 'title': 'Napoli', 'short_title': 'NAP'}","{'h': None, 'a': None}","{'h': None, 'a': None}",2025-11-30 12:00:00,,
29974,False,a,"{'id': '116', 'title': 'Cagliari', 'short_title': 'CAG'}","{'id': '95', 'title': 'Roma', 'short_title': 'ROM'}","{'h': None, 'a': None}","{'h': None, 'a': None}",2025-12-07 12:00:00,,
29991,False,h,"{'id': '95', 'title': 'Roma', 'short_title': 'ROM'}","{'id': '286', 'title': 'Como', 'short_title': 'COM'}","{'h': None, 'a': None}","{'h': None, 'a': None}",2025-12-14 12:00:00,,
29999,False,a,"{'id': '98', 'title': 'Juventus', 'short_title': 'JUV'}","{'id': '95', 'title': 'Roma', 'short_title': 'ROM'}","{'h': None, 'a': None}","{'h': None, 'a': None}",2025-12-21 12:00:00,,
30010,False,h,"{'id': '95', 'title': 'Roma', 'short_title': 'ROM'}","{'id': '101', 'title': 'Genoa', 'short_title': 'GEN'}","{'h': None, 'a': None}","{'h': None, 'a': None}",2025-12-28 12:00:00,,
30014,False,a,"{'id': '107', 'title': 'Atalanta', 'short_title': 'ATA'}","{'id': '95', 'title': 'Roma', 'short_title': 'ROM'}","{'h': None, 'a': None}","{'h': None, 'a': None}",2026-01-03 12:00:00,,
30027,False,a,"{'id': '243', 'title': 'Lecce', 'short_title': 'LEC'}","{'id': '95', 'title': 'Roma', 'short_title': 'ROM'}","{'h': None, 'a': None}","{'h': None, 'a': None}",2026-01-06 17:45:00,,
30041,False,h,"{'id': '95', 'title': 'Roma', 'short_title': 'ROM'}","{'id': '104', 'title': 'Sassuolo', 'short_title': 'SAS'}","{'h': None, 'a': None}","{'h': None, 'a': None}",2026-01-11 12:00:00,,
30050,False,a,"{'id': '113', 'title': 'Torino', 'short_title': 'TOR'}","{'id': '95', 'title': 'Roma', 'short_title': 'ROM'}","{'h': None, 'a': None}","{'h': None, 'a': None}",2026-01-18 12:00:00,,
30061,False,h,"{'id': '95', 'title': 'Roma', 'short_title': 'ROM'}","{'id': '111', 'title': 'AC Milan', 'short_title': 'MIL'}","{'h': None, 'a': None}","{'h': None, 'a': None}",2026-01-25 12:00:00,,
30073,False,a,"{'id': '99', 'title': 'Udinese', 'short_title': 'UDI'}","{'id': '95', 'title': 'Roma', 'short_title': 'ROM'}","{'h': None, 'a': None}","{'h': None, 'a': None}",2026-02-01 12:00:00,,
30076,False,h,"{'id': '95', 'title': 'Roma', 'short_title': 'ROM'}","{'id': '116', 'title': 'Cagliari', 'short_title': 'CAG'}","{'h': None, 'a': None}","{'h': None, 'a': None}",2026-02-08 12:00:00,,
30089,False,a,"{'id': '105', 'title': 'Napoli', 'short_title': 'NAP'}","{'id': '95', 'title': 'Roma', 'short_title': 'ROM'}","{'h': None, 'a': None}","{'h': None, 'a': None}",2026-02-15 12:00:00,,
30102,False,h,"{'id': '95', 'title': 'Roma', 'short_title': 'ROM'}","{'id': '272', 'title': 'Cremonese', 'short_title': 'CRE'}","{'h': None, 'a': None}","{'h': None, 'a': None}",2026-02-22 12:00:00,,
30108,False,h,"{'id': '95', 'title': 'Roma', 'short_title': 'ROM'}","{'id': '98', 'title': 'Juventus', 'short_title': 'JUV'}","{'h': None, 'a': None}","{'h': None, 'a': None}",2026-03-01 12:00:00,,
30118,False,a,"{'id': '101', 'title': 'Genoa', 'short_title': 'GEN'}","{'id': '95', 'title': 'Roma', 'short_title': 'ROM'}","{'h': None, 'a': None}","{'h': None, 'a': None}",2026-03-08 12:00:00,,
30124,False,a,"{'id': '286', 'title': 'Como', 'short_title': 'COM'}","{'id': '95', 'title': 'Roma', 'short_title': 'ROM'}","{'h': None, 'a': None}","{'h': None, 'a': None}",2026-03-15 12:00:00,,
30143,False,h,"{'id': '95', 'title': 'Roma', 'short_title': 'ROM'}","{'id': '243', 'title': 'Lecce', 'short_title': 'LEC'}","{'h': None, 'a': None}","{'h': None, 'a': None}",2026-03-22 12:00:00,,
30145,False,a,"{'id': '106', 'title': 'Inter', 'short_title': 'INT'}","{'id': '95', 'title': 'Roma', 'short_title': 'ROM'}","{'h': None, 'a': None}","{'h': None, 'a': None}",2026-04-04 12:00:00,,
30162,False,h,"{'id': '95', 'title': 'Roma', 'short_title': 'ROM'}","{'id': '291', 'title': 'Pisa', 'short_title': 'PIS'}","{'h': None, 'a': None}","{'h': None, 'a': None}",2026-04-12 12:00:00,,
30169,False,h,"{'id': '95', 'title': 'Roma', 'short_title': 'ROM'}","{'id': '107', 'title': 'Atalanta', 'short_title': 'ATA'}","{'h': None, 'a': None}","{'h': None, 'a': None}",2026-04-19 12:00:00,,
30174,False,a,"{'id': '97', 'title': 'Bologna', 'short_title': 'BOL'}","{'id': '95', 'title': 'Roma', 'short_title': 'ROM'}","{'h': None, 'a': None}","{'h': None, 'a': None}",2026-04-26 12:00:00,,
30191,False,h,"{'id': '95', 'title': 'Roma', 'short_title': 'ROM'}","{'id': '110', 'title': 'Fiorentina', 'short_title': 'FIO'}","{'h': None, 'a': None}","{'h': None, 'a': None}",2026-05-03 12:00:00,,
30202,False,a,"{'id': '230', 'title': 'Parma Calcio 1913', 'short_title': 'PAR'}","{'id': '95', 'title': 'Roma', 'short_title': 'ROM'}","{'h': None, 'a': None}","{'h': None, 'a': None}",2026-05-10 12:00:00,,
30211,False,h,"{'id': '95', 'title': 'Roma', 'short_title': 'ROM'}","{'id': '96', 'title': 'Lazio', 'short_title': 'LAZ'}","{'h': None, 'a': None}","{'h': None, 'a': None}",2026-05-17 12:00:00,,
30223,False,a,"{'id': '94', 'title': 'Verona', 'short_title': 'VER'}","{'id': '95', 'title': 'Roma', 'short_title': 'ROM'}","{'h': None, 'a': None}","{'h': None, 'a': None}",2026-05-24 12:00:00,,
29849,True,a,"{'id': '286', 'title': 'Como', 'short_title': 'COM'}","{'id': '96', 'title': 'Lazio', 'short_title': 'LAZ'}","{'h': '2', 'a': '0'}","{'h': '1.28478', 'a': '0.202984'}",2025-08-24 16:30:00,"{'w': 0.6537444250779725, 'd': 0.28873727588531606, 'l': 0.0575182990268454}",l
29863,True,h,"{'id': '96', 'title': 'Lazio', 'short_title': 'LAZ'}","{'id': '94', 'title': 'Verona', 'short_title': 'VER'}","{'h': '4', 'a': '0'}","{'h': '3.96645', 'a': '0.600485'}",2025-08-31 18:45:00,"{'w': 0.9236523931731201, 'd': 0.05441033059843086, 'l': 0.02191915913940708}",w
29870,True,a,"{'id': '104', 'title': 'Sassuolo', 'short_title': 'SAS'}","{'id': '96', 'title': 'Lazio', 'short_title': 'LAZ'}","{'h': '1', 'a': '0'}","{'h': '1.2156', 'a': '0.858246'}",2025-09-14 16:00:00,"{'w': 0.4439891110632688, 'd': 0.29528295672555566, 'l': 0.2607279322065534}",l
29881,True,h,"{'id': '96', 'title': 'Lazio', 'short_title': 'LAZ'}","{'id': '95', 'title': 'Roma', 'short_title': 'ROM'}","{'h': '0', 'a': '1'}","{'h': '0.666967', 'a': '1.22639'}",2025-09-21 10:30:00,"{'w': 0.20186566268687273, 'd': 0.30131651845901586, 'l': 0.4968178188489249}",l
29886,True,a,"{'id': '101', 'title': 'Genoa', 'short_title': 'GEN'}","{'id': '96', 'title': 'Lazio', 'short_title': 'LAZ'}","{'h': '0', 'a': '3'}","{'h': '1.47659', 'a': '3.54059'}",2025-09-29 18:45:00,"{'w': 0.11804657226695393, 'd': 0.12347138188811259, 'l': 0.7584771629335331}",w
29899,True,h,"{'id': '96', 'title': 'Lazio', 'short_title': 'LAZ'}","{'id': '113', 'title': 'Torino', 'short_title': 'TOR'}","{'h': '3', 'a': '3'}","{'h': '1.45075', 'a': '2.18108'}",2025-10-04 13:00:00,"{'w': 0.2528816825626187, 'd': 0.20500265665032963, 'l': 0.5421156487293888}",d
29904,True,a,"{'id': '107', 'title': 'Atalanta', 'short_title': 'ATA'}","{'id': '96', 'title': 'Lazio', 'short_title': 'LAZ'}","{'h': '0', 'a': '0'}","{'h': '2.38095', 'a': '0.220276'}",2025-10-19 16:00:00,"{'w': 0.858191033026752, 'd': 0.11849729804037455, 'l': 0.023311631784063865}",d
29918,True,h,"{'id': '96', 'title': 'Lazio', 'short_title': 'LAZ'}","{'id': '98', 'title': 'Juventus', 'short_title': 'JUV'}","{'h': '1', 'a': '0'}","{'h': '0.905304', 'a': '1.24614'}",2025-10-26 18:45:00,"{'w': 0.2691135437333237, 'd': 0.2895262279316501, 'l': 0.4413602283284834}",w
29932,True,a,"{'id': '291', 'title': 'Pisa', 'short_title': 'PIS'}","{'id': '96', 'title': 'Lazio', 'short_title': 'LAZ'}","{'h': '0', 'a': '0'}","{'h': '0.780185', 'a': '0.657914'}",2025-10-30 18:45:00,"{'w': 0.3484973686939478, 'd': 0.3757803032940791, 'l': 0.27572232801196345}",d
29936,False,h,"{'id': '96', 'title': 'Lazio', 'short_title': 'LAZ'}","{'id': '116', 'title': 'Cagliari', 'short_title': 'CAG'}","{'h': None, 'a': None}","{'h': None, 'a': None}",2025-11-02 12:00:00,,
29948,False,a,"{'id': '106', 'title': 'Inter', 'short_title': 'INT'}","{'id': '96', 'title': 'Lazio', 'short_title': 'LAZ'}","{'h': None, 'a': None}","{'h': None, 'a': None}",2025-11-09 12:00:00,,
29959,False,h,"{'id': '96', 'title': 'Lazio', 'short_title': 'LAZ'}","{'id': '243', 'title': 'Lecce', 'short_title': 'LEC'}","{'h': None, 'a': None}","{'h': None, 'a': None}",2025-11-23 12:00:00,,
29970,False,a,"{'id': '111', 'title': 'AC Milan', 'short_title': 'MIL'}","{'id': '96', 'title': 'Lazio', 'short_title': 'LAZ'}","{'h': None, 'a': None}","{'h': None, 'a': None}",2025-11-30 12:00:00,,
29977,False,h,"{'id': '96', 'title': 'Lazio', 'short_title': 'LAZ'}","{'id': '97', 'title': 'Bologna', 'short_title': 'BOL'}","{'h': None, 'a': None}","{'h': None, 'a': None}",2025-12-07 12:00:00,,
29990,False,a,"{'id': '230', 'title': 'Parma Calcio 1913', 'short_title': 'PAR'}","{'id': '96', 'title': 'Lazio', 'short_title': 'LAZ'}","{'h': None, 'a': None}","{'h': None, 'a': None}",2025-12-14 12:00:00,,
30000,False,h,"{'id': '96', 'title': 'Lazio', 'short_title': 'LAZ'}","{'id': '272', 'title': 'Cremonese', 'short_title': 'CRE'}","{'h': None, 'a': None}","{'h': None, 'a': None}",2025-12-21 12:00:00,,
30012,False,a,"{'id': '99', 'title': 'Udinese', 'short_title': 'UDI'}","{'id': '96', 'title': 'Lazio', 'short_title': 'LAZ'}","{'h': None, 'a': None}","{'h': None, 'a': None}",2025-12-28 12:00:00,,
30021,False,h,"{'id': '96', 'title': 'Lazio', 'short_title': 'LAZ'}","{'id': '105', 'title': 'Napoli', 'short_title': 'NAP'}","{'h': None, 'a': None}","{'h': None, 'a': None}",2026-01-03 12:00:00,,
30026,False,h,"{'id': '96', 'title': 'Lazio', 'short_title': 'LAZ'}","{'id': '110', 'title': 'Fiorentina', 'short_title': 'FIO'}","{'h': None, 'a': None}","{'h': None, 'a': None}",2026-01-06 17:45:00,,
30043,False,a,"{'id': '94', 'title': 'Verona', 'short_title': 'VER'}","{'id': '96', 'title': 'Lazio', 'short_title': 'LAZ'}","{'h': None, 'a': None}","{'h': None, 'a': None}",2026-01-11 12:00:00,,
30045,False,h,"{'id': '96', 'title': 'Lazio', 'short_title': 'LAZ'}","{'id': '286', 'title': 'Como', 'short_title': 'COM'}","{'h': None, 'a': None}","{'h': None, 'a': None}",2026-01-18 12:00:00,,
30060,False,a,"{'id': '243', 'title': 'Lecce', 'short_title': 'LEC'}","{'id': '96', 'title': 'Lazio', 'short_title': 'LAZ'}","{'h': None, 'a': None}","{'h': None, 'a': None}",2026-01-25 12:00:00,,
30068,False,h,"{'id': '96', 'title': 'Lazio', 'short_title': 'LAZ'}","{'id': '101', 'title': 'Genoa', 'short_title': 'GEN'}","{'h': None, 'a': None}","{'h': None, 'a': None}",2026-02-01 12:00:00,,
30081,False,a,"{'id': '98', 'title': 'Juventus', 'short_title': 'JUV'}","{'id': '96', 'title': 'Lazio', 'short_title': 'LAZ'}","{'h': None, 'a': None}","{'h': None, 'a': None}",2026-02-08 12:00:00,,
30088,False,h,"{'id': '96', 'title': 'Lazio', 'short_title': 'LAZ'}","{'id': '107', 'title': 'Atalanta', 'short_title': 'ATA'}","{'h': None, 'a': None}","{'h': None, 'a': None}",2026-02-15 12:00:00,,
30096,False,a,"{'id': '116', 'title': 'Cagliari', 'short_title': 'CAG'}","{'id': '96', 'title': 'Lazio', 'short_title': 'LAZ'}","{'h': None, 'a': None}","{'h': None, 'a': None}",2026-02-22 12:00:00,,
30111,False,a,"{'id': '113', 'title': 'Torino', 'short_title': 'TOR'}","{'id': '96', 'title': 'Lazio', 'short_title': 'LAZ'}","{'h': None, 'a': None}","{'h': None, 'a': None}",2026-03-01 12:00:00,,
30120,False,h,"{'id': '96', 'title': 'Lazio', 'short_title': 'LAZ'}","{'id': '104', 'title': 'Sassuolo', 'short_title': 'SAS'}","{'h': None, 'a': None}","{'h': None, 'a': None}",2026-03-08 12:00:00,,
30127,False,h,"{'id': '96', 'title': 'Lazio', 'short_title': 'LAZ'}","{'id': '111', 'title': 'AC Milan', 'short_title': 'MIL'}","{'h': None, 'a': None}","{'h': None, 'a': None}",2026-03-15 12:00:00,,
30135,False,a,"{'id': '97', 'title': 'Bologna', 'short_title': 'BOL'}","{'id': '96', 'title': 'Lazio', 'short_title': 'LAZ'}","{'h': None, 'a': None}","{'h': None, 'a': None}",2026-03-22 12:00:00,,
30147,False,h,"{'id': '96', 'title': 'Lazio', 'short_title': 'LAZ'}","{'id': '230', 'title': 'Parma Calcio 1913', 'short_title': 'PAR'}","{'h': None, 'a': None}","{'h': None, 'a': None}",2026-04-04 12:00:00,,
30158,False,a,"{'id': '110', 'title': 'Fiorentina', 'short_title': 'FIO'}","{'id': '96', 'title': 'Lazio', 'short_title': 'LAZ'}","{'h': None, 'a': None}","{'h': None, 'a': None}",2026-04-12 12:00:00,,
30167,False,a,"{'id': '105', 'title': 'Napoli', 'short_title': 'NAP'}","{'id': '96', 'title': 'Lazio', 'short_title': 'LAZ'}","{'h': None, 'a': None}","{'h': None, 'a': None}",2026-04-19 12:00:00,,
30178,False,h,"{'id': '96', 'title': 'Lazio', 'short_title': 'LAZ'}","{'id': '99', 'title': 'Udinese', 'short_title': 'UDI'}","{'h': None, 'a': None}","{'h': None, 'a': None}",2026-04-26 12:00:00,,
30187,False,a,"{'id': '272', 'title': 'Cremonese', 'short_title': 'CRE'}","{'id': '96', 'title': 'Lazio', 'short_title': 'LAZ'}","{'h': None, 'a': None}","{'h': None, 'a': None}",2026-05-03 12:00:00,,
30198,False,h,"{'id': '96', 'title': 'Lazio', 'short_title': 'LAZ'}","{'id': '106', 'title': 'Inter', 'short_title': 'INT'}","{'h': None, 'a': None}","{'h': None, 'a': None}",2026-05-10 12:00:00,,
30211,False,a,"{'id': '95', 'title': 'Roma', 'short_title': 'ROM'}","{'id': '96', 'title': 'Lazio', 'short_title': 'LAZ'}","{'h': None, 'a': None}","{'h': None, 'a': None}",2026-05-17 12:00:00,,
30217,False,h,"{'id': '96', 'title': 'Lazio', 'short_title': 'LAZ'}","{'id': '291', 'title': 'Pisa', 'short_title': 'PIS'}","{'h': None, 'a': None}","{'h': None, 'a': None}",2026-05-24 12:00:00,,
29847,True,a,"{'id': '95', 'title': 'Roma', 'short_title': 'ROM'}","{'id': '97', 'title': 'Bologna', 'short_title': 'BOL'}","{'h': '1', 'a': '0'}","{'h': '1.47691', 'a': '0.443508'}",2025-08-23 18:45:00,"{'w': 0.6311909843361577, 'd': 0.25944734096229527, 'l': 0.109361674634836}",l
29856,True,h,"{'id': '97', 'title': 'Bologna', 'short_title': 'BOL'}","{'id': '286', 'title': 'Como', 'short_title': 'COM'}","{'h': '1', 'a': '0'}","{'h': '1.51584', 'a': '0.521585'}",2025-08-30 16:30:00,"{'w': 0.6184919777284424, 'd': 0.2556888732215134, 'l': 0.12581914895499804}",w
29871,True,a,"{'id': '111', 'title': 'AC Milan', 'short_title': 'MIL'}","{'id': '97', 'title': 'Bologna', 'short_title': 'BOL'}","{'h': '1', 'a': '0'}","{'h': '1.15538', 'a': '0.198634'}",2025-09-14 18:45:00,"{'w': 0.6157813794121874, 'd': 0.3209462488911662, 'l': 0.06327237169438153}",l
29877,True,h,"{'id': '97', 'title': 'Bologna', 'short_title': 'BOL'}","{'id': '101', 'title': 'Genoa', 'short_title': 'GEN'}","{'h': '2', 'a': '1'}","{'h': '1.78786', 'a': '0.794732'}",2025-09-20 13:00:00,"{'w': 0.6099328043792982, 'd': 0.22769821136238685, 'l': 0.16236898338107408}",w
29888,True,a,"{'id': '243', 'title': 'Lecce', 'short_title': 'LEC'}","{'id': '97', 'title': 'Bologna', 'short_title': 'BOL'}","{'h': '2', 'a': '2'}","{'h': '2.09017', 'a': '1.5908'}",2025-09-28 16:00:00,"{'w': 0.4939931927431395, 'd': 0.21049322002456108, 'l': 0.29551358015158136}",d
29895,True,h,"{'id': '97', 'title': 'Bologna', 'short_title': 'BOL'}","{'id': '291', 'title': 'Pisa', 'short_title': 'PIS'}","{'h': '4', 'a': '0'}","{'h': '3.69928', 'a': '0.0265067'}",2025-10-05 13:00:00,"{'w': 0.9727972961426354, 'd': 0.02651525650364539, 'l': 0.0006793054996140212}",w
29905,True,a,"{'id': '116', 'title': 'Cagliari', 'short_title': 'CAG'}","{'id': '97', 'title': 'Bologna', 'short_title': 'BOL'}","{'h': '0', 'a': '2'}","{'h': '0.367775', 'a': '1.15836'}",2025-10-19 13:00:00,"{'w': 0.1173262118621935, 'd': 0.3203213346390777, 'l': 0.5623524534963807}",w
29917,True,a,"{'id': '110', 'title': 'Fiorentina', 'short_title': 'FIO'}","{'id': '97', 'title': 'Bologna', 'short_title': 'BOL'}","{'h': '2', 'a': '2'}","{'h': '3.87905', 'a': '0.883347'}",2025-10-26 16:00:00,"{'w': 0.8829241109957725, 'd': 0.07481147903989369, 'l': 0.04225035290459504}",d
29925,True,h,"{'id': '97', 'title': 'Bologna', 'short_title': 'BOL'}","{'id': '113', 'title': 'Torino', 'short_title': 'TOR'}","{'h': '0', 'a': '0'}","{'h': '0.3322', 'a': '0.797473'}",2025-10-29 18:45:00,"{'w': 0.1439592846260768, 'd': 0.41458442532576684, 'l': 0.44145629004814424}",d
29939,False,a,"{'id': '230', 'title': 'Parma Calcio 1913', 'short_title': 'PAR'}","{'id': '97', 'title': 'Bologna', 'short_title': 'BOL'}","{'h': None, 'a': None}","{'h': None, 'a': None}",2025-11-02 12:00:00,,
29945,False,h,"{'id': '97', 'title': 'Bologna', 'short_title': 'BOL'}","{'id': '105', 'title': 'Napoli', 'short_title': 'NAP'}","{'h': None, 'a': None}","{'h': None, 'a': None}",2025-11-09 12:00:00,,
29963,False,a,"{'id': '99', 'title': 'Udinese', 'short_title': 'UDI'}","{'id': '97', 'title': 'Bologna', 'short_title': 'BOL'}","{'h': None, 'a': None}","{'h': None, 'a': None}",2025-11-23 12:00:00,,
29965,False,h,"{'id': '97', 'title': 'Bologna', 'short_title': 'BOL'}","{'id': '272', 'title': 'Cremonese', 'short_title': 'CRE'}","{'h': None, 'a': None}","{'h': None, 'a': None}",2025-11-30 12:00:00,,
29977,False,a,"{'id': '96', 'title': 'Lazio', 'short_title': 'LAZ'}","{'id': '97', 'title': 'Bologna', 'short_title': 'BOL'}","{'h': None, 'a': None}","{'h': None, 'a': None}",2025-12-07 12:00:00,,
29985,False,h,"{'id': '97', 'title': 'Bologna', 'short_title': 'BOL'}","{'id': '98', 'title': 'Juventus', 'short_title': 'JUV'}","{'h': None, 'a': None}","{'h': None, 'a': None}",2025-12-14 12:00:00,,
30003,False,a,"{'id': '94', 'title': 'Verona', 'short_title': 'VER'}","{'id': '97', 'title': 'Bologna', 'short_title': 'BOL'}","{'h': None, 'a': None}","{'h': None, 'a': None}",2025-12-21 12:00:00,,
30004,False,h,"{'id': '97', 'title': 'Bologna', 'short_title': 'BOL'}","{'id': '104', 'title': 'Sassuolo', 'short_title': 'SAS'}","{'h': None, 'a': None}","{'h': None, 'a': None}",2025-12-28 12:00:00,,
30019,False,a,"{'id': '106', 'title': 'Inter', 'short_title': 'INT'}","{'id': '97', 'title': 'Bologna', 'short_title': 'BOL'}","{'h': None, 'a': None}","{'h': None, 'a': None}",2026-01-03 12:00:00,,
30024,False,h,"{'id': '97', 'title': 'Bologna', 'short_title': 'BOL'}","{'id': '107', 'title': 'Atalanta', 'short_title': 'ATA'}","{'h': None, 'a': None}","{'h': None, 'a': None}",2026-01-06 17:45:00,,
30035,False,a,"{'id': '286', 'title': 'Como', 'short_title': 'COM'}","{'id': '97', 'title': 'Bologna', 'short_title': 'BOL'}","{'h': None, 'a': None}","{'h': None, 'a': None}",2026-01-11 12:00:00,,
30052,False,h,"{'id': '97', 'title': 'Bologna', 'short_title': 'BOL'}","{'id': '110', 'title': 'Fiorentina', 'short_title': 'FIO'}","{'h': None, 'a': None}","{'h': None, 'a': None}",2026-01-18 12:00:00,,
30057,False,a,"{'id': '101', 'title': 'Genoa', 'short_title': 'GEN'}","{'id': '97', 'title': 'Bologna', 'short_title': 'BOL'}","{'h': None, 'a': None}","{'h': None, 'a': None}",2026-01-25 12:00:00,,
30064,False,h,"{'id': '97', 'title': 'Bologna', 'short_title': 'BOL'}","{'id': '111', 'title': 'AC Milan', 'short_title': 'MIL'}","{'h': None, 'a': None}","{'h': None, 'a': None}",2026-02-01 12:00:00,,
30078,False,h,"{'id': '97', 'title': 'Bologna', 'short_title': 'BOL'}","{'id': '230', 'title': 'Parma Calcio 1913', 'short_title': 'PAR'}","{'h': None, 'a': None}","{'h': None, 'a': None}",2026-02-08 12:00:00,,
30092,False,a,"{'id': '113', 'title': 'Torino', 'short_title': 'TOR'}","{'id': '97', 'title': 'Bologna', 'short_title': 'BOL'}","{'h': None, 'a': None}","{'h': None, 'a': None}",2026-02-15 12:00:00,,
30095,False,h,"{'id': '97', 'title': 'Bologna', 'short_title': 'BOL'}","{'id': '99', 'title': 'Udinese', 'short_title': 'UDI'}","{'h': None, 'a': None}","{'h': None, 'a': None}",2026-02-22 12:00:00,,
30107,False,a,"{'id': '291', 'title': 'Pisa', 'short_title': 'PIS'}","{'id': '97', 'title': 'Bologna', 'short_title': 'BOL'}","{'h': None, 'a': None}","{'h': None, 'a': None}",2026-03-01 12:00:00,,
30123,False,h,"{'id': '97', 'title': 'Bologna', 'short_title': 'BOL'}","{'id': '94', 'title': 'Verona', 'short_title': 'VER'}","{'h': None, 'a': None}","{'h': None, 'a': None}",2026-03-08 12:00:00,,
30130,False,a,"{'id': '104', 'title': 'Sassuolo', 'short_title': 'SAS'}","{'id': '97', 'title': 'Bologna', 'short_title': 'BOL'}","{'h': None, 'a': None}","{'h': None, 'a': None}",2026-03-15 12:00:00,,
30135,False,h,"{'id': '97', 'title': 'Bologna', 'short_title': 'BOL'}","{'id': '96', 'title': 'Lazio', 'short_title': 'LAZ'}","{'h': None, 'a': None}","{'h': None, 'a': None}",2026-03-22 12:00:00,,
30144,False,a,"{'id': '272', 'title': 'Cremonese', 'short_title': 'CRE'}","{'id': '97', 'title': 'Bologna', 'short_title': 'BOL'}","{'h': None, 'a': None}","{'h': None, 'a': None}",2026-04-04 12:00:00,,
30155,False,h,"{'id': '97', 'title': 'Bologna', 'short_title': 'BOL'}","{'id': '243', 'title': 'Lecce', 'short_title': 'LEC'}","{'h': None, 'a': None}","{'h': None, 'a': None}",2026-04-12 12:00:00,,
30165,False,a,"{'id': '98', 'title': 'Juventus', 'short_title': 'JUV'}","{'id': '97', 'title': 'Bologna', 'short_title': 'BOL'}","{'h': None, 'a': None}","{'h': None, 'a': None}",2026-04-19 12:00:00,,
30174,False,h,"{'id': '97', 'title': 'Bologna', 'short_title': 'BOL'}","{'id': '95', 'title': 'Roma', 'short_title': 'ROM'}","{'h': None, 'a': None}","{'h': None, 'a': None}",2026-04-26 12:00:00,,
30185,False,h,"{'id': '97', 'title': 'Bologna', 'short_title': 'BOL'}","{'id': '116', 'title': 'Cagliari', 'short_title': 'CAG'}","{'h': None, 'a': None}","{'h': None, 'a': None}",2026-05-03 12:00:00,,
30201,False,a,"{'id': '105', 'title': 'Napoli', 'short_title': 'NAP'}","{'id': '97', 'title': 'Bologna', 'short_title': 'BOL'}","{'h': None, 'a': None}","{'h': None, 'a': None}",2026-05-10 12:00:00,,
30204,False,a,"{'id': '107', 'title': 'Atalanta', 'short_title': 'ATA'}","{'id': '97', 'title': 'Bologna', 'short_title': 'BOL'}","{'h': None, 'a': None}","{'h': None, 'a': None}",2026-05-17 12:00:00,,
30214,False,h,"{'id': '97', 'title': 'Bologna', 'short_title': 'BOL'}","{'id': '106', 'title': 'Inter', 'short_title': 'INT'}","{'h': None, 'a': None}","{'h': None, 'a': None}",2026-05-24 12:00:00,,
29851,True,h,"{'id': '98', 'title': 'Juventus', 'short_title': 'JUV'}","{'id': '230', 'title': 'Parma Calcio 1913', 'short_title': 'PAR'}","{'h': '2', 'a': '0'}","{'h': '2.74202', 'a': '0.815567'}",2025-08-24 18:45:00,"{'w': 0.7767451978930083, 'd': 0.13811275189343278, 'l': 0.08514182925147516}",w
29860,True,a,"{'id': '101', 'title': 'Genoa', 'short_title': 'GEN'}","{'id': '98', 'title': 'Juventus', 'short_title': 'JUV'}","{'h': '0', 'a': '1'}","{'h': '0.593013', 'a': '1.55128'}",2025-08-31 16:30:00,"{'w': 0.14032206182181683, 'd': 0.2523911812977724, 'l': 0.6072867567503499}",w
29865,True,h,"{'id': '98', 'title': 'Juventus', 'short_title': 'JUV'}","{'id': '106', 'title': 'Inter', 'short_title': 'INT'}","{'h': '4', 'a': '3'}","{'h': '0.768943', 'a': '1.01628'}",2025-09-13 16:00:00,"{'w': 0.2689929104445831, 'd': 0.32680522556788616, 'l': 0.40420186398714725}",w
29876,True,a,"{'id': '94', 'title': 'Verona', 'short_title': 'VER'}","{'id': '98', 'title': 'Juventus', 'short_title': 'JUV'}","{'h': '1', 'a': '1'}","{'h': '1.65885', 'a': '0.470357'}",2025-09-20 16:00:00,"{'w': 0.6679903700227116, 'd': 0.23147754006816806, 'l': 0.10053208958747228}",d
29887,True,h,"{'id': '98', 'title': 'Juventus', 'short_title': 'JUV'}","{'id': '107', 'title': 'Atalanta', 'short_title': 'ATA'}","{'h': '1', 'a': '1'}","{'h': '1.84242', 'a': '0.885278'}",2025-09-27 16:00:00,"{'w': 0.5993537425038402, 'd': 0.22420441319033038, 'l': 0.17644184299693014}",d
29898,True,h,"{'id': '98', 'title': 'Juventus', 'short_title': 'JUV'}","{'id': '111', 'title': 'AC Milan', 'short_title': 'MIL'}","{'h': '0', 'a': '0'}","{'h': '0.570595', 'a': '1.55707'}",2025-10-05 18:45:00,"{'w': 0.13407337858251783, 'd': 0.25090368799798496, 'l': 0.6150229332827022}",d
29907,True,a,"{'id': '286', 'title': 'Como', 'short_title': 'COM'}","{'id': '98', 'title': 'Juventus', 'short_title': 'JUV'}","{'h': '2', 'a': '0'}","{'h': '1.68785', 'a': '0.964723'}",2025-10-19 10:30:00,"{'w': 0.5436488068185739, 'd': 0.24129623376465872, 'l': 0.21505495901056068}",l
29918,True,a,"{'id': '96', 'title': 'Lazio', 'short_title': 'LAZ'}","{'id': '98', 'title': 'Juventus', 'short_title': 'JUV'}","{'h': '1', 'a': '0'}","{'h': '0.905304', 'a': '1.24614'}",2025-10-26 18:45:00,"{'w': 0.2691135437333237, 'd': 0.2895262279316501, 'l': 0.4413602283284834}",l
29930,True,h,"{'id': '98', 'title': 'Juventus', 'short_title': 'JUV'}","{'id': '99', 'title': 'Udinese', 'short_title': 'UDI'}","{'h': '3', 'a': '1'}","{'h': '3.30641', 'a': '0.604108'}",2025-10-29 16:30:00,"{'w': 0.8778425019581573, 'd': 0.08505183103082412, 'l': 0.03710349529583126}",w
29934,False,a,"{'id': '272', 'title': 'Cremonese', 'short_title': 'CRE'}","{'id': '98', 'title': 'Juventus', 'short_title': 'JUV'}","{'h': None, 'a': None}","{'h': None, 'a': None}",2025-11-02 12:00:00,,
29949,False,h,"{'id': '98', 'title': 'Juventus', 'short_title': 'JUV'}","{'id': '113', 'title': 'Torino', 'short_title': 'TOR'}","{'h': None, 'a': None}","{'h': None, 'a': None}",2025-11-09 12:00:00,,
29957,False,a,"{'id': '110', 'title': 'Fiorentina', 'short_title': 'FIO'}","{'id': '98', 'title': 'Juventus', 'short_title': 'JUV'}","{'h': None, 'a': None}","{'h': None, 'a': None}",2025-11-23 12:00:00,,
29968,False,h,"{'id': '98', 'title': 'Juventus', 'short_title': 'JUV'}","{'id': '116', 'title': 'Cagliari', 'short_title': 'CAG'}","{'h': None, 'a': None}","{'h': None, 'a': None}",2025-11-30 12:00:00,,
29978,False,a,"{'id': '105', 'title': 'Napoli', 'short_title': 'NAP'}","{'id': '98', 'title': 'Juventus', 'short_title': 'JUV'}","{'h': None, 'a': None}","{'h': None, 'a': None}",2025-12-07 12:00:00,,
29985,False,a,"{'id': '97', 'title': 'Bologna', 'short_title': 'BOL'}","{'id': '98', 'title': 'Juventus', 'short_title': 'JUV'}","{'h': None, 'a': None}","{'h': None, 'a': None}",2025-12-14 12:00:00,,
29999,False,h,"{'id': '98', 'title': 'Juventus', 'short_title': 'JUV'}","{'id': '95', 'title': 'Roma', 'short_title': 'ROM'}","{'h': None, 'a': None}","{'h': None, 'a': None}",2025-12-21 12:00:00,,
30009,False,a,"{'id': '291', 'title': 'Pisa', 'short_title': 'PIS'}","{'id': '98', 'title': 'Juventus', 'short_title': 'JUV'}","{'h': None, 'a': None}","{'h': None, 'a': None}",2025-12-28 12:00:00,,
30020,False,h,"{'id': '98', 'title': 'Juventus', 'short_title': 'JUV'}","{'id': '243', 'title': 'Lecce', 'short_title': 'LEC'}","{'h': None, 'a': None}","{'h': None, 'a': None}",2026-01-03 12:00:00,,
30032,False,a,"{'id': '104', 'title': 'Sassuolo', 'short_title': 'SAS'}","{'id': '98', 'title': 'Juventus', 'short_title': 'JUV'}","{'h': None, 'a': None}","{'h': None, 'a': None}",2026-01-06 17:45:00,,
30039,False,h,"{'id': '98', 'title': 'Juventus', 'short_title': 'JUV'}","{'id': '272', 'title': 'Cremonese', 'short_title': 'CRE'}","{'h': None, 'a': None}","{'h': None, 'a': None}",2026-01-11 12:00:00,,
30053,False,a,"{'id': '116', 'title': 'Cagliari', 'short_title': 'CAG'}","{'id': '98', 'title': 'Juventus', 'short_title': 'JUV'}","{'h': None, 'a': None}","{'h': None, 'a': None}",2026-01-18 12:00:00,,
30059,False,h,"{'id': '98', 'title': 'Juventus', 'short_title': 'JUV'}","{'id': '105', 'title': 'Napoli', 'short_title': 'NAP'}","{'h': None, 'a': None}","{'h': None, 'a': None}",2026-01-25 12:00:00,,
30070,False,a,"{'id': '230', 'title': 'Parma Calcio 1913', 'short_title': 'PAR'}","{'id': '98', 'title': 'Juventus', 'short_title': 'JUV'}","{'h': None, 'a': None}","{'h': None, 'a': None}",2026-02-01 12:00:00,,
30081,False,h,"{'id': '98', 'title': 'Juventus', 'short_title': 'JUV'}","{'id': '96', 'title': 'Lazio', 'short_title': 'LAZ'}","{'h': None, 'a': None}","{'h': None, 'a': None}",2026-02-08 12:00:00,,
30087,False,a,"{'id': '106', 'title': 'Inter', 'short_title': 'INT'}","{'id': '98', 'title': 'Juventus', 'short_title': 'JUV'}","{'h': None, 'a': None}","{'h': None, 'a': None}",2026-02-15 12:00:00,,
30099,False,h,"{'id': '98', 'title': 'Juventus', 'short_title': 'JUV'}","{'id': '286', 'title': 'Como', 'short_title': 'COM'}","{'h': None, 'a': None}","{'h': None, 'a': None}",2026-02-22 12:00:00,,
30108,False,a,"{'id': '95', 'title': 'Roma', 'short_title': 'ROM'}","{'id': '98', 'title': 'Juventus', 'short_title': 'JUV'}","{'h': None, 'a': None}","{'h': None, 'a': None}",2026-03-01 12:00:00,,
30119,False,h,"{'id': '98', 'title': 'Juventus', 'short_title': 'JUV'}","{'id': '291', 'title': 'Pisa', 'short_title': 'PIS'}","{'h': None, 'a': None}","{'h': None, 'a': None}",2026-03-08 12:00:00,,
30132,False,a,"{'id': '99', 'title': 'Udinese', 'short_title': 'UDI'}","{'id': '98', 'title': 'Juventus', 'short_title': 'JUV'}","{'h': None, 'a': None}","{'h': None, 'a': None}",2026-03-15 12:00:00,,
30140,False,h,"{'id': '98', 'title': 'Juventus', 'short_title': 'JUV'}","{'id': '104', 'title': 'Sassuolo', 'short_title': 'SAS'}","{'h': None, 'a': None}","{'h': None, 'a': None}",2026-03-22 12:00:00,,
30146,False,h,"{'id': '98', 'title': 'Juventus', 'short_title': 'JUV'}","{'id': '101', 'title': 'Genoa', 'short_title': 'GEN'}","{'h': None, 'a': None}","{'h': None, 'a': None}",2026-04-04 12:00:00,,
30154,False,a,"{'id': '107', 'title': 'Atalanta', 'short_title': 'ATA'}","{'id': '98', 'title': 'Juventus', 'short_title': 'JUV'}","{'h': None, 'a': None}","{'h': None, 'a': None}",2026-04-12 12:00:00,,
30165,False,h,"{'id': '98', 'title': 'Juventus', 'short_title': 'JUV'}","{'id': '97', 'title': 'Bologna', 'short_title': 'BOL'}","{'h': None, 'a': None}","{'h': None, 'a': None}",2026-04-19 12:00:00,,
30179,False,a,"{'id': '111', 'title': 'AC Milan', 'short_title': 'MIL'}","{'id': '98', 'title': 'Juventus', 'short_title': 'JUV'}","{'h': None, 'a': None}","{'h': None, 'a': None}",2026-04-26 12:00:00,,
30189,False,h,"{'id': '98', 'title': 'Juventus', 'short_title': 'JUV'}","{'id': '94', 'title': 'Verona', 'short_title': 'VER'}","{'h': None, 'a': None}","{'h': None, 'a': None}",2026-05-03 12:00:00,,
30199,False,a,"{'id': '243', 'title': 'Lecce', 'short_title': 'LEC'}","{'id': '98', 'title': 'Juventus', 'short_title': 'JUV'}","{'h': None, 'a': None}","{'h': None, 'a': None}",2026-05-10 12:00:00,,
30209,False,h,"{'id': '98', 'title': 'Juventus', 'short_title': 'JUV'}","{'id': '110', 'title': 'Fiorentina', 'short_title': 'FIO'}","{'h': None, 'a': None}","{'h': None, 'a': None}",2026-05-17 12:00:00,,
30222,False,a,"{'id': '113', 'title': 'Torino', 'short_title': 'TOR'}","{'id': '98', 'title': 'Juventus', 'short_title': 'JUV'}","{'h': None, 'a': None}","{'h': None, 'a': None}",2026-05-24 12:00:00,,
29852,True,h,"{'id': '99', 'title': 'Udinese', 'short_title': 'UDI'}","{'id': '94', 'title': 'Verona', 'short_title': 'VER'}","{'h': '1', 'a': '1'}","{'h': '1.05058', 'a': '0.799203'}",2025-08-25 16:30:00,"{'w': 0.40785462563198394, 'd': 0.3197646924602338, 'l': 0.2723806819071698}",d
29862,True,a,"{'id': '106', 'title': 'Inter', 'short_title': 'INT'}","{'id': '99', 'title': 'Udinese', 'short_title': 'UDI'}","{'h': '1', 'a': '2'}","{'h': '1.67172', 'a': '1.20014'}",2025-08-31 18:45:00,"{'w': 0.4840536676390007, 'd': 0.2415103242042197, 'l': 0.2744360077960585}",w
29868,True,a,"{'id': '291', 'title': 'Pisa', 'short_title': 'PIS'}","{'id': '99', 'title': 'Udinese', 'short_title': 'UDI'}","{'h': '0', 'a': '1'}","{'h': '1.27587', 'a': '1.72902'}",2025-09-14 13:00:00,"{'w': 0.28315194720350556, 'd': 0.2361178301978142, 'l': 0.48073022202880156}",w
29875,True,h,"{'id': '99', 'title': 'Udinese', 'short_title': 'UDI'}","{'id': '111', 'title': 'AC Milan', 'short_title': 'MIL'}","{'h': '0', 'a': '3'}","{'h': '0.298364', 'a': '1.70251'}",2025-09-20 18:45:00,"{'w': 0.0593313711954952, 'd': 0.21313375993742312, 'l': 0.7275348684110841}",l
29893,True,a,"{'id': '104', 'title': 'Sassuolo', 'short_title': 'SAS'}","{'id': '99', 'title': 'Udinese', 'short_title': 'UDI'}","{'h': '3', 'a': '1'}","{'h': '2.31332', 'a': '1.19344'}",2025-09-28 10:30:00,"{'w': 0.6242358126426526, 'd': 0.19087415342821124, 'l': 0.18489000825152918}",l
29902,True,h,"{'id': '99', 'title': 'Udinese', 'short_title': 'UDI'}","{'id': '116', 'title': 'Cagliari', 'short_title': 'CAG'}","{'h': '1', 'a': '1'}","{'h': '2.98545', 'a': '0.789093'}",2025-10-05 10:30:00,"{'w': 0.8131449317083351, 'd': 0.11853046870074835, 'l': 0.06832396790507687}",d
29908,True,a,"{'id': '272', 'title': 'Cremonese', 'short_title': 'CRE'}","{'id': '99', 'title': 'Udinese', 'short_title': 'UDI'}","{'h': '1', 'a': '1'}","{'h': '1.22876', 'a': '0.962572'}",2025-10-20 18:45:00,"{'w': 0.4225954080502809, 'd': 0.2885879620652767, 'l': 0.2888166298789408}",d
29914,True,h,"{'id': '99', 'title': 'Udinese', 'short_title': 'UDI'}","{'id': '243', 'title': 'Lecce', 'short_title': 'LEC'}","{'h': '3', 'a': '2'}","{'h': '1.51576', 'a': '0.373551'}",2025-10-25 13:00:00,"{'w': 0.6619354484139106, 'd': 0.24968037299420506, 'l': 0.08838417849690623}",w
29930,True,a,"{'id': '98', 'title': 'Juventus', 'short_title': 'JUV'}","{'id': '99', 'title': 'Udinese', 'short_title': 'UDI'}","{'h': '3', 'a': '1'}","{'h': '3.30641', 'a': '0.604108'}",2025-10-29 16:30:00,"{'w': 0.8778425019581573, 'd': 0.08505183103082412, 'l': 0.03710349529583126}",l
29942,False,h,"{'id': '99', 'title': 'Udinese', 'short_title': 'UDI'}","{'id': '107', 'title': 'Atalanta', 'short_title': 'ATA'}","{'h': None, 'a': None}","{'h': None, 'a': None}",2025-11-02 12:00:00,,
29953,False,a,"{'id': '95', 'title': 'Roma', 'short_title': 'ROM'}","{'id': '99', 'title': 'Udinese', 'short_title': 'UDI'}","{'h': None, 'a': None}","{'h': None, 'a': None}",2025-11-09 12:00:00,,
29963,False,h,"{'id': '99', 'title': 'Udinese', 'short_title': 'UDI'}","{'id': '97', 'title': 'Bologna', 'short_title': 'BOL'}","{'h': None, 'a': None}","{'h': None, 'a': None}",2025-11-23 12:00:00,,
29971,False,a,"{'id': '230', 'title': 'Parma Calcio 1913', 'short_title': 'PAR'}","{'id': '99', 'title': 'Udinese', 'short_title': 'UDI'}","{'h': None, 'a': None}","{'h': None, 'a': None}",2025-11-30 12:00:00,,
29982,False,h,"{'id': '99', 'title': 'Udinese', 'short_title': 'UDI'}","{'id': '101', 'title': 'Genoa', 'short_title': 'GEN'}","{'h': None, 'a': None}","{'h': None, 'a': None}",2025-12-07 12:00:00,,
29993,False,h,"{'id': '99', 'title': 'Udinese', 'short_title': 'UDI'}","{'id': '105', 'title': 'Napoli', 'short_title': 'NAP'}","{'h': None, 'a': None}","{'h': None, 'a': None}",2025-12-14 12:00:00,,
29996,False,a,"{'id': '110', 'title': 'Fiorentina', 'short_title': 'FIO'}","{'id': '99', 'title': 'Udinese', 'short_title': 'UDI'}","{'h': None, 'a': None}","{'h': None, 'a': None}",2025-12-21 12:00:00,,
30012,False,h,"{'id': '99', 'title': 'Udinese', 'short_title': 'UDI'}","{'id': '96', 'title': 'Lazio', 'short_title': 'LAZ'}","{'h': None, 'a': None}","{'h': None, 'a': None}",2025-12-28 12:00:00,,
30016,False,a,"{'id': '286', 'title': 'Como', 'short_title': 'COM'}","{'id': '99', 'title': 'Udinese', 'short_title': 'UDI'}","{'h': None, 'a': None}","{'h': None, 'a': None}",2026-01-03 12:00:00,,
30033,False,a,"{'id': '113', 'title': 'Torino', 'short_title': 'TOR'}","{'id': '99', 'title': 'Udinese', 'short_title': 'UDI'}","{'h': None, 'a': None}","{'h': None, 'a': None}",2026-01-06 17:45:00,,
30042,False,h,"{'id': '99', 'title': 'Udinese', 'short_title': 'UDI'}","{'id': '291', 'title': 'Pisa', 'short_title': 'PIS'}","{'h': None, 'a': None}","{'h': None, 'a': None}",2026-01-11 12:00:00,,
30051,False,h,"{'id': '99', 'title': 'Udinese', 'short_title': 'UDI'}","{'id': '106', 'title': 'Inter', 'short_title': 'INT'}","{'h': None, 'a': None}","{'h': None, 'a': None}",2026-01-18 12:00:00,,
30063,False,a,"{'id': '94', 'title': 'Verona', 'short_title': 'VER'}","{'id': '99', 'title': 'Udinese', 'short_title': 'UDI'}","{'h': None, 'a': None}","{'h': None, 'a': None}",2026-01-25 12:00:00,,
30073,False,h,"{'id': '99', 'title': 'Udinese', 'short_title': 'UDI'}","{'id': '95', 'title': 'Roma', 'short_title': 'ROM'}","{'h': None, 'a': None}","{'h': None, 'a': None}",2026-02-01 12:00:00,,
30082,False,a,"{'id': '243', 'title': 'Lecce', 'short_title': 'LEC'}","{'id': '99', 'title': 'Udinese', 'short_title': 'UDI'}","{'h': None, 'a': None}","{'h': None, 'a': None}",2026-02-08 12:00:00,,
30093,False,h,"{'id': '99', 'title': 'Udinese', 'short_title': 'UDI'}","{'id': '104', 'title': 'Sassuolo', 'short_title': 'SAS'}","{'h': None, 'a': None}","{'h': None, 'a': None}",2026-02-15 12:00:00,,
30095,False,a,"{'id': '97', 'title': 'Bologna', 'short_title': 'BOL'}","{'id': '99', 'title': 'Udinese', 'short_title': 'UDI'}","{'h': None, 'a': None}","{'h': None, 'a': None}",2026-02-22 12:00:00,,
30110,False,h,"{'id': '99', 'title': 'Udinese', 'short_title': 'UDI'}","{'id': '110', 'title': 'Fiorentina', 'short_title': 'FIO'}","{'h': None, 'a': None}","{'h': None, 'a': None}",2026-03-01 12:00:00,,
30115,False,a,"{'id': '107', 'title': 'Atalanta', 'short_title': 'ATA'}","{'id': '99', 'title': 'Udinese', 'short_title': 'UDI'}","{'h': None, 'a': None}","{'h': None, 'a': None}",2026-03-08 12:00:00,,
30132,False,h,"{'id': '99', 'title': 'Udinese', 'short_title': 'UDI'}","{'id': '98', 'title': 'Juventus', 'short_title': 'JUV'}","{'h': None, 'a': None}","{'h': None, 'a': None}",2026-03-15 12:00:00,,
30139,False,a,"{'id': '101', 'title': 'Genoa', 'short_title': 'GEN'}","{'id': '99', 'title': 'Udinese', 'short_title': 'UDI'}","{'h': None, 'a': None}","{'h': None, 'a': None}",2026-03-22 12:00:00,,
30152,False,h,"{'id': '99', 'title': 'Udinese', 'short_title': 'UDI'}","{'id': '286', 'title': 'Como', 'short_title': 'COM'}","{'h': None, 'a': None}","{'h': None, 'a': None}",2026-04-04 12:00:00,,
30160,False,a,"{'id': '111', 'title': 'AC Milan', 'short_title': 'MIL'}","{'id': '99', 'title': 'Udinese', 'short_title': 'UDI'}","{'h': None, 'a': None}","{'h': None, 'a': None}",2026-04-12 12:00:00,,
30171,False,h,"{'id': '99', 'title': 'Udinese', 'short_title': 'UDI'}","{'id': '230', 'title': 'Parma Calcio 1913', 'short_title': 'PAR'}","{'h': None, 'a': None}","{'h': None, 'a': None}",2026-04-19 12:00:00,,
30178,False,a,"{'id': '96', 'title': 'Lazio', 'short_title': 'LAZ'}","{'id': '99', 'title': 'Udinese', 'short_title': 'UDI'}","{'h': None, 'a': None}","{'h': None, 'a': None}",2026-04-26 12:00:00,,
30193,False,h,"{'id': '99', 'title': 'Udinese', 'short_title': 'UDI'}","{'id': '113', 'title': 'Torino', 'short_title': 'TOR'}","{'h': None, 'a': None}","{'h': None, 'a': None}",2026-05-03 12:00:00,,
30195,False,a,"{'id': '116', 'title': 'Cagliari', 'short_title': 'CAG'}","{'id': '99', 'title': 'Udinese', 'short_title': 'UDI'}","{'h': None, 'a': None}","{'h': None, 'a': None}",2026-05-10 12:00:00,,
30213,False,h,"{'id': '99', 'title': 'Udinese', 'short_title': 'UDI'}","{'id': '272', 'title': 'Cremonese', 'short_title': 'CRE'}","{'h': None, 'a': None}","{'h': None, 'a': None}",2026-05-17 12:00:00,,
30220,False,a,"{'id': '105', 'title': 'Napoli', 'short_title': 'NAP'}","{'id': '99', 'title': 'Udinese', 'short_title': 'UDI'}","{'h': None, 'a': None}","{'h': None, 'a': None}",2026-05-24 12:00:00,,
29844,True,h,"{'id': '101', 'title': 'Genoa', 'short_title': 'GEN'}","{'id': '243', 'title': 'Lecce', 'short_title': 'LEC'}","{'h': '0', 'a': '0'}","{'h': '0.56563', 'a': '0.55094'}",2025-08-23 16:30:00,"{'w': 0.28594885394185854, 'd': 0.4376574939692856, 'l': 0.2763936520888559}",d
29860,True,h,"{'id': '101', 'title': 'Genoa', 'short_title': 'GEN'}","{'id': '98', 'title': 'Juventus', 'short_title': 'JUV'}","{'h': '0', 'a': '1'}","{'h': '0.593013', 'a': '1.55128'}",2025-08-31 16:30:00,"{'w': 0.14032206182181683, 'd': 0.2523911812977724, 'l': 0.6072867567503499}",l
29873,True,a,"{'id': '286', 'title': 'Como', 'short_title': 'COM'}","{'id': '101', 'title': 'Genoa', 'short_title': 'GEN'}","{'h': '1', 'a': '1'}","{'h': '1.56467', 'a': '2.54288'}",2025-09-15 18:45:00,"{'w': 0.22701808127221393, 'd': 0.18419609419462543, 'l': 0.5887857386190716}",d
29877,True,a,"{'id': '97', 'title': 'Bologna', 'short_title': 'BOL'}","{'id': '101', 'title': 'Genoa', 'short_title': 'GEN'}","{'h': '2', 'a': '1'}","{'h': '1.78786', 'a': '0.794732'}",2025-09-20 13:00:00,"{'w': 0.6099328043792982, 'd': 0.22769821136238685, 'l': 0.16236898338107408}",l
29886,True,h,"{'id': '101', 'title': 'Genoa', 'short_title': 'GEN'}","{'id': '96', 'title': 'Lazio', 'short_title': 'LAZ'}","{'h': '0', 'a': '3'}","{'h': '1.47659', 'a': '3.54059'}",2025-09-29 18:45:00,"{'w': 0.11804657226695393, 'd': 0.12347138188811259, 'l': 0.7584771629335331}",l
29900,True,a,"{'id': '105', 'title': 'Napoli', 'short_title': 'NAP'}","{'id': '101', 'title': 'Genoa', 'short_title': 'GEN'}","{'h': '2', 'a': '1'}","{'h': '1.87915', 'a': '0.691583'}",2025-10-05 16:00:00,"{'w': 0.6567331035282659, 'd': 0.21322548147960774, 'l': 0.1300414132913839}",l
29909,True,h,"{'id': '101', 'title': 'Genoa', 'short_title': 'GEN'}","{'id': '230', 'title': 'Parma Calcio 1913', 'short_title': 'PAR'}","{'h': '0', 'a': '0'}","{'h': '2.21692', 'a': '0.0544873'}",2025-10-19 13:00:00,"{'w': 0.8778597244092424, 'd': 0.11601025213950686, 'l': 0.00613000862293492}",d
29923,True,a,"{'id': '113', 'title': 'Torino', 'short_title': 'TOR'}","{'id': '101', 'title': 'Genoa', 'short_title': 'GEN'}","{'h': '2', 'a': '1'}","{'h': '1.8196', 'a': '1.9796'}",2025-10-26 10:30:00,"{'w': 0.3622672557479592, 'd': 0.21231184282395407, 'l': 0.42542089693613544}",l
29928,True,h,"{'id': '101', 'title': 'Genoa', 'short_title': 'GEN'}","{'id': '272', 'title': 'Cremonese', 'short_title': 'CRE'}","{'h': '0', 'a': '2'}","{'h': '1.3491', 'a': '1.57974'}",2025-10-29 18:45:00,"{'w': 0.32656019016989973, 'd': 0.24455986514015446, 'l': 0.4288799445042486}",l
29940,False,a,"{'id': '104', 'title': 'Sassuolo', 'short_title': 'SAS'}","{'id': '101', 'title': 'Genoa', 'short_title': 'GEN'}","{'h': None, 'a': None}","{'h': None, 'a': None}",2025-11-02 12:00:00,,
29947,False,h,"{'id': '101', 'title': 'Genoa', 'short_title': 'GEN'}","{'id': '110', 'title': 'Fiorentina', 'short_title': 'FIO'}","{'h': None, 'a': None}","{'h': None, 'a': None}",2025-11-09 12:00:00,,
29955,False,a,"{'id': '116', 'title': 'Cagliari', 'short_title': 'CAG'}","{'id': '101', 'title': 'Genoa', 'short_title': 'GEN'}","{'h': None, 'a': None}","{'h': None, 'a': None}",2025-11-23 12:00:00,,
29967,False,h,"{'id': '101', 'title': 'Genoa', 'short_title': 'GEN'}","{'id': '94', 'title': 'Verona', 'short_title': 'VER'}","{'h': None, 'a': None}","{'h': None, 'a': None}",2025-11-30 12:00:00,,
29982,False,a,"{'id': '99', 'title': 'Udinese', 'short_title': 'UDI'}","{'id': '101', 'title': 'Genoa', 'short_title': 'GEN'}","{'h': None, 'a': None}","{'h': None, 'a': None}",2025-12-07 12:00:00,,
29987,False,h,"{'id': '101', 'title': 'Genoa', 'short_title': 'GEN'}","{'id': '106', 'title': 'Inter', 'short_title': 'INT'}","{'h': None, 'a': None}","{'h': None, 'a': None}",2025-12-14 12:00:00,,
29997,False,h,"{'id': '101', 'title': 'Genoa', 'short_title': 'GEN'}","{'id': '107', 'title': 'Atalanta', 'short_title': 'ATA'}","{'h': None, 'a': None}","{'h': None, 'a': None}",2025-12-21 12:00:00,,
30010,False,a,"{'id': '95', 'title': 'Roma', 'short_title': 'ROM'}","{'id': '101', 'title': 'Genoa', 'short_title': 'GEN'}","{'h': None, 'a': None}","{'h': None, 'a': None}",2025-12-28 12:00:00,,
30018,False,h,"{'id': '101', 'title': 'Genoa', 'short_title': 'GEN'}","{'id': '291', 'title': 'Pisa', 'short_title': 'PIS'}","{'h': None, 'a': None}","{'h': None, 'a': None}",2026-01-03 12:00:00,,
30028,False,a,"{'id': '111', 'title': 'AC Milan', 'short_title': 'MIL'}","{'id': '101', 'title': 'Genoa', 'short_title': 'GEN'}","{'h': None, 'a': None}","{'h': None, 'a': None}",2026-01-06 17:45:00,,
30037,False,h,"{'id': '101', 'title': 'Genoa', 'short_title': 'GEN'}","{'id': '116', 'title': 'Cagliari', 'short_title': 'CAG'}","{'h': None, 'a': None}","{'h': None, 'a': None}",2026-01-11 12:00:00,,
30048,False,a,"{'id': '230', 'title': 'Parma Calcio 1913', 'short_title': 'PAR'}","{'id': '101', 'title': 'Genoa', 'short_title': 'GEN'}","{'h': None, 'a': None}","{'h': None, 'a': None}",2026-01-18 12:00:00,,
30057,False,h,"{'id': '101', 'title': 'Genoa', 'short_title': 'GEN'}","{'id': '97', 'title': 'Bologna', 'short_title': 'BOL'}","{'h': None, 'a': None}","{'h': None, 'a': None}",2026-01-25 12:00:00,,
30068,False,a,"{'id': '96', 'title': 'Lazio', 'short_title': 'LAZ'}","{'id': '101', 'title': 'Genoa', 'short_title': 'GEN'}","{'h': None, 'a': None}","{'h': None, 'a': None}",2026-02-01 12:00:00,,
30080,False,h,"{'id': '101', 'title': 'Genoa', 'short_title': 'GEN'}","{'id': '105', 'title': 'Napoli', 'short_title': 'NAP'}","{'h': None, 'a': None}","{'h': None, 'a': None}",2026-02-08 12:00:00,,
30086,False,a,"{'id': '272', 'title': 'Cremonese', 'short_title': 'CRE'}","{'id': '101', 'title': 'Genoa', 'short_title': 'GEN'}","{'h': None, 'a': None}","{'h': None, 'a': None}",2026-02-15 12:00:00,,
30098,False,h,"{'id': '101', 'title': 'Genoa', 'short_title': 'GEN'}","{'id': '113', 'title': 'Torino', 'short_title': 'TOR'}","{'h': None, 'a': None}","{'h': None, 'a': None}",2026-02-22 12:00:00,,
30105,False,a,"{'id': '106', 'title': 'Inter', 'short_title': 'INT'}","{'id': '101', 'title': 'Genoa', 'short_title': 'GEN'}","{'h': None, 'a': None}","{'h': None, 'a': None}",2026-03-01 12:00:00,,
30118,False,h,"{'id': '101', 'title': 'Genoa', 'short_title': 'GEN'}","{'id': '95', 'title': 'Roma', 'short_title': 'ROM'}","{'h': None, 'a': None}","{'h': None, 'a': None}",2026-03-08 12:00:00,,
30133,False,a,"{'id': '94', 'title': 'Verona', 'short_title': 'VER'}","{'id': '101', 'title': 'Genoa', 'short_title': 'GEN'}","{'h': None, 'a': None}","{'h': None, 'a': None}",2026-03-15 12:00:00,,
30139,False,h,"{'id': '101', 'title': 'Genoa', 'short_title': 'GEN'}","{'id': '99', 'title': 'Udinese', 'short_title': 'UDI'}","{'h': None, 'a': None}","{'h': None, 'a': None}",2026-03-22 12:00:00,,
30146,False,a,"{'id': '98', 'title': 'Juventus', 'short_title': 'JUV'}","{'id': '101', 'title': 'Genoa', 'short_title': 'GEN'}","{'h': None, 'a': None}","{'h': None, 'a': None}",2026-04-04 12:00:00,,
30159,False,h,"{'id': '101', 'title': 'Genoa', 'short_title': 'GEN'}","{'id': '104', 'title': 'Sassuolo', 'short_title': 'SAS'}","{'h': None, 'a': None}","{'h': None, 'a': None}",2026-04-12 12:00:00,,
30168,False,a,"{'id': '291', 'title': 'Pisa', 'short_title': 'PIS'}","{'id': '101', 'title': 'Genoa', 'short_title': 'GEN'}","{'h': None, 'a': None}","{'h': None, 'a': None}",2026-04-19 12:00:00,,
30177,False,h,"{'id': '101', 'title': 'Genoa', 'short_title': 'GEN'}","{'id': '286', 'title': 'Como', 'short_title': 'COM'}","{'h': None, 'a': None}","{'h': None, 'a': None}",2026-04-26 12:00:00,,
30184,False,a,"{'id': '107', 'title': 'Atalanta', 'short_title': 'ATA'}","{'id': '101', 'title': 'Genoa', 'short_title': 'GEN'}","{'h': None, 'a': None}","{'h': None, 'a': None}",2026-05-03 12:00:00,,
30197,False,a,"{'id': '110', 'title': 'Fiorentina', 'short_title': 'FIO'}","{'id': '101', 'title': 'Genoa', 'short_title': 'GEN'}","{'h': None, 'a': None}","{'h': None, 'a': None}",2026-05-10 12:00:00,,
30207,False,h,"{'id': '101', 'title': 'Genoa', 'short_title': 'GEN'}","{'id': '111', 'title': 'AC Milan', 'short_title': 'MIL'}","{'h': None, 'a': None}","{'h': None, 'a': None}",2026-05-17 12:00:00,,
30218,False,a,"{'id': '243', 'title': 'Lecce', 'short_title': 'LEC'}","{'id': '101', 'title': 'Genoa', 'short_title': 'GEN'}","{'h': None, 'a': None}","{'h': None, 'a': None}",2026-05-24 12:00:00,,
29845,True,h,"{'id': '104', 'title': 'Sassuolo', 'short_title': 'SAS'}","{'id': '105', 'title': 'Napoli', 'short_title': 'NAP'}","{'h': '0', 'a': '2'}","{'h': '0.298477', 'a': '1.55456'}",2025-08-23 16:30:00,"{'w': 0.06748410065522317, 'd': 0.23838256883066175, 'l': 0.6941333303802775}",l
29854,True,a,"{'id': '272', 'title': 'Cremonese', 'short_title': 'CRE'}","{'id': '104', 'title': 'Sassuolo', 'short_title': 'SAS'}","{'h': '3', 'a': '2'}","{'h': '3.52949', 'a': '1.32978'}",2025-08-29 16:30:00,"{'w': 0.7817897098542896, 'd': 0.11708546061814384, 'l': 0.10112012335356428}",l
29870,True,h,"{'id': '104', 'title': 'Sassuolo', 'short_title': 'SAS'}","{'id': '96', 'title': 'Lazio', 'short_title': 'LAZ'}","{'h': '1', 'a': '0'}","{'h': '1.2156', 'a': '0.858246'}",2025-09-14 16:00:00,"{'w': 0.4439891110632688, 'd': 0.29528295672555566, 'l': 0.2607279322065534}",w
29880,True,a,"{'id': '106', 'title': 'Inter', 'short_title': 'INT'}","{'id': '104', 'title': 'Sassuolo', 'short_title': 'SAS'}","{'h': '2', 'a': '1'}","{'h': '3.12186', 'a': '0.850824'}",2025-09-21 18:45:00,"{'w': 0.8176182802326274, 'd': 0.11362968836225332, 'l': 0.0687509431130571}",l
29893,True,h,"{'id': '104', 'title': 'Sassuolo', 'short_title': 'SAS'}","{'id': '99', 'title': 'Udinese', 'short_title': 'UDI'}","{'h': '3', 'a': '1'}","{'h': '2.31332', 'a': '1.19344'}",2025-09-28 10:30:00,"{'w': 0.6242358126426526, 'd': 0.19087415342821124, 'l': 0.18489000825152918}",w
29903,True,a,"{'id': '94', 'title': 'Verona', 'short_title': 'VER'}","{'id': '104', 'title': 'Sassuolo', 'short_title': 'SAS'}","{'h': '0', 'a': '1'}","{'h': '0.810981', 'a': '1.5058'}",2025-10-03 18:45:00,"{'w': 0.20204350104693478, 'd': 0.26113004402243173, 'l': 0.5368264548437809}",w
29910,True,a,"{'id': '243', 'title': 'Lecce', 'short_title': 'LEC'}","{'id': '104', 'title': 'Sassuolo', 'short_title': 'SAS'}","{'h': '0', 'a': '0'}","{'h': '0.66998', 'a': '0.77146'}",2025-10-18 13:00:00,"{'w': 0.2820135977740785, 'd': 0.37560798435087067, 'l': 0.34237841787504203}",d
29922,True,h,"{'id': '104', 'title': 'Sassuolo', 'short_title': 'SAS'}","{'id': '95', 'title': 'Roma', 'short_title': 'ROM'}","{'h': '0', 'a': '1'}","{'h': '0.949353', 'a': '2.25968'}",2025-10-26 13:00:00,"{'w': 0.14448202692108816, 'd': 0.1862278351203209, 'l': 0.6692901189784424}",l
29926,True,a,"{'id': '116', 'title': 'Cagliari', 'short_title': 'CAG'}","{'id': '104', 'title': 'Sassuolo', 'short_title': 'SAS'}","{'h': '1', 'a': '2'}","{'h': '0.845219', 'a': '0.937652'}",2025-10-30 16:30:00,"{'w': 0.3095186689193007, 'd': 0.3302689013707686, 'l': 0.36021242970978196}",w
29940,False,h,"{'id': '104', 'title': 'Sassuolo', 'short_title': 'SAS'}","{'id': '101', 'title': 'Genoa', 'short_title': 'GEN'}","{'h': None, 'a': None}","{'h': None, 'a': None}",2025-11-02 12:00:00,,
29944,False,a,"{'id': '107', 'title': 'Atalanta', 'short_title': 'ATA'}","{'id': '104', 'title': 'Sassuolo', 'short_title': 'SAS'}","{'h': None, 'a': None}","{'h': None, 'a': None}",2025-11-09 12:00:00,,
29961,False,h,"{'id': '104', 'title': 'Sassuolo', 'short_title': 'SAS'}","{'id': '291', 'title': 'Pisa', 'short_title': 'PIS'}","{'h': None, 'a': None}","{'h': None, 'a': None}",2025-11-23 12:00:00,,
29966,False,a,"{'id': '286', 'title': 'Como', 'short_title': 'COM'}","{'id': '104', 'title': 'Sassuolo', 'short_title': 'SAS'}","{'h': None, 'a': None}","{'h': None, 'a': None}",2025-11-30 12:00:00,,
29980,False,h,"{'id': '104', 'title': 'Sassuolo', 'short_title': 'SAS'}","{'id': '110', 'title': 'Fiorentina', 'short_title': 'FIO'}","{'h': None, 'a': None}","{'h': None, 'a': None}",2025-12-07 12:00:00,,
29989,False,a,"{'id': '111', 'title': 'AC Milan', 'short_title': 'MIL'}","{'id': '104', 'title': 'Sassuolo', 'short_title': 'SAS'}","{'h': None, 'a': None}","{'h': None, 'a': None}",2025-12-14 12:00:00,,
30002,False,h,"{'id': '104', 'title': 'Sassuolo', 'short_title': 'SAS'}","{'id': '113', 'title': 'Torino', 'short_title': 'TOR'}","{'h': None, 'a': None}","{'h': None, 'a': None}",2025-12-21 12:00:00,,
30004,False,a,"{'id': '97', 'title': 'Bologna', 'short_title': 'BOL'}","{'id': '104', 'title': 'Sassuolo', 'short_title': 'SAS'}","{'h': None, 'a': None}","{'h': None, 'a': None}",2025-12-28 12:00:00,,
30022,False,h,"{'id': '104', 'title': 'Sassuolo', 'short_title': 'SAS'}","{'id': '230', 'title': 'Parma Calcio 1913', 'short_title': 'PAR'}","{'h': None, 'a': None}","{'h': None, 'a': None}",2026-01-03 12:00:00,,
30032,False,h,"{'id': '104', 'title': 'Sassuolo', 'short_title': 'SAS'}","{'id': '98', 'title': 'Juventus', 'short_title': 'JUV'}","{'h': None, 'a': None}","{'h': None, 'a': None}",2026-01-06 17:45:00,,
30041,False,a,"{'id': '95', 'title': 'Roma', 'short_title': 'ROM'}","{'id': '104', 'title': 'Sassuolo', 'short_title': 'SAS'}","{'h': None, 'a': None}","{'h': None, 'a': None}",2026-01-11 12:00:00,,
30047,False,a,"{'id': '105', 'title': 'Napoli', 'short_title': 'NAP'}","{'id': '104', 'title': 'Sassuolo', 'short_title': 'SAS'}","{'h': None, 'a': None}","{'h': None, 'a': None}",2026-01-18 12:00:00,,
30062,False,h,"{'id': '104', 'title': 'Sassuolo', 'short_title': 'SAS'}","{'id': '272', 'title': 'Cremonese', 'short_title': 'CRE'}","{'h': None, 'a': None}","{'h': None, 'a': None}",2026-01-25 12:00:00,,
30071,False,a,"{'id': '291', 'title': 'Pisa', 'short_title': 'PIS'}","{'id': '104', 'title': 'Sassuolo', 'short_title': 'SAS'}","{'h': None, 'a': None}","{'h': None, 'a': None}",2026-02-01 12:00:00,,
30075,False,h,"{'id': '104', 'title': 'Sassuolo', 'short_title': 'SAS'}","{'id': '106', 'title': 'Inter', 'short_title': 'INT'}","{'h': None, 'a': None}","{'h': None, 'a': None}",2026-02-08 12:00:00,,
30093,False,a,"{'id': '99', 'title': 'Udinese', 'short_title': 'UDI'}","{'id': '104', 'title': 'Sassuolo', 'short_title': 'SAS'}","{'h': None, 'a': None}","{'h': None, 'a': None}",2026-02-15 12:00:00,,
30103,False,h,"{'id': '104', 'title': 'Sassuolo', 'short_title': 'SAS'}","{'id': '94', 'title': 'Verona', 'short_title': 'VER'}","{'h': None, 'a': None}","{'h': None, 'a': None}",2026-02-22 12:00:00,,
30112,False,h,"{'id': '104', 'title': 'Sassuolo', 'short_title': 'SAS'}","{'id': '107', 'title': 'Atalanta', 'short_title': 'ATA'}","{'h': None, 'a': None}","{'h': None, 'a': None}",2026-03-01 12:00:00,,
30120,False,a,"{'id': '96', 'title': 'Lazio', 'short_title': 'LAZ'}","{'id': '104', 'title': 'Sassuolo', 'short_title': 'SAS'}","{'h': None, 'a': None}","{'h': None, 'a': None}",2026-03-08 12:00:00,,
30130,False,h,"{'id': '104', 'title': 'Sassuolo', 'short_title': 'SAS'}","{'id': '97', 'title': 'Bologna', 'short_title': 'BOL'}","{'h': None, 'a': None}","{'h': None, 'a': None}",2026-03-15 12:00:00,,
30140,False,a,"{'id': '98', 'title': 'Juventus', 'short_title': 'JUV'}","{'id': '104', 'title': 'Sassuolo', 'short_title': 'SAS'}","{'h': None, 'a': None}","{'h': None, 'a': None}",2026-03-22 12:00:00,,
30151,False,h,"{'id': '104', 'title': 'Sassuolo', 'short_title': 'SAS'}","{'id': '116', 'title': 'Cagliari', 'short_title': 'CAG'}","{'h': None, 'a': None}","{'h': None, 'a': None}",2026-04-04 12:00:00,,
30159,False,a,"{'id': '101', 'title': 'Genoa', 'short_title': 'GEN'}","{'id': '104', 'title': 'Sassuolo', 'short_title': 'SAS'}","{'h': None, 'a': None}","{'h': None, 'a': None}",2026-04-12 12:00:00,,
30170,False,h,"{'id': '104', 'title': 'Sassuolo', 'short_title': 'SAS'}","{'id': '286', 'title': 'Como', 'short_title': 'COM'}","{'h': None, 'a': None}","{'h': None, 'a': None}",2026-04-19 12:00:00,,
30176,False,a,"{'id': '110', 'title': 'Fiorentina', 'short_title': 'FIO'}","{'id': '104', 'title': 'Sassuolo', 'short_title': 'SAS'}","{'h': None, 'a': None}","{'h': None, 'a': None}",2026-04-26 12:00:00,,
30192,False,h,"{'id': '104', 'title': 'Sassuolo', 'short_title': 'SAS'}","{'id': '111', 'title': 'AC Milan', 'short_title': 'MIL'}","{'h': None, 'a': None}","{'h': None, 'a': None}",2026-05-03 12:00:00,,
30203,False,a,"{'id': '113', 'title': 'Torino', 'short_title': 'TOR'}","{'id': '104', 'title': 'Sassuolo', 'short_title': 'SAS'}","{'h': None, 'a': None}","{'h': None, 'a': None}",2026-05-10 12:00:00,,
30212,False,h,"{'id': '104', 'title': 'Sassuolo', 'short_title': 'SAS'}","{'id': '243', 'title': 'Lecce', 'short_title': 'LEC'}","{'h': None, 'a': None}","{'h': None, 'a': None}",2026-05-17 12:00:00,,
30221,False,a,"{'id': '230', 'title': 'Parma Calcio 1913', 'short_title': 'PAR'}","{'id': '104', 'title': 'Sassuolo', 'short_title': 'SAS'}","{'h': None, 'a': None}","{'h': None, 'a': None}",2026-05-24 12:00:00,,
29845,True,a,"{'id': '104', 'title': 'Sassuolo', 'short_title': 'SAS'}","{'id': '105', 'title': 'Napoli', 'short_title': 'NAP'}","{'h': '0', 'a': '2'}","{'h': '0.298477', 'a': '1.55456'}",2025-08-23 16:30:00,"{'w': 0.06748410065522317, 'd': 0.23838256883066175, 'l': 0.6941333303802775}",w
29859,True,h,"{'id': '105', 'title': 'Napoli', 'short_title': 'NAP'}","{'id': '116', 'title': 'Cagliari', 'short_title': 'CAG'}","{'h': '1', 'a': '0'}","{'h': '1.73158', 'a': '0.64413'}",2025-08-30 18:45:00,"{'w': 0.6366466297143906, 'd': 0.2293712323616355, 'l': 0.13398213735183426}",w
29866,True,a,"{'id': '110', 'title': 'Fiorentina', 'short_title': 'FIO'}","{'id': '105', 'title': 'Napoli', 'short_title': 'NAP'}","{'h': '1', 'a': '3'}","{'h': '1.39098', 'a': '3.55376'}",2025-09-13 18:45:00,"{'w': 0.10678213040444662, 'd': 0.11877489427189955, 'l': 0.7744378751595955}",w
29883,True,h,"{'id': '105', 'title': 'Napoli', 'short_title': 'NAP'}","{'id': '291', 'title': 'Pisa', 'short_title': 'PIS'}","{'h': '3', 'a': '2'}","{'h': '1.18611', 'a': '2.51985'}",2025-09-22 18:45:00,"{'w': 0.16140350267250755, 'd': 0.17499264152774957, 'l': 0.6636037793539789}",w
29889,True,a,"{'id': '111', 'title': 'AC Milan', 'short_title': 'MIL'}","{'id': '105', 'title': 'Napoli', 'short_title': 'NAP'}","{'h': '2', 'a': '1'}","{'h': '0.952575', 'a': '2.23894'}",2025-09-28 18:45:00,"{'w': 0.14711596539395866, 'd': 0.18822312166860403, 'l': 0.6646608960874741}",l
29900,True,h,"{'id': '105', 'title': 'Napoli', 'short_title': 'NAP'}","{'id': '101', 'title': 'Genoa', 'short_title': 'GEN'}","{'h': '2', 'a': '1'}","{'h': '1.87915', 'a': '0.691583'}",2025-10-05 16:00:00,"{'w': 0.6567331035282659, 'd': 0.21322548147960774, 'l': 0.1300414132913839}",w
29906,True,a,"{'id': '113', 'title': 'Torino', 'short_title': 'TOR'}","{'id': '105', 'title': 'Napoli', 'short_title': 'NAP'}","{'h': '1', 'a': '0'}","{'h': '1.90815', 'a': '1.71911'}",2025-10-18 16:00:00,"{'w': 0.42933593335067965, 'd': 0.21752175164139717, 'l': 0.3531423124055836}",l
29920,True,h,"{'id': '105', 'title': 'Napoli', 'short_title': 'NAP'}","{'id': '106', 'title': 'Inter', 'short_title': 'INT'}","{'h': '3', 'a': '1'}","{'h': '1.18626', 'a': '2.07077'}",2025-10-25 16:00:00,"{'w': 0.21300942734869444, 'd': 0.20971035564651586, 'l': 0.577280210894888}",w
29931,True,a,"{'id': '243', 'title': 'Lecce', 'short_title': 'LEC'}","{'id': '105', 'title': 'Napoli', 'short_title': 'NAP'}","{'h': '0', 'a': '1'}","{'h': '1.02929', 'a': '0.92446'}",2025-10-28 16:30:00,"{'w': 0.3715532253800642, 'd': 0.31229970467882384, 'l': 0.31614706994056246}",w
29938,False,h,"{'id': '105', 'title': 'Napoli', 'short_title': 'NAP'}","{'id': '286', 'title': 'Como', 'short_title': 'COM'}","{'h': None, 'a': None}","{'h': None, 'a': None}",2025-11-02 12:00:00,,
29945,False,a,"{'id': '97', 'title': 'Bologna', 'short_title': 'BOL'}","{'id': '105', 'title': 'Napoli', 'short_title': 'NAP'}","{'h': None, 'a': None}","{'h': None, 'a': None}",2025-11-09 12:00:00,,
29960,False,h,"{'id': '105', 'title': 'Napoli', 'short_title': 'NAP'}","{'id': '107', 'title': 'Atalanta', 'short_title': 'ATA'}","{'h': None, 'a': None}","{'h': None, 'a': None}",2025-11-23 12:00:00,,
29973,False,a,"{'id': '95', 'title': 'Roma', 'short_title': 'ROM'}","{'id': '105', 'title': 'Napoli', 'short_title': 'NAP'}","{'h': None, 'a': None}","{'h': None, 'a': None}",2025-11-30 12:00:00,,
29978,False,h,"{'id': '105', 'title': 'Napoli', 'short_title': 'NAP'}","{'id': '98', 'title': 'Juventus', 'short_title': 'JUV'}","{'h': None, 'a': None}","{'h': None, 'a': None}",2025-12-07 12:00:00,,
29993,False,a,"{'id': '99', 'title': 'Udinese', 'short_title': 'UDI'}","{'id': '105', 'title': 'Napoli', 'short_title': 'NAP'}","{'h': None, 'a': None}","{'h': None, 'a': None}",2025-12-14 12:00:00,,
30001,False,h,"{'id': '105', 'title': 'Napoli', 'short_title': 'NAP'}","{'id': '230', 'title': 'Parma Calcio 1913', 'short_title': 'PAR'}","{'h': None, 'a': None}","{'h': None, 'a': None}",2025-12-21 12:00:00,,
30005,False,a,"{'id': '272', 'title': 'Cremonese', 'short_title': 'CRE'}","{'id': '105', 'title': 'Napoli', 'short_title': 'NAP'}","{'h': None, 'a': None}","{'h': None, 'a': None}",2025-12-28 12:00:00,,
30021,False,a,"{'id': '96', 'title': 'Lazio', 'short_title': 'LAZ'}","{'id': '105', 'title': 'Napoli', 'short_title': 'NAP'}","{'h': None, 'a': None}","{'h': None, 'a': None}",2026-01-03 12:00:00,,
30029,False,h,"{'id': '105', 'title': 'Napoli', 'short_title': 'NAP'}","{'id': '94', 'title': 'Verona', 'short_title': 'VER'}","{'h': None, 'a': None}","{'h': None, 'a': None}",2026-01-06 17:45:00,,
30038,False,a,"{'id': '106', 'title': 'Inter', 'short_title': 'INT'}","{'id': '105', 'title': 'Napoli', 'short_title': 'NAP'}","{'h': None, 'a': None}","{'h': None, 'a': None}",2026-01-11 12:00:00,,
30047,False,h,"{'id': '105', 'title': 'Napoli', 'short_title': 'NAP'}","{'id': '104', 'title': 'Sassuolo', 'short_title': 'SAS'}","{'h': None, 'a': None}","{'h': None, 'a': None}",2026-01-18 12:00:00,,
30059,False,a,"{'id': '98', 'title': 'Juventus', 'short_title': 'JUV'}","{'id': '105', 'title': 'Napoli', 'short_title': 'NAP'}","{'h': None, 'a': None}","{'h': None, 'a': None}",2026-01-25 12:00:00,,
30069,False,h,"{'id': '105', 'title': 'Napoli', 'short_title': 'NAP'}","{'id': '110', 'title': 'Fiorentina', 'short_title': 'FIO'}","{'h': None, 'a': None}","{'h': None, 'a': None}",2026-02-01 12:00:00,,
30080,False,a,"{'id': '101', 'title': 'Genoa', 'short_title': 'GEN'}","{'id': '105', 'title': 'Napoli', 'short_title': 'NAP'}","{'h': None, 'a': None}","{'h': None, 'a': None}",2026-02-08 12:00:00,,
30089,False,h,"{'id': '105', 'title': 'Napoli', 'short_title': 'NAP'}","{'id': '95', 'title': 'Roma', 'short_title': 'ROM'}","{'h': None, 'a': None}","{'h': None, 'a': None}",2026-02-15 12:00:00,,
30094,False,a,"{'id': '107', 'title': 'Atalanta', 'short_title': 'ATA'}","{'id': '105', 'title': 'Napoli', 'short_title': 'NAP'}","{'h': None, 'a': None}","{'h': None, 'a': None}",2026-02-22 12:00:00,,
30109,False,a,"{'id': '94', 'title': 'Verona', 'short_title': 'VER'}","{'id': '105', 'title': 'Napoli', 'short_title': 'NAP'}","{'h': None, 'a': None}","{'h': None, 'a': None}",2026-03-01 12:00:00,,
30114,False,h,"{'id': '105', 'title': 'Napoli', 'short_title': 'NAP'}","{'id': '113', 'title': 'Torino', 'short_title': 'TOR'}","{'h': None, 'a': None}","{'h': None, 'a': None}",2026-03-08 12:00:00,,
30128,False,h,"{'id': '105', 'title': 'Napoli', 'short_title': 'NAP'}","{'id': '243', 'title': 'Lecce', 'short_title': 'LEC'}","{'h': None, 'a': None}","{'h': None, 'a': None}",2026-03-15 12:00:00,,
30136,False,a,"{'id': '116', 'title': 'Cagliari', 'short_title': 'CAG'}","{'id': '105', 'title': 'Napoli', 'short_title': 'NAP'}","{'h': None, 'a': None}","{'h': None, 'a': None}",2026-03-22 12:00:00,,
30149,False,h,"{'id': '105', 'title': 'Napoli', 'short_title': 'NAP'}","{'id': '111', 'title': 'AC Milan', 'short_title': 'MIL'}","{'h': None, 'a': None}","{'h': None, 'a': None}",2026-04-04 12:00:00,,
30161,False,a,"{'id': '230', 'title': 'Parma Calcio 1913', 'short_title': 'PAR'}","{'id': '105', 'title': 'Napoli', 'short_title': 'NAP'}","{'h': None, 'a': None}","{'h': None, 'a': None}",2026-04-12 12:00:00,,
30167,False,h,"{'id': '105', 'title': 'Napoli', 'short_title': 'NAP'}","{'id': '96', 'title': 'Lazio', 'short_title': 'LAZ'}","{'h': None, 'a': None}","{'h': None, 'a': None}",2026-04-19 12:00:00,,
30180,False,h,"{'id': '105', 'title': 'Napoli', 'short_title': 'NAP'}","{'id': '272', 'title': 'Cremonese', 'short_title': 'CRE'}","{'h': None, 'a': None}","{'h': None, 'a': None}",2026-04-26 12:00:00,,
30186,False,a,"{'id': '286', 'title': 'Como', 'short_title': 'COM'}","{'id': '105', 'title': 'Napoli', 'short_title': 'NAP'}","{'h': None, 'a': None}","{'h': None, 'a': None}",2026-05-03 12:00:00,,
30201,False,h,"{'id': '105', 'title': 'Napoli', 'short_title': 'NAP'}","{'id': '97', 'title': 'Bologna', 'short_title': 'BOL'}","{'h': None, 'a': None}","{'h': None, 'a': None}",2026-05-10 12:00:00,,
30210,False,a,"{'id': '291', 'title': 'Pisa', 'short_title': 'PIS'}","{'id': '105', 'title': 'Napoli', 'short_title': 'NAP'}","{'h': None, 'a': None}","{'h': None, 'a': None}",2026-05-17 12:00:00,,
30220,False,h,"{'id': '105', 'title': 'Napoli', 'short_title': 'NAP'}","{'id': '99', 'title': 'Udinese', 'short_title': 'UDI'}","{'h': None, 'a': None}","{'h': None, 'a': None}",2026-05-24 12:00:00,,
29853,True,h,"{'id': '106', 'title': 'Inter', 'short_title': 'INT'}","{'id': '113', 'title': 'Torino', 'short_title': 'TOR'}","{'h': '5', 'a': '0'}","{'h': '2.60956', 'a': '0.816232'}",2025-08-25 18:45:00,"{'w': 0.7576182597196973, 'd': 0.14868586595383, 'l': 0.09369575545138419}",w
29862,True,h,"{'id': '106', 'title': 'Inter', 'short_title': 'INT'}","{'id': '99', 'title': 'Udinese', 'short_title': 'UDI'}","{'h': '1', 'a': '2'}","{'h': '1.67172', 'a': '1.20014'}",2025-08-31 18:45:00,"{'w': 0.4840536676390007, 'd': 0.2415103242042197, 'l': 0.2744360077960585}",l
29865,True,a,"{'id': '98', 'title': 'Juventus', 'short_title': 'JUV'}","{'id': '106', 'title': 'Inter', 'short_title': 'INT'}","{'h': '4', 'a': '3'}","{'h': '0.768943', 'a': '1.01628'}",2025-09-13 16:00:00,"{'w': 0.2689929104445831, 'd': 0.32680522556788616, 'l': 0.40420186398714725}",l
29880,True,h,"{'id': '106', 'title': 'Inter', 'short_title': 'INT'}","{'id': '104', 'title': 'Sassuolo', 'short_title': 'SAS'}","{'h': '2', 'a': '1'}","{'h': '3.12186', 'a': '0.850824'}",2025-09-21 18:45:00,"{'w': 0.8176182802326274, 'd': 0.11362968836225332, 'l': 0.0687509431130571}",w
29884,True,a,"{'id': '116', 'title': 'Cagliari', 'short_title': 'CAG'}","{'id': '106', 'title': 'Inter', 'short_title': 'INT'}","{'h': '0', 'a': '2'}","{'h': '0.475174', 'a': '3.95419'}",2025-09-27 18:45:00,"{'w': 0.01572891566680969, 'd': 0.047320273576923505, 'l': 0.9369333193813416}",w
29897,True,h,"{'id': '106', 'title': 'Inter', 'short_title': 'INT'}","{'id': '272', 'title': 'Cremonese', 'short_title': 'CRE'}","{'h': '4', 'a': '1'}","{'h': '4.65231', 'a': '0.619599'}",2025-10-04 16:00:00,"{'w': 0.9517992649112104, 'd': 0.03470476628678426, 'l': 0.013390434837233085}",w
29913,True,a,"{'id': '95', 'title': 'Roma', 'short_title': 'ROM'}","{'id': '106', 'title': 'Inter', 'short_title': 'INT'}","{'h': '0', 'a': '1'}","{'h': '2.1538', 'a': '0.96386'}",2025-10-18 18:45:00,"{'w': 0.6456527905921169, 'd': 0.19638283845321178, 'l': 0.15796436075940734}",w
29920,True,a,"{'id': '105', 'title': 'Napoli', 'short_title': 'NAP'}","{'id': '106', 'title': 'Inter', 'short_title': 'INT'}","{'h': '3', 'a': '1'}","{'h': '1.18626', 'a': '2.07077'}",2025-10-25 16:00:00,"{'w': 0.21300942734869444, 'd': 0.20971035564651586, 'l': 0.577280210894888}",l
29929,True,h,"{'id': '106', 'title': 'Inter', 'short_title': 'INT'}","{'id': '110', 'title': 'Fiorentina', 'short_title': 'FIO'}","{'h': '3', 'a': '0'}","{'h': '2.87253', 'a': '0.741937'}",2025-10-29 18:45:00,"{'w': 0.8085237081227439, 'd': 0.12320358049331713, 'l': 0.06827231808488869}",w
29943,False,a,"{'id': '94', 'title': 'Verona', 'short_title': 'VER'}","{'id': '106', 'title': 'Inter', 'short_title': 'INT'}","{'h': None, 'a': None}","{'h': None, 'a': None}",2025-11-02 12:00:00,,
29948,False,h,"{'id': '106', 'title': 'Inter', 'short_title': 'INT'}","{'id': '96', 'title': 'Lazio', 'short_title': 'LAZ'}","{'h': None, 'a': None}","{'h': None, 'a': None}",2025-11-09 12:00:00,,
29958,False,h,"{'id': '106', 'title': 'Inter', 'short_title': 'INT'}","{'id': '111', 'title': 'AC Milan', 'short_title': 'MIL'}","{'h': None, 'a': None}","{'h': None, 'a': None}",2025-11-23 12:00:00,,
29972,False,a,"{'id': '291', 'title': 'Pisa', 'short_title': 'PIS'}","{'id': '106', 'title': 'Inter', 'short_title': 'INT'}","{'h': None, 'a': None}","{'h': None, 'a': None}",2025-11-30 12:00:00,,
29976,False,h,"{'id': '106', 'title': 'Inter', 'short_title': 'INT'}","{'id': '286', 'title': 'Como', 'short_title': 'COM'}","{'h': None, 'a': None}","{'h': None, 'a': None}",2025-12-07 12:00:00,,
29987,False,a,"{'id': '101', 'title': 'Genoa', 'short_title': 'GEN'}","{'id': '106', 'title': 'Inter', 'short_title': 'INT'}","{'h': None, 'a': None}","{'h': None, 'a': None}",2025-12-14 12:00:00,,
29998,False,h,"{'id': '106', 'title': 'Inter', 'short_title': 'INT'}","{'id': '243', 'title': 'Lecce', 'short_title': 'LEC'}","{'h': None, 'a': None}","{'h': None, 'a': None}",2025-12-21 12:00:00,,
30013,False,a,"{'id': '107', 'title': 'Atalanta', 'short_title': 'ATA'}","{'id': '106', 'title': 'Inter', 'short_title': 'INT'}","{'h': None, 'a': None}","{'h': None, 'a': None}",2025-12-28 12:00:00,,
30019,False,h,"{'id': '106', 'title': 'Inter', 'short_title': 'INT'}","{'id': '97', 'title': 'Bologna', 'short_title': 'BOL'}","{'h': None, 'a': None}","{'h': None, 'a': None}",2026-01-03 12:00:00,,
30030,False,a,"{'id': '230', 'title': 'Parma Calcio 1913', 'short_title': 'PAR'}","{'id': '106', 'title': 'Inter', 'short_title': 'INT'}","{'h': None, 'a': None}","{'h': None, 'a': None}",2026-01-06 17:45:00,,
30038,False,h,"{'id': '106', 'title': 'Inter', 'short_title': 'INT'}","{'id': '105', 'title': 'Napoli', 'short_title': 'NAP'}","{'h': None, 'a': None}","{'h': None, 'a': None}",2026-01-11 12:00:00,,
30051,False,a,"{'id': '99', 'title': 'Udinese', 'short_title': 'UDI'}","{'id': '106', 'title': 'Inter', 'short_title': 'INT'}","{'h': None, 'a': None}","{'h': None, 'a': None}",2026-01-18 12:00:00,,
30058,False,h,"{'id': '106', 'title': 'Inter', 'short_title': 'INT'}","{'id': '291', 'title': 'Pisa', 'short_title': 'PIS'}","{'h': None, 'a': None}","{'h': None, 'a': None}",2026-01-25 12:00:00,,
30067,False,a,"{'id': '272', 'title': 'Cremonese', 'short_title': 'CRE'}","{'id': '106', 'title': 'Inter', 'short_title': 'INT'}","{'h': None, 'a': None}","{'h': None, 'a': None}",2026-02-01 12:00:00,,
30075,False,a,"{'id': '104', 'title': 'Sassuolo', 'short_title': 'SAS'}","{'id': '106', 'title': 'Inter', 'short_title': 'INT'}","{'h': None, 'a': None}","{'h': None, 'a': None}",2026-02-08 12:00:00,,
30087,False,h,"{'id': '106', 'title': 'Inter', 'short_title': 'INT'}","{'id': '98', 'title': 'Juventus', 'short_title': 'JUV'}","{'h': None, 'a': None}","{'h': None, 'a': None}",2026-02-15 12:00:00,,
30100,False,a,"{'id': '243', 'title': 'Lecce', 'short_title': 'LEC'}","{'id': '106', 'title': 'Inter', 'short_title': 'INT'}","{'h': None, 'a': None}","{'h': None, 'a': None}",2026-02-22 12:00:00,,
30105,False,h,"{'id': '106', 'title': 'Inter', 'short_title': 'INT'}","{'id': '101', 'title': 'Genoa', 'short_title': 'GEN'}","{'h': None, 'a': None}","{'h': None, 'a': None}",2026-03-01 12:00:00,,
30122,False,a,"{'id': '111', 'title': 'AC Milan', 'short_title': 'MIL'}","{'id': '106', 'title': 'Inter', 'short_title': 'INT'}","{'h': None, 'a': None}","{'h': None, 'a': None}",2026-03-08 12:00:00,,
30126,False,h,"{'id': '106', 'title': 'Inter', 'short_title': 'INT'}","{'id': '107', 'title': 'Atalanta', 'short_title': 'ATA'}","{'h': None, 'a': None}","{'h': None, 'a': None}",2026-03-15 12:00:00,,
30138,False,a,"{'id': '110', 'title': 'Fiorentina', 'short_title': 'FIO'}","{'id': '106', 'title': 'Inter', 'short_title': 'INT'}","{'h': None, 'a': None}","{'h': None, 'a': None}",2026-03-22 12:00:00,,
30145,False,h,"{'id': '106', 'title': 'Inter', 'short_title': 'INT'}","{'id': '95', 'title': 'Roma', 'short_title': 'ROM'}","{'h': None, 'a': None}","{'h': None, 'a': None}",2026-04-04 12:00:00,,
30157,False,a,"{'id': '286', 'title': 'Como', 'short_title': 'COM'}","{'id': '106', 'title': 'Inter', 'short_title': 'INT'}","{'h': None, 'a': None}","{'h': None, 'a': None}",2026-04-12 12:00:00,,
30164,False,h,"{'id': '106', 'title': 'Inter', 'short_title': 'INT'}","{'id': '116', 'title': 'Cagliari', 'short_title': 'CAG'}","{'h': None, 'a': None}","{'h': None, 'a': None}",2026-04-19 12:00:00,,
30182,False,a,"{'id': '113', 'title': 'Torino', 'short_title': 'TOR'}","{'id': '106', 'title': 'Inter', 'short_title': 'INT'}","{'h': None, 'a': None}","{'h': None, 'a': None}",2026-04-26 12:00:00,,
30188,False,h,"{'id': '106', 'title': 'Inter', 'short_title': 'INT'}","{'id': '230', 'title': 'Parma Calcio 1913', 'short_title': 'PAR'}","{'h': None, 'a': None}","{'h': None, 'a': None}",2026-05-03 12:00:00,,
30198,False,a,"{'id': '96', 'title': 'Lazio', 'short_title': 'LAZ'}","{'id': '106', 'title': 'Inter', 'short_title': 'INT'}","{'h': None, 'a': None}","{'h': None, 'a': None}",2026-05-10 12:00:00,,
30208,False,h,"{'id': '106', 'title': 'Inter', 'short_title': 'INT'}","{'id': '94', 'title': 'Verona', 'short_title': 'VER'}","{'h': None, 'a': None}","{'h': None, 'a': None}",2026-05-17 12:00:00,,
30214,False,a,"{'id': '97', 'title': 'Bologna', 'short_title': 'BOL'}","{'id': '106', 'title': 'Inter', 'short_title': 'INT'}","{'h': None, 'a': None}","{'h': None, 'a': None}",2026-05-24 12:00:00,,
29850,True,h,"{'id': '107', 'title': 'Atalanta', 'short_title': 'ATA'}","{'id': '291', 'title': 'Pisa', 'short_title': 'PIS'}","{'h': '1', 'a': '1'}","{'h': '2.04697', 'a': '1.02901'}",2025-08-24 18:45:00,"{'w': 0.6086873100280612, 'd': 0.20821981443717874, 'l': 0.1830928702849687}",d
29857,True,a,"{'id': '230', 'title': 'Parma Calcio 1913', 'short_title': 'PAR'}","{'id': '107', 'title': 'Atalanta', 'short_title': 'ATA'}","{'h': '1', 'a': '1'}","{'h': '0.751112', 'a': '1.19727'}",2025-08-30 16:30:00,"{'w': 0.2318031666502242, 'd': 0.302514269818365, 'l': 0.46568256352769033}",d
29869,True,h,"{'id': '107', 'title': 'Atalanta', 'short_title': 'ATA'}","{'id': '243', 'title': 'Lecce', 'short_title': 'LEC'}","{'h': '4', 'a': '1'}","{'h': '2.62415', 'a': '0.532382'}",2025-09-14 13:00:00,"{'w': 0.8199189090319988, 'd': 0.1263454133165338, 'l': 0.053735550143798196}",w
29874,True,a,"{'id': '113', 'title': 'Torino', 'short_title': 'TOR'}","{'id': '107', 'title': 'Atalanta', 'short_title': 'ATA'}","{'h': '0', 'a': '3'}","{'h': '1.31336', 'a': '1.67723'}",2025-09-21 13:00:00,"{'w': 0.30072937937253147, 'd': 0.2391022416329749, 'l': 0.4601683786081137}",w
29887,True,a,"{'id': '98', 'title': 'Juventus', 'short_title': 'JUV'}","{'id': '107', 'title': 'Atalanta', 'short_title': 'ATA'}","{'h': '1', 'a': '1'}","{'h': '1.84242', 'a': '0.885278'}",2025-09-27 16:00:00,"{'w': 0.5993537425038402, 'd': 0.22420441319033038, 'l': 0.17644184299693014}",d
29894,True,h,"{'id': '107', 'title': 'Atalanta', 'short_title': 'ATA'}","{'id': '286', 'title': 'Como', 'short_title': 'COM'}","{'h': '1', 'a': '1'}","{'h': '1.74169', 'a': '0.959121'}",2025-10-04 18:45:00,"{'w': 0.5578713124910872, 'd': 0.23583987108452317, 'l': 0.20628881580572475}",d
29904,True,h,"{'id': '107', 'title': 'Atalanta', 'short_title': 'ATA'}","{'id': '96', 'title': 'Lazio', 'short_title': 'LAZ'}","{'h': '0', 'a': '0'}","{'h': '2.38095', 'a': '0.220276'}",2025-10-19 16:00:00,"{'w': 0.858191033026752, 'd': 0.11849729804037455, 'l': 0.023311631784063865}",d
29916,True,a,"{'id': '272', 'title': 'Cremonese', 'short_title': 'CRE'}","{'id': '107', 'title': 'Atalanta', 'short_title': 'ATA'}","{'h': '1', 'a': '1'}","{'h': '0.967146', 'a': '1.62371'}",2025-10-25 18:45:00,"{'w': 0.22485016458005236, 'd': 0.2477814696620084, 'l': 0.5273683655166973}",d
29924,True,h,"{'id': '107', 'title': 'Atalanta', 'short_title': 'ATA'}","{'id': '111', 'title': 'AC Milan', 'short_title': 'MIL'}","{'h': '1', 'a': '1'}","{'h': '1.28167', 'a': '0.626418'}",2025-10-28 18:45:00,"{'w': 0.5243918193076422, 'd': 0.2936309343601117, 'l': 0.18197724632270498}",d
29942,False,a,"{'id': '99', 'title': 'Udinese', 'short_title': 'UDI'}","{'id': '107', 'title': 'Atalanta', 'short_title': 'ATA'}","{'h': None, 'a': None}","{'h': None, 'a': None}",2025-11-02 12:00:00,,
29944,False,h,"{'id': '107', 'title': 'Atalanta', 'short_title': 'ATA'}","{'id': '104', 'title': 'Sassuolo', 'short_title': 'SAS'}","{'h': None, 'a': None}","{'h': None, 'a': None}",2025-11-09 12:00:00,,
29960,False,a,"{'id': '105', 'title': 'Napoli', 'short_title': 'NAP'}","{'id': '107', 'title': 'Atalanta', 'short_title': 'ATA'}","{'h': None, 'a': None}","{'h': None, 'a': None}",2025-11-23 12:00:00,,
29964,False,h,"{'id': '107', 'title': 'Atalanta', 'short_title': 'ATA'}","{'id': '110', 'title': 'Fiorentina', 'short_title': 'FIO'}","{'h': None, 'a': None}","{'h': None, 'a': None}",2025-11-30 12:00:00,,
29983,False,a,"{'id': '94', 'title': 'Verona', 'short_title': 'VER'}","{'id': '107', 'title': 'Atalanta', 'short_title': 'ATA'}","{'h': None, 'a': None}","{'h': None, 'a': None}",2025-12-07 12:00:00,,
29984,False,h,"{'id': '107', 'title': 'Atalanta', 'short_title': 'ATA'}","{'id': '116', 'title': 'Cagliari', 'short_title': 'CAG'}","{'h': None, 'a': None}","{'h': None, 'a': None}",2025-12-14 12:00:00,,
29997,False,a,"{'id': '101', 'title': 'Genoa', 'short_title': 'GEN'}","{'id': '107', 'title': 'Atalanta', 'short_title': 'ATA'}","{'h': None, 'a': None}","{'h': None, 'a': None}",2025-12-21 12:00:00,,
30013,False,h,"{'id': '107', 'title': 'Atalanta', 'short_title': 'ATA'}","{'id': '106', 'title': 'Inter', 'short_title': 'INT'}","{'h': None, 'a': None}","{'h': None, 'a': None}",2025-12-28 12:00:00,,
30014,False,h,"{'id': '107', 'title': 'Atalanta', 'short_title': 'ATA'}","{'id': '95', 'title': 'Roma', 'short_title': 'ROM'}","{'h': None, 'a': None}","{'h': None, 'a': None}",2026-01-03 12:00:00,,
30024,False,a,"{'id': '97', 'title': 'Bologna', 'short_title': 'BOL'}","{'id': '107', 'title': 'Atalanta', 'short_title': 'ATA'}","{'h': None, 'a': None}","{'h': None, 'a': None}",2026-01-06 17:45:00,,
30034,False,h,"{'id': '107', 'title': 'Atalanta', 'short_title': 'ATA'}","{'id': '113', 'title': 'Torino', 'short_title': 'TOR'}","{'h': None, 'a': None}","{'h': None, 'a': None}",2026-01-11 12:00:00,,
30049,False,a,"{'id': '291', 'title': 'Pisa', 'short_title': 'PIS'}","{'id': '107', 'title': 'Atalanta', 'short_title': 'ATA'}","{'h': None, 'a': None}","{'h': None, 'a': None}",2026-01-18 12:00:00,,
30054,False,h,"{'id': '107', 'title': 'Atalanta', 'short_title': 'ATA'}","{'id': '230', 'title': 'Parma Calcio 1913', 'short_title': 'PAR'}","{'h': None, 'a': None}","{'h': None, 'a': None}",2026-01-25 12:00:00,,
30066,False,a,"{'id': '286', 'title': 'Como', 'short_title': 'COM'}","{'id': '107', 'title': 'Atalanta', 'short_title': 'ATA'}","{'h': None, 'a': None}","{'h': None, 'a': None}",2026-02-01 12:00:00,,
30077,False,h,"{'id': '107', 'title': 'Atalanta', 'short_title': 'ATA'}","{'id': '272', 'title': 'Cremonese', 'short_title': 'CRE'}","{'h': None, 'a': None}","{'h': None, 'a': None}",2026-02-08 12:00:00,,
30088,False,a,"{'id': '96', 'title': 'Lazio', 'short_title': 'LAZ'}","{'id': '107', 'title': 'Atalanta', 'short_title': 'ATA'}","{'h': None, 'a': None}","{'h': None, 'a': None}",2026-02-15 12:00:00,,
30094,False,h,"{'id': '107', 'title': 'Atalanta', 'short_title': 'ATA'}","{'id': '105', 'title': 'Napoli', 'short_title': 'NAP'}","{'h': None, 'a': None}","{'h': None, 'a': None}",2026-02-22 12:00:00,,
30112,False,a,"{'id': '104', 'title': 'Sassuolo', 'short_title': 'SAS'}","{'id': '107', 'title': 'Atalanta', 'short_title': 'ATA'}","{'h': None, 'a': None}","{'h': None, 'a': None}",2026-03-01 12:00:00,,
30115,False,h,"{'id': '107', 'title': 'Atalanta', 'short_title': 'ATA'}","{'id': '99', 'title': 'Udinese', 'short_title': 'UDI'}","{'h': None, 'a': None}","{'h': None, 'a': None}",2026-03-08 12:00:00,,
30126,False,a,"{'id': '106', 'title': 'Inter', 'short_title': 'INT'}","{'id': '107', 'title': 'Atalanta', 'short_title': 'ATA'}","{'h': None, 'a': None}","{'h': None, 'a': None}",2026-03-15 12:00:00,,
30134,False,h,"{'id': '107', 'title': 'Atalanta', 'short_title': 'ATA'}","{'id': '94', 'title': 'Verona', 'short_title': 'VER'}","{'h': None, 'a': None}","{'h': None, 'a': None}",2026-03-22 12:00:00,,
30148,False,a,"{'id': '243', 'title': 'Lecce', 'short_title': 'LEC'}","{'id': '107', 'title': 'Atalanta', 'short_title': 'ATA'}","{'h': None, 'a': None}","{'h': None, 'a': None}",2026-04-04 12:00:00,,
30154,False,h,"{'id': '107', 'title': 'Atalanta', 'short_title': 'ATA'}","{'id': '98', 'title': 'Juventus', 'short_title': 'JUV'}","{'h': None, 'a': None}","{'h': None, 'a': None}",2026-04-12 12:00:00,,
30169,False,a,"{'id': '95', 'title': 'Roma', 'short_title': 'ROM'}","{'id': '107', 'title': 'Atalanta', 'short_title': 'ATA'}","{'h': None, 'a': None}","{'h': None, 'a': None}",2026-04-19 12:00:00,,
30175,False,a,"{'id': '116', 'title': 'Cagliari', 'short_title': 'CAG'}","{'id': '107', 'title': 'Atalanta', 'short_title': 'ATA'}","{'h': None, 'a': None}","{'h': None, 'a': None}",2026-04-26 12:00:00,,
30184,False,h,"{'id': '107', 'title': 'Atalanta', 'short_title': 'ATA'}","{'id': '101', 'title': 'Genoa', 'short_title': 'GEN'}","{'h': None, 'a': None}","{'h': None, 'a': None}",2026-05-03 12:00:00,,
30200,False,a,"{'id': '111', 'title': 'AC Milan', 'short_title': 'MIL'}","{'id': '107', 'title': 'Atalanta', 'short_title': 'ATA'}","{'h': None, 'a': None}","{'h': None, 'a': None}",2026-05-10 12:00:00,,
30204,False,h,"{'id': '107', 'title': 'Atalanta', 'short_title': 'ATA'}","{'id': '97', 'title': 'Bologna', 'short_title': 'BOL'}","{'h': None, 'a': None}","{'h': None, 'a': None}",2026-05-17 12:00:00,,
30216,False,a,"{'id': '110', 'title': 'Fiorentina', 'short_title': 'FIO'}","{'id': '107', 'title': 'Atalanta', 'short_title': 'ATA'}","{'h': None, 'a': None}","{'h': None, 'a': None}",2026-05-24 12:00:00,,
29848,True,a,"{'id': '116', 'title': 'Cagliari', 'short_title': 'CAG'}","{'id': '110', 'title': 'Fiorentina', 'short_title': 'FIO'}","{'h': '1', 'a': '1'}","{'h': '1.51736', 'a': '1.14261'}",2025-08-24 16:30:00,"{'w': 0.45886701742530017, 'd': 0.25509588619905943, 'l': 0.2860370962773513}",d
29861,True,a,"{'id': '113', 'title': 'Torino', 'short_title': 'TOR'}","{'id': '110', 'title': 'Fiorentina', 'short_title': 'FIO'}","{'h': '0', 'a': '0'}","{'h': '1.05012', 'a': '1.18859'}",2025-08-31 16:30:00,"{'w': 0.32173731745686673, 'd': 0.28739171164270355, 'l': 0.39087097089647493}",d
29866,True,h,"{'id': '110', 'title': 'Fiorentina', 'short_title': 'FIO'}","{'id': '105', 'title': 'Napoli', 'short_title': 'NAP'}","{'h': '1', 'a': '3'}","{'h': '1.39098', 'a': '3.55376'}",2025-09-13 18:45:00,"{'w': 0.10678213040444662, 'd': 0.11877489427189955, 'l': 0.7744378751595955}",l
29879,True,h,"{'id': '110', 'title': 'Fiorentina', 'short_title': 'FIO'}","{'id': '286', 'title': 'Como', 'short_title': 'COM'}","{'h': '1', 'a': '2'}","{'h': '0.424904', 'a': '2.09507'}",2025-09-21 16:00:00,"{'w': 0.06293303049380566, 'd': 0.16969736226812476, 'l': 0.7673696001260587}",l
29891,True,a,"{'id': '291', 'title': 'Pisa', 'short_title': 'PIS'}","{'id': '110', 'title': 'Fiorentina', 'short_title': 'FIO'}","{'h': '0', 'a': '0'}","{'h': '0.580471', 'a': '0.840093'}",2025-09-28 13:00:00,"{'w': 0.23534728539924435, 'd': 0.3745473059977678, 'l': 0.3901054086029621}",d
29896,True,h,"{'id': '110', 'title': 'Fiorentina', 'short_title': 'FIO'}","{'id': '95', 'title': 'Roma', 'short_title': 'ROM'}","{'h': '1', 'a': '2'}","{'h': '1.11719', 'a': '1.22512'}",2025-10-05 13:00:00,"{'w': 0.33350253820676784, 'd': 0.2801166496662738, 'l': 0.3863808121204298}",l
29911,True,a,"{'id': '111', 'title': 'AC Milan', 'short_title': 'MIL'}","{'id': '110', 'title': 'Fiorentina', 'short_title': 'FIO'}","{'h': '2', 'a': '1'}","{'h': '2.01853', 'a': '0.965997'}",2025-10-19 18:45:00,"{'w': 0.6177314440282635, 'd': 0.20900465480002248, 'l': 0.17326389680190235}",l
29917,True,h,"{'id': '110', 'title': 'Fiorentina', 'short_title': 'FIO'}","{'id': '97', 'title': 'Bologna', 'short_title': 'BOL'}","{'h': '2', 'a': '2'}","{'h': '3.87905', 'a': '0.883347'}",2025-10-26 16:00:00,"{'w': 0.8829241109957725, 'd': 0.07481147903989369, 'l': 0.04225035290459504}",d
29929,True,a,"{'id': '106', 'title': 'Inter', 'short_title': 'INT'}","{'id': '110', 'title': 'Fiorentina', 'short_title': 'FIO'}","{'h': '3', 'a': '0'}","{'h': '2.87253', 'a': '0.741937'}",2025-10-29 18:45:00,"{'w': 0.8085237081227439, 'd': 0.12320358049331713, 'l': 0.06827231808488869}",l
29935,False,h,"{'id': '110', 'title': 'Fiorentina', 'short_title': 'FIO'}","{'id': '243', 'title': 'Lecce', 'short_title': 'LEC'}","{'h': None, 'a': None}","{'h': None, 'a': None}",2025-11-02 12:00:00,,
29947,False,a,"{'id': '101', 'title': 'Genoa', 'short_title': 'GEN'}","{'id': '110', 'title': 'Fiorentina', 'short_title': 'FIO'}","{'h': None, 'a': None}","{'h': None, 'a': None}",2025-11-09 12:00:00,,
29957,False,h,"{'id': '110', 'title': 'Fiorentina', 'short_title': 'FIO'}","{'id': '98', 'title': 'Juventus', 'short_title': 'JUV'}","{'h': None, 'a': None}","{'h': None, 'a': None}",2025-11-23 12:00:00,,
29964,False,a,"{'id': '107', 'title': 'Atalanta', 'short_title': 'ATA'}","{'id': '110', 'title': 'Fiorentina', 'short_title': 'FIO'}","{'h': None, 'a': None}","{'h': None, 'a': None}",2025-11-30 12:00:00,,
29980,False,a,"{'id': '104', 'title': 'Sassuolo', 'short_title': 'SAS'}","{'id': '110', 'title': 'Fiorentina', 'short_title': 'FIO'}","{'h': None, 'a': None}","{'h': None, 'a': None}",2025-12-07 12:00:00,,
29986,False,h,"{'id': '110', 'title': 'Fiorentina', 'short_title': 'FIO'}","{'id': '94', 'title': 'Verona', 'short_title': 'VER'}","{'h': None, 'a': None}","{'h': None, 'a': None}",2025-12-14 12:00:00,,
29996,False,h,"{'id': '110', 'title': 'Fiorentina', 'short_title': 'FIO'}","{'id': '99', 'title': 'Udinese', 'short_title': 'UDI'}","{'h': None, 'a': None}","{'h': None, 'a': None}",2025-12-21 12:00:00,,
30008,False,a,"{'id': '230', 'title': 'Parma Calcio 1913', 'short_title': 'PAR'}","{'id': '110', 'title': 'Fiorentina', 'short_title': 'FIO'}","{'h': None, 'a': None}","{'h': None, 'a': None}",2025-12-28 12:00:00,,
30017,False,h,"{'id': '110', 'title': 'Fiorentina', 'short_title': 'FIO'}","{'id': '272', 'title': 'Cremonese', 'short_title': 'CRE'}","{'h': None, 'a': None}","{'h': None, 'a': None}",2026-01-03 12:00:00,,
30026,False,a,"{'id': '96', 'title': 'Lazio', 'short_title': 'LAZ'}","{'id': '110', 'title': 'Fiorentina', 'short_title': 'FIO'}","{'h': None, 'a': None}","{'h': None, 'a': None}",2026-01-06 17:45:00,,
30036,False,h,"{'id': '110', 'title': 'Fiorentina', 'short_title': 'FIO'}","{'id': '111', 'title': 'AC Milan', 'short_title': 'MIL'}","{'h': None, 'a': None}","{'h': None, 'a': None}",2026-01-11 12:00:00,,
30052,False,a,"{'id': '97', 'title': 'Bologna', 'short_title': 'BOL'}","{'id': '110', 'title': 'Fiorentina', 'short_title': 'FIO'}","{'h': None, 'a': None}","{'h': None, 'a': None}",2026-01-18 12:00:00,,
30056,False,h,"{'id': '110', 'title': 'Fiorentina', 'short_title': 'FIO'}","{'id': '116', 'title': 'Cagliari', 'short_title': 'CAG'}","{'h': None, 'a': None}","{'h': None, 'a': None}",2026-01-25 12:00:00,,
30069,False,a,"{'id': '105', 'title': 'Napoli', 'short_title': 'NAP'}","{'id': '110', 'title': 'Fiorentina', 'short_title': 'FIO'}","{'h': None, 'a': None}","{'h': None, 'a': None}",2026-02-01 12:00:00,,
30079,False,h,"{'id': '110', 'title': 'Fiorentina', 'short_title': 'FIO'}","{'id': '113', 'title': 'Torino', 'short_title': 'TOR'}","{'h': None, 'a': None}","{'h': None, 'a': None}",2026-02-08 12:00:00,,
30085,False,a,"{'id': '286', 'title': 'Como', 'short_title': 'COM'}","{'id': '110', 'title': 'Fiorentina', 'short_title': 'FIO'}","{'h': None, 'a': None}","{'h': None, 'a': None}",2026-02-15 12:00:00,,
30097,False,h,"{'id': '110', 'title': 'Fiorentina', 'short_title': 'FIO'}","{'id': '291', 'title': 'Pisa', 'short_title': 'PIS'}","{'h': None, 'a': None}","{'h': None, 'a': None}",2026-02-22 12:00:00,,
30110,False,a,"{'id': '99', 'title': 'Udinese', 'short_title': 'UDI'}","{'id': '110', 'title': 'Fiorentina', 'short_title': 'FIO'}","{'h': None, 'a': None}","{'h': None, 'a': None}",2026-03-01 12:00:00,,
30117,False,h,"{'id': '110', 'title': 'Fiorentina', 'short_title': 'FIO'}","{'id': '230', 'title': 'Parma Calcio 1913', 'short_title': 'PAR'}","{'h': None, 'a': None}","{'h': None, 'a': None}",2026-03-08 12:00:00,,
30125,False,a,"{'id': '272', 'title': 'Cremonese', 'short_title': 'CRE'}","{'id': '110', 'title': 'Fiorentina', 'short_title': 'FIO'}","{'h': None, 'a': None}","{'h': None, 'a': None}",2026-03-15 12:00:00,,
30138,False,h,"{'id': '110', 'title': 'Fiorentina', 'short_title': 'FIO'}","{'id': '106', 'title': 'Inter', 'short_title': 'INT'}","{'h': None, 'a': None}","{'h': None, 'a': None}",2026-03-22 12:00:00,,
30153,False,a,"{'id': '94', 'title': 'Verona', 'short_title': 'VER'}","{'id': '110', 'title': 'Fiorentina', 'short_title': 'FIO'}","{'h': None, 'a': None}","{'h': None, 'a': None}",2026-04-04 12:00:00,,
30158,False,h,"{'id': '110', 'title': 'Fiorentina', 'short_title': 'FIO'}","{'id': '96', 'title': 'Lazio', 'short_title': 'LAZ'}","{'h': None, 'a': None}","{'h': None, 'a': None}",2026-04-12 12:00:00,,
30166,False,a,"{'id': '243', 'title': 'Lecce', 'short_title': 'LEC'}","{'id': '110', 'title': 'Fiorentina', 'short_title': 'FIO'}","{'h': None, 'a': None}","{'h': None, 'a': None}",2026-04-19 12:00:00,,
30176,False,h,"{'id': '110', 'title': 'Fiorentina', 'short_title': 'FIO'}","{'id': '104', 'title': 'Sassuolo', 'short_title': 'SAS'}","{'h': None, 'a': None}","{'h': None, 'a': None}",2026-04-26 12:00:00,,
30191,False,a,"{'id': '95', 'title': 'Roma', 'short_title': 'ROM'}","{'id': '110', 'title': 'Fiorentina', 'short_title': 'FIO'}","{'h': None, 'a': None}","{'h': None, 'a': None}",2026-05-03 12:00:00,,
30197,False,h,"{'id': '110', 'title': 'Fiorentina', 'short_title': 'FIO'}","{'id': '101', 'title': 'Genoa', 'short_title': 'GEN'}","{'h': None, 'a': None}","{'h': None, 'a': None}",2026-05-10 12:00:00,,
30209,False,a,"{'id': '98', 'title': 'Juventus', 'short_title': 'JUV'}","{'id': '110', 'title': 'Fiorentina', 'short_title': 'FIO'}","{'h': None, 'a': None}","{'h': None, 'a': None}",2026-05-17 12:00:00,,
30216,False,h,"{'id': '110', 'title': 'Fiorentina', 'short_title': 'FIO'}","{'id': '107', 'title': 'Atalanta', 'short_title': 'ATA'}","{'h': None, 'a': None}","{'h': None, 'a': None}",2026-05-24 12:00:00,,
29846,True,h,"{'id': '111', 'title': 'AC Milan', 'short_title': 'MIL'}","{'id': '272', 'title': 'Cremonese', 'short_title': 'CRE'}","{'h': '1', 'a': '2'}","{'h': '2.08498', 'a': '0.363576'}",2025-08-23 18:45:00,"{'w': 0.7814179499874362, 'd': 0.16543910076153012, 'l': 0.0531429425735048}",l
29855,True,a,"{'id': '243', 'title': 'Lecce', 'short_title': 'LEC'}","{'id': '111', 'title': 'AC Milan', 'short_title': 'MIL'}","{'h': '0', 'a': '2'}","{'h': '0.481693', 'a': '2.13175'}",2025-08-29 18:45:00,"{'w': 0.07059113743117384, 'd': 0.1702000139254317, 'l': 0.7592088397256874}",w
29871,True,h,"{'id': '111', 'title': 'AC Milan', 'short_title': 'MIL'}","{'id': '97', 'title': 'Bologna', 'short_title': 'BOL'}","{'h': '1', 'a': '0'}","{'h': '1.15538', 'a': '0.198634'}",2025-09-14 18:45:00,"{'w': 0.6157813794121874, 'd': 0.3209462488911662, 'l': 0.06327237169438153}",w
29875,True,a,"{'id': '99', 'title': 'Udinese', 'short_title': 'UDI'}","{'id': '111', 'title': 'AC Milan', 'short_title': 'MIL'}","{'h': '0', 'a': '3'}","{'h': '0.298364', 'a': '1.70251'}",2025-09-20 18:45:00,"{'w': 0.0593313711954952, 'd': 0.21313375993742312, 'l': 0.7275348684110841}",w
29889,True,h,"{'id': '111', 'title': 'AC Milan', 'short_title': 'MIL'}","{'id': '105', 'title': 'Napoli', 'short_title': 'NAP'}","{'h': '2', 'a': '1'}","{'h': '0.952575', 'a': '2.23894'}",2025-09-28 18:45:00,"{'w': 0.14711596539395866, 'd': 0.18822312166860403, 'l': 0.6646608960874741}",w
29898,True,a,"{'id': '98', 'title': 'Juventus', 'short_title': 'JUV'}","{'id': '111', 'title': 'AC Milan', 'short_title': 'MIL'}","{'h': '0', 'a': '0'}","{'h': '0.570595', 'a': '1.55707'}",2025-10-05 18:45:00,"{'w': 0.13407337858251783, 'd': 0.25090368799798496, 'l': 0.6150229332827022}",d
29911,True,h,"{'id': '111', 'title': 'AC Milan', 'short_title': 'MIL'}","{'id': '110', 'title': 'Fiorentina', 'short_title': 'FIO'}","{'h': '2', 'a': '1'}","{'h': '2.01853', 'a': '0.965997'}",2025-10-19 18:45:00,"{'w': 0.6177314440282635, 'd': 0.20900465480002248, 'l': 0.17326389680190235}",w
29919,True,h,"{'id': '111', 'title': 'AC Milan', 'short_title': 'MIL'}","{'id': '291', 'title': 'Pisa', 'short_title': 'PIS'}","{'h': '2', 'a': '2'}","{'h': '1.97232', 'a': '1.22514'}",2025-10-24 18:45:00,"{'w': 0.5474102154881388, 'd': 0.21794991830253943, 'l': 0.23463986298136874}",d
29924,True,a,"{'id': '107', 'title': 'Atalanta', 'short_title': 'ATA'}","{'id': '111', 'title': 'AC Milan', 'short_title': 'MIL'}","{'h': '1', 'a': '1'}","{'h': '1.28167', 'a': '0.626418'}",2025-10-28 18:45:00,"{'w': 0.5243918193076422, 'd': 0.2936309343601117, 'l': 0.18197724632270498}",d
29937,False,h,"{'id': '111', 'title': 'AC Milan', 'short_title': 'MIL'}","{'id': '95', 'title': 'Roma', 'short_title': 'ROM'}","{'h': None, 'a': None}","{'h': None, 'a': None}",2025-11-02 12:00:00,,
29951,False,a,"{'id': '230', 'title': 'Parma Calcio 1913', 'short_title': 'PAR'}","{'id': '111', 'title': 'AC Milan', 'short_title': 'MIL'}","{'h': None, 'a': None}","{'h': None, 'a': None}",2025-11-09 12:00:00,,
29958,False,a,"{'id': '106', 'title': 'Inter', 'short_title': 'INT'}","{'id': '111', 'title': 'AC Milan', 'short_title': 'MIL'}","{'h': None, 'a': None}","{'h': None, 'a': None}",2025-11-23 12:00:00,,
29970,False,h,"{'id': '111', 'title': 'AC Milan', 'short_title': 'MIL'}","{'id': '96', 'title': 'Lazio', 'short_title': 'LAZ'}","{'h': None, 'a': None}","{'h': None, 'a': None}",2025-11-30 12:00:00,,
29981,False,a,"{'id': '113', 'title': 'Torino', 'short_title': 'TOR'}","{'id': '111', 'title': 'AC Milan', 'short_title': 'MIL'}","{'h': None, 'a': None}","{'h': None, 'a': None}",2025-12-07 12:00:00,,
29989,False,h,"{'id': '111', 'title': 'AC Milan', 'short_title': 'MIL'}","{'id': '104', 'title': 'Sassuolo', 'short_title': 'SAS'}","{'h': None, 'a': None}","{'h': None, 'a': None}",2025-12-14 12:00:00,,
29995,False,a,"{'id': '286', 'title': 'Como', 'short_title': 'COM'}","{'id': '111', 'title': 'AC Milan', 'short_title': 'MIL'}","{'h': None, 'a': None}","{'h': None, 'a': None}",2025-12-21 12:00:00,,
30007,False,h,"{'id': '111', 'title': 'AC Milan', 'short_title': 'MIL'}","{'id': '94', 'title': 'Verona', 'short_title': 'VER'}","{'h': None, 'a': None}","{'h': None, 'a': None}",2025-12-28 12:00:00,,
30015,False,a,"{'id': '116', 'title': 'Cagliari', 'short_title': 'CAG'}","{'id': '111', 'title': 'AC Milan', 'short_title': 'MIL'}","{'h': None, 'a': None}","{'h': None, 'a': None}",2026-01-03 12:00:00,,
30028,False,h,"{'id': '111', 'title': 'AC Milan', 'short_title': 'MIL'}","{'id': '101', 'title': 'Genoa', 'short_title': 'GEN'}","{'h': None, 'a': None}","{'h': None, 'a': None}",2026-01-06 17:45:00,,
30036,False,a,"{'id': '110', 'title': 'Fiorentina', 'short_title': 'FIO'}","{'id': '111', 'title': 'AC Milan', 'short_title': 'MIL'}","{'h': None, 'a': None}","{'h': None, 'a': None}",2026-01-11 12:00:00,,
30046,False,h,"{'id': '111', 'title': 'AC Milan', 'short_title': 'MIL'}","{'id': '243', 'title': 'Lecce', 'short_title': 'LEC'}","{'h': None, 'a': None}","{'h': None, 'a': None}",2026-01-18 12:00:00,,
30061,False,a,"{'id': '95', 'title': 'Roma', 'short_title': 'ROM'}","{'id': '111', 'title': 'AC Milan', 'short_title': 'MIL'}","{'h': None, 'a': None}","{'h': None, 'a': None}",2026-01-25 12:00:00,,
30064,False,a,"{'id': '97', 'title': 'Bologna', 'short_title': 'BOL'}","{'id': '111', 'title': 'AC Milan', 'short_title': 'MIL'}","{'h': None, 'a': None}","{'h': None, 'a': None}",2026-02-01 12:00:00,,
30083,False,h,"{'id': '111', 'title': 'AC Milan', 'short_title': 'MIL'}","{'id': '286', 'title': 'Como', 'short_title': 'COM'}","{'h': None, 'a': None}","{'h': None, 'a': None}",2026-02-08 12:00:00,,
30091,False,a,"{'id': '291', 'title': 'Pisa', 'short_title': 'PIS'}","{'id': '111', 'title': 'AC Milan', 'short_title': 'MIL'}","{'h': None, 'a': None}","{'h': None, 'a': None}",2026-02-15 12:00:00,,
30101,False,h,"{'id': '111', 'title': 'AC Milan', 'short_title': 'MIL'}","{'id': '230', 'title': 'Parma Calcio 1913', 'short_title': 'PAR'}","{'h': None, 'a': None}","{'h': None, 'a': None}",2026-02-22 12:00:00,,
30104,False,a,"{'id': '272', 'title': 'Cremonese', 'short_title': 'CRE'}","{'id': '111', 'title': 'AC Milan', 'short_title': 'MIL'}","{'h': None, 'a': None}","{'h': None, 'a': None}",2026-03-01 12:00:00,,
30122,False,h,"{'id': '111', 'title': 'AC Milan', 'short_title': 'MIL'}","{'id': '106', 'title': 'Inter', 'short_title': 'INT'}","{'h': None, 'a': None}","{'h': None, 'a': None}",2026-03-08 12:00:00,,
30127,False,a,"{'id': '96', 'title': 'Lazio', 'short_title': 'LAZ'}","{'id': '111', 'title': 'AC Milan', 'short_title': 'MIL'}","{'h': None, 'a': None}","{'h': None, 'a': None}",2026-03-15 12:00:00,,
30141,False,h,"{'id': '111', 'title': 'AC Milan', 'short_title': 'MIL'}","{'id': '113', 'title': 'Torino', 'short_title': 'TOR'}","{'h': None, 'a': None}","{'h': None, 'a': None}",2026-03-22 12:00:00,,
30149,False,a,"{'id': '105', 'title': 'Napoli', 'short_title': 'NAP'}","{'id': '111', 'title': 'AC Milan', 'short_title': 'MIL'}","{'h': None, 'a': None}","{'h': None, 'a': None}",2026-04-04 12:00:00,,
30160,False,h,"{'id': '111', 'title': 'AC Milan', 'short_title': 'MIL'}","{'id': '99', 'title': 'Udinese', 'short_title': 'UDI'}","{'h': None, 'a': None}","{'h': None, 'a': None}",2026-04-12 12:00:00,,
30172,False,a,"{'id': '94', 'title': 'Verona', 'short_title': 'VER'}","{'id': '111', 'title': 'AC Milan', 'short_title': 'MIL'}","{'h': None, 'a': None}","{'h': None, 'a': None}",2026-04-19 12:00:00,,
30179,False,h,"{'id': '111', 'title': 'AC Milan', 'short_title': 'MIL'}","{'id': '98', 'title': 'Juventus', 'short_title': 'JUV'}","{'h': None, 'a': None}","{'h': None, 'a': None}",2026-04-26 12:00:00,,
30192,False,a,"{'id': '104', 'title': 'Sassuolo', 'short_title': 'SAS'}","{'id': '111', 'title': 'AC Milan', 'short_title': 'MIL'}","{'h': None, 'a': None}","{'h': None, 'a': None}",2026-05-03 12:00:00,,
30200,False,h,"{'id': '111', 'title': 'AC Milan', 'short_title': 'MIL'}","{'id': '107', 'title': 'Atalanta', 'short_title': 'ATA'}","{'h': None, 'a': None}","{'h': None, 'a': None}",2026-05-10 12:00:00,,
30207,False,a,"{'id': '101', 'title': 'Genoa', 'short_title': 'GEN'}","{'id': '111', 'title': 'AC Milan', 'short_title': 'MIL'}","{'h': None, 'a': None}","{'h': None, 'a': None}",2026-05-17 12:00:00,,
30219,False,h,"{'id': '111', 'title': 'AC Milan', 'short_title': 'MIL'}","{'id': '116', 'title': 'Cagliari', 'short_title': 'CAG'}","{'h': None, 'a': None}","{'h': None, 'a': None}",2026-05-24 12:00:00,,
29853,True,a,"{'id': '106', 'title': 'Inter', 'short_title': 'INT'}","{'id': '113', 'title': 'Torino', 'short_title': 'TOR'}","{'h': '5', 'a': '0'}","{'h': '2.60956', 'a': '0.816232'}",2025-08-25 18:45:00,"{'w': 0.7576182597196973, 'd': 0.14868586595383, 'l': 0.09369575545138419}",l
29861,True,h,"{'id': '113', 'title': 'Torino', 'short_title': 'TOR'}","{'id': '110', 'title': 'Fiorentina', 'short_title': 'FIO'}","{'h': '0', 'a': '0'}","{'h': '1.05012', 'a': '1.18859'}",2025-08-31 16:30:00,"{'w': 0.32173731745686673, 'd': 0.28739171164270355, 'l': 0.39087097089647493}",d
29867,True,a,"{'id': '95', 'title': 'Roma', 'short_title': 'ROM'}","{'id': '113', 'title': 'Torino', 'short_title': 'TOR'}","{'h': '0', 'a': '1'}","{'h': '1.02943', 'a': '0.805089'}",2025-09-14 10:30:00,"{'w': 0.3996315227372538, 'd': 0.32212136614755943, 'l': 0.27824711111472183}",w
29874,True,h,"{'id': '113', 'title': 'Torino', 'short_title': 'TOR'}","{'id': '107', 'title': 'Atalanta', 'short_title': 'ATA'}","{'h': '0', 'a': '3'}","{'h': '1.31336', 'a': '1.67723'}",2025-09-21 13:00:00,"{'w': 0.30072937937253147, 'd': 0.2391022416329749, 'l': 0.4601683786081137}",l
29890,True,a,"{'id': '230', 'title': 'Parma Calcio 1913', 'short_title': 'PAR'}","{'id': '113', 'title': 'Torino', 'short_title': 'TOR'}","{'h': '2', 'a': '1'}","{'h': '1.44462', 'a': '0.660829'}",2025-09-29 16:30:00,"{'w': 0.5606816299861468, 'd': 0.268932756245992, 'l': 0.17038561371851335}",l
29899,True,a,"{'id': '96', 'title': 'Lazio', 'short_title': 'LAZ'}","{'id': '113', 'title': 'Torino', 'short_title': 'TOR'}","{'h': '3', 'a': '3'}","{'h': '1.45075', 'a': '2.18108'}",2025-10-04 13:00:00,"{'w': 0.2528816825626187, 'd': 0.20500265665032963, 'l': 0.5421156487293888}",d
29906,True,h,"{'id': '113', 'title': 'Torino', 'short_title': 'TOR'}","{'id': '105', 'title': 'Napoli', 'short_title': 'NAP'}","{'h': '1', 'a': '0'}","{'h': '1.90815', 'a': '1.71911'}",2025-10-18 16:00:00,"{'w': 0.42933593335067965, 'd': 0.21752175164139717, 'l': 0.3531423124055836}",w
29923,True,h,"{'id': '113', 'title': 'Torino', 'short_title': 'TOR'}","{'id': '101', 'title': 'Genoa', 'short_title': 'GEN'}","{'h': '2', 'a': '1'}","{'h': '1.8196', 'a': '1.9796'}",2025-10-26 10:30:00,"{'w': 0.3622672557479592, 'd': 0.21231184282395407, 'l': 0.42542089693613544}",w
29925,True,a,"{'id': '97', 'title': 'Bologna', 'short_title': 'BOL'}","{'id': '113', 'title': 'Torino', 'short_title': 'TOR'}","{'h': '0', 'a': '0'}","{'h': '0.3322', 'a': '0.797473'}",2025-10-29 18:45:00,"{'w': 0.1439592846260768, 'd': 0.41458442532576684, 'l': 0.44145629004814424}",d
29941,False,h,"{'id': '113', 'title': 'Torino', 'short_title': 'TOR'}","{'id': '291', 'title': 'Pisa', 'short_title': 'PIS'}","{'h': None, 'a': None}","{'h': None, 'a': None}",2025-11-02 12:00:00,,
29949,False,a,"{'id': '98', 'title': 'Juventus', 'short_title': 'JUV'}","{'id': '113', 'title': 'Torino', 'short_title': 'TOR'}","{'h': None, 'a': None}","{'h': None, 'a': None}",2025-11-09 12:00:00,,
29962,False,h,"{'id': '113', 'title': 'Torino', 'short_title': 'TOR'}","{'id': '286', 'title': 'Como', 'short_title': 'COM'}","{'h': None, 'a': None}","{'h': None, 'a': None}",2025-11-23 12:00:00,,
29969,False,a,"{'id': '243', 'title': 'Lecce', 'short_title': 'LEC'}","{'id': '113', 'title': 'Torino', 'short_title': 'TOR'}","{'h': None, 'a': None}","{'h': None, 'a': None}",2025-11-30 12:00:00,,
29981,False,h,"{'id': '113', 'title': 'Torino', 'short_title': 'TOR'}","{'id': '111', 'title': 'AC Milan', 'short_title': 'MIL'}","{'h': None, 'a': None}","{'h': None, 'a': None}",2025-12-07 12:00:00,,
29992,False,h,"{'id': '113', 'title': 'Torino', 'short_title': 'TOR'}","{'id': '272', 'title': 'Cremonese', 'short_title': 'CRE'}","{'h': None, 'a': None}","{'h': None, 'a': None}",2025-12-14 12:00:00,,
30002,False,a,"{'id': '104', 'title': 'Sassuolo', 'short_title': 'SAS'}","{'id': '113', 'title': 'Torino', 'short_title': 'TOR'}","{'h': None, 'a': None}","{'h': None, 'a': None}",2025-12-21 12:00:00,,
30011,False,h,"{'id': '113', 'title': 'Torino', 'short_title': 'TOR'}","{'id': '116', 'title': 'Cagliari', 'short_title': 'CAG'}","{'h': None, 'a': None}","{'h': None, 'a': None}",2025-12-28 12:00:00,,
30023,False,a,"{'id': '94', 'title': 'Verona', 'short_title': 'VER'}","{'id': '113', 'title': 'Torino', 'short_title': 'TOR'}","{'h': None, 'a': None}","{'h': None, 'a': None}",2026-01-03 12:00:00,,
30033,False,h,"{'id': '113', 'title': 'Torino', 'short_title': 'TOR'}","{'id': '99', 'title': 'Udinese', 'short_title': 'UDI'}","{'h': None, 'a': None}","{'h': None, 'a': None}",2026-01-06 17:45:00,,
30034,False,a,"{'id': '107', 'title': 'Atalanta', 'short_title': 'ATA'}","{'id': '113', 'title': 'Torino', 'short_title': 'TOR'}","{'h': None, 'a': None}","{'h': None, 'a': None}",2026-01-11 12:00:00,,
30050,False,h,"{'id': '113', 'title': 'Torino', 'short_title': 'TOR'}","{'id': '95', 'title': 'Roma', 'short_title': 'ROM'}","{'h': None, 'a': None}","{'h': None, 'a': None}",2026-01-18 12:00:00,,
30055,False,a,"{'id': '286', 'title': 'Como', 'short_title': 'COM'}","{'id': '113', 'title': 'Torino', 'short_title': 'TOR'}","{'h': None, 'a': None}","{'h': None, 'a': None}",2026-01-25 12:00:00,,
30072,False,h,"{'id': '113', 'title': 'Torino', 'short_title': 'TOR'}","{'id': '243', 'title': 'Lecce', 'short_title': 'LEC'}","{'h': None, 'a': None}","{'h': None, 'a': None}",2026-02-01 12:00:00,,
30079,False,a,"{'id': '110', 'title': 'Fiorentina', 'short_title': 'FIO'}","{'id': '113', 'title': 'Torino', 'short_title': 'TOR'}","{'h': None, 'a': None}","{'h': None, 'a': None}",2026-02-08 12:00:00,,
30092,False,h,"{'id': '113', 'title': 'Torino', 'short_title': 'TOR'}","{'id': '97', 'title': 'Bologna', 'short_title': 'BOL'}","{'h': None, 'a': None}","{'h': None, 'a': None}",2026-02-15 12:00:00,,
30098,False,a,"{'id': '101', 'title': 'Genoa', 'short_title': 'GEN'}","{'id': '113', 'title': 'Torino', 'short_title': 'TOR'}","{'h': None, 'a': None}","{'h': None, 'a': None}",2026-02-22 12:00:00,,
30111,False,h,"{'id': '113', 'title': 'Torino', 'short_title': 'TOR'}","{'id': '96', 'title': 'Lazio', 'short_title': 'LAZ'}","{'h': None, 'a': None}","{'h': None, 'a': None}",2026-03-01 12:00:00,,
30114,False,a,"{'id': '105', 'title': 'Napoli', 'short_title': 'NAP'}","{'id': '113', 'title': 'Torino', 'short_title': 'TOR'}","{'h': None, 'a': None}","{'h': None, 'a': None}",2026-03-08 12:00:00,,
30131,False,h,"{'id': '113', 'title': 'Torino', 'short_title': 'TOR'}","{'id': '230', 'title': 'Parma Calcio 1913', 'short_title': 'PAR'}","{'h': None, 'a': None}","{'h': None, 'a': None}",2026-03-15 12:00:00,,
30141,False,a,"{'id': '111', 'title': 'AC Milan', 'short_title': 'MIL'}","{'id': '113', 'title': 'Torino', 'short_title': 'TOR'}","{'h': None, 'a': None}","{'h': None, 'a': None}",2026-03-22 12:00:00,,
30150,False,a,"{'id': '291', 'title': 'Pisa', 'short_title': 'PIS'}","{'id': '113', 'title': 'Torino', 'short_title': 'TOR'}","{'h': None, 'a': None}","{'h': None, 'a': None}",2026-04-04 12:00:00,,
30163,False,h,"{'id': '113', 'title': 'Torino', 'short_title': 'TOR'}","{'id': '94', 'title': 'Verona', 'short_title': 'VER'}","{'h': None, 'a': None}","{'h': None, 'a': None}",2026-04-12 12:00:00,,
30173,False,a,"{'id': '272', 'title': 'Cremonese', 'short_title': 'CRE'}","{'id': '113', 'title': 'Torino', 'short_title': 'TOR'}","{'h': None, 'a': None}","{'h': None, 'a': None}",2026-04-19 12:00:00,,
30182,False,h,"{'id': '113', 'title': 'Torino', 'short_title': 'TOR'}","{'id': '106', 'title': 'Inter', 'short_title': 'INT'}","{'h': None, 'a': None}","{'h': None, 'a': None}",2026-04-26 12:00:00,,
30193,False,a,"{'id': '99', 'title': 'Udinese', 'short_title': 'UDI'}","{'id': '113', 'title': 'Torino', 'short_title': 'TOR'}","{'h': None, 'a': None}","{'h': None, 'a': None}",2026-05-03 12:00:00,,
30203,False,h,"{'id': '113', 'title': 'Torino', 'short_title': 'TOR'}","{'id': '104', 'title': 'Sassuolo', 'short_title': 'SAS'}","{'h': None, 'a': None}","{'h': None, 'a': None}",2026-05-10 12:00:00,,
30205,False,a,"{'id': '116', 'title': 'Cagliari', 'short_title': 'CAG'}","{'id': '113', 'title': 'Torino', 'short_title': 'TOR'}","{'h': None, 'a': None}","{'h': None, 'a': None}",2026-05-17 12:00:00,,
30222,False,h,"{'id': '113', 'title': 'Torino', 'short_title': 'TOR'}","{'id': '98', 'title': 'Juventus', 'short_title': 'JUV'}","{'h': None, 'a': None}","{'h': None, 'a': None}",2026-05-24 12:00:00,,
29848,True,h,"{'id': '116', 'title': 'Cagliari', 'short_title': 'CAG'}","{'id': '110', 'title': 'Fiorentina', 'short_title': 'FIO'}","{'h': '1', 'a': '1'}","{'h': '1.51736', 'a': '1.14261'}",2025-08-24 16:30:00,"{'w': 0.45886701742530017, 'd': 0.25509588619905943, 'l': 0.2860370962773513}",d
29859,True,a,"{'id': '105', 'title': 'Napoli', 'short_title': 'NAP'}","{'id': '116', 'title': 'Cagliari', 'short_title': 'CAG'}","{'h': '1', 'a': '0'}","{'h': '1.73158', 'a': '0.64413'}",2025-08-30 18:45:00,"{'w': 0.6366466297143906, 'd': 0.2293712323616355, 'l': 0.13398213735183426}",l
29864,True,h,"{'id': '116', 'title': 'Cagliari', 'short_title': 'CAG'}","{'id': '230', 'title': 'Parma Calcio 1913', 'short_title': 'PAR'}","{'h': '2', 'a': '0'}","{'h': '1.76945', 'a': '1.95549'}",2025-09-13 13:00:00,"{'w': 0.3557605145876252, 'd': 0.2143998384701703, 'l': 0.4298396432993565}",w
29882,True,a,"{'id': '243', 'title': 'Lecce', 'short_title': 'LEC'}","{'id': '116', 'title': 'Cagliari', 'short_title': 'CAG'}","{'h': '1', 'a': '2'}","{'h': '1.13998', 'a': '2.21034'}",2025-09-19 18:45:00,"{'w': 0.18638239829073988, 'd': 0.19742561897733588, 'l': 0.6161919684614109}",w
29884,True,h,"{'id': '116', 'title': 'Cagliari', 'short_title': 'CAG'}","{'id': '106', 'title': 'Inter', 'short_title': 'INT'}","{'h': '0', 'a': '2'}","{'h': '0.475174', 'a': '3.95419'}",2025-09-27 18:45:00,"{'w': 0.01572891566680969, 'd': 0.047320273576923505, 'l': 0.9369333193813416}",l
29902,True,a,"{'id': '99', 'title': 'Udinese', 'short_title': 'UDI'}","{'id': '116', 'title': 'Cagliari', 'short_title': 'CAG'}","{'h': '1', 'a': '1'}","{'h': '2.98545', 'a': '0.789093'}",2025-10-05 10:30:00,"{'w': 0.8131449317083351, 'd': 0.11853046870074835, 'l': 0.06832396790507687}",d
29905,True,h,"{'id': '116', 'title': 'Cagliari', 'short_title': 'CAG'}","{'id': '97', 'title': 'Bologna', 'short_title': 'BOL'}","{'h': '0', 'a': '2'}","{'h': '0.367775', 'a': '1.15836'}",2025-10-19 13:00:00,"{'w': 0.1173262118621935, 'd': 0.3203213346390777, 'l': 0.5623524534963807}",l
29915,True,a,"{'id': '94', 'title': 'Verona', 'short_title': 'VER'}","{'id': '116', 'title': 'Cagliari', 'short_title': 'CAG'}","{'h': '2', 'a': '2'}","{'h': '2.03687', 'a': '0.837271'}",2025-10-26 13:00:00,"{'w': 0.652732536084779, 'd': 0.20248418577632382, 'l': 0.1447832732189256}",d
29926,True,h,"{'id': '116', 'title': 'Cagliari', 'short_title': 'CAG'}","{'id': '104', 'title': 'Sassuolo', 'short_title': 'SAS'}","{'h': '1', 'a': '2'}","{'h': '0.845219', 'a': '0.937652'}",2025-10-30 16:30:00,"{'w': 0.3095186689193007, 'd': 0.3302689013707686, 'l': 0.36021242970978196}",l
29936,False,a,"{'id': '96', 'title': 'Lazio', 'short_title': 'LAZ'}","{'id': '116', 'title': 'Cagliari', 'short_title': 'CAG'}","{'h': None, 'a': None}","{'h': None, 'a': None}",2025-11-02 12:00:00,,
29946,False,a,"{'id': '286', 'title': 'Como', 'short_title': 'COM'}","{'id': '116', 'title': 'Cagliari', 'short_title': 'CAG'}","{'h': None, 'a': None}","{'h': None, 'a': None}",2025-11-09 12:00:00,,
29955,False,h,"{'id': '116', 'title': 'Cagliari', 'short_title': 'CAG'}","{'id': '101', 'title': 'Genoa', 'short_title': 'GEN'}","{'h': None, 'a': None}","{'h': None, 'a': None}",2025-11-23 12:00:00,,
29968,False,a,"{'id': '98', 'title': 'Juventus', 'short_title': 'JUV'}","{'id': '116', 'title': 'Cagliari', 'short_title': 'CAG'}","{'h': None, 'a': None}","{'h': None, 'a': None}",2025-11-30 12:00:00,,
29974,False,h,"{'id': '116', 'title': 'Cagliari', 'short_title': 'CAG'}","{'id': '95', 'title': 'Roma', 'short_title': 'ROM'}","{'h': None, 'a': None}","{'h': None, 'a': None}",2025-12-07 12:00:00,,
29984,False,a,"{'id': '107', 'title': 'Atalanta', 'short_title': 'ATA'}","{'id': '116', 'title': 'Cagliari', 'short_title': 'CAG'}","{'h': None, 'a': None}","{'h': None, 'a': None}",2025-12-14 12:00:00,,
29994,False,h,"{'id': '116', 'title': 'Cagliari', 'short_title': 'CAG'}","{'id': '291', 'title': 'Pisa', 'short_title': 'PIS'}","{'h': None, 'a': None}","{'h': None, 'a': None}",2025-12-21 12:00:00,,
30011,False,a,"{'id': '113', 'title': 'Torino', 'short_title': 'TOR'}","{'id': '116', 'title': 'Cagliari', 'short_title': 'CAG'}","{'h': None, 'a': None}","{'h': None, 'a': None}",2025-12-28 12:00:00,,
30015,False,h,"{'id': '116', 'title': 'Cagliari', 'short_title': 'CAG'}","{'id': '111', 'title': 'AC Milan', 'short_title': 'MIL'}","{'h': None, 'a': None}","{'h': None, 'a': None}",2026-01-03 12:00:00,,
30025,False,a,"{'id': '272', 'title': 'Cremonese', 'short_title': 'CRE'}","{'id': '116', 'title': 'Cagliari', 'short_title': 'CAG'}","{'h': None, 'a': None}","{'h': None, 'a': None}",2026-01-06 17:45:00,,
30037,False,a,"{'id': '101', 'title': 'Genoa', 'short_title': 'GEN'}","{'id': '116', 'title': 'Cagliari', 'short_title': 'CAG'}","{'h': None, 'a': None}","{'h': None, 'a': None}",2026-01-11 12:00:00,,
30053,False,h,"{'id': '116', 'title': 'Cagliari', 'short_title': 'CAG'}","{'id': '98', 'title': 'Juventus', 'short_title': 'JUV'}","{'h': None, 'a': None}","{'h': None, 'a': None}",2026-01-18 12:00:00,,
30056,False,a,"{'id': '110', 'title': 'Fiorentina', 'short_title': 'FIO'}","{'id': '116', 'title': 'Cagliari', 'short_title': 'CAG'}","{'h': None, 'a': None}","{'h': None, 'a': None}",2026-01-25 12:00:00,,
30065,False,h,"{'id': '116', 'title': 'Cagliari', 'short_title': 'CAG'}","{'id': '94', 'title': 'Verona', 'short_title': 'VER'}","{'h': None, 'a': None}","{'h': None, 'a': None}",2026-02-01 12:00:00,,
30076,False,a,"{'id': '95', 'title': 'Roma', 'short_title': 'ROM'}","{'id': '116', 'title': 'Cagliari', 'short_title': 'CAG'}","{'h': None, 'a': None}","{'h': None, 'a': None}",2026-02-08 12:00:00,,
30084,False,h,"{'id': '116', 'title': 'Cagliari', 'short_title': 'CAG'}","{'id': '243', 'title': 'Lecce', 'short_title': 'LEC'}","{'h': None, 'a': None}","{'h': None, 'a': None}",2026-02-15 12:00:00,,
30096,False,h,"{'id': '116', 'title': 'Cagliari', 'short_title': 'CAG'}","{'id': '96', 'title': 'Lazio', 'short_title': 'LAZ'}","{'h': None, 'a': None}","{'h': None, 'a': None}",2026-02-22 12:00:00,,
30106,False,a,"{'id': '230', 'title': 'Parma Calcio 1913', 'short_title': 'PAR'}","{'id': '116', 'title': 'Cagliari', 'short_title': 'CAG'}","{'h': None, 'a': None}","{'h': None, 'a': None}",2026-03-01 12:00:00,,
30116,False,h,"{'id': '116', 'title': 'Cagliari', 'short_title': 'CAG'}","{'id': '286', 'title': 'Como', 'short_title': 'COM'}","{'h': None, 'a': None}","{'h': None, 'a': None}",2026-03-08 12:00:00,,
30129,False,a,"{'id': '291', 'title': 'Pisa', 'short_title': 'PIS'}","{'id': '116', 'title': 'Cagliari', 'short_title': 'CAG'}","{'h': None, 'a': None}","{'h': None, 'a': None}",2026-03-15 12:00:00,,
30136,False,h,"{'id': '116', 'title': 'Cagliari', 'short_title': 'CAG'}","{'id': '105', 'title': 'Napoli', 'short_title': 'NAP'}","{'h': None, 'a': None}","{'h': None, 'a': None}",2026-03-22 12:00:00,,
30151,False,a,"{'id': '104', 'title': 'Sassuolo', 'short_title': 'SAS'}","{'id': '116', 'title': 'Cagliari', 'short_title': 'CAG'}","{'h': None, 'a': None}","{'h': None, 'a': None}",2026-04-04 12:00:00,,
30156,False,h,"{'id': '116', 'title': 'Cagliari', 'short_title': 'CAG'}","{'id': '272', 'title': 'Cremonese', 'short_title': 'CRE'}","{'h': None, 'a': None}","{'h': None, 'a': None}",2026-04-12 12:00:00,,
30164,False,a,"{'id': '106', 'title': 'Inter', 'short_title': 'INT'}","{'id': '116', 'title': 'Cagliari', 'short_title': 'CAG'}","{'h': None, 'a': None}","{'h': None, 'a': None}",2026-04-19 12:00:00,,
30175,False,h,"{'id': '116', 'title': 'Cagliari', 'short_title': 'CAG'}","{'id': '107', 'title': 'Atalanta', 'short_title': 'ATA'}","{'h': None, 'a': None}","{'h': None, 'a': None}",2026-04-26 12:00:00,,
30185,False,a,"{'id': '97', 'title': 'Bologna', 'short_title': 'BOL'}","{'id': '116', 'title': 'Cagliari', 'short_title': 'CAG'}","{'h': None, 'a': None}","{'h': None, 'a': None}",2026-05-03 12:00:00,,
30195,False,h,"{'id': '116', 'title': 'Cagliari', 'short_title': 'CAG'}","{'id': '99', 'title': 'Udinese', 'short_title': 'UDI'}","{'h': None, 'a': None}","{'h': None, 'a': None}",2026-05-10 12:00:00,,
30205,False,h,"{'id': '116', 'title': 'Cagliari', 'short_title': 'CAG'}","{'id': '113', 'title': 'Torino', 'short_title': 'TOR'}","{'h': None, 'a': None}","{'h': None, 'a': None}",2026-05-17 12:00:00,,
30219,False,a,"{'id': '111', 'title': 'AC Milan', 'short_title': 'MIL'}","{'id': '116', 'title': 'Cagliari', 'short_title': 'CAG'}","{'h': None, 'a': None}","{'h': None, 'a': None}",2026-05-24 12:00:00,,
29851,True,a,"{'id': '98', 'title': 'Juventus', 'short_title': 'JUV'}","{'id': '230', 'title': 'Parma Calcio 1913', 'short_title': 'PAR'}","{'h': '2', 'a': '0'}","{'h': '2.74202', 'a': '0.815567'}",2025-08-24 18:45:00,"{'w': 0.7767451978930083, 'd': 0.13811275189343278, 'l': 0.08514182925147516}",l
29857,True,h,"{'id': '230', 'title': 'Parma Calcio 1913', 'short_title': 'PAR'}","{'id': '107', 'title': 'Atalanta', 'short_title': 'ATA'}","{'h': '1', 'a': '1'}","{'h': '0.751112', 'a': '1.19727'}",2025-08-30 16:30:00,"{'w': 0.2318031666502242, 'd': 0.302514269818365, 'l': 0.46568256352769033}",d
29864,True,a,"{'id': '116', 'title': 'Cagliari', 'short_title': 'CAG'}","{'id': '230', 'title': 'Parma Calcio 1913', 'short_title': 'PAR'}","{'h': '2', 'a': '0'}","{'h': '1.76945', 'a': '1.95549'}",2025-09-13 13:00:00,"{'w': 0.3557605145876252, 'd': 0.2143998384701703, 'l': 0.4298396432993565}",l
29878,True,a,"{'id': '272', 'title': 'Cremonese', 'short_title': 'CRE'}","{'id': '230', 'title': 'Parma Calcio 1913', 'short_title': 'PAR'}","{'h': '0', 'a': '0'}","{'h': '0.172561', 'a': '0.902031'}",2025-09-21 13:00:00,"{'w': 0.06929465611364172, 'd': 0.3966877948990784, 'l': 0.5340175489872092}",d
29890,True,h,"{'id': '230', 'title': 'Parma Calcio 1913', 'short_title': 'PAR'}","{'id': '113', 'title': 'Torino', 'short_title': 'TOR'}","{'h': '2', 'a': '1'}","{'h': '1.44462', 'a': '0.660829'}",2025-09-29 16:30:00,"{'w': 0.5606816299861468, 'd': 0.268932756245992, 'l': 0.17038561371851335}",w
29901,True,h,"{'id': '230', 'title': 'Parma Calcio 1913', 'short_title': 'PAR'}","{'id': '243', 'title': 'Lecce', 'short_title': 'LEC'}","{'h': '0', 'a': '1'}","{'h': '1.08896', 'a': '0.622459'}",2025-10-04 13:00:00,"{'w': 0.46587329510786213, 'd': 0.32540832659010466, 'l': 0.20871837830104142}",l
29909,True,a,"{'id': '101', 'title': 'Genoa', 'short_title': 'GEN'}","{'id': '230', 'title': 'Parma Calcio 1913', 'short_title': 'PAR'}","{'h': '0', 'a': '0'}","{'h': '2.21692', 'a': '0.0544873'}",2025-10-19 13:00:00,"{'w': 0.8778597244092424, 'd': 0.11601025213950686, 'l': 0.00613000862293492}",d
29921,True,h,"{'id': '230', 'title': 'Parma Calcio 1913', 'short_title': 'PAR'}","{'id': '286', 'title': 'Como', 'short_title': 'COM'}","{'h': '0', 'a': '0'}","{'h': '1.56651', 'a': '0.387121'}",2025-10-25 13:00:00,"{'w': 0.6703509118253842, 'd': 0.24167022978223338, 'l': 0.08797885824391644}",d
29933,True,a,"{'id': '95', 'title': 'Roma', 'short_title': 'ROM'}","{'id': '230', 'title': 'Parma Calcio 1913', 'short_title': 'PAR'}","{'h': '2', 'a': '1'}","{'h': '1.15685', 'a': '1.17796'}",2025-10-29 16:30:00,"{'w': 0.3542430474955877, 'd': 0.28115203022630836, 'l': 0.3646049222728347}",l
29939,False,h,"{'id': '230', 'title': 'Parma Calcio 1913', 'short_title': 'PAR'}","{'id': '97', 'title': 'Bologna', 'short_title': 'BOL'}","{'h': None, 'a': None}","{'h': None, 'a': None}",2025-11-02 12:00:00,,
29951,False,h,"{'id': '230', 'title': 'Parma Calcio 1913', 'short_title': 'PAR'}","{'id': '111', 'title': 'AC Milan', 'short_title': 'MIL'}","{'h': None, 'a': None}","{'h': None, 'a': None}",2025-11-09 12:00:00,,
29954,False,a,"{'id': '94', 'title': 'Verona', 'short_title': 'VER'}","{'id': '230', 'title': 'Parma Calcio 1913', 'short_title': 'PAR'}","{'h': None, 'a': None}","{'h': None, 'a': None}",2025-11-23 12:00:00,,
29971,False,h,"{'id': '230', 'title': 'Parma Calcio 1913', 'short_title': 'PAR'}","{'id': '99', 'title': 'Udinese', 'short_title': 'UDI'}","{'h': None, 'a': None}","{'h': None, 'a': None}",2025-11-30 12:00:00,,
29979,False,a,"{'id': '291', 'title': 'Pisa', 'short_title': 'PIS'}","{'id': '230', 'title': 'Parma Calcio 1913', 'short_title': 'PAR'}","{'h': None, 'a': None}","{'h': None, 'a': None}",2025-12-07 12:00:00,,
29990,False,h,"{'id': '230', 'title': 'Parma Calcio 1913', 'short_title': 'PAR'}","{'id': '96', 'title': 'Lazio', 'short_title': 'LAZ'}","{'h': None, 'a': None}","{'h': None, 'a': None}",2025-12-14 12:00:00,,
30001,False,a,"{'id': '105', 'title': 'Napoli', 'short_title': 'NAP'}","{'id': '230', 'title': 'Parma Calcio 1913', 'short_title': 'PAR'}","{'h': None, 'a': None}","{'h': None, 'a': None}",2025-12-21 12:00:00,,
30008,False,h,"{'id': '230', 'title': 'Parma Calcio 1913', 'short_title': 'PAR'}","{'id': '110', 'title': 'Fiorentina', 'short_title': 'FIO'}","{'h': None, 'a': None}","{'h': None, 'a': None}",2025-12-28 12:00:00,,
30022,False,a,"{'id': '104', 'title': 'Sassuolo', 'short_title': 'SAS'}","{'id': '230', 'title': 'Parma Calcio 1913', 'short_title': 'PAR'}","{'h': None, 'a': None}","{'h': None, 'a': None}",2026-01-03 12:00:00,,
30030,False,h,"{'id': '230', 'title': 'Parma Calcio 1913', 'short_title': 'PAR'}","{'id': '106', 'title': 'Inter', 'short_title': 'INT'}","{'h': None, 'a': None}","{'h': None, 'a': None}",2026-01-06 17:45:00,,
30040,False,a,"{'id': '243', 'title': 'Lecce', 'short_title': 'LEC'}","{'id': '230', 'title': 'Parma Calcio 1913', 'short_title': 'PAR'}","{'h': None, 'a': None}","{'h': None, 'a': None}",2026-01-11 12:00:00,,
30048,False,h,"{'id': '230', 'title': 'Parma Calcio 1913', 'short_title': 'PAR'}","{'id': '101', 'title': 'Genoa', 'short_title': 'GEN'}","{'h': None, 'a': None}","{'h': None, 'a': None}",2026-01-18 12:00:00,,
30054,False,a,"{'id': '107', 'title': 'Atalanta', 'short_title': 'ATA'}","{'id': '230', 'title': 'Parma Calcio 1913', 'short_title': 'PAR'}","{'h': None, 'a': None}","{'h': None, 'a': None}",2026-01-25 12:00:00,,
30070,False,h,"{'id': '230', 'title': 'Parma Calcio 1913', 'short_title': 'PAR'}","{'id': '98', 'title': 'Juventus', 'short_title': 'JUV'}","{'h': None, 'a': None}","{'h': None, 'a': None}",2026-02-01 12:00:00,,
30078,False,a,"{'id': '97', 'title': 'Bologna', 'short_title': 'BOL'}","{'id': '230', 'title': 'Parma Calcio 1913', 'short_title': 'PAR'}","{'h': None, 'a': None}","{'h': None, 'a': None}",2026-02-08 12:00:00,,
30090,False,h,"{'id': '230', 'title': 'Parma Calcio 1913', 'short_title': 'PAR'}","{'id': '94', 'title': 'Verona', 'short_title': 'VER'}","{'h': None, 'a': None}","{'h': None, 'a': None}",2026-02-15 12:00:00,,
30101,False,a,"{'id': '111', 'title': 'AC Milan', 'short_title': 'MIL'}","{'id': '230', 'title': 'Parma Calcio 1913', 'short_title': 'PAR'}","{'h': None, 'a': None}","{'h': None, 'a': None}",2026-02-22 12:00:00,,
30106,False,h,"{'id': '230', 'title': 'Parma Calcio 1913', 'short_title': 'PAR'}","{'id': '116', 'title': 'Cagliari', 'short_title': 'CAG'}","{'h': None, 'a': None}","{'h': None, 'a': None}",2026-03-01 12:00:00,,
30117,False,a,"{'id': '110', 'title': 'Fiorentina', 'short_title': 'FIO'}","{'id': '230', 'title': 'Parma Calcio 1913', 'short_title': 'PAR'}","{'h': None, 'a': None}","{'h': None, 'a': None}",2026-03-08 12:00:00,,
30131,False,a,"{'id': '113', 'title': 'Torino', 'short_title': 'TOR'}","{'id': '230', 'title': 'Parma Calcio 1913', 'short_title': 'PAR'}","{'h': None, 'a': None}","{'h': None, 'a': None}",2026-03-15 12:00:00,,
30142,False,h,"{'id': '230', 'title': 'Parma Calcio 1913', 'short_title': 'PAR'}","{'id': '272', 'title': 'Cremonese', 'short_title': 'CRE'}","{'h': None, 'a': None}","{'h': None, 'a': None}",2026-03-22 12:00:00,,
30147,False,a,"{'id': '96', 'title': 'Lazio', 'short_title': 'LAZ'}","{'id': '230', 'title': 'Parma Calcio 1913', 'short_title': 'PAR'}","{'h': None, 'a': None}","{'h': None, 'a': None}",2026-04-04 12:00:00,,
30161,False,h,"{'id': '230', 'title': 'Parma Calcio 1913', 'short_title': 'PAR'}","{'id': '105', 'title': 'Napoli', 'short_title': 'NAP'}","{'h': None, 'a': None}","{'h': None, 'a': None}",2026-04-12 12:00:00,,
30171,False,a,"{'id': '99', 'title': 'Udinese', 'short_title': 'UDI'}","{'id': '230', 'title': 'Parma Calcio 1913', 'short_title': 'PAR'}","{'h': None, 'a': None}","{'h': None, 'a': None}",2026-04-19 12:00:00,,
30181,False,h,"{'id': '230', 'title': 'Parma Calcio 1913', 'short_title': 'PAR'}","{'id': '291', 'title': 'Pisa', 'short_title': 'PIS'}","{'h': None, 'a': None}","{'h': None, 'a': None}",2026-04-26 12:00:00,,
30188,False,a,"{'id': '106', 'title': 'Inter', 'short_title': 'INT'}","{'id': '230', 'title': 'Parma Calcio 1913', 'short_title': 'PAR'}","{'h': None, 'a': None}","{'h': None, 'a': None}",2026-05-03 12:00:00,,
30202,False,h,"{'id': '230', 'title': 'Parma Calcio 1913', 'short_title': 'PAR'}","{'id': '95', 'title': 'Roma', 'short_title': 'ROM'}","{'h': None, 'a': None}","{'h': None, 'a': None}",2026-05-10 12:00:00,,
30206,False,a,"{'id': '286', 'title': 'Como', 'short_title': 'COM'}","{'id': '230', 'title': 'Parma Calcio 1913', 'short_title': 'PAR'}","{'h': None, 'a': None}","{'h': None, 'a': None}",2026-05-17 12:00:00,,
30221,False,h,"{'id': '230', 'title': 'Parma Calcio 1913', 'short_title': 'PAR'}","{'id': '104', 'title': 'Sassuolo', 'short_title': 'SAS'}","{'h': None, 'a': None}","{'h': None, 'a': None}",2026-05-24 12:00:00,,
29844,True,a,"{'id': '101', 'title': 'Genoa', 'short_title': 'GEN'}","{'id': '243', 'title': 'Lecce', 'short_title': 'LEC'}","{'h': '0', 'a': '0'}","{'h': '0.56563', 'a': '0.55094'}",2025-08-23 16:30:00,"{'w': 0.28594885394185854, 'd': 0.4376574939692856, 'l': 0.2763936520888559}",d
29855,True,h,"{'id': '243', 'title': 'Lecce', 'short_title': 'LEC'}","{'id': '111', 'title': 'AC Milan', 'short_title': 'MIL'}","{'h': '0', 'a': '2'}","{'h': '0.481693', 'a': '2.13175'}",2025-08-29 18:45:00,"{'w': 0.07059113743117384, 'd': 0.1702000139254317, 'l': 0.7592088397256874}",l
29869,True,a,"{'id': '107', 'title': 'Atalanta', 'short_title': 'ATA'}","{'id': '243', 'title': 'Lecce', 'short_title': 'LEC'}","{'h': '4', 'a': '1'}","{'h': '2.62415', 'a': '0.532382'}",2025-09-14 13:00:00,"{'w': 0.8199189090319988, 'd': 0.1263454133165338, 'l': 0.053735550143798196}",l
29882,True,h,"{'id': '243', 'title': 'Lecce', 'short_title': 'LEC'}","{'id': '116', 'title': 'Cagliari', 'short_title': 'CAG'}","{'h': '1', 'a': '2'}","{'h': '1.13998', 'a': '2.21034'}",2025-09-19 18:45:00,"{'w': 0.18638239829073988, 'd': 0.19742561897733588, 'l': 0.6161919684614109}",l
29888,True,h,"{'id': '243', 'title': 'Lecce', 'short_title': 'LEC'}","{'id': '97', 'title': 'Bologna', 'short_title': 'BOL'}","{'h': '2', 'a': '2'}","{'h': '2.09017', 'a': '1.5908'}",2025-09-28 16:00:00,"{'w': 0.4939931927431395, 'd': 0.21049322002456108, 'l': 0.29551358015158136}",d
29901,True,a,"{'id': '230', 'title': 'Parma Calcio 1913', 'short_title': 'PAR'}","{'id': '243', 'title': 'Lecce', 'short_title': 'LEC'}","{'h': '0', 'a': '1'}","{'h': '1.08896', 'a': '0.622459'}",2025-10-04 13:00:00,"{'w': 0.46587329510786213, 'd': 0.32540832659010466, 'l': 0.20871837830104142}",w
29910,True,h,"{'id': '243', 'title': 'Lecce', 'short_title': 'LEC'}","{'id': '104', 'title': 'Sassuolo', 'short_title': 'SAS'}","{'h': '0', 'a': '0'}","{'h': '0.66998', 'a': '0.77146'}",2025-10-18 13:00:00,"{'w': 0.2820135977740785, 'd': 0.37560798435087067, 'l': 0.34237841787504203}",d
29914,True,a,"{'id': '99', 'title': 'Udinese', 'short_title': 'UDI'}","{'id': '243', 'title': 'Lecce', 'short_title': 'LEC'}","{'h': '3', 'a': '2'}","{'h': '1.51576', 'a': '0.373551'}",2025-10-25 13:00:00,"{'w': 0.6619354484139106, 'd': 0.24968037299420506, 'l': 0.08838417849690623}",l
29931,True,h,"{'id': '243', 'title': 'Lecce', 'short_title': 'LEC'}","{'id': '105', 'title': 'Napoli', 'short_title': 'NAP'}","{'h': '0', 'a': '1'}","{'h': '1.02929', 'a': '0.92446'}",2025-10-28 16:30:00,"{'w': 0.3715532253800642, 'd': 0.31229970467882384, 'l': 0.31614706994056246}",l
29935,False,a,"{'id': '110', 'title': 'Fiorentina', 'short_title': 'FIO'}","{'id': '243', 'title': 'Lecce', 'short_title': 'LEC'}","{'h': None, 'a': None}","{'h': None, 'a': None}",2025-11-02 12:00:00,,
29950,False,h,"{'id': '243', 'title': 'Lecce', 'short_title': 'LEC'}","{'id': '94', 'title': 'Verona', 'short_title': 'VER'}","{'h': None, 'a': None}","{'h': None, 'a': None}",2025-11-09 12:00:00,,
29959,False,a,"{'id': '96', 'title': 'Lazio', 'short_title': 'LAZ'}","{'id': '243', 'title': 'Lecce', 'short_title': 'LEC'}","{'h': None, 'a': None}","{'h': None, 'a': None}",2025-11-23 12:00:00,,
29969,False,h,"{'id': '243', 'title': 'Lecce', 'short_title': 'LEC'}","{'id': '113', 'title': 'Torino', 'short_title': 'TOR'}","{'h': None, 'a': None}","{'h': None, 'a': None}",2025-11-30 12:00:00,,
29975,False,a,"{'id': '272', 'title': 'Cremonese', 'short_title': 'CRE'}","{'id': '243', 'title': 'Lecce', 'short_title': 'LEC'}","{'h': None, 'a': None}","{'h': None, 'a': None}",2025-12-07 12:00:00,,
29988,False,h,"{'id': '243', 'title': 'Lecce', 'short_title': 'LEC'}","{'id': '291', 'title': 'Pisa', 'short_title': 'PIS'}","{'h': None, 'a': None}","{'h': None, 'a': None}",2025-12-14 12:00:00,,
29998,False,a,"{'id': '106', 'title': 'Inter', 'short_title': 'INT'}","{'id': '243', 'title': 'Lecce', 'short_title': 'LEC'}","{'h': None, 'a': None}","{'h': None, 'a': None}",2025-12-21 12:00:00,,
30006,False,h,"{'id': '243', 'title': 'Lecce', 'short_title': 'LEC'}","{'id': '286', 'title': 'Como', 'short_title': 'COM'}","{'h': None, 'a': None}","{'h': None, 'a': None}",2025-12-28 12:00:00,,
30020,False,a,"{'id': '98', 'title': 'Juventus', 'short_title': 'JUV'}","{'id': '243', 'title': 'Lecce', 'short_title': 'LEC'}","{'h': None, 'a': None}","{'h': None, 'a': None}",2026-01-03 12:00:00,,
30027,False,h,"{'id': '243', 'title': 'Lecce', 'short_title': 'LEC'}","{'id': '95', 'title': 'Roma', 'short_title': 'ROM'}","{'h': None, 'a': None}","{'h': None, 'a': None}",2026-01-06 17:45:00,,
30040,False,h,"{'id': '243', 'title': 'Lecce', 'short_title': 'LEC'}","{'id': '230', 'title': 'Parma Calcio 1913', 'short_title': 'PAR'}","{'h': None, 'a': None}","{'h': None, 'a': None}",2026-01-11 12:00:00,,
30046,False,a,"{'id': '111', 'title': 'AC Milan', 'short_title': 'MIL'}","{'id': '243', 'title': 'Lecce', 'short_title': 'LEC'}","{'h': None, 'a': None}","{'h': None, 'a': None}",2026-01-18 12:00:00,,
30060,False,h,"{'id': '243', 'title': 'Lecce', 'short_title': 'LEC'}","{'id': '96', 'title': 'Lazio', 'short_title': 'LAZ'}","{'h': None, 'a': None}","{'h': None, 'a': None}",2026-01-25 12:00:00,,
30072,False,a,"{'id': '113', 'title': 'Torino', 'short_title': 'TOR'}","{'id': '243', 'title': 'Lecce', 'short_title': 'LEC'}","{'h': None, 'a': None}","{'h': None, 'a': None}",2026-02-01 12:00:00,,
30082,False,h,"{'id': '243', 'title': 'Lecce', 'short_title': 'LEC'}","{'id': '99', 'title': 'Udinese', 'short_title': 'UDI'}","{'h': None, 'a': None}","{'h': None, 'a': None}",2026-02-08 12:00:00,,
30084,False,a,"{'id': '116', 'title': 'Cagliari', 'short_title': 'CAG'}","{'id': '243', 'title': 'Lecce', 'short_title': 'LEC'}","{'h': None, 'a': None}","{'h': None, 'a': None}",2026-02-15 12:00:00,,
30100,False,h,"{'id': '243', 'title': 'Lecce', 'short_title': 'LEC'}","{'id': '106', 'title': 'Inter', 'short_title': 'INT'}","{'h': None, 'a': None}","{'h': None, 'a': None}",2026-02-22 12:00:00,,
30113,False,a,"{'id': '286', 'title': 'Como', 'short_title': 'COM'}","{'id': '243', 'title': 'Lecce', 'short_title': 'LEC'}","{'h': None, 'a': None}","{'h': None, 'a': None}",2026-03-01 12:00:00,,
30121,False,h,"{'id': '243', 'title': 'Lecce', 'short_title': 'LEC'}","{'id': '272', 'title': 'Cremonese', 'short_title': 'CRE'}","{'h': None, 'a': None}","{'h': None, 'a': None}",2026-03-08 12:00:00,,
30128,False,a,"{'id': '105', 'title': 'Napoli', 'short_title': 'NAP'}","{'id': '243', 'title': 'Lecce', 'short_title': 'LEC'}","{'h': None, 'a': None}","{'h': None, 'a': None}",2026-03-15 12:00:00,,
30143,False,a,"{'id': '95', 'title': 'Roma', 'short_title': 'ROM'}","{'id': '243', 'title': 'Lecce', 'short_title': 'LEC'}","{'h': None, 'a': None}","{'h': None, 'a': None}",2026-03-22 12:00:00,,
30148,False,h,"{'id': '243', 'title': 'Lecce', 'short_title': 'LEC'}","{'id': '107', 'title': 'Atalanta', 'short_title': 'ATA'}","{'h': None, 'a': None}","{'h': None, 'a': None}",2026-04-04 12:00:00,,
30155,False,a,"{'id': '97', 'title': 'Bologna', 'short_title': 'BOL'}","{'id': '243', 'title': 'Lecce', 'short_title': 'LEC'}","{'h': None, 'a': None}","{'h': None, 'a': None}",2026-04-12 12:00:00,,
30166,False,h,"{'id': '243', 'title': 'Lecce', 'short_title': 'LEC'}","{'id': '110', 'title': 'Fiorentina', 'short_title': 'FIO'}","{'h': None, 'a': None}","{'h': None, 'a': None}",2026-04-19 12:00:00,,
30183,False,a,"{'id': '94', 'title': 'Verona', 'short_title': 'VER'}","{'id': '243', 'title': 'Lecce', 'short_title': 'LEC'}","{'h': None, 'a': None}","{'h': None, 'a': None}",2026-04-26 12:00:00,,
30190,False,a,"{'id': '291', 'title': 'Pisa', 'short_title': 'PIS'}","{'id': '243', 'title': 'Lecce', 'short_title': 'LEC'}","{'h': None, 'a': None}","{'h': None, 'a': None}",2026-05-03 12:00:00,,
30199,False,h,"{'id': '243', 'title': 'Lecce', 'short_title': 'LEC'}","{'id': '98', 'title': 'Juventus', 'short_title': 'JUV'}","{'h': None, 'a': None}","{'h': None, 'a': None}",2026-05-10 12:00:00,,
30212,False,a,"{'id': '104', 'title': 'Sassuolo', 'short_title': 'SAS'}","{'id': '243', 'title': 'Lecce', 'short_title': 'LEC'}","{'h': None, 'a': None}","{'h': None, 'a': None}",2026-05-17 12:00:00,,
30218,False,h,"{'id': '243', 'title': 'Lecce', 'short_title': 'LEC'}","{'id': '101', 'title': 'Genoa', 'short_title': 'GEN'}","{'h': None, 'a': None}","{'h': None, 'a': None}",2026-05-24 12:00:00,,
29846,True,a,"{'id': '111', 'title': 'AC Milan', 'short_title': 'MIL'}","{'id': '272', 'title': 'Cremonese', 'short_title': 'CRE'}","{'h': '1', 'a': '2'}","{'h': '2.08498', 'a': '0.363576'}",2025-08-23 18:45:00,"{'w': 0.7814179499874362, 'd': 0.16543910076153012, 'l': 0.0531429425735048}",w
29854,True,h,"{'id': '272', 'title': 'Cremonese', 'short_title': 'CRE'}","{'id': '104', 'title': 'Sassuolo', 'short_title': 'SAS'}","{'h': '3', 'a': '2'}","{'h': '3.52949', 'a': '1.32978'}",2025-08-29 16:30:00,"{'w': 0.7817897098542896, 'd': 0.11708546061814384, 'l': 0.10112012335356428}",w
29872,True,a,"{'id': '94', 'title': 'Verona', 'short_title': 'VER'}","{'id': '272', 'title': 'Cremonese', 'short_title': 'CRE'}","{'h': '0', 'a': '0'}","{'h': '1.8883', 'a': '0.166346'}",2025-09-15 16:30:00,"{'w': 0.8014193887729185, 'd': 0.17166104312469746, 'l': 0.026919566288605524}",d
29878,True,h,"{'id': '272', 'title': 'Cremonese', 'short_title': 'CRE'}","{'id': '230', 'title': 'Parma Calcio 1913', 'short_title': 'PAR'}","{'h': '0', 'a': '0'}","{'h': '0.172561', 'a': '0.902031'}",2025-09-21 13:00:00,"{'w': 0.06929465611364172, 'd': 0.3966877948990784, 'l': 0.5340175489872092}",d
29885,True,a,"{'id': '286', 'title': 'Como', 'short_title': 'COM'}","{'id': '272', 'title': 'Cremonese', 'short_title': 'CRE'}","{'h': '1', 'a': '1'}","{'h': '1.44033', 'a': '0.564557'}",2025-09-27 13:00:00,"{'w': 0.5864202162173479, 'd': 0.2685659080064004, 'l': 0.14501387572886834}",d
29897,True,a,"{'id': '106', 'title': 'Inter', 'short_title': 'INT'}","{'id': '272', 'title': 'Cremonese', 'short_title': 'CRE'}","{'h': '4', 'a': '1'}","{'h': '4.65231', 'a': '0.619599'}",2025-10-04 16:00:00,"{'w': 0.9517992649112104, 'd': 0.03470476628678426, 'l': 0.013390434837233085}",l
29908,True,h,"{'id': '272', 'title': 'Cremonese', 'short_title': 'CRE'}","{'id': '99', 'title': 'Udinese', 'short_title': 'UDI'}","{'h': '1', 'a': '1'}","{'h': '1.22876', 'a': '0.962572'}",2025-10-20 18:45:00,"{'w': 0.4225954080502809, 'd': 0.2885879620652767, 'l': 0.2888166298789408}",d
29916,True,h,"{'id': '272', 'title': 'Cremonese', 'short_title': 'CRE'}","{'id': '107', 'title': 'Atalanta', 'short_title': 'ATA'}","{'h': '1', 'a': '1'}","{'h': '0.967146', 'a': '1.62371'}",2025-10-25 18:45:00,"{'w': 0.22485016458005236, 'd': 0.2477814696620084, 'l': 0.5273683655166973}",d
29928,True,a,"{'id': '101', 'title': 'Genoa', 'short_title': 'GEN'}","{'id': '272', 'title': 'Cremonese', 'short_title': 'CRE'}","{'h': '0', 'a': '2'}","{'h': '1.3491', 'a': '1.57974'}",2025-10-29 18:45:00,"{'w': 0.32656019016989973, 'd': 0.24455986514015446, 'l': 0.4288799445042486}",w
29934,False,h,"{'id': '272', 'title': 'Cremonese', 'short_title': 'CRE'}","{'id': '98', 'title': 'Juventus', 'short_title': 'JUV'}","{'h': None, 'a': None}","{'h': None, 'a': None}",2025-11-02 12:00:00,,
29952,False,a,"{'id': '291', 'title': 'Pisa', 'short_title': 'PIS'}","{'id': '272', 'title': 'Cremonese', 'short_title': 'CRE'}","{'h': None, 'a': None}","{'h': None, 'a': None}",2025-11-09 12:00:00,,
29956,False,h,"{'id': '272', 'title': 'Cremonese', 'short_title': 'CRE'}","{'id': '95', 'title': 'Roma', 'short_title': 'ROM'}","{'h': None, 'a': None}","{'h': None, 'a': None}",2025-11-23 12:00:00,,
29965,False,a,"{'id': '97', 'title': 'Bologna', 'short_title': 'BOL'}","{'id': '272', 'title': 'Cremonese', 'short_title': 'CRE'}","{'h': None, 'a': None}","{'h': None, 'a': None}",2025-11-30 12:00:00,,
29975,False,h,"{'id': '272', 'title': 'Cremonese', 'short_title': 'CRE'}","{'id': '243', 'title': 'Lecce', 'short_title': 'LEC'}","{'h': None, 'a': None}","{'h': None, 'a': None}",2025-12-07 12:00:00,,
29992,False,a,"{'id': '113', 'title': 'Torino', 'short_title': 'TOR'}","{'id': '272', 'title': 'Cremonese', 'short_title': 'CRE'}","{'h': None, 'a': None}","{'h': None, 'a': None}",2025-12-14 12:00:00,,
30000,False,a,"{'id': '96', 'title': 'Lazio', 'short_title': 'LAZ'}","{'id': '272', 'title': 'Cremonese', 'short_title': 'CRE'}","{'h': None, 'a': None}","{'h': None, 'a': None}",2025-12-21 12:00:00,,
30005,False,h,"{'id': '272', 'title': 'Cremonese', 'short_title': 'CRE'}","{'id': '105', 'title': 'Napoli', 'short_title': 'NAP'}","{'h': None, 'a': None}","{'h': None, 'a': None}",2025-12-28 12:00:00,,
30017,False,a,"{'id': '110', 'title': 'Fiorentina', 'short_title': 'FIO'}","{'id': '272', 'title': 'Cremonese', 'short_title': 'CRE'}","{'h': None, 'a': None}","{'h': None, 'a': None}",2026-01-03 12:00:00,,
30025,False,h,"{'id': '272', 'title': 'Cremonese', 'short_title': 'CRE'}","{'id': '116', 'title': 'Cagliari', 'short_title': 'CAG'}","{'h': None, 'a': None}","{'h': None, 'a': None}",2026-01-06 17:45:00,,
30039,False,a,"{'id': '98', 'title': 'Juventus', 'short_title': 'JUV'}","{'id': '272', 'title': 'Cremonese', 'short_title': 'CRE'}","{'h': None, 'a': None}","{'h': None, 'a': None}",2026-01-11 12:00:00,,
30044,False,h,"{'id': '272', 'title': 'Cremonese', 'short_title': 'CRE'}","{'id': '94', 'title': 'Verona', 'short_title': 'VER'}","{'h': None, 'a': None}","{'h': None, 'a': None}",2026-01-18 12:00:00,,
30062,False,a,"{'id': '104', 'title': 'Sassuolo', 'short_title': 'SAS'}","{'id': '272', 'title': 'Cremonese', 'short_title': 'CRE'}","{'h': None, 'a': None}","{'h': None, 'a': None}",2026-01-25 12:00:00,,
30067,False,h,"{'id': '272', 'title': 'Cremonese', 'short_title': 'CRE'}","{'id': '106', 'title': 'Inter', 'short_title': 'INT'}","{'h': None, 'a': None}","{'h': None, 'a': None}",2026-02-01 12:00:00,,
30077,False,a,"{'id': '107', 'title': 'Atalanta', 'short_title': 'ATA'}","{'id': '272', 'title': 'Cremonese', 'short_title': 'CRE'}","{'h': None, 'a': None}","{'h': None, 'a': None}",2026-02-08 12:00:00,,
30086,False,h,"{'id': '272', 'title': 'Cremonese', 'short_title': 'CRE'}","{'id': '101', 'title': 'Genoa', 'short_title': 'GEN'}","{'h': None, 'a': None}","{'h': None, 'a': None}",2026-02-15 12:00:00,,
30102,False,a,"{'id': '95', 'title': 'Roma', 'short_title': 'ROM'}","{'id': '272', 'title': 'Cremonese', 'short_title': 'CRE'}","{'h': None, 'a': None}","{'h': None, 'a': None}",2026-02-22 12:00:00,,
30104,False,h,"{'id': '272', 'title': 'Cremonese', 'short_title': 'CRE'}","{'id': '111', 'title': 'AC Milan', 'short_title': 'MIL'}","{'h': None, 'a': None}","{'h': None, 'a': None}",2026-03-01 12:00:00,,
30121,False,a,"{'id': '243', 'title': 'Lecce', 'short_title': 'LEC'}","{'id': '272', 'title': 'Cremonese', 'short_title': 'CRE'}","{'h': None, 'a': None}","{'h': None, 'a': None}",2026-03-08 12:00:00,,
30125,False,h,"{'id': '272', 'title': 'Cremonese', 'short_title': 'CRE'}","{'id': '110', 'title': 'Fiorentina', 'short_title': 'FIO'}","{'h': None, 'a': None}","{'h': None, 'a': None}",2026-03-15 12:00:00,,
30142,False,a,"{'id': '230', 'title': 'Parma Calcio 1913', 'short_title': 'PAR'}","{'id': '272', 'title': 'Cremonese', 'short_title': 'CRE'}","{'h': None, 'a': None}","{'h': None, 'a': None}",2026-03-22 12:00:00,,
30144,False,h,"{'id': '272', 'title': 'Cremonese', 'short_title': 'CRE'}","{'id': '97', 'title': 'Bologna', 'short_title': 'BOL'}","{'h': None, 'a': None}","{'h': None, 'a': None}",2026-04-04 12:00:00,,
30156,False,a,"{'id': '116', 'title': 'Cagliari', 'short_title': 'CAG'}","{'id': '272', 'title': 'Cremonese', 'short_title': 'CRE'}","{'h': None, 'a': None}","{'h': None, 'a': None}",2026-04-12 12:00:00,,
30173,False,h,"{'id': '272', 'title': 'Cremonese', 'short_title': 'CRE'}","{'id': '113', 'title': 'Torino', 'short_title': 'TOR'}","{'h': None, 'a': None}","{'h': None, 'a': None}",2026-04-19 12:00:00,,
30180,False,a,"{'id': '105', 'title': 'Napoli', 'short_title': 'NAP'}","{'id': '272', 'title': 'Cremonese', 'short_title': 'CRE'}","{'h': None, 'a': None}","{'h': None, 'a': None}",2026-04-26 12:00:00,,
30187,False,h,"{'id': '272', 'title': 'Cremonese', 'short_title': 'CRE'}","{'id': '96', 'title': 'Lazio', 'short_title': 'LAZ'}","{'h': None, 'a': None}","{'h': None, 'a': None}",2026-05-03 12:00:00,,
30196,False,h,"{'id': '272', 'title': 'Cremonese', 'short_title': 'CRE'}","{'id': '291', 'title': 'Pisa', 'short_title': 'PIS'}","{'h': None, 'a': None}","{'h': None, 'a': None}",2026-05-10 12:00:00,,
30213,False,a,"{'id': '99', 'title': 'Udinese', 'short_title': 'UDI'}","{'id': '272', 'title': 'Cremonese', 'short_title': 'CRE'}","{'h': None, 'a': None}","{'h': None, 'a': None}",2026-05-17 12:00:00,,
30215,False,h,"{'id': '272', 'title': 'Cremonese', 'short_title': 'CRE'}","{'id': '286', 'title': 'Como', 'short_title': 'COM'}","{'h': None, 'a': None}","{'h': None, 'a': None}",2026-05-24 12:00:00,,
29849,True,h,"{'id': '286', 'title': 'Como', 'short_title': 'COM'}","{'id': '96', 'title': 'Lazio', 'short_title': 'LAZ'}","{'h': '2', 'a': '0'}","{'h': '1.28478', 'a': '0.202984'}",2025-08-24 16:30:00,"{'w': 0.6537444250779725, 'd': 0.28873727588531606, 'l': 0.0575182990268454}",w
29856,True,a,"{'id': '97', 'title': 'Bologna', 'short_title': 'BOL'}","{'id': '286', 'title': 'Como', 'short_title': 'COM'}","{'h': '1', 'a': '0'}","{'h': '1.51584', 'a': '0.521585'}",2025-08-30 16:30:00,"{'w': 0.6184919777284424, 'd': 0.2556888732215134, 'l': 0.12581914895499804}",l
29873,True,h,"{'id': '286', 'title': 'Como', 'short_title': 'COM'}","{'id': '101', 'title': 'Genoa', 'short_title': 'GEN'}","{'h': '1', 'a': '1'}","{'h': '1.56467', 'a': '2.54288'}",2025-09-15 18:45:00,"{'w': 0.22701808127221393, 'd': 0.18419609419462543, 'l': 0.5887857386190716}",d
29879,True,a,"{'id': '110', 'title': 'Fiorentina', 'short_title': 'FIO'}","{'id': '286', 'title': 'Como', 'short_title': 'COM'}","{'h': '1', 'a': '2'}","{'h': '0.424904', 'a': '2.09507'}",2025-09-21 16:00:00,"{'w': 0.06293303049380566, 'd': 0.16969736226812476, 'l': 0.7673696001260587}",w
29885,True,h,"{'id': '286', 'title': 'Como', 'short_title': 'COM'}","{'id': '272', 'title': 'Cremonese', 'short_title': 'CRE'}","{'h': '1', 'a': '1'}","{'h': '1.44033', 'a': '0.564557'}",2025-09-27 13:00:00,"{'w': 0.5864202162173479, 'd': 0.2685659080064004, 'l': 0.14501387572886834}",d
29894,True,a,"{'id': '107', 'title': 'Atalanta', 'short_title': 'ATA'}","{'id': '286', 'title': 'Como', 'short_title': 'COM'}","{'h': '1', 'a': '1'}","{'h': '1.74169', 'a': '0.959121'}",2025-10-04 18:45:00,"{'w': 0.5578713124910872, 'd': 0.23583987108452317, 'l': 0.20628881580572475}",d
29907,True,h,"{'id': '286', 'title': 'Como', 'short_title': 'COM'}","{'id': '98', 'title': 'Juventus', 'short_title': 'JUV'}","{'h': '2', 'a': '0'}","{'h': '1.68785', 'a': '0.964723'}",2025-10-19 10:30:00,"{'w': 0.5436488068185739, 'd': 0.24129623376465872, 'l': 0.21505495901056068}",w
29921,True,a,"{'id': '230', 'title': 'Parma Calcio 1913', 'short_title': 'PAR'}","{'id': '286', 'title': 'Como', 'short_title': 'COM'}","{'h': '0', 'a': '0'}","{'h': '1.56651', 'a': '0.387121'}",2025-10-25 13:00:00,"{'w': 0.6703509118253842, 'd': 0.24167022978223338, 'l': 0.08797885824391644}",d
29927,True,h,"{'id': '286', 'title': 'Como', 'short_title': 'COM'}","{'id': '94', 'title': 'Verona', 'short_title': 'VER'}","{'h': '3', 'a': '1'}","{'h': '1.74279', 'a': '1.69938'}",2025-10-29 16:30:00,"{'w': 0.3965570471089632, 'd': 0.22482750650439406, 'l': 0.3786154453180205}",w
29938,False,a,"{'id': '105', 'title': 'Napoli', 'short_title': 'NAP'}","{'id': '286', 'title': 'Como', 'short_title': 'COM'}","{'h': None, 'a': None}","{'h': None, 'a': None}",2025-11-02 12:00:00,,
29946,False,h,"{'id': '286', 'title': 'Como', 'short_title': 'COM'}","{'id': '116', 'title': 'Cagliari', 'short_title': 'CAG'}","{'h': None, 'a': None}","{'h': None, 'a': None}",2025-11-09 12:00:00,,
29962,False,a,"{'id': '113', 'title': 'Torino', 'short_title': 'TOR'}","{'id': '286', 'title': 'Como', 'short_title': 'COM'}","{'h': None, 'a': None}","{'h': None, 'a': None}",2025-11-23 12:00:00,,
29966,False,h,"{'id': '286', 'title': 'Como', 'short_title': 'COM'}","{'id': '104', 'title': 'Sassuolo', 'short_title': 'SAS'}","{'h': None, 'a': None}","{'h': None, 'a': None}",2025-11-30 12:00:00,,
29976,False,a,"{'id': '106', 'title': 'Inter', 'short_title': 'INT'}","{'id': '286', 'title': 'Como', 'short_title': 'COM'}","{'h': None, 'a': None}","{'h': None, 'a': None}",2025-12-07 12:00:00,,
29991,False,a,"{'id': '95', 'title': 'Roma', 'short_title': 'ROM'}","{'id': '286', 'title': 'Como', 'short_title': 'COM'}","{'h': None, 'a': None}","{'h': None, 'a': None}",2025-12-14 12:00:00,,
29995,False,h,"{'id': '286', 'title': 'Como', 'short_title': 'COM'}","{'id': '111', 'title': 'AC Milan', 'short_title': 'MIL'}","{'h': None, 'a': None}","{'h': None, 'a': None}",2025-12-21 12:00:00,,
30006,False,a,"{'id': '243', 'title': 'Lecce', 'short_title': 'LEC'}","{'id': '286', 'title': 'Como', 'short_title': 'COM'}","{'h': None, 'a': None}","{'h': None, 'a': None}",2025-12-28 12:00:00,,
30016,False,h,"{'id': '286', 'title': 'Como', 'short_title': 'COM'}","{'id': '99', 'title': 'Udinese', 'short_title': 'UDI'}","{'h': None, 'a': None}","{'h': None, 'a': None}",2026-01-03 12:00:00,,
30031,False,a,"{'id': '291', 'title': 'Pisa', 'short_title': 'PIS'}","{'id': '286', 'title': 'Como', 'short_title': 'COM'}","{'h': None, 'a': None}","{'h': None, 'a': None}",2026-01-06 17:45:00,,
30035,False,h,"{'id': '286', 'title': 'Como', 'short_title': 'COM'}","{'id': '97', 'title': 'Bologna', 'short_title': 'BOL'}","{'h': None, 'a': None}","{'h': None, 'a': None}",2026-01-11 12:00:00,,
30045,False,a,"{'id': '96', 'title': 'Lazio', 'short_title': 'LAZ'}","{'id': '286', 'title': 'Como', 'short_title': 'COM'}","{'h': None, 'a': None}","{'h': None, 'a': None}",2026-01-18 12:00:00,,
30055,False,h,"{'id': '286', 'title': 'Como', 'short_title': 'COM'}","{'id': '113', 'title': 'Torino', 'short_title': 'TOR'}","{'h': None, 'a': None}","{'h': None, 'a': None}",2026-01-25 12:00:00,,
30066,False,h,"{'id': '286', 'title': 'Como', 'short_title': 'COM'}","{'id': '107', 'title': 'Atalanta', 'short_title': 'ATA'}","{'h': None, 'a': None}","{'h': None, 'a': None}",2026-02-01 12:00:00,,
30083,False,a,"{'id': '111', 'title': 'AC Milan', 'short_title': 'MIL'}","{'id': '286', 'title': 'Como', 'short_title': 'COM'}","{'h': None, 'a': None}","{'h': None, 'a': None}",2026-02-08 12:00:00,,
30085,False,h,"{'id': '286', 'title': 'Como', 'short_title': 'COM'}","{'id': '110', 'title': 'Fiorentina', 'short_title': 'FIO'}","{'h': None, 'a': None}","{'h': None, 'a': None}",2026-02-15 12:00:00,,
30099,False,a,"{'id': '98', 'title': 'Juventus', 'short_title': 'JUV'}","{'id': '286', 'title': 'Como', 'short_title': 'COM'}","{'h': None, 'a': None}","{'h': None, 'a': None}",2026-02-22 12:00:00,,
30113,False,h,"{'id': '286', 'title': 'Como', 'short_title': 'COM'}","{'id': '243', 'title': 'Lecce', 'short_title': 'LEC'}","{'h': None, 'a': None}","{'h': None, 'a': None}",2026-03-01 12:00:00,,
30116,False,a,"{'id': '116', 'title': 'Cagliari', 'short_title': 'CAG'}","{'id': '286', 'title': 'Como', 'short_title': 'COM'}","{'h': None, 'a': None}","{'h': None, 'a': None}",2026-03-08 12:00:00,,
30124,False,h,"{'id': '286', 'title': 'Como', 'short_title': 'COM'}","{'id': '95', 'title': 'Roma', 'short_title': 'ROM'}","{'h': None, 'a': None}","{'h': None, 'a': None}",2026-03-15 12:00:00,,
30137,False,h,"{'id': '286', 'title': 'Como', 'short_title': 'COM'}","{'id': '291', 'title': 'Pisa', 'short_title': 'PIS'}","{'h': None, 'a': None}","{'h': None, 'a': None}",2026-03-22 12:00:00,,
30152,False,a,"{'id': '99', 'title': 'Udinese', 'short_title': 'UDI'}","{'id': '286', 'title': 'Como', 'short_title': 'COM'}","{'h': None, 'a': None}","{'h': None, 'a': None}",2026-04-04 12:00:00,,
30157,False,h,"{'id': '286', 'title': 'Como', 'short_title': 'COM'}","{'id': '106', 'title': 'Inter', 'short_title': 'INT'}","{'h': None, 'a': None}","{'h': None, 'a': None}",2026-04-12 12:00:00,,
30170,False,a,"{'id': '104', 'title': 'Sassuolo', 'short_title': 'SAS'}","{'id': '286', 'title': 'Como', 'short_title': 'COM'}","{'h': None, 'a': None}","{'h': None, 'a': None}",2026-04-19 12:00:00,,
30177,False,a,"{'id': '101', 'title': 'Genoa', 'short_title': 'GEN'}","{'id': '286', 'title': 'Como', 'short_title': 'COM'}","{'h': None, 'a': None}","{'h': None, 'a': None}",2026-04-26 12:00:00,,
30186,False,h,"{'id': '286', 'title': 'Como', 'short_title': 'COM'}","{'id': '105', 'title': 'Napoli', 'short_title': 'NAP'}","{'h': None, 'a': None}","{'h': None, 'a': None}",2026-05-03 12:00:00,,
30194,False,a,"{'id': '94', 'title': 'Verona', 'short_title': 'VER'}","{'id': '286', 'title': 'Como', 'short_title': 'COM'}","{'h': None, 'a': None}","{'h': None, 'a': None}",2026-05-10 12:00:00,,
30206,False,h,"{'id': '286', 'title': 'Como', 'short_title': 'COM'}","{'id': '230', 'title': 'Parma Calcio 1913', 'short_title': 'PAR'}","{'h': None, 'a': None}","{'h': None, 'a': None}",2026-05-17 12:00:00,,
30215,False,a,"{'id': '272', 'title': 'Cremonese', 'short_title': 'CRE'}","{'id': '286', 'title': 'Como', 'short_title': 'COM'}","{'h': None, 'a': None}","{'h': None, 'a': None}",2026-05-24 12:00:00,,
29850,True,a,"{'id': '107', 'title': 'Atalanta', 'short_title': 'ATA'}","{'id': '291', 'title': 'Pisa', 'short_title': 'PIS'}","{'h': '1', 'a': '1'}","{'h': '2.04697', 'a': '1.02901'}",2025-08-24 18:45:00,"{'w': 0.6086873100280612, 'd': 0.20821981443717874, 'l': 0.1830928702849687}",d
29858,True,h,"{'id': '291', 'title': 'Pisa', 'short_title': 'PIS'}","{'id': '95', 'title': 'Roma', 'short_title': 'ROM'}","{'h': '0', 'a': '1'}","{'h': '0.6627', 'a': '0.953921'}",2025-08-30 18:45:00,"{'w': 0.24467914577946345, 'd': 0.3453847504211176, 'l': 0.40993610379926376}",l
29868,True,h,"{'id': '291', 'title': 'Pisa', 'short_title': 'PIS'}","{'id': '99', 'title': 'Udinese', 'short_title': 'UDI'}","{'h': '0', 'a': '1'}","{'h': '1.27587', 'a': '1.72902'}",2025-09-14 13:00:00,"{'w': 0.28315194720350556, 'd': 0.2361178301978142, 'l': 0.48073022202880156}",l
29883,True,a,"{'id': '105', 'title': 'Napoli', 'short_title': 'NAP'}","{'id': '291', 'title': 'Pisa', 'short_title': 'PIS'}","{'h': '3', 'a': '2'}","{'h': '1.18611', 'a': '2.51985'}",2025-09-22 18:45:00,"{'w': 0.16140350267250755, 'd': 0.17499264152774957, 'l': 0.6636037793539789}",l
29891,True,h,"{'id': '291', 'title': 'Pisa', 'short_title': 'PIS'}","{'id': '110', 'title': 'Fiorentina', 'short_title': 'FIO'}","{'h': '0', 'a': '0'}","{'h': '0.580471', 'a': '0.840093'}",2025-09-28 13:00:00,"{'w': 0.23534728539924435, 'd': 0.3745473059977678, 'l': 0.3901054086029621}",d
29895,True,a,"{'id': '97', 'title': 'Bologna', 'short_title': 'BOL'}","{'id': '291', 'title': 'Pisa', 'short_title': 'PIS'}","{'h': '4', 'a': '0'}","{'h': '3.69928', 'a': '0.0265067'}",2025-10-05 13:00:00,"{'w': 0.9727972961426354, 'd': 0.02651525650364539, 'l': 0.0006793054996140212}",l
29912,True,h,"{'id': '291', 'title': 'Pisa', 'short_title': 'PIS'}","{'id': '94', 'title': 'Verona', 'short_title': 'VER'}","{'h': '0', 'a': '0'}","{'h': '0.572009', 'a': '1.65491'}",2025-10-18 13:00:00,"{'w': 0.12469378370332489, 'd': 0.2368242540062737, 'l': 0.638481961978883}",d
29919,True,a,"{'id': '111', 'title': 'AC Milan', 'short_title': 'MIL'}","{'id': '291', 'title': 'Pisa', 'short_title': 'PIS'}","{'h': '2', 'a': '2'}","{'h': '1.97232', 'a': '1.22514'}",2025-10-24 18:45:00,"{'w': 0.5474102154881388, 'd': 0.21794991830253943, 'l': 0.23463986298136874}",d
29932,True,h,"{'id': '291', 'title': 'Pisa', 'short_title': 'PIS'}","{'id': '96', 'title': 'Lazio', 'short_title': 'LAZ'}","{'h': '0', 'a': '0'}","{'h': '0.780185', 'a': '0.657914'}",2025-10-30 18:45:00,"{'w': 0.3484973686939478, 'd': 0.3757803032940791, 'l': 0.27572232801196345}",d
29941,False,a,"{'id': '113', 'title': 'Torino', 'short_title': 'TOR'}","{'id': '291', 'title': 'Pisa', 'short_title': 'PIS'}","{'h': None, 'a': None}","{'h': None, 'a': None}",2025-11-02 12:00:00,,
29952,False,h,"{'id': '291', 'title': 'Pisa', 'short_title': 'PIS'}","{'id': '272', 'title': 'Cremonese', 'short_title': 'CRE'}","{'h': None, 'a': None}","{'h': None, 'a': None}",2025-11-09 12:00:00,,
29961,False,a,"{'id': '104', 'title': 'Sassuolo', 'short_title': 'SAS'}","{'id': '291', 'title': 'Pisa', 'short_title': 'PIS'}","{'h': None, 'a': None}","{'h': None, 'a': None}",2025-11-23 12:00:00,,
29972,False,h,"{'id': '291', 'title': 'Pisa', 'short_title': 'PIS'}","{'id': '106', 'title': 'Inter', 'short_title': 'INT'}","{'h': None, 'a': None}","{'h': None, 'a': None}",2025-11-30 12:00:00,,
29979,False,h,"{'id': '291', 'title': 'Pisa', 'short_title': 'PIS'}","{'id': '230', 'title': 'Parma Calcio 1913', 'short_title': 'PAR'}","{'h': None, 'a': None}","{'h': None, 'a': None}",2025-12-07 12:00:00,,
29988,False,a,"{'id': '243', 'title': 'Lecce', 'short_title': 'LEC'}","{'id': '291', 'title': 'Pisa', 'short_title': 'PIS'}","{'h': None, 'a': None}","{'h': None, 'a': None}",2025-12-14 12:00:00,,
29994,False,a,"{'id': '116', 'title': 'Cagliari', 'short_title': 'CAG'}","{'id': '291', 'title': 'Pisa', 'short_title': 'PIS'}","{'h': None, 'a': None}","{'h': None, 'a': None}",2025-12-21 12:00:00,,
30009,False,h,"{'id': '291', 'title': 'Pisa', 'short_title': 'PIS'}","{'id': '98', 'title': 'Juventus', 'short_title': 'JUV'}","{'h': None, 'a': None}","{'h': None, 'a': None}",2025-12-28 12:00:00,,
30018,False,a,"{'id': '101', 'title': 'Genoa', 'short_title': 'GEN'}","{'id': '291', 'title': 'Pisa', 'short_title': 'PIS'}","{'h': None, 'a': None}","{'h': None, 'a': None}",2026-01-03 12:00:00,,
30031,False,h,"{'id': '291', 'title': 'Pisa', 'short_title': 'PIS'}","{'id': '286', 'title': 'Como', 'short_title': 'COM'}","{'h': None, 'a': None}","{'h': None, 'a': None}",2026-01-06 17:45:00,,
30042,False,a,"{'id': '99', 'title': 'Udinese', 'short_title': 'UDI'}","{'id': '291', 'title': 'Pisa', 'short_title': 'PIS'}","{'h': None, 'a': None}","{'h': None, 'a': None}",2026-01-11 12:00:00,,
30049,False,h,"{'id': '291', 'title': 'Pisa', 'short_title': 'PIS'}","{'id': '107', 'title': 'Atalanta', 'short_title': 'ATA'}","{'h': None, 'a': None}","{'h': None, 'a': None}",2026-01-18 12:00:00,,
30058,False,a,"{'id': '106', 'title': 'Inter', 'short_title': 'INT'}","{'id': '291', 'title': 'Pisa', 'short_title': 'PIS'}","{'h': None, 'a': None}","{'h': None, 'a': None}",2026-01-25 12:00:00,,
30071,False,h,"{'id': '291', 'title': 'Pisa', 'short_title': 'PIS'}","{'id': '104', 'title': 'Sassuolo', 'short_title': 'SAS'}","{'h': None, 'a': None}","{'h': None, 'a': None}",2026-02-01 12:00:00,,
30074,False,a,"{'id': '94', 'title': 'Verona', 'short_title': 'VER'}","{'id': '291', 'title': 'Pisa', 'short_title': 'PIS'}","{'h': None, 'a': None}","{'h': None, 'a': None}",2026-02-08 12:00:00,,
30091,False,h,"{'id': '291', 'title': 'Pisa', 'short_title': 'PIS'}","{'id': '111', 'title': 'AC Milan', 'short_title': 'MIL'}","{'h': None, 'a': None}","{'h': None, 'a': None}",2026-02-15 12:00:00,,
30097,False,a,"{'id': '110', 'title': 'Fiorentina', 'short_title': 'FIO'}","{'id': '291', 'title': 'Pisa', 'short_title': 'PIS'}","{'h': None, 'a': None}","{'h': None, 'a': None}",2026-02-22 12:00:00,,
30107,False,h,"{'id': '291', 'title': 'Pisa', 'short_title': 'PIS'}","{'id': '97', 'title': 'Bologna', 'short_title': 'BOL'}","{'h': None, 'a': None}","{'h': None, 'a': None}",2026-03-01 12:00:00,,
30119,False,a,"{'id': '98', 'title': 'Juventus', 'short_title': 'JUV'}","{'id': '291', 'title': 'Pisa', 'short_title': 'PIS'}","{'h': None, 'a': None}","{'h': None, 'a': None}",2026-03-08 12:00:00,,
30129,False,h,"{'id': '291', 'title': 'Pisa', 'short_title': 'PIS'}","{'id': '116', 'title': 'Cagliari', 'short_title': 'CAG'}","{'h': None, 'a': None}","{'h': None, 'a': None}",2026-03-15 12:00:00,,
30137,False,a,"{'id': '286', 'title': 'Como', 'short_title': 'COM'}","{'id': '291', 'title': 'Pisa', 'short_title': 'PIS'}","{'h': None, 'a': None}","{'h': None, 'a': None}",2026-03-22 12:00:00,,
30150,False,h,"{'id': '291', 'title': 'Pisa', 'short_title': 'PIS'}","{'id': '113', 'title': 'Torino', 'short_title': 'TOR'}","{'h': None, 'a': None}","{'h': None, 'a': None}",2026-04-04 12:00:00,,
30162,False,a,"{'id': '95', 'title': 'Roma', 'short_title': 'ROM'}","{'id': '291', 'title': 'Pisa', 'short_title': 'PIS'}","{'h': None, 'a': None}","{'h': None, 'a': None}",2026-04-12 12:00:00,,
30168,False,h,"{'id': '291', 'title': 'Pisa', 'short_title': 'PIS'}","{'id': '101', 'title': 'Genoa', 'short_title': 'GEN'}","{'h': None, 'a': None}","{'h': None, 'a': None}",2026-04-19 12:00:00,,
30181,False,a,"{'id': '230', 'title': 'Parma Calcio 1913', 'short_title': 'PAR'}","{'id': '291', 'title': 'Pisa', 'short_title': 'PIS'}","{'h': None, 'a': None}","{'h': None, 'a': None}",2026-04-26 12:00:00,,
30190,False,h,"{'id': '291', 'title': 'Pisa', 'short_title': 'PIS'}","{'id': '243', 'title': 'Lecce', 'short_title': 'LEC'}","{'h': None, 'a': None}","{'h': None, 'a': None}",2026-05-03 12:00:00,,
30196,False,a,"{'id': '272', 'title': 'Cremonese', 'short_title': 'CRE'}","{'id': '291', 'title': 'Pisa', 'short_title': 'PIS'}","{'h': None, 'a': None}","{'h': None, 'a': None}",2026-05-10 12:00:00,,
30210,False,h,"{'id': '291', 'title': 'Pisa', 'short_title': 'PIS'}","{'id': '105', 'title': 'Napoli', 'short_title': 'NAP'}","{'h': None, 'a': None}","{'h': None, 'a': None}",2026-05-17 12:00:00,,
30217,False,a,"{'id': '96', 'title': 'Lazio', 'short_title': 'LAZ'}","{'id': '291', 'title': 'Pisa', 'short_title': 'PIS'}","{'h': None, 'a': None}","{'h': None, 'a': None}",2026-05-24 12:00:00,,
